{
    "suspect_components": {
        "C0": [
            false,
            [
                "C47",
                "C65",
                "C50",
                "C51",
                "C25",
                "C104"
            ]
        ],
        "C1": [
            false,
            [
                "C96",
                "C117",
                "C80",
                "C83",
                "C4",
                "C102",
                "C69",
                "C58"
            ]
        ],
        "C2": [
            false,
            [
                "C69",
                "C68",
                "C27",
                "C15",
                "C17",
                "C4",
                "C76",
                "C37",
                "C124"
            ]
        ],
        "C3": [
            false,
            [
                "C121",
                "C66",
                "C49",
                "C89",
                "C71",
                "C38",
                "C29",
                "C0",
                "C27"
            ]
        ],
        "C4": [
            true,
            [
                "C18",
                "C106",
                "C29",
                "C54",
                "C39",
                "C62",
                "C94",
                "C114"
            ]
        ],
        "C5": [
            false,
            [
                "C53",
                "C78",
                "C128",
                "C19",
                "C25"
            ]
        ],
        "C6": [
            true,
            [
                "C83"
            ]
        ],
        "C7": [
            false,
            [
                "C9",
                "C48",
                "C76",
                "C117",
                "C94",
                "C101",
                "C13"
            ]
        ],
        "C8": [
            false,
            [
                "C105"
            ]
        ],
        "C9": [
            false,
            [
                "C41",
                "C98",
                "C47",
                "C77"
            ]
        ],
        "C10": [
            false,
            [
                "C82",
                "C72",
                "C106",
                "C41",
                "C0"
            ]
        ],
        "C11": [
            false,
            [
                "C31",
                "C59"
            ]
        ],
        "C12": [
            false,
            [
                "C64",
                "C99",
                "C43",
                "C36",
                "C63"
            ]
        ],
        "C13": [
            false,
            [
                "C72",
                "C1",
                "C125",
                "C21",
                "C113",
                "C63",
                "C75",
                "C58",
                "C70"
            ]
        ],
        "C14": [
            false,
            [
                "C98",
                "C15",
                "C87",
                "C66",
                "C120",
                "C12"
            ]
        ],
        "C15": [
            false,
            []
        ],
        "C16": [
            false,
            [
                "C12",
                "C63",
                "C19",
                "C13",
                "C113",
                "C91"
            ]
        ],
        "C17": [
            true,
            [
                "C100"
            ]
        ],
        "C18": [
            true,
            [
                "C86",
                "C34",
                "C19"
            ]
        ],
        "C19": [
            false,
            [
                "C21",
                "C45",
                "C0",
                "C43"
            ]
        ],
        "C20": [
            true,
            [
                "C74",
                "C27"
            ]
        ],
        "C21": [
            false,
            [
                "C86",
                "C102",
                "C17",
                "C98",
                "C10",
                "C111",
                "C64"
            ]
        ],
        "C22": [
            false,
            [
                "C85"
            ]
        ],
        "C23": [
            false,
            [
                "C31",
                "C49",
                "C55",
                "C50"
            ]
        ],
        "C24": [
            true,
            [
                "C100",
                "C92",
                "C3",
                "C35",
                "C87",
                "C17"
            ]
        ],
        "C25": [
            false,
            [
                "C110",
                "C81",
                "C29",
                "C112",
                "C95"
            ]
        ],
        "C26": [
            false,
            [
                "C43",
                "C15",
                "C84",
                "C45",
                "C77",
                "C21",
                "C29"
            ]
        ],
        "C27": [
            false,
            [
                "C72"
            ]
        ],
        "C28": [
            false,
            [
                "C69",
                "C128"
            ]
        ],
        "C29": [
            false,
            [
                "C74"
            ]
        ],
        "C30": [
            false,
            [
                "C72"
            ]
        ],
        "C31": [
            false,
            []
        ],
        "C32": [
            false,
            [
                "C55"
            ]
        ],
        "C33": [
            false,
            [
                "C92",
                "C101",
                "C48",
                "C30",
                "C72",
                "C43",
                "C105",
                "C82"
            ]
        ],
        "C34": [
            true,
            [
                "C1",
                "C30"
            ]
        ],
        "C35": [
            false,
            [
                "C7",
                "C27"
            ]
        ],
        "C36": [
            false,
            [
                "C77",
                "C10",
                "C38",
                "C13",
                "C78",
                "C111",
                "C128"
            ]
        ],
        "C37": [
            false,
            [
                "C100",
                "C103",
                "C93",
                "C76",
                "C18",
                "C118",
                "C47",
                "C31"
            ]
        ],
        "C38": [
            false,
            [
                "C98",
                "C117",
                "C83"
            ]
        ],
        "C39": [
            false,
            [
                "C26",
                "C106",
                "C79",
                "C69",
                "C31",
                "C80",
                "C48",
                "C38",
                "C29"
            ]
        ],
        "C40": [
            false,
            [
                "C6",
                "C24",
                "C25",
                "C48",
                "C15",
                "C80",
                "C35",
                "C55"
            ]
        ],
        "C41": [
            false,
            [
                "C91"
            ]
        ],
        "C42": [
            false,
            [
                "C43",
                "C60",
                "C74",
                "C46",
                "C64",
                "C3"
            ]
        ],
        "C43": [
            false,
            [
                "C37",
                "C64"
            ]
        ],
        "C44": [
            false,
            [
                "C100",
                "C122",
                "C20",
                "C62",
                "C40",
                "C2"
            ]
        ],
        "C45": [
            true,
            [
                "C80",
                "C63"
            ]
        ],
        "C46": [
            false,
            [
                "C40",
                "C61",
                "C108",
                "C112"
            ]
        ],
        "C47": [
            true,
            []
        ],
        "C48": [
            true,
            [
                "C121",
                "C98",
                "C7",
                "C79",
                "C34",
                "C50",
                "C126"
            ]
        ],
        "C49": [
            false,
            [
                "C101",
                "C120",
                "C77",
                "C13",
                "C127",
                "C124"
            ]
        ],
        "C50": [
            false,
            [
                "C19",
                "C10"
            ]
        ],
        "C51": [
            false,
            [
                "C86",
                "C45",
                "C74",
                "C13",
                "C5",
                "C61",
                "C55"
            ]
        ],
        "C52": [
            false,
            []
        ],
        "C53": [
            false,
            [
                "C18",
                "C4",
                "C126",
                "C37",
                "C72"
            ]
        ],
        "C54": [
            false,
            [
                "C35",
                "C88",
                "C70",
                "C46",
                "C110",
                "C74",
                "C16"
            ]
        ],
        "C55": [
            false,
            [
                "C53",
                "C45",
                "C124",
                "C111",
                "C59",
                "C81"
            ]
        ],
        "C56": [
            false,
            [
                "C26",
                "C43"
            ]
        ],
        "C57": [
            true,
            [
                "C48",
                "C97",
                "C49",
                "C42",
                "C117",
                "C109",
                "C5",
                "C122"
            ]
        ],
        "C58": [
            true,
            []
        ],
        "C59": [
            false,
            [
                "C46",
                "C90",
                "C116",
                "C20"
            ]
        ],
        "C60": [
            false,
            [
                "C94",
                "C18",
                "C20",
                "C109",
                "C47",
                "C48",
                "C81",
                "C63"
            ]
        ],
        "C61": [
            false,
            [
                "C119",
                "C14",
                "C88",
                "C1"
            ]
        ],
        "C62": [
            false,
            [
                "C0",
                "C126",
                "C122",
                "C95",
                "C1",
                "C76",
                "C72"
            ]
        ],
        "C63": [
            true,
            [
                "C102",
                "C50",
                "C88",
                "C116",
                "C96",
                "C106",
                "C32",
                "C18",
                "C60"
            ]
        ],
        "C64": [
            false,
            [
                "C2",
                "C83",
                "C91",
                "C18",
                "C65",
                "C71",
                "C43",
                "C41"
            ]
        ],
        "C65": [
            true,
            [
                "C85",
                "C86",
                "C25",
                "C50",
                "C48"
            ]
        ],
        "C66": [
            false,
            []
        ],
        "C67": [
            false,
            [
                "C17",
                "C89",
                "C75",
                "C24",
                "C105"
            ]
        ],
        "C68": [
            false,
            [
                "C90",
                "C28",
                "C25"
            ]
        ],
        "C69": [
            false,
            []
        ],
        "C70": [
            false,
            [
                "C105",
                "C127",
                "C79",
                "C87",
                "C27",
                "C58",
                "C109",
                "C102",
                "C91"
            ]
        ],
        "C71": [
            false,
            [
                "C2",
                "C85",
                "C7",
                "C64",
                "C16",
                "C125",
                "C60",
                "C127",
                "C36"
            ]
        ],
        "C72": [
            false,
            [
                "C60",
                "C66"
            ]
        ],
        "C73": [
            false,
            [
                "C107",
                "C124"
            ]
        ],
        "C74": [
            false,
            [
                "C119",
                "C10",
                "C50",
                "C44",
                "C55",
                "C28",
                "C35",
                "C20"
            ]
        ],
        "C75": [
            true,
            [
                "C16",
                "C58",
                "C90",
                "C78",
                "C113",
                "C81",
                "C35"
            ]
        ],
        "C76": [
            false,
            [
                "C18"
            ]
        ],
        "C77": [
            false,
            [
                "C112",
                "C81"
            ]
        ],
        "C78": [
            false,
            [
                "C108",
                "C62",
                "C127",
                "C55",
                "C18",
                "C22",
                "C52",
                "C61",
                "C26"
            ]
        ],
        "C79": [
            true,
            []
        ],
        "C80": [
            false,
            [
                "C128",
                "C103",
                "C41",
                "C61",
                "C13",
                "C110",
                "C85",
                "C66"
            ]
        ],
        "C81": [
            false,
            []
        ],
        "C82": [
            true,
            []
        ],
        "C83": [
            false,
            [
                "C24",
                "C4",
                "C62"
            ]
        ],
        "C84": [
            true,
            [
                "C76",
                "C95",
                "C23",
                "C9",
                "C11",
                "C33"
            ]
        ],
        "C85": [
            false,
            [
                "C128"
            ]
        ],
        "C86": [
            false,
            [
                "C77",
                "C19"
            ]
        ],
        "C87": [
            false,
            [
                "C6",
                "C22",
                "C114",
                "C11"
            ]
        ],
        "C88": [
            false,
            [
                "C67",
                "C108"
            ]
        ],
        "C89": [
            true,
            [
                "C108"
            ]
        ],
        "C90": [
            false,
            [
                "C120",
                "C114",
                "C49",
                "C47",
                "C16",
                "C72",
                "C122",
                "C2"
            ]
        ],
        "C91": [
            false,
            [
                "C32",
                "C5",
                "C71"
            ]
        ],
        "C92": [
            false,
            [
                "C79",
                "C126",
                "C65"
            ]
        ],
        "C93": [
            true,
            [
                "C52",
                "C78",
                "C33"
            ]
        ],
        "C94": [
            false,
            [
                "C11"
            ]
        ],
        "C95": [
            false,
            [
                "C92",
                "C16",
                "C11",
                "C5",
                "C75",
                "C101"
            ]
        ],
        "C96": [
            false,
            []
        ],
        "C97": [
            false,
            [
                "C3"
            ]
        ],
        "C98": [
            false,
            [
                "C28",
                "C51",
                "C31",
                "C60"
            ]
        ],
        "C99": [
            false,
            [
                "C93",
                "C85",
                "C116",
                "C77",
                "C34"
            ]
        ],
        "C100": [
            true,
            []
        ],
        "C101": [
            false,
            [
                "C37",
                "C32",
                "C59",
                "C91",
                "C108",
                "C118",
                "C33"
            ]
        ],
        "C102": [
            false,
            [
                "C125"
            ]
        ],
        "C103": [
            false,
            [
                "C19",
                "C127",
                "C116",
                "C125",
                "C108",
                "C121"
            ]
        ],
        "C104": [
            false,
            [
                "C94",
                "C16",
                "C55",
                "C128",
                "C122",
                "C118",
                "C19"
            ]
        ],
        "C105": [
            false,
            [
                "C54",
                "C21"
            ]
        ],
        "C106": [
            false,
            [
                "C57",
                "C116",
                "C41",
                "C10",
                "C71",
                "C121",
                "C9",
                "C70"
            ]
        ],
        "C107": [
            false,
            [
                "C29",
                "C64",
                "C81",
                "C87",
                "C128"
            ]
        ],
        "C108": [
            false,
            [
                "C21",
                "C116",
                "C57",
                "C71",
                "C29",
                "C7"
            ]
        ],
        "C109": [
            true,
            [
                "C103",
                "C79",
                "C10",
                "C63",
                "C27",
                "C89",
                "C124"
            ]
        ],
        "C110": [
            false,
            [
                "C84",
                "C49",
                "C27",
                "C83",
                "C61"
            ]
        ],
        "C111": [
            false,
            [
                "C35",
                "C8",
                "C92",
                "C71",
                "C78",
                "C48"
            ]
        ],
        "C112": [
            false,
            [
                "C46",
                "C114",
                "C20"
            ]
        ],
        "C113": [
            false,
            [
                "C80",
                "C64",
                "C7",
                "C105",
                "C58",
                "C107",
                "C116",
                "C2",
                "C35"
            ]
        ],
        "C114": [
            false,
            []
        ],
        "C115": [
            true,
            [
                "C19",
                "C90",
                "C50",
                "C117",
                "C71",
                "C47",
                "C14"
            ]
        ],
        "C116": [
            false,
            [
                "C91",
                "C89",
                "C86",
                "C56",
                "C81"
            ]
        ],
        "C117": [
            false,
            [
                "C72",
                "C9",
                "C115",
                "C105"
            ]
        ],
        "C118": [
            false,
            [
                "C119",
                "C128",
                "C42",
                "C34",
                "C27",
                "C8",
                "C9"
            ]
        ],
        "C119": [
            false,
            [
                "C35",
                "C2",
                "C70",
                "C5",
                "C79",
                "C126",
                "C17"
            ]
        ],
        "C120": [
            false,
            [
                "C44"
            ]
        ],
        "C121": [
            false,
            [
                "C103",
                "C27",
                "C113",
                "C93"
            ]
        ],
        "C122": [
            true,
            [
                "C3",
                "C71",
                "C24",
                "C5",
                "C79",
                "C109",
                "C104"
            ]
        ],
        "C123": [
            false,
            [
                "C20",
                "C107",
                "C65",
                "C69",
                "C38",
                "C110",
                "C32"
            ]
        ],
        "C124": [
            true,
            [
                "C76",
                "C127",
                "C15",
                "C66"
            ]
        ],
        "C125": [
            true,
            [
                "C106",
                "C120",
                "C21",
                "C29",
                "C4",
                "C30",
                "C128",
                "C118",
                "C119"
            ]
        ],
        "C126": [
            false,
            []
        ],
        "C127": [
            false,
            [
                "C62",
                "C40",
                "C83"
            ]
        ],
        "C128": [
            false,
            [
                "C12",
                "C73",
                "C75",
                "C57",
                "C7",
                "C118",
                "C62"
            ]
        ]
    },
    "ground_truth_fault_paths": [
        [
            "C34",
            "C18",
            "C63",
            "C109",
            "C122",
            "C57"
        ],
        [
            "C34",
            "C18",
            "C63",
            "C109",
            "C57"
        ],
        [
            "C100",
            "C17",
            "C24",
            "C122",
            "C57"
        ],
        [
            "C79",
            "C109",
            "C122",
            "C57"
        ],
        [
            "C124",
            "C109",
            "C122",
            "C57"
        ],
        [
            "C89",
            "C109",
            "C122",
            "C57"
        ],
        [
            "C34",
            "C18",
            "C63",
            "C45"
        ],
        [
            "C34",
            "C18",
            "C4",
            "C125"
        ],
        [
            "C100",
            "C24",
            "C122",
            "C57"
        ],
        [
            "C79",
            "C122",
            "C57"
        ],
        [
            "C79",
            "C109",
            "C57"
        ],
        [
            "C79",
            "C48",
            "C65"
        ],
        [
            "C79",
            "C48",
            "C57"
        ],
        [
            "C124",
            "C109",
            "C57"
        ],
        [
            "C89",
            "C109",
            "C57"
        ],
        [
            "C34",
            "C48",
            "C65"
        ],
        [
            "C34",
            "C48",
            "C57"
        ],
        [
            "C47",
            "C115"
        ],
        [
            "C58",
            "C75"
        ],
        [
            "C6"
        ],
        [
            "C20"
        ],
        [
            "C82"
        ],
        [
            "C84"
        ],
        [
            "C93"
        ]
    ],
    "error_codes": {
        "E0": [
            "FC0",
            [
                "C57",
                "C96",
                "C108",
                "C123",
                "C65",
                "C15"
            ]
        ],
        "E1": [
            "FC1",
            [
                "C57",
                "C14",
                "C66",
                "C58",
                "C25",
                "C118",
                "C113",
                "C128",
                "C36",
                "C103",
                "C41",
                "C72"
            ]
        ],
        "E2": [
            "FC2",
            [
                "C57",
                "C100",
                "C31",
                "C26",
                "C49",
                "C15",
                "C23"
            ]
        ],
        "E3": [
            "FC3",
            [
                "C57",
                "C122",
                "C34",
                "C63",
                "C21",
                "C67"
            ]
        ],
        "E4": [
            "FC4",
            [
                "C57",
                "C122",
                "C31",
                "C42"
            ]
        ],
        "E5": [
            "FC5",
            [
                "C57",
                "C122",
                "C20",
                "C121",
                "C14",
                "C5",
                "C62",
                "C69",
                "C61",
                "C117",
                "C50",
                "C39"
            ]
        ],
        "E6": [
            "FC6",
            [
                "C45",
                "C63",
                "C84"
            ]
        ],
        "E7": [
            "FC7",
            [
                "C125",
                "C35",
                "C80",
                "C23",
                "C39",
                "C52",
                "C31",
                "C18"
            ]
        ],
        "E8": [
            "FC8",
            [
                "C57",
                "C122",
                "C17",
                "C29"
            ]
        ],
        "E9": [
            "FC9",
            [
                "C57",
                "C6",
                "C35",
                "C7",
                "C97",
                "C2",
                "C125",
                "C26",
                "C63",
                "C102",
                "C52"
            ]
        ],
        "E10": [
            "FC10",
            [
                "C57",
                "C8"
            ]
        ],
        "E11": [
            "FC11",
            [
                "C65",
                "C32",
                "C45",
                "C19",
                "C79",
                "C67",
                "C41"
            ]
        ],
        "E12": [
            "FC12",
            [
                "C57",
                "C108",
                "C112",
                "C62",
                "C93",
                "C51",
                "C67",
                "C34",
                "C80",
                "C30",
                "C31",
                "C104"
            ]
        ],
        "E13": [
            "FC13",
            [
                "C57",
                "C80",
                "C79"
            ]
        ],
        "E14": [
            "FC14",
            [
                "C57",
                "C36",
                "C105",
                "C21",
                "C70",
                "C84"
            ]
        ],
        "E15": [
            "FC15",
            [
                "C65",
                "C53",
                "C112",
                "C81",
                "C39",
                "C102",
                "C32"
            ]
        ],
        "E16": [
            "FC16",
            [
                "C57",
                "C94",
                "C15",
                "C27",
                "C69",
                "C79",
                "C8",
                "C46",
                "C49",
                "C34",
                "C88",
                "C58",
                "C89"
            ]
        ],
        "E17": [
            "FC17",
            [
                "C115",
                "C14",
                "C52",
                "C85",
                "C43",
                "C7",
                "C86",
                "C126",
                "C80",
                "C11"
            ]
        ],
        "E18": [
            "FC18",
            [
                "C75",
                "C22",
                "C115",
                "C54",
                "C92",
                "C66",
                "C33",
                "C91",
                "C46"
            ]
        ],
        "E19": [
            "FC19",
            [
                "C6",
                "C121",
                "C126",
                "C125",
                "C123",
                "C64"
            ]
        ],
        "E20": [
            "FC20",
            [
                "C20",
                "C70",
                "C99",
                "C67",
                "C62",
                "C8"
            ]
        ],
        "E21": [
            "FC21",
            [
                "C82",
                "C109",
                "C72",
                "C13",
                "C12",
                "C111"
            ]
        ],
        "E22": [
            "FC22",
            [
                "C84",
                "C98"
            ]
        ],
        "E23": [
            "FC23",
            [
                "C93",
                "C34",
                "C99",
                "C76",
                "C111",
                "C32",
                "C117",
                "C53",
                "C127",
                "C118",
                "C58"
            ]
        ]
    },
    "sim_accuracies": {
        "C0": [
            "0.9814062940734528",
            "False"
        ],
        "C1": [
            "0.982622987925273",
            "False"
        ],
        "C2": [
            "0.9724988804315436",
            "False"
        ],
        "C3": [
            "0.9861284904633723",
            "False"
        ],
        "C4": [
            "0.9846137473852198",
            "True"
        ],
        "C5": [
            "0.9761289870156236",
            "False"
        ],
        "C6": [
            "0.9651935643019371",
            "True"
        ],
        "C7": [
            "0.973312383026086",
            "False"
        ],
        "C8": [
            "0.9555885422591219",
            "False"
        ],
        "C9": [
            "0.950885572399483",
            "False"
        ],
        "C10": [
            "0.98385775782292",
            "False"
        ],
        "C11": [
            "0.9509742925965156",
            "False"
        ],
        "C12": [
            "0.9562864002167308",
            "False"
        ],
        "C13": [
            "0.9644184578219894",
            "False"
        ],
        "C14": [
            "0.9823930475049505",
            "False"
        ],
        "C15": [
            "0.964169110873681",
            "False"
        ],
        "C16": [
            "0.9579246194967783",
            "False"
        ],
        "C17": [
            "0.96740255535946",
            "True"
        ],
        "C18": [
            "0.95370319418778",
            "True"
        ],
        "C19": [
            "0.9673656082333465",
            "False"
        ],
        "C20": [
            "0.9729401871066873",
            "True"
        ],
        "C21": [
            "0.9896656926317502",
            "False"
        ],
        "C22": [
            "0.9841773751337018",
            "False"
        ],
        "C23": [
            "0.9825703734822728",
            "False"
        ],
        "C24": [
            "0.9556534179575464",
            "True"
        ],
        "C25": [
            "0.9752893274257103",
            "False"
        ],
        "C26": [
            "0.9601148925628468",
            "False"
        ],
        "C27": [
            "0.9512432820917249",
            "False"
        ],
        "C28": [
            "0.9725466505120169",
            "False"
        ],
        "C29": [
            "0.9658855557299253",
            "False"
        ],
        "C30": [
            "0.955443036961725",
            "False"
        ],
        "C31": [
            "0.9767371529156196",
            "False"
        ],
        "C32": [
            "0.9857102324944774",
            "False"
        ],
        "C33": [
            "0.95416611424287",
            "False"
        ],
        "C34": [
            "0.9690769643475559",
            "True"
        ],
        "C35": [
            "0.9580516729129478",
            "False"
        ],
        "C36": [
            "0.9774255065304761",
            "False"
        ],
        "C37": [
            "0.9809540590813075",
            "False"
        ],
        "C38": [
            "0.9587042647992658",
            "False"
        ],
        "C39": [
            "0.9648693183239452",
            "False"
        ],
        "C40": [
            "0.9759633925036287",
            "False"
        ],
        "C41": [
            "0.9592455681411979",
            "False"
        ],
        "C42": [
            "0.977215899222651",
            "False"
        ],
        "C43": [
            "0.9777017661264499",
            "False"
        ],
        "C44": [
            "0.9733795250347694",
            "False"
        ],
        "C45": [
            "0.9598610114079673",
            "True"
        ],
        "C46": [
            "0.9753848566405435",
            "False"
        ],
        "C47": [
            "0.970340621153838",
            "True"
        ],
        "C48": [
            "0.9712465501602461",
            "True"
        ],
        "C49": [
            "0.9879094124637358",
            "False"
        ],
        "C50": [
            "0.9875132382376656",
            "False"
        ],
        "C51": [
            "0.9683971671929391",
            "False"
        ],
        "C52": [
            "0.972928290473666",
            "False"
        ],
        "C53": [
            "0.956211764122748",
            "False"
        ],
        "C54": [
            "0.9869858861693137",
            "False"
        ],
        "C55": [
            "0.9670951894196288",
            "False"
        ],
        "C56": [
            "0.981454327062119",
            "False"
        ],
        "C57": [
            "0.9699750186775715",
            "True"
        ],
        "C58": [
            "0.9864130947782384",
            "True"
        ],
        "C59": [
            "0.972796352629107",
            "False"
        ],
        "C60": [
            "0.9790363485403548",
            "False"
        ],
        "C61": [
            "0.9634449314851927",
            "False"
        ],
        "C62": [
            "0.9819375369865578",
            "False"
        ],
        "C63": [
            "0.9741798778470305",
            "True"
        ],
        "C64": [
            "0.9799382674383673",
            "False"
        ],
        "C65": [
            "0.9641737683746977",
            "True"
        ],
        "C66": [
            "0.9749271682959911",
            "False"
        ],
        "C67": [
            "0.9837089367080982",
            "False"
        ],
        "C68": [
            "0.9793218387684446",
            "False"
        ],
        "C69": [
            "0.9850338632213994",
            "False"
        ],
        "C70": [
            "0.9569320289637522",
            "False"
        ],
        "C71": [
            "0.979005462286784",
            "False"
        ],
        "C72": [
            "0.9790259126154168",
            "False"
        ],
        "C73": [
            "0.9697204603879542",
            "False"
        ],
        "C74": [
            "0.9849632743858984",
            "False"
        ],
        "C75": [
            "0.9772421594643236",
            "True"
        ],
        "C76": [
            "0.9845266883548341",
            "False"
        ],
        "C77": [
            "0.9820408061575077",
            "False"
        ],
        "C78": [
            "0.9675779553441248",
            "False"
        ],
        "C79": [
            "0.9542588158038507",
            "True"
        ],
        "C80": [
            "0.9591432711877592",
            "False"
        ],
        "C81": [
            "0.9840002593830424",
            "False"
        ],
        "C82": [
            "0.9872710066088364",
            "True"
        ],
        "C83": [
            "0.9611943843669399",
            "False"
        ],
        "C84": [
            "0.9509467384700183",
            "True"
        ],
        "C85": [
            "0.9585310904978815",
            "False"
        ],
        "C86": [
            "0.9885996333386506",
            "False"
        ],
        "C87": [
            "0.9657655316181472",
            "False"
        ],
        "C88": [
            "0.9766264202935178",
            "False"
        ],
        "C89": [
            "0.9551736701952805",
            "True"
        ],
        "C90": [
            "0.9654985156960374",
            "False"
        ],
        "C91": [
            "0.9684667883541151",
            "False"
        ],
        "C92": [
            "0.9867248787926737",
            "False"
        ],
        "C93": [
            "0.9608249493570602",
            "True"
        ],
        "C94": [
            "0.9512159695525305",
            "False"
        ],
        "C95": [
            "0.9766525677671352",
            "False"
        ],
        "C96": [
            "0.9891397613407478",
            "False"
        ],
        "C97": [
            "0.9611265977407696",
            "False"
        ],
        "C98": [
            "0.986920624491405",
            "False"
        ],
        "C99": [
            "0.9634542565535843",
            "False"
        ],
        "C100": [
            "0.9646633252797422",
            "True"
        ],
        "C101": [
            "0.9532307553778202",
            "False"
        ],
        "C102": [
            "0.9720972577863255",
            "False"
        ],
        "C103": [
            "0.9592562507106783",
            "False"
        ],
        "C104": [
            "0.9531782039871817",
            "False"
        ],
        "C105": [
            "0.9549107849493098",
            "False"
        ],
        "C106": [
            "0.9506363288611814",
            "False"
        ],
        "C107": [
            "0.950261990409411",
            "False"
        ],
        "C108": [
            "0.9554342912755458",
            "False"
        ],
        "C109": [
            "0.9847779493941834",
            "True"
        ],
        "C110": [
            "0.9552502785718133",
            "False"
        ],
        "C111": [
            "0.9787383409151735",
            "False"
        ],
        "C112": [
            "0.9564774102085414",
            "False"
        ],
        "C113": [
            "0.969073115818186",
            "False"
        ],
        "C114": [
            "0.9759939760839801",
            "False"
        ],
        "C115": [
            "0.9771668376435133",
            "True"
        ],
        "C116": [
            "0.9635403992496915",
            "False"
        ],
        "C117": [
            "0.9642602864413583",
            "False"
        ],
        "C118": [
            "0.981725663526747",
            "False"
        ],
        "C119": [
            "0.9872824023741152",
            "False"
        ],
        "C120": [
            "0.9890921094173691",
            "False"
        ],
        "C121": [
            "0.9878949141904211",
            "False"
        ],
        "C122": [
            "0.9676941355406772",
            "True"
        ],
        "C123": [
            "0.9872501069009065",
            "False"
        ],
        "C124": [
            "0.9667999590904618",
            "True"
        ],
        "C125": [
            "0.9692607667430011",
            "True"
        ],
        "C126": [
            "0.9609163001723767",
            "False"
        ],
        "C127": [
            "0.9582511209323853",
            "False"
        ],
        "C128": [
            "0.9584078303928213",
            "False"
        ]
    }
}