{
    "suspect_components": {
        "C0": [
            false,
            []
        ],
        "C1": [
            false,
            [
                "C66",
                "C71",
                "C127",
                "C23",
                "C16",
                "C51",
                "C36",
                "C75",
                "C9"
            ]
        ],
        "C2": [
            false,
            [
                "C38",
                "C18",
                "C72",
                "C104",
                "C24",
                "C59"
            ]
        ],
        "C3": [
            true,
            [
                "C89",
                "C66",
                "C112"
            ]
        ],
        "C4": [
            false,
            [
                "C63",
                "C120",
                "C15"
            ]
        ],
        "C5": [
            false,
            [
                "C82",
                "C88"
            ]
        ],
        "C6": [
            false,
            [
                "C48",
                "C74",
                "C30",
                "C67",
                "C29",
                "C90"
            ]
        ],
        "C7": [
            false,
            [
                "C116",
                "C28",
                "C14",
                "C115",
                "C64",
                "C34",
                "C36"
            ]
        ],
        "C8": [
            false,
            [
                "C109",
                "C106",
                "C92"
            ]
        ],
        "C9": [
            false,
            [
                "C93",
                "C26"
            ]
        ],
        "C10": [
            false,
            [
                "C27",
                "C0",
                "C46",
                "C114"
            ]
        ],
        "C11": [
            true,
            [
                "C81",
                "C115",
                "C70",
                "C95"
            ]
        ],
        "C12": [
            false,
            [
                "C89",
                "C38",
                "C95",
                "C4",
                "C124",
                "C109"
            ]
        ],
        "C13": [
            false,
            [
                "C58",
                "C121",
                "C59"
            ]
        ],
        "C14": [
            false,
            [
                "C73",
                "C51",
                "C95",
                "C59",
                "C126",
                "C28"
            ]
        ],
        "C15": [
            false,
            [
                "C25",
                "C74"
            ]
        ],
        "C16": [
            false,
            [
                "C62",
                "C13",
                "C127",
                "C15",
                "C14",
                "C84"
            ]
        ],
        "C17": [
            false,
            [
                "C52",
                "C5",
                "C65",
                "C43",
                "C100",
                "C55",
                "C38",
                "C61"
            ]
        ],
        "C18": [
            false,
            [
                "C12"
            ]
        ],
        "C19": [
            false,
            [
                "C103",
                "C91"
            ]
        ],
        "C20": [
            false,
            [
                "C127",
                "C72",
                "C122",
                "C67",
                "C74"
            ]
        ],
        "C21": [
            false,
            [
                "C51",
                "C101",
                "C100",
                "C125",
                "C58",
                "C83",
                "C36",
                "C25",
                "C102"
            ]
        ],
        "C22": [
            true,
            []
        ],
        "C23": [
            false,
            [
                "C63",
                "C76",
                "C11",
                "C42",
                "C116",
                "C71",
                "C0",
                "C54"
            ]
        ],
        "C24": [
            false,
            [
                "C52",
                "C68",
                "C100",
                "C71",
                "C121",
                "C50",
                "C93",
                "C56",
                "C86"
            ]
        ],
        "C25": [
            false,
            [
                "C41",
                "C26",
                "C83",
                "C74",
                "C38",
                "C106"
            ]
        ],
        "C26": [
            false,
            [
                "C105",
                "C116"
            ]
        ],
        "C27": [
            false,
            [
                "C40"
            ]
        ],
        "C28": [
            true,
            [
                "C122",
                "C15",
                "C22",
                "C53",
                "C110",
                "C16"
            ]
        ],
        "C29": [
            false,
            [
                "C23",
                "C105",
                "C99",
                "C112",
                "C56",
                "C47",
                "C36",
                "C30",
                "C117"
            ]
        ],
        "C30": [
            true,
            [
                "C89",
                "C70",
                "C17",
                "C76",
                "C67",
                "C124",
                "C122"
            ]
        ],
        "C31": [
            false,
            [
                "C6",
                "C71"
            ]
        ],
        "C32": [
            true,
            [
                "C57",
                "C113",
                "C99",
                "C116",
                "C25"
            ]
        ],
        "C33": [
            false,
            [
                "C35",
                "C117",
                "C102",
                "C38",
                "C69",
                "C62"
            ]
        ],
        "C34": [
            true,
            [
                "C104",
                "C12",
                "C102",
                "C56",
                "C9",
                "C119",
                "C44",
                "C53",
                "C55"
            ]
        ],
        "C35": [
            false,
            [
                "C19",
                "C121",
                "C128",
                "C125",
                "C52",
                "C93",
                "C107",
                "C56"
            ]
        ],
        "C36": [
            false,
            [
                "C47",
                "C19",
                "C27",
                "C128",
                "C116",
                "C26",
                "C98",
                "C122",
                "C112"
            ]
        ],
        "C37": [
            false,
            [
                "C84",
                "C29",
                "C12"
            ]
        ],
        "C38": [
            false,
            [
                "C118",
                "C54",
                "C76",
                "C105",
                "C87"
            ]
        ],
        "C39": [
            false,
            []
        ],
        "C40": [
            false,
            []
        ],
        "C41": [
            true,
            [
                "C75",
                "C114",
                "C66",
                "C116",
                "C59",
                "C102",
                "C25",
                "C99",
                "C105"
            ]
        ],
        "C42": [
            false,
            [
                "C10",
                "C113"
            ]
        ],
        "C43": [
            false,
            [
                "C33",
                "C100",
                "C98",
                "C59",
                "C109",
                "C125",
                "C115",
                "C96",
                "C58"
            ]
        ],
        "C44": [
            false,
            [
                "C32",
                "C121",
                "C61",
                "C103",
                "C2"
            ]
        ],
        "C45": [
            false,
            []
        ],
        "C46": [
            false,
            [
                "C92",
                "C94",
                "C2",
                "C65",
                "C70",
                "C29",
                "C50"
            ]
        ],
        "C47": [
            false,
            [
                "C59",
                "C128",
                "C13",
                "C25",
                "C16",
                "C117",
                "C81",
                "C38"
            ]
        ],
        "C48": [
            false,
            [
                "C33",
                "C1",
                "C120",
                "C3",
                "C127",
                "C123",
                "C128",
                "C102"
            ]
        ],
        "C49": [
            false,
            [
                "C44"
            ]
        ],
        "C50": [
            false,
            [
                "C106",
                "C17",
                "C109",
                "C66",
                "C10"
            ]
        ],
        "C51": [
            false,
            [
                "C0",
                "C33"
            ]
        ],
        "C52": [
            false,
            [
                "C6",
                "C37",
                "C43",
                "C45",
                "C77",
                "C75",
                "C99",
                "C110"
            ]
        ],
        "C53": [
            false,
            [
                "C105"
            ]
        ],
        "C54": [
            false,
            [
                "C23",
                "C121",
                "C92",
                "C110",
                "C101"
            ]
        ],
        "C55": [
            false,
            [
                "C46",
                "C103",
                "C90",
                "C127",
                "C13",
                "C76"
            ]
        ],
        "C56": [
            false,
            [
                "C51",
                "C50",
                "C44"
            ]
        ],
        "C57": [
            false,
            [
                "C67",
                "C6",
                "C30"
            ]
        ],
        "C58": [
            false,
            [
                "C101",
                "C19"
            ]
        ],
        "C59": [
            false,
            [
                "C103",
                "C65",
                "C93",
                "C114",
                "C113",
                "C75",
                "C42"
            ]
        ],
        "C60": [
            true,
            [
                "C53",
                "C80",
                "C67",
                "C14",
                "C116",
                "C6",
                "C82"
            ]
        ],
        "C61": [
            false,
            [
                "C119",
                "C39",
                "C12",
                "C34"
            ]
        ],
        "C62": [
            true,
            [
                "C68",
                "C99",
                "C83",
                "C36",
                "C105",
                "C117"
            ]
        ],
        "C63": [
            false,
            [
                "C64",
                "C120",
                "C28",
                "C128",
                "C19",
                "C109",
                "C104",
                "C11",
                "C125"
            ]
        ],
        "C64": [
            false,
            [
                "C29",
                "C11",
                "C7"
            ]
        ],
        "C65": [
            false,
            [
                "C114"
            ]
        ],
        "C66": [
            true,
            [
                "C120",
                "C102",
                "C98",
                "C11",
                "C13",
                "C45",
                "C40",
                "C3",
                "C6"
            ]
        ],
        "C67": [
            false,
            [
                "C110",
                "C78",
                "C33"
            ]
        ],
        "C68": [
            true,
            [
                "C42",
                "C34",
                "C63"
            ]
        ],
        "C69": [
            false,
            [
                "C81",
                "C46",
                "C36",
                "C7",
                "C79"
            ]
        ],
        "C70": [
            false,
            [
                "C42"
            ]
        ],
        "C71": [
            true,
            [
                "C86",
                "C102",
                "C47",
                "C27"
            ]
        ],
        "C72": [
            false,
            [
                "C5",
                "C43"
            ]
        ],
        "C73": [
            false,
            [
                "C66",
                "C6",
                "C64",
                "C27",
                "C20"
            ]
        ],
        "C74": [
            true,
            [
                "C103",
                "C85",
                "C66"
            ]
        ],
        "C75": [
            false,
            [
                "C40",
                "C84",
                "C80",
                "C24",
                "C113"
            ]
        ],
        "C76": [
            false,
            [
                "C81",
                "C106",
                "C56",
                "C107",
                "C77",
                "C82"
            ]
        ],
        "C77": [
            false,
            []
        ],
        "C78": [
            false,
            [
                "C45",
                "C104",
                "C37",
                "C123",
                "C94",
                "C125",
                "C39",
                "C15",
                "C49"
            ]
        ],
        "C79": [
            false,
            [
                "C73"
            ]
        ],
        "C80": [
            false,
            [
                "C2",
                "C103",
                "C25"
            ]
        ],
        "C81": [
            true,
            [
                "C60",
                "C45",
                "C128",
                "C93"
            ]
        ],
        "C82": [
            false,
            [
                "C74",
                "C115",
                "C10",
                "C5",
                "C106",
                "C29",
                "C32",
                "C57"
            ]
        ],
        "C83": [
            false,
            [
                "C18",
                "C15",
                "C66",
                "C77",
                "C126",
                "C24",
                "C26"
            ]
        ],
        "C84": [
            true,
            [
                "C108",
                "C64",
                "C13"
            ]
        ],
        "C85": [
            false,
            [
                "C119",
                "C80",
                "C6",
                "C48",
                "C25",
                "C36"
            ]
        ],
        "C86": [
            false,
            [
                "C123",
                "C9",
                "C48",
                "C127",
                "C85",
                "C19",
                "C87"
            ]
        ],
        "C87": [
            true,
            [
                "C64",
                "C46",
                "C115"
            ]
        ],
        "C88": [
            false,
            []
        ],
        "C89": [
            false,
            [
                "C118",
                "C126",
                "C51"
            ]
        ],
        "C90": [
            true,
            [
                "C0",
                "C7",
                "C64"
            ]
        ],
        "C91": [
            false,
            [
                "C65"
            ]
        ],
        "C92": [
            true,
            [
                "C42",
                "C106",
                "C79"
            ]
        ],
        "C93": [
            true,
            [
                "C31",
                "C2",
                "C67",
                "C34"
            ]
        ],
        "C94": [
            false,
            [
                "C36",
                "C3",
                "C8"
            ]
        ],
        "C95": [
            true,
            [
                "C99",
                "C93",
                "C96",
                "C44",
                "C48",
                "C57",
                "C66",
                "C124"
            ]
        ],
        "C96": [
            false,
            [
                "C17",
                "C58",
                "C76",
                "C42",
                "C23",
                "C16",
                "C72",
                "C112"
            ]
        ],
        "C97": [
            false,
            [
                "C101",
                "C119",
                "C80",
                "C124"
            ]
        ],
        "C98": [
            false,
            [
                "C43",
                "C81",
                "C21"
            ]
        ],
        "C99": [
            true,
            [
                "C27",
                "C85",
                "C107",
                "C17"
            ]
        ],
        "C100": [
            true,
            [
                "C48",
                "C22",
                "C45",
                "C71",
                "C57",
                "C38",
                "C29"
            ]
        ],
        "C101": [
            false,
            [
                "C117",
                "C39",
                "C64",
                "C121",
                "C102",
                "C29",
                "C118",
                "C70",
                "C12"
            ]
        ],
        "C102": [
            false,
            [
                "C83",
                "C52",
                "C9"
            ]
        ],
        "C103": [
            false,
            []
        ],
        "C104": [
            true,
            [
                "C98",
                "C69",
                "C31",
                "C114",
                "C39"
            ]
        ],
        "C105": [
            false,
            [
                "C53",
                "C69",
                "C14",
                "C100",
                "C125",
                "C84",
                "C67"
            ]
        ],
        "C106": [
            false,
            [
                "C58"
            ]
        ],
        "C107": [
            false,
            [
                "C98",
                "C49"
            ]
        ],
        "C108": [
            false,
            []
        ],
        "C109": [
            false,
            [
                "C81"
            ]
        ],
        "C110": [
            false,
            []
        ],
        "C111": [
            false,
            [
                "C33",
                "C51",
                "C11",
                "C38",
                "C37",
                "C19",
                "C57",
                "C52"
            ]
        ],
        "C112": [
            false,
            [
                "C7",
                "C64",
                "C82",
                "C10",
                "C55",
                "C104",
                "C4"
            ]
        ],
        "C113": [
            true,
            [
                "C42",
                "C76",
                "C49",
                "C8",
                "C105",
                "C35",
                "C128"
            ]
        ],
        "C114": [
            false,
            [
                "C48",
                "C70",
                "C85",
                "C31",
                "C35",
                "C94",
                "C29"
            ]
        ],
        "C115": [
            false,
            [
                "C113",
                "C37",
                "C85",
                "C98",
                "C127",
                "C61",
                "C30",
                "C97",
                "C10"
            ]
        ],
        "C116": [
            false,
            [
                "C121",
                "C108"
            ]
        ],
        "C117": [
            false,
            [
                "C75",
                "C112",
                "C107"
            ]
        ],
        "C118": [
            false,
            [
                "C100",
                "C24",
                "C34",
                "C14",
                "C104"
            ]
        ],
        "C119": [
            false,
            [
                "C89",
                "C81",
                "C40",
                "C31",
                "C26",
                "C9",
                "C84",
                "C54",
                "C20"
            ]
        ],
        "C120": [
            false,
            [
                "C28",
                "C85",
                "C97",
                "C100",
                "C86",
                "C113"
            ]
        ],
        "C121": [
            false,
            [
                "C54"
            ]
        ],
        "C122": [
            false,
            [
                "C18",
                "C29",
                "C33",
                "C37"
            ]
        ],
        "C123": [
            false,
            [
                "C17",
                "C2",
                "C69",
                "C43",
                "C54",
                "C83",
                "C46",
                "C64"
            ]
        ],
        "C124": [
            false,
            [
                "C102",
                "C81",
                "C91",
                "C74",
                "C90",
                "C11",
                "C128"
            ]
        ],
        "C125": [
            false,
            [
                "C82",
                "C66",
                "C85",
                "C11",
                "C99"
            ]
        ],
        "C126": [
            false,
            [
                "C12",
                "C78",
                "C61",
                "C121",
                "C73",
                "C77",
                "C71",
                "C0",
                "C101"
            ]
        ],
        "C127": [
            false,
            []
        ],
        "C128": [
            true,
            [
                "C99",
                "C8"
            ]
        ]
    },
    "ground_truth_fault_paths": [
        [
            "C104",
            "C34",
            "C93",
            "C95",
            "C11",
            "C66",
            "C74"
        ],
        [
            "C104",
            "C34",
            "C93",
            "C95",
            "C11",
            "C66",
            "C41"
        ],
        [
            "C104",
            "C34",
            "C93",
            "C95",
            "C11",
            "C66",
            "C3"
        ],
        [
            "C104",
            "C34",
            "C93",
            "C81",
            "C11",
            "C66",
            "C95"
        ],
        [
            "C104",
            "C34",
            "C93",
            "C81",
            "C11",
            "C66",
            "C74"
        ],
        [
            "C104",
            "C34",
            "C93",
            "C81",
            "C11",
            "C66",
            "C41"
        ],
        [
            "C104",
            "C34",
            "C93",
            "C81",
            "C11",
            "C66",
            "C3"
        ],
        [
            "C99",
            "C128",
            "C81",
            "C11",
            "C66",
            "C95"
        ],
        [
            "C99",
            "C128",
            "C81",
            "C11",
            "C66",
            "C74"
        ],
        [
            "C99",
            "C128",
            "C81",
            "C11",
            "C66",
            "C41"
        ],
        [
            "C99",
            "C128",
            "C81",
            "C11",
            "C66",
            "C3"
        ],
        [
            "C99",
            "C95",
            "C11",
            "C66",
            "C74"
        ],
        [
            "C99",
            "C95",
            "C11",
            "C66",
            "C41"
        ],
        [
            "C99",
            "C95",
            "C11",
            "C66",
            "C3"
        ],
        [
            "C60",
            "C81",
            "C11",
            "C66",
            "C95"
        ],
        [
            "C60",
            "C81",
            "C11",
            "C66",
            "C74"
        ],
        [
            "C60",
            "C81",
            "C11",
            "C66",
            "C41"
        ],
        [
            "C60",
            "C81",
            "C11",
            "C66",
            "C3"
        ],
        [
            "C99",
            "C128",
            "C113",
            "C32"
        ],
        [
            "C3",
            "C66",
            "C95",
            "C11"
        ],
        [
            "C104",
            "C34",
            "C68",
            "C62"
        ],
        [
            "C3",
            "C66",
            "C74"
        ],
        [
            "C3",
            "C66",
            "C41"
        ],
        [
            "C99",
            "C62"
        ],
        [
            "C99",
            "C41"
        ],
        [
            "C99",
            "C32"
        ],
        [
            "C71",
            "C100"
        ],
        [
            "C22",
            "C100"
        ],
        [
            "C22",
            "C28"
        ],
        [
            "C30"
        ],
        [
            "C84"
        ],
        [
            "C87"
        ],
        [
            "C90"
        ],
        [
            "C92"
        ]
    ],
    "error_codes": {
        "E0": [
            "FC0",
            [
                "C74",
                "C66",
                "C93",
                "C78",
                "C12",
                "C88",
                "C33",
                "C26",
                "C4",
                "C47",
                "C0",
                "C127",
                "C119"
            ]
        ],
        "E1": [
            "FC1",
            [
                "C41",
                "C34",
                "C128"
            ]
        ],
        "E2": [
            "FC2",
            [
                "C3",
                "C58",
                "C5",
                "C41",
                "C56",
                "C52",
                "C51"
            ]
        ],
        "E3": [
            "FC3",
            [
                "C95",
                "C81",
                "C15",
                "C88",
                "C36",
                "C126",
                "C34",
                "C90",
                "C59",
                "C78"
            ]
        ],
        "E4": [
            "FC4",
            [
                "C74",
                "C36",
                "C114",
                "C26",
                "C57",
                "C95",
                "C56",
                "C63",
                "C35",
                "C91",
                "C66",
                "C4",
                "C77"
            ]
        ],
        "E5": [
            "FC5",
            [
                "C41",
                "C44",
                "C124",
                "C70",
                "C45",
                "C35",
                "C24",
                "C32"
            ]
        ],
        "E6": [
            "FC6",
            [
                "C3",
                "C104",
                "C66",
                "C77",
                "C69",
                "C79",
                "C89",
                "C37",
                "C76"
            ]
        ],
        "E7": [
            "FC7",
            [
                "C95",
                "C99",
                "C18"
            ]
        ],
        "E8": [
            "FC8",
            [
                "C74",
                "C66",
                "C0",
                "C126"
            ]
        ],
        "E9": [
            "FC9",
            [
                "C41",
                "C123",
                "C124",
                "C125",
                "C59"
            ]
        ],
        "E10": [
            "FC10",
            [
                "C3",
                "C85",
                "C24",
                "C77",
                "C100",
                "C2",
                "C114",
                "C48",
                "C126",
                "C44",
                "C14"
            ]
        ],
        "E11": [
            "FC11",
            [
                "C74",
                "C99",
                "C45",
                "C76",
                "C2",
                "C72"
            ]
        ],
        "E12": [
            "FC12",
            [
                "C41",
                "C99",
                "C40",
                "C19"
            ]
        ],
        "E13": [
            "FC13",
            [
                "C3",
                "C11",
                "C52",
                "C79",
                "C51",
                "C102",
                "C17",
                "C70",
                "C86"
            ]
        ],
        "E14": [
            "FC14",
            [
                "C95",
                "C60",
                "C40",
                "C4"
            ]
        ],
        "E15": [
            "FC15",
            [
                "C74",
                "C81",
                "C40",
                "C111"
            ]
        ],
        "E16": [
            "FC16",
            [
                "C41",
                "C66",
                "C112",
                "C88",
                "C98",
                "C75",
                "C102",
                "C128",
                "C51",
                "C97"
            ]
        ],
        "E17": [
            "FC17",
            [
                "C3",
                "C38",
                "C8",
                "C72",
                "C24"
            ]
        ],
        "E18": [
            "FC18",
            [
                "C32",
                "C113",
                "C21",
                "C0",
                "C120",
                "C8"
            ]
        ],
        "E19": [
            "FC19",
            [
                "C11",
                "C97",
                "C28",
                "C120",
                "C14",
                "C41"
            ]
        ],
        "E20": [
            "FC20",
            [
                "C62",
                "C34",
                "C33",
                "C68",
                "C99",
                "C118",
                "C59",
                "C22",
                "C78",
                "C71",
                "C40",
                "C85"
            ]
        ],
        "E21": [
            "FC21",
            [
                "C74",
                "C44"
            ]
        ],
        "E22": [
            "FC22",
            [
                "C41",
                "C36",
                "C67",
                "C50",
                "C105"
            ]
        ],
        "E23": [
            "FC23",
            [
                "C62",
                "C110",
                "C78",
                "C114",
                "C125",
                "C54",
                "C38",
                "C63",
                "C40",
                "C65",
                "C42"
            ]
        ],
        "E24": [
            "FC24",
            [
                "C41",
                "C42",
                "C22",
                "C63",
                "C59",
                "C35",
                "C78",
                "C1",
                "C100",
                "C18",
                "C103"
            ]
        ],
        "E25": [
            "FC25",
            [
                "C32",
                "C73",
                "C103",
                "C5",
                "C91",
                "C101",
                "C38",
                "C114",
                "C64",
                "C94",
                "C6",
                "C93"
            ]
        ],
        "E26": [
            "FC26",
            [
                "C100",
                "C104",
                "C91",
                "C42",
                "C97",
                "C21",
                "C109",
                "C24",
                "C51",
                "C70",
                "C56",
                "C18",
                "C39"
            ]
        ],
        "E27": [
            "FC27",
            [
                "C100",
                "C12",
                "C47",
                "C81",
                "C43",
                "C21",
                "C113"
            ]
        ],
        "E28": [
            "FC28",
            [
                "C28",
                "C121",
                "C111",
                "C12",
                "C76",
                "C14"
            ]
        ],
        "E29": [
            "FC29",
            [
                "C30",
                "C37",
                "C68",
                "C27",
                "C73",
                "C106"
            ]
        ],
        "E30": [
            "FC30",
            [
                "C84",
                "C96",
                "C39",
                "C108",
                "C18",
                "C101",
                "C14"
            ]
        ],
        "E31": [
            "FC31",
            [
                "C87",
                "C103",
                "C76",
                "C63",
                "C6",
                "C112"
            ]
        ],
        "E32": [
            "FC32",
            [
                "C90",
                "C78",
                "C118",
                "C100"
            ]
        ],
        "E33": [
            "FC33",
            [
                "C92",
                "C2",
                "C91",
                "C55",
                "C18",
                "C123",
                "C53",
                "C118"
            ]
        ]
    },
    "sim_accuracies": {
        "C0": [
            "0.9613559366696299",
            "False"
        ],
        "C1": [
            "0.9650498805582033",
            "False"
        ],
        "C2": [
            "0.9817292153006125",
            "False"
        ],
        "C3": [
            "0.9741305881089498",
            "True"
        ],
        "C4": [
            "0.9589704363027112",
            "False"
        ],
        "C5": [
            "0.9688961972975273",
            "False"
        ],
        "C6": [
            "0.9692604899141176",
            "False"
        ],
        "C7": [
            "0.9815248078660477",
            "False"
        ],
        "C8": [
            "0.9622051491653474",
            "False"
        ],
        "C9": [
            "0.9798123431730993",
            "False"
        ],
        "C10": [
            "0.9857826731374647",
            "False"
        ],
        "C11": [
            "0.9567549712904342",
            "True"
        ],
        "C12": [
            "0.970398109350173",
            "False"
        ],
        "C13": [
            "0.9813037209784417",
            "False"
        ],
        "C14": [
            "0.9528849325109016",
            "False"
        ],
        "C15": [
            "0.9838622890528473",
            "False"
        ],
        "C16": [
            "0.9766844414149427",
            "False"
        ],
        "C17": [
            "0.975617331091232",
            "False"
        ],
        "C18": [
            "0.9808153334019569",
            "False"
        ],
        "C19": [
            "0.988722645874314",
            "False"
        ],
        "C20": [
            "0.9542392278115828",
            "False"
        ],
        "C21": [
            "0.980162660996936",
            "False"
        ],
        "C22": [
            "0.9701867026521626",
            "True"
        ],
        "C23": [
            "0.9670664411709285",
            "False"
        ],
        "C24": [
            "0.9542244130848238",
            "False"
        ],
        "C25": [
            "0.9611834853394429",
            "False"
        ],
        "C26": [
            "0.9785601838181084",
            "False"
        ],
        "C27": [
            "0.9745016169150571",
            "False"
        ],
        "C28": [
            "0.9835679458241782",
            "True"
        ],
        "C29": [
            "0.9684627149845046",
            "False"
        ],
        "C30": [
            "0.9743705882332445",
            "True"
        ],
        "C31": [
            "0.9740122505557102",
            "False"
        ],
        "C32": [
            "0.9614627565916543",
            "True"
        ],
        "C33": [
            "0.9896251627299564",
            "False"
        ],
        "C34": [
            "0.9836501602843435",
            "True"
        ],
        "C35": [
            "0.9529303507753695",
            "False"
        ],
        "C36": [
            "0.9624652524867727",
            "False"
        ],
        "C37": [
            "0.9841627216449929",
            "False"
        ],
        "C38": [
            "0.9662821303924396",
            "False"
        ],
        "C39": [
            "0.9720571011667782",
            "False"
        ],
        "C40": [
            "0.9571003227969674",
            "False"
        ],
        "C41": [
            "0.9683241728982288",
            "True"
        ],
        "C42": [
            "0.966067597557231",
            "False"
        ],
        "C43": [
            "0.9536103787193765",
            "False"
        ],
        "C44": [
            "0.9504275138063126",
            "False"
        ],
        "C45": [
            "0.9865181449165394",
            "False"
        ],
        "C46": [
            "0.9723611040191023",
            "False"
        ],
        "C47": [
            "0.9688880615929537",
            "False"
        ],
        "C48": [
            "0.9893799681030595",
            "False"
        ],
        "C49": [
            "0.9557280431162187",
            "False"
        ],
        "C50": [
            "0.9816471351746348",
            "False"
        ],
        "C51": [
            "0.9874710561015477",
            "False"
        ],
        "C52": [
            "0.9701324969415055",
            "False"
        ],
        "C53": [
            "0.9606449808241829",
            "False"
        ],
        "C54": [
            "0.952868942329347",
            "False"
        ],
        "C55": [
            "0.9651370837839836",
            "False"
        ],
        "C56": [
            "0.9563886479365536",
            "False"
        ],
        "C57": [
            "0.96840581419296",
            "False"
        ],
        "C58": [
            "0.9876878854453216",
            "False"
        ],
        "C59": [
            "0.9654871709190054",
            "False"
        ],
        "C60": [
            "0.9866406060432302",
            "True"
        ],
        "C61": [
            "0.9746267355067226",
            "False"
        ],
        "C62": [
            "0.9751571365759854",
            "True"
        ],
        "C63": [
            "0.9802650024588538",
            "False"
        ],
        "C64": [
            "0.981390044028371",
            "False"
        ],
        "C65": [
            "0.9714186098394287",
            "False"
        ],
        "C66": [
            "0.9667743742145808",
            "True"
        ],
        "C67": [
            "0.9626772925464997",
            "False"
        ],
        "C68": [
            "0.9871964997596616",
            "True"
        ],
        "C69": [
            "0.9510245756317038",
            "False"
        ],
        "C70": [
            "0.9605134287806888",
            "False"
        ],
        "C71": [
            "0.9641932331894433",
            "True"
        ],
        "C72": [
            "0.9551512970037237",
            "False"
        ],
        "C73": [
            "0.9510534187344449",
            "False"
        ],
        "C74": [
            "0.9693400184813653",
            "True"
        ],
        "C75": [
            "0.9668433853627566",
            "False"
        ],
        "C76": [
            "0.9800378156600549",
            "False"
        ],
        "C77": [
            "0.9685828297633695",
            "False"
        ],
        "C78": [
            "0.9693384900712233",
            "False"
        ],
        "C79": [
            "0.9545434407652407",
            "False"
        ],
        "C80": [
            "0.9878320582453193",
            "False"
        ],
        "C81": [
            "0.9650131076570985",
            "True"
        ],
        "C82": [
            "0.9555403515456233",
            "False"
        ],
        "C83": [
            "0.9506614565506404",
            "False"
        ],
        "C84": [
            "0.9797958440038432",
            "True"
        ],
        "C85": [
            "0.9765363056181068",
            "False"
        ],
        "C86": [
            "0.9577241523207101",
            "False"
        ],
        "C87": [
            "0.9550201861535247",
            "True"
        ],
        "C88": [
            "0.9896917915434569",
            "False"
        ],
        "C89": [
            "0.966001026442997",
            "False"
        ],
        "C90": [
            "0.9807311478984696",
            "True"
        ],
        "C91": [
            "0.9769443170904536",
            "False"
        ],
        "C92": [
            "0.9528862947846711",
            "True"
        ],
        "C93": [
            "0.9824967040038777",
            "True"
        ],
        "C94": [
            "0.9716021637895402",
            "False"
        ],
        "C95": [
            "0.9632420787052043",
            "True"
        ],
        "C96": [
            "0.9654847793845986",
            "False"
        ],
        "C97": [
            "0.9555039432457771",
            "False"
        ],
        "C98": [
            "0.9580666027449857",
            "False"
        ],
        "C99": [
            "0.9617849689312805",
            "True"
        ],
        "C100": [
            "0.9590343679086631",
            "True"
        ],
        "C101": [
            "0.9759907802734142",
            "False"
        ],
        "C102": [
            "0.952714672137106",
            "False"
        ],
        "C103": [
            "0.9735354611223408",
            "False"
        ],
        "C104": [
            "0.9507654265497375",
            "True"
        ],
        "C105": [
            "0.9643756966426814",
            "False"
        ],
        "C106": [
            "0.9819911708134059",
            "False"
        ],
        "C107": [
            "0.9824936415003519",
            "False"
        ],
        "C108": [
            "0.9587622772776778",
            "False"
        ],
        "C109": [
            "0.9720527495008764",
            "False"
        ],
        "C110": [
            "0.9835570974955083",
            "False"
        ],
        "C111": [
            "0.9871286330711502",
            "False"
        ],
        "C112": [
            "0.9555178857714298",
            "False"
        ],
        "C113": [
            "0.9826795810040733",
            "True"
        ],
        "C114": [
            "0.9519210136948651",
            "False"
        ],
        "C115": [
            "0.983989626776904",
            "False"
        ],
        "C116": [
            "0.9522868979804379",
            "False"
        ],
        "C117": [
            "0.9831062302935172",
            "False"
        ],
        "C118": [
            "0.9815571889542505",
            "False"
        ],
        "C119": [
            "0.9798648568375423",
            "False"
        ],
        "C120": [
            "0.9879439929193032",
            "False"
        ],
        "C121": [
            "0.9793069894311298",
            "False"
        ],
        "C122": [
            "0.9757052354160675",
            "False"
        ],
        "C123": [
            "0.9805645452163896",
            "False"
        ],
        "C124": [
            "0.9505073092500562",
            "False"
        ],
        "C125": [
            "0.9722461713890763",
            "False"
        ],
        "C126": [
            "0.9517708803947756",
            "False"
        ],
        "C127": [
            "0.9626287658717536",
            "False"
        ],
        "C128": [
            "0.9562554513339163",
            "True"
        ]
    }
}