{
    "suspect_components": {
        "C0": [
            false,
            [
                "C4",
                "C15",
                "C25",
                "C72",
                "C76",
                "C79"
            ]
        ],
        "C1": [
            false,
            [
                "C84",
                "C67",
                "C18",
                "C17",
                "C46",
                "C70"
            ]
        ],
        "C2": [
            true,
            [
                "C36",
                "C105"
            ]
        ],
        "C3": [
            true,
            []
        ],
        "C4": [
            false,
            [
                "C21",
                "C63",
                "C46",
                "C30",
                "C121",
                "C40"
            ]
        ],
        "C5": [
            false,
            [
                "C80",
                "C36",
                "C19",
                "C105",
                "C110",
                "C113",
                "C54",
                "C104",
                "C123"
            ]
        ],
        "C6": [
            true,
            [
                "C110",
                "C116",
                "C105",
                "C94",
                "C74"
            ]
        ],
        "C7": [
            false,
            [
                "C101",
                "C57",
                "C115",
                "C120",
                "C89",
                "C85",
                "C113",
                "C28"
            ]
        ],
        "C8": [
            true,
            [
                "C123"
            ]
        ],
        "C9": [
            false,
            [
                "C72",
                "C29"
            ]
        ],
        "C10": [
            false,
            [
                "C113",
                "C4",
                "C110",
                "C50",
                "C55",
                "C122",
                "C116",
                "C66"
            ]
        ],
        "C11": [
            false,
            [
                "C39",
                "C105",
                "C113",
                "C54",
                "C42",
                "C98",
                "C28"
            ]
        ],
        "C12": [
            false,
            [
                "C106",
                "C16",
                "C86"
            ]
        ],
        "C13": [
            true,
            [
                "C56",
                "C102",
                "C78",
                "C12",
                "C123",
                "C100",
                "C34",
                "C11",
                "C45"
            ]
        ],
        "C14": [
            false,
            [
                "C39",
                "C7",
                "C123",
                "C78",
                "C82",
                "C104",
                "C46",
                "C71"
            ]
        ],
        "C15": [
            false,
            [
                "C62"
            ]
        ],
        "C16": [
            false,
            [
                "C71",
                "C87"
            ]
        ],
        "C17": [
            false,
            [
                "C27",
                "C33",
                "C61",
                "C18",
                "C73",
                "C21",
                "C69",
                "C43",
                "C20"
            ]
        ],
        "C18": [
            true,
            [
                "C37",
                "C87",
                "C65",
                "C30",
                "C64"
            ]
        ],
        "C19": [
            false,
            [
                "C78",
                "C55",
                "C37"
            ]
        ],
        "C20": [
            false,
            [
                "C15",
                "C14",
                "C97",
                "C32",
                "C9"
            ]
        ],
        "C21": [
            false,
            [
                "C17",
                "C15",
                "C49",
                "C64",
                "C19"
            ]
        ],
        "C22": [
            false,
            [
                "C77",
                "C35",
                "C48",
                "C72",
                "C38"
            ]
        ],
        "C23": [
            false,
            [
                "C63",
                "C90",
                "C34",
                "C113",
                "C15",
                "C107",
                "C2",
                "C114"
            ]
        ],
        "C24": [
            true,
            [
                "C19",
                "C70",
                "C122",
                "C101",
                "C74",
                "C36",
                "C59"
            ]
        ],
        "C25": [
            false,
            [
                "C27",
                "C126",
                "C11",
                "C60",
                "C33",
                "C79"
            ]
        ],
        "C26": [
            false,
            [
                "C46",
                "C58"
            ]
        ],
        "C27": [
            false,
            [
                "C17",
                "C117",
                "C38",
                "C20"
            ]
        ],
        "C28": [
            false,
            [
                "C117"
            ]
        ],
        "C29": [
            false,
            []
        ],
        "C30": [
            false,
            []
        ],
        "C31": [
            false,
            [
                "C41",
                "C73",
                "C80",
                "C100",
                "C3"
            ]
        ],
        "C32": [
            false,
            [
                "C6",
                "C24",
                "C40",
                "C120",
                "C30",
                "C123",
                "C43",
                "C9",
                "C73"
            ]
        ],
        "C33": [
            false,
            []
        ],
        "C34": [
            false,
            [
                "C113",
                "C8"
            ]
        ],
        "C35": [
            false,
            [
                "C69",
                "C50",
                "C23",
                "C89",
                "C43",
                "C29",
                "C125",
                "C31",
                "C120"
            ]
        ],
        "C36": [
            false,
            [
                "C106",
                "C46",
                "C88",
                "C102",
                "C23",
                "C94",
                "C104",
                "C61"
            ]
        ],
        "C37": [
            true,
            [
                "C102",
                "C69",
                "C98",
                "C86",
                "C4",
                "C72"
            ]
        ],
        "C38": [
            false,
            [
                "C96",
                "C99",
                "C1",
                "C106",
                "C40"
            ]
        ],
        "C39": [
            true,
            [
                "C89",
                "C58",
                "C98",
                "C124",
                "C79",
                "C43",
                "C17",
                "C120"
            ]
        ],
        "C40": [
            false,
            [
                "C18"
            ]
        ],
        "C41": [
            false,
            [
                "C105",
                "C59",
                "C89"
            ]
        ],
        "C42": [
            false,
            [
                "C48",
                "C30",
                "C59",
                "C62"
            ]
        ],
        "C43": [
            false,
            [
                "C23"
            ]
        ],
        "C44": [
            false,
            [
                "C125",
                "C13"
            ]
        ],
        "C45": [
            true,
            [
                "C73",
                "C81",
                "C79",
                "C122",
                "C52",
                "C5"
            ]
        ],
        "C46": [
            false,
            [
                "C121",
                "C22",
                "C4",
                "C61"
            ]
        ],
        "C47": [
            false,
            []
        ],
        "C48": [
            false,
            [
                "C57",
                "C121",
                "C29"
            ]
        ],
        "C49": [
            false,
            [
                "C18",
                "C85",
                "C0",
                "C41",
                "C118",
                "C102"
            ]
        ],
        "C50": [
            false,
            [
                "C13",
                "C109",
                "C65",
                "C72",
                "C1",
                "C53",
                "C7"
            ]
        ],
        "C51": [
            false,
            [
                "C123",
                "C112",
                "C108",
                "C22",
                "C74"
            ]
        ],
        "C52": [
            false,
            []
        ],
        "C53": [
            false,
            [
                "C39",
                "C100",
                "C5",
                "C11",
                "C88",
                "C72"
            ]
        ],
        "C54": [
            true,
            [
                "C106",
                "C55"
            ]
        ],
        "C55": [
            false,
            [
                "C125",
                "C71",
                "C9",
                "C128",
                "C86"
            ]
        ],
        "C56": [
            false,
            [
                "C113"
            ]
        ],
        "C57": [
            true,
            [
                "C67",
                "C76",
                "C74",
                "C19"
            ]
        ],
        "C58": [
            false,
            [
                "C33",
                "C80",
                "C46"
            ]
        ],
        "C59": [
            false,
            [
                "C89",
                "C87",
                "C37"
            ]
        ],
        "C60": [
            false,
            [
                "C58",
                "C117",
                "C52",
                "C62",
                "C15",
                "C98"
            ]
        ],
        "C61": [
            false,
            [
                "C126"
            ]
        ],
        "C62": [
            false,
            [
                "C11",
                "C72",
                "C53",
                "C22",
                "C13",
                "C2",
                "C101"
            ]
        ],
        "C63": [
            false,
            [
                "C27",
                "C0",
                "C80"
            ]
        ],
        "C64": [
            false,
            [
                "C90",
                "C7",
                "C118",
                "C103",
                "C31",
                "C65",
                "C1",
                "C67",
                "C109"
            ]
        ],
        "C65": [
            true,
            [
                "C119",
                "C28",
                "C111",
                "C15",
                "C123",
                "C61",
                "C57",
                "C37"
            ]
        ],
        "C66": [
            false,
            [
                "C14"
            ]
        ],
        "C67": [
            false,
            [
                "C46",
                "C13",
                "C11",
                "C27",
                "C29",
                "C71",
                "C35",
                "C97",
                "C89"
            ]
        ],
        "C68": [
            false,
            []
        ],
        "C69": [
            false,
            [
                "C71",
                "C118",
                "C49",
                "C56",
                "C98",
                "C65",
                "C100",
                "C2",
                "C107"
            ]
        ],
        "C70": [
            false,
            [
                "C3"
            ]
        ],
        "C71": [
            false,
            [
                "C109",
                "C9",
                "C56",
                "C59",
                "C39",
                "C37",
                "C53",
                "C42",
                "C46"
            ]
        ],
        "C72": [
            false,
            [
                "C95",
                "C54",
                "C117"
            ]
        ],
        "C73": [
            false,
            [
                "C83",
                "C127",
                "C34",
                "C119",
                "C9"
            ]
        ],
        "C74": [
            false,
            [
                "C33",
                "C81",
                "C7",
                "C16",
                "C113"
            ]
        ],
        "C75": [
            false,
            [
                "C11",
                "C104"
            ]
        ],
        "C76": [
            false,
            [
                "C102",
                "C92",
                "C112",
                "C127",
                "C103",
                "C124",
                "C119",
                "C120",
                "C31"
            ]
        ],
        "C77": [
            false,
            [
                "C2",
                "C65",
                "C128"
            ]
        ],
        "C78": [
            false,
            [
                "C127",
                "C33",
                "C0"
            ]
        ],
        "C79": [
            false,
            []
        ],
        "C80": [
            false,
            [
                "C108",
                "C54",
                "C33",
                "C85",
                "C109",
                "C96"
            ]
        ],
        "C81": [
            true,
            [
                "C112",
                "C79",
                "C128",
                "C62",
                "C102"
            ]
        ],
        "C82": [
            false,
            [
                "C4",
                "C110",
                "C16",
                "C126",
                "C91",
                "C2",
                "C0"
            ]
        ],
        "C83": [
            false,
            [
                "C19",
                "C76",
                "C14"
            ]
        ],
        "C84": [
            false,
            [
                "C52",
                "C0",
                "C22",
                "C90"
            ]
        ],
        "C85": [
            false,
            [
                "C17",
                "C90",
                "C1"
            ]
        ],
        "C86": [
            true,
            []
        ],
        "C87": [
            false,
            [
                "C53",
                "C94",
                "C48",
                "C77",
                "C82"
            ]
        ],
        "C88": [
            false,
            [
                "C75",
                "C47",
                "C84",
                "C101",
                "C17",
                "C70",
                "C16",
                "C113"
            ]
        ],
        "C89": [
            false,
            [
                "C77",
                "C55",
                "C115",
                "C99",
                "C7",
                "C25",
                "C50",
                "C47"
            ]
        ],
        "C90": [
            false,
            [
                "C122",
                "C30",
                "C98",
                "C59",
                "C93"
            ]
        ],
        "C91": [
            false,
            [
                "C66",
                "C104"
            ]
        ],
        "C92": [
            true,
            [
                "C48",
                "C109",
                "C13",
                "C66",
                "C47",
                "C83",
                "C5",
                "C1",
                "C17"
            ]
        ],
        "C93": [
            false,
            [
                "C61",
                "C80",
                "C20",
                "C74",
                "C60",
                "C47",
                "C71",
                "C78",
                "C92"
            ]
        ],
        "C94": [
            false,
            [
                "C79",
                "C59",
                "C46",
                "C80",
                "C90",
                "C19",
                "C40"
            ]
        ],
        "C95": [
            false,
            [
                "C103",
                "C85"
            ]
        ],
        "C96": [
            true,
            [
                "C56",
                "C128"
            ]
        ],
        "C97": [
            true,
            [
                "C26",
                "C12"
            ]
        ],
        "C98": [
            false,
            [
                "C39",
                "C97",
                "C88",
                "C34",
                "C25",
                "C10"
            ]
        ],
        "C99": [
            true,
            []
        ],
        "C100": [
            false,
            [
                "C57",
                "C86",
                "C8",
                "C19",
                "C51",
                "C46",
                "C90"
            ]
        ],
        "C101": [
            false,
            [
                "C5",
                "C77",
                "C73",
                "C21",
                "C66",
                "C36",
                "C38"
            ]
        ],
        "C102": [
            false,
            [
                "C53",
                "C4",
                "C46",
                "C86"
            ]
        ],
        "C103": [
            false,
            [
                "C83",
                "C93",
                "C113",
                "C53",
                "C56",
                "C125",
                "C68",
                "C43",
                "C102"
            ]
        ],
        "C104": [
            false,
            []
        ],
        "C105": [
            false,
            [
                "C91",
                "C90",
                "C11",
                "C34",
                "C100",
                "C40",
                "C95",
                "C28"
            ]
        ],
        "C106": [
            false,
            [
                "C60",
                "C81",
                "C55",
                "C92"
            ]
        ],
        "C107": [
            false,
            [
                "C81",
                "C104",
                "C31",
                "C119",
                "C41",
                "C3",
                "C120",
                "C15",
                "C63"
            ]
        ],
        "C108": [
            false,
            [
                "C124",
                "C128",
                "C52",
                "C121",
                "C49",
                "C99"
            ]
        ],
        "C109": [
            false,
            [
                "C12",
                "C24",
                "C88"
            ]
        ],
        "C110": [
            true,
            [
                "C120",
                "C123"
            ]
        ],
        "C111": [
            false,
            [
                "C119",
                "C72",
                "C23"
            ]
        ],
        "C112": [
            false,
            [
                "C77"
            ]
        ],
        "C113": [
            true,
            [
                "C126",
                "C4",
                "C91",
                "C38"
            ]
        ],
        "C114": [
            false,
            [
                "C25",
                "C72",
                "C74",
                "C12",
                "C5",
                "C15",
                "C42",
                "C87",
                "C82"
            ]
        ],
        "C115": [
            false,
            [
                "C116",
                "C39",
                "C82",
                "C118",
                "C50",
                "C28",
                "C54",
                "C5"
            ]
        ],
        "C116": [
            true,
            [
                "C40",
                "C7"
            ]
        ],
        "C117": [
            true,
            [
                "C115",
                "C62",
                "C88"
            ]
        ],
        "C118": [
            false,
            [
                "C10",
                "C93",
                "C59",
                "C51"
            ]
        ],
        "C119": [
            true,
            [
                "C0",
                "C24",
                "C106",
                "C71"
            ]
        ],
        "C120": [
            false,
            [
                "C92",
                "C15",
                "C106",
                "C8",
                "C58",
                "C50",
                "C127"
            ]
        ],
        "C121": [
            false,
            [
                "C97"
            ]
        ],
        "C122": [
            false,
            [
                "C81",
                "C18",
                "C5",
                "C33",
                "C17"
            ]
        ],
        "C123": [
            false,
            [
                "C102",
                "C82",
                "C66",
                "C26"
            ]
        ],
        "C124": [
            true,
            [
                "C52",
                "C44",
                "C42",
                "C5",
                "C100",
                "C17",
                "C90",
                "C43",
                "C81"
            ]
        ],
        "C125": [
            false,
            []
        ],
        "C126": [
            false,
            [
                "C20"
            ]
        ],
        "C127": [
            true,
            [
                "C123",
                "C113",
                "C80",
                "C5",
                "C76",
                "C119",
                "C8"
            ]
        ],
        "C128": [
            false,
            []
        ]
    },
    "ground_truth_fault_paths": [
        [
            "C81",
            "C45",
            "C13",
            "C92"
        ],
        [
            "C24",
            "C119",
            "C65",
            "C18"
        ],
        [
            "C86",
            "C37",
            "C65",
            "C18"
        ],
        [
            "C81",
            "C124",
            "C39"
        ],
        [
            "C24",
            "C119",
            "C127"
        ],
        [
            "C57",
            "C65",
            "C18"
        ],
        [
            "C86",
            "C37",
            "C18"
        ],
        [
            "C8",
            "C127"
        ],
        [
            "C113",
            "C127"
        ],
        [
            "C116",
            "C6"
        ],
        [
            "C110",
            "C6"
        ],
        [
            "C2"
        ],
        [
            "C3"
        ],
        [
            "C54"
        ],
        [
            "C96"
        ],
        [
            "C97"
        ],
        [
            "C99"
        ],
        [
            "C117"
        ]
    ],
    "error_codes": {
        "E0": [
            "FC0",
            [
                "C92",
                "C45",
                "C82",
                "C11",
                "C19"
            ]
        ],
        "E1": [
            "FC1",
            [
                "C18",
                "C65",
                "C19",
                "C119",
                "C72",
                "C9",
                "C45",
                "C50",
                "C56",
                "C104",
                "C4",
                "C78"
            ]
        ],
        "E2": [
            "FC2",
            [
                "C18",
                "C86",
                "C4",
                "C107",
                "C110",
                "C13",
                "C91",
                "C126",
                "C97",
                "C82"
            ]
        ],
        "E3": [
            "FC3",
            [
                "C39",
                "C120",
                "C52",
                "C63"
            ]
        ],
        "E4": [
            "FC4",
            [
                "C127",
                "C24",
                "C40"
            ]
        ],
        "E5": [
            "FC5",
            [
                "C18",
                "C83",
                "C128",
                "C40",
                "C35",
                "C21",
                "C114",
                "C2",
                "C28",
                "C110",
                "C39",
                "C74",
                "C65"
            ]
        ],
        "E6": [
            "FC6",
            [
                "C18",
                "C88",
                "C101",
                "C105",
                "C21",
                "C55"
            ]
        ],
        "E7": [
            "FC7",
            [
                "C127",
                "C3",
                "C62",
                "C66",
                "C7",
                "C72",
                "C121",
                "C82",
                "C57"
            ]
        ],
        "E8": [
            "FC8",
            [
                "C127",
                "C81",
                "C11"
            ]
        ],
        "E9": [
            "FC9",
            [
                "C6",
                "C116",
                "C74",
                "C61"
            ]
        ],
        "E10": [
            "FC10",
            [
                "C6",
                "C62",
                "C29",
                "C25",
                "C97",
                "C90",
                "C71",
                "C80",
                "C105",
                "C34",
                "C14"
            ]
        ],
        "E11": [
            "FC11",
            [
                "C2",
                "C80",
                "C33",
                "C126",
                "C85",
                "C128",
                "C101",
                "C15",
                "C114",
                "C40",
                "C90"
            ]
        ],
        "E12": [
            "FC12",
            [
                "C3",
                "C48"
            ]
        ],
        "E13": [
            "FC13",
            [
                "C54",
                "C56",
                "C5",
                "C37",
                "C12"
            ]
        ],
        "E14": [
            "FC14",
            [
                "C96",
                "C47",
                "C36",
                "C3",
                "C82",
                "C54",
                "C72",
                "C86"
            ]
        ],
        "E15": [
            "FC15",
            [
                "C97",
                "C28",
                "C52",
                "C64"
            ]
        ],
        "E16": [
            "FC16",
            [
                "C99",
                "C119",
                "C81",
                "C114",
                "C38",
                "C57",
                "C37",
                "C96",
                "C21",
                "C8",
                "C53"
            ]
        ],
        "E17": [
            "FC17",
            [
                "C117",
                "C39",
                "C28",
                "C30",
                "C105",
                "C44",
                "C1",
                "C81",
                "C11",
                "C32"
            ]
        ]
    },
    "sim_accuracies": {
        "C0": [
            "0.9648824828246566",
            "False"
        ],
        "C1": [
            "0.984245432710373",
            "False"
        ],
        "C2": [
            "0.9526328981644655",
            "True"
        ],
        "C3": [
            "0.9518762254356844",
            "True"
        ],
        "C4": [
            "0.9725536470877691",
            "False"
        ],
        "C5": [
            "0.9751790057381249",
            "False"
        ],
        "C6": [
            "0.97483448129659",
            "True"
        ],
        "C7": [
            "0.9828357273854308",
            "False"
        ],
        "C8": [
            "0.9743584228447505",
            "True"
        ],
        "C9": [
            "0.9572025542804272",
            "False"
        ],
        "C10": [
            "0.9815451621012404",
            "False"
        ],
        "C11": [
            "0.9897607649586764",
            "False"
        ],
        "C12": [
            "0.9616300343402914",
            "False"
        ],
        "C13": [
            "0.9745112617308511",
            "True"
        ],
        "C14": [
            "0.9805459241543534",
            "False"
        ],
        "C15": [
            "0.9506618238910843",
            "False"
        ],
        "C16": [
            "0.9508164922054849",
            "False"
        ],
        "C17": [
            "0.961664445500901",
            "False"
        ],
        "C18": [
            "0.965114419214296",
            "True"
        ],
        "C19": [
            "0.9528902022111317",
            "False"
        ],
        "C20": [
            "0.9643726334960798",
            "False"
        ],
        "C21": [
            "0.9554672874465593",
            "False"
        ],
        "C22": [
            "0.9858701319265404",
            "False"
        ],
        "C23": [
            "0.9561285379399217",
            "False"
        ],
        "C24": [
            "0.9841098237365634",
            "True"
        ],
        "C25": [
            "0.9659765322714086",
            "False"
        ],
        "C26": [
            "0.986944922239489",
            "False"
        ],
        "C27": [
            "0.9733668076638583",
            "False"
        ],
        "C28": [
            "0.9642694710966232",
            "False"
        ],
        "C29": [
            "0.9693994693026733",
            "False"
        ],
        "C30": [
            "0.9827038087151326",
            "False"
        ],
        "C31": [
            "0.9814099618418088",
            "False"
        ],
        "C32": [
            "0.962179494236303",
            "False"
        ],
        "C33": [
            "0.9765161039137837",
            "False"
        ],
        "C34": [
            "0.97918292314269",
            "False"
        ],
        "C35": [
            "0.9600353316434477",
            "False"
        ],
        "C36": [
            "0.9605683972968228",
            "False"
        ],
        "C37": [
            "0.972977951779691",
            "True"
        ],
        "C38": [
            "0.967390792465862",
            "False"
        ],
        "C39": [
            "0.9620434050914163",
            "True"
        ],
        "C40": [
            "0.9845584841063187",
            "False"
        ],
        "C41": [
            "0.9710448958703446",
            "False"
        ],
        "C42": [
            "0.9832537711103245",
            "False"
        ],
        "C43": [
            "0.9743571356376364",
            "False"
        ],
        "C44": [
            "0.9620290124583437",
            "False"
        ],
        "C45": [
            "0.9762150468274464",
            "True"
        ],
        "C46": [
            "0.9700715793737712",
            "False"
        ],
        "C47": [
            "0.9654840498564439",
            "False"
        ],
        "C48": [
            "0.9671017907271316",
            "False"
        ],
        "C49": [
            "0.9529522257828176",
            "False"
        ],
        "C50": [
            "0.9849164669691806",
            "False"
        ],
        "C51": [
            "0.9543202361065893",
            "False"
        ],
        "C52": [
            "0.9711233105863539",
            "False"
        ],
        "C53": [
            "0.9840910859239276",
            "False"
        ],
        "C54": [
            "0.984912774877992",
            "True"
        ],
        "C55": [
            "0.9837877762357442",
            "False"
        ],
        "C56": [
            "0.967532484909719",
            "False"
        ],
        "C57": [
            "0.9745149921694234",
            "True"
        ],
        "C58": [
            "0.9804643090231161",
            "False"
        ],
        "C59": [
            "0.9742883181004981",
            "False"
        ],
        "C60": [
            "0.950507334176718",
            "False"
        ],
        "C61": [
            "0.9666218567166842",
            "False"
        ],
        "C62": [
            "0.9720161461947686",
            "False"
        ],
        "C63": [
            "0.956115529499426",
            "False"
        ],
        "C64": [
            "0.9512916180233612",
            "False"
        ],
        "C65": [
            "0.9575850242718664",
            "True"
        ],
        "C66": [
            "0.964941532722009",
            "False"
        ],
        "C67": [
            "0.9672780540288627",
            "False"
        ],
        "C68": [
            "0.9685860957091662",
            "False"
        ],
        "C69": [
            "0.984413084328128",
            "False"
        ],
        "C70": [
            "0.9626791248278691",
            "False"
        ],
        "C71": [
            "0.9546074390363942",
            "False"
        ],
        "C72": [
            "0.9851893798741362",
            "False"
        ],
        "C73": [
            "0.9578157753847379",
            "False"
        ],
        "C74": [
            "0.9747762560248914",
            "False"
        ],
        "C75": [
            "0.9869692075721422",
            "False"
        ],
        "C76": [
            "0.9750333578159253",
            "False"
        ],
        "C77": [
            "0.9793686995745465",
            "False"
        ],
        "C78": [
            "0.962048313608739",
            "False"
        ],
        "C79": [
            "0.981232346998262",
            "False"
        ],
        "C80": [
            "0.9861230870927611",
            "False"
        ],
        "C81": [
            "0.951152510777291",
            "True"
        ],
        "C82": [
            "0.9673785439083855",
            "False"
        ],
        "C83": [
            "0.9629264430125237",
            "False"
        ],
        "C84": [
            "0.9682595659875608",
            "False"
        ],
        "C85": [
            "0.9898399963663511",
            "False"
        ],
        "C86": [
            "0.9704844318561001",
            "True"
        ],
        "C87": [
            "0.9538977300517129",
            "False"
        ],
        "C88": [
            "0.9626658304908996",
            "False"
        ],
        "C89": [
            "0.9648568131397659",
            "False"
        ],
        "C90": [
            "0.9596459080644679",
            "False"
        ],
        "C91": [
            "0.9714138593032604",
            "False"
        ],
        "C92": [
            "0.9686522005471966",
            "True"
        ],
        "C93": [
            "0.9877668438442286",
            "False"
        ],
        "C94": [
            "0.9876987728342401",
            "False"
        ],
        "C95": [
            "0.9772311165617776",
            "False"
        ],
        "C96": [
            "0.976674592828016",
            "True"
        ],
        "C97": [
            "0.9844979111276312",
            "True"
        ],
        "C98": [
            "0.9553341911194079",
            "False"
        ],
        "C99": [
            "0.9871096106522282",
            "True"
        ],
        "C100": [
            "0.9700050967994479",
            "False"
        ],
        "C101": [
            "0.969888341946505",
            "False"
        ],
        "C102": [
            "0.9618308344915621",
            "False"
        ],
        "C103": [
            "0.9563466781718044",
            "False"
        ],
        "C104": [
            "0.9564588057998593",
            "False"
        ],
        "C105": [
            "0.9812401918148949",
            "False"
        ],
        "C106": [
            "0.9895776322465744",
            "False"
        ],
        "C107": [
            "0.9812164638844204",
            "False"
        ],
        "C108": [
            "0.979733247522563",
            "False"
        ],
        "C109": [
            "0.9819236372153644",
            "False"
        ],
        "C110": [
            "0.9504867115649775",
            "True"
        ],
        "C111": [
            "0.9542465952938727",
            "False"
        ],
        "C112": [
            "0.9628819582422455",
            "False"
        ],
        "C113": [
            "0.9872859910851621",
            "True"
        ],
        "C114": [
            "0.9570750135911265",
            "False"
        ],
        "C115": [
            "0.9552420320396731",
            "False"
        ],
        "C116": [
            "0.9749330365983135",
            "True"
        ],
        "C117": [
            "0.9803428811693666",
            "True"
        ],
        "C118": [
            "0.9553496148102466",
            "False"
        ],
        "C119": [
            "0.9862103369932894",
            "True"
        ],
        "C120": [
            "0.9605635967113078",
            "False"
        ],
        "C121": [
            "0.9540231929682151",
            "False"
        ],
        "C122": [
            "0.9735319704449727",
            "False"
        ],
        "C123": [
            "0.9787415956177328",
            "False"
        ],
        "C124": [
            "0.9631211341081894",
            "True"
        ],
        "C125": [
            "0.9704414747034522",
            "False"
        ],
        "C126": [
            "0.9576882037564881",
            "False"
        ],
        "C127": [
            "0.9850948040138042",
            "True"
        ],
        "C128": [
            "0.9528308798937686",
            "False"
        ]
    }
}