{
    "suspect_components": {
        "C0": [
            true,
            [
                "C70",
                "C44",
                "C3",
                "C112",
                "C40",
                "C120",
                "C18",
                "C38"
            ]
        ],
        "C1": [
            true,
            [
                "C48",
                "C52",
                "C78",
                "C8",
                "C47",
                "C54"
            ]
        ],
        "C2": [
            false,
            [
                "C26",
                "C63",
                "C38",
                "C104",
                "C120",
                "C40",
                "C115"
            ]
        ],
        "C3": [
            false,
            [
                "C62",
                "C39",
                "C104"
            ]
        ],
        "C4": [
            false,
            [
                "C114",
                "C109"
            ]
        ],
        "C5": [
            false,
            [
                "C74",
                "C111",
                "C85",
                "C31",
                "C98",
                "C114",
                "C117"
            ]
        ],
        "C6": [
            false,
            [
                "C38",
                "C74",
                "C68",
                "C49"
            ]
        ],
        "C7": [
            true,
            [
                "C51"
            ]
        ],
        "C8": [
            false,
            [
                "C125",
                "C88",
                "C126",
                "C40",
                "C103",
                "C104"
            ]
        ],
        "C9": [
            true,
            [
                "C66",
                "C1",
                "C84",
                "C58",
                "C103",
                "C108",
                "C112",
                "C128"
            ]
        ],
        "C10": [
            false,
            [
                "C47",
                "C8",
                "C48"
            ]
        ],
        "C11": [
            false,
            [
                "C101"
            ]
        ],
        "C12": [
            false,
            [
                "C52"
            ]
        ],
        "C13": [
            false,
            [
                "C123"
            ]
        ],
        "C14": [
            false,
            [
                "C3",
                "C87",
                "C62",
                "C77",
                "C10",
                "C53",
                "C56"
            ]
        ],
        "C15": [
            false,
            [
                "C51",
                "C26",
                "C81"
            ]
        ],
        "C16": [
            true,
            [
                "C4"
            ]
        ],
        "C17": [
            false,
            [
                "C101"
            ]
        ],
        "C18": [
            true,
            [
                "C71",
                "C2",
                "C40",
                "C63",
                "C108",
                "C34"
            ]
        ],
        "C19": [
            false,
            [
                "C14",
                "C30",
                "C56",
                "C128",
                "C93",
                "C49",
                "C18",
                "C28"
            ]
        ],
        "C20": [
            false,
            [
                "C70",
                "C61",
                "C123",
                "C24",
                "C92"
            ]
        ],
        "C21": [
            false,
            [
                "C62",
                "C66",
                "C22",
                "C81",
                "C5",
                "C96",
                "C109"
            ]
        ],
        "C22": [
            false,
            []
        ],
        "C23": [
            false,
            [
                "C107",
                "C46",
                "C60",
                "C97",
                "C90",
                "C15",
                "C74",
                "C101"
            ]
        ],
        "C24": [
            false,
            []
        ],
        "C25": [
            false,
            [
                "C105",
                "C44"
            ]
        ],
        "C26": [
            false,
            [
                "C79",
                "C126"
            ]
        ],
        "C27": [
            false,
            [
                "C33",
                "C37",
                "C86",
                "C26",
                "C109",
                "C25",
                "C62",
                "C11"
            ]
        ],
        "C28": [
            false,
            [
                "C32",
                "C16",
                "C15",
                "C74",
                "C8",
                "C19"
            ]
        ],
        "C29": [
            false,
            [
                "C122",
                "C127",
                "C4",
                "C101",
                "C34"
            ]
        ],
        "C30": [
            false,
            [
                "C16",
                "C9",
                "C122",
                "C90",
                "C47",
                "C108",
                "C101",
                "C107",
                "C95"
            ]
        ],
        "C31": [
            false,
            []
        ],
        "C32": [
            false,
            [
                "C54",
                "C107",
                "C23",
                "C100",
                "C41",
                "C29",
                "C74",
                "C10"
            ]
        ],
        "C33": [
            false,
            [
                "C57",
                "C120",
                "C50",
                "C13",
                "C116",
                "C21",
                "C71"
            ]
        ],
        "C34": [
            true,
            [
                "C4",
                "C49",
                "C2"
            ]
        ],
        "C35": [
            false,
            [
                "C39",
                "C6",
                "C13",
                "C87",
                "C100",
                "C45",
                "C101",
                "C10",
                "C123"
            ]
        ],
        "C36": [
            false,
            []
        ],
        "C37": [
            false,
            [
                "C72",
                "C126"
            ]
        ],
        "C38": [
            false,
            [
                "C83",
                "C114",
                "C43",
                "C16"
            ]
        ],
        "C39": [
            false,
            [
                "C43",
                "C118",
                "C58"
            ]
        ],
        "C40": [
            false,
            [
                "C30",
                "C84",
                "C44",
                "C39",
                "C53",
                "C34",
                "C116",
                "C83"
            ]
        ],
        "C41": [
            false,
            [
                "C9",
                "C28",
                "C75",
                "C63"
            ]
        ],
        "C42": [
            false,
            [
                "C75",
                "C125",
                "C94",
                "C74",
                "C60",
                "C21",
                "C102",
                "C79"
            ]
        ],
        "C43": [
            true,
            [
                "C68",
                "C116",
                "C13",
                "C14",
                "C121"
            ]
        ],
        "C44": [
            false,
            [
                "C69",
                "C109",
                "C55",
                "C102",
                "C105",
                "C61",
                "C122",
                "C89",
                "C92"
            ]
        ],
        "C45": [
            true,
            [
                "C4",
                "C71",
                "C86",
                "C62",
                "C126"
            ]
        ],
        "C46": [
            true,
            [
                "C9",
                "C3",
                "C127",
                "C118",
                "C8"
            ]
        ],
        "C47": [
            true,
            [
                "C13",
                "C48",
                "C29",
                "C113",
                "C37",
                "C24",
                "C19",
                "C58",
                "C92"
            ]
        ],
        "C48": [
            false,
            [
                "C128",
                "C0",
                "C72",
                "C49",
                "C53",
                "C60",
                "C28",
                "C95",
                "C107"
            ]
        ],
        "C49": [
            false,
            [
                "C107",
                "C67",
                "C4",
                "C29",
                "C12",
                "C21",
                "C79",
                "C103",
                "C7"
            ]
        ],
        "C50": [
            false,
            [
                "C51"
            ]
        ],
        "C51": [
            true,
            [
                "C83",
                "C47",
                "C1"
            ]
        ],
        "C52": [
            false,
            [
                "C42",
                "C44",
                "C98",
                "C13",
                "C53",
                "C19"
            ]
        ],
        "C53": [
            false,
            [
                "C70",
                "C33",
                "C98",
                "C102",
                "C58",
                "C59"
            ]
        ],
        "C54": [
            false,
            [
                "C97"
            ]
        ],
        "C55": [
            false,
            [
                "C74"
            ]
        ],
        "C56": [
            false,
            []
        ],
        "C57": [
            false,
            [
                "C39",
                "C48",
                "C26",
                "C1",
                "C16",
                "C121",
                "C21",
                "C114"
            ]
        ],
        "C58": [
            false,
            [
                "C75"
            ]
        ],
        "C59": [
            false,
            [
                "C119",
                "C64",
                "C11",
                "C85",
                "C28"
            ]
        ],
        "C60": [
            false,
            [
                "C92",
                "C7",
                "C18",
                "C2",
                "C1",
                "C85",
                "C105",
                "C112",
                "C59"
            ]
        ],
        "C61": [
            true,
            [
                "C40",
                "C106",
                "C57",
                "C93",
                "C94"
            ]
        ],
        "C62": [
            false,
            [
                "C120"
            ]
        ],
        "C63": [
            false,
            [
                "C61",
                "C92",
                "C46",
                "C67",
                "C28",
                "C7"
            ]
        ],
        "C64": [
            true,
            [
                "C47",
                "C96"
            ]
        ],
        "C65": [
            false,
            [
                "C25",
                "C13",
                "C101",
                "C106",
                "C83",
                "C108",
                "C5"
            ]
        ],
        "C66": [
            false,
            [
                "C75",
                "C42"
            ]
        ],
        "C67": [
            false,
            [
                "C93",
                "C114",
                "C112"
            ]
        ],
        "C68": [
            false,
            [
                "C73",
                "C20",
                "C77",
                "C11",
                "C94",
                "C120",
                "C21"
            ]
        ],
        "C69": [
            true,
            [
                "C86",
                "C49",
                "C38",
                "C32",
                "C126",
                "C89",
                "C41"
            ]
        ],
        "C70": [
            false,
            [
                "C31",
                "C80",
                "C118",
                "C29",
                "C102",
                "C63"
            ]
        ],
        "C71": [
            false,
            [
                "C122"
            ]
        ],
        "C72": [
            false,
            [
                "C81"
            ]
        ],
        "C73": [
            true,
            [
                "C23"
            ]
        ],
        "C74": [
            false,
            [
                "C66"
            ]
        ],
        "C75": [
            false,
            [
                "C67",
                "C29"
            ]
        ],
        "C76": [
            false,
            [
                "C74",
                "C128"
            ]
        ],
        "C77": [
            false,
            [
                "C93",
                "C78",
                "C106",
                "C112"
            ]
        ],
        "C78": [
            false,
            [
                "C19",
                "C52",
                "C113"
            ]
        ],
        "C79": [
            false,
            [
                "C120"
            ]
        ],
        "C80": [
            true,
            [
                "C23",
                "C0",
                "C104",
                "C102"
            ]
        ],
        "C81": [
            true,
            [
                "C82",
                "C79",
                "C13",
                "C90",
                "C121",
                "C1",
                "C49",
                "C65",
                "C31"
            ]
        ],
        "C82": [
            false,
            [
                "C126"
            ]
        ],
        "C83": [
            false,
            [
                "C22",
                "C118",
                "C7",
                "C99",
                "C26",
                "C52"
            ]
        ],
        "C84": [
            false,
            []
        ],
        "C85": [
            true,
            [
                "C26"
            ]
        ],
        "C86": [
            false,
            [
                "C115",
                "C54"
            ]
        ],
        "C87": [
            false,
            [
                "C56",
                "C23",
                "C22",
                "C116",
                "C41",
                "C7",
                "C62",
                "C81"
            ]
        ],
        "C88": [
            true,
            [
                "C97",
                "C91",
                "C108",
                "C66",
                "C3",
                "C7",
                "C16"
            ]
        ],
        "C89": [
            false,
            [
                "C16",
                "C81",
                "C74",
                "C33",
                "C102",
                "C14",
                "C112",
                "C38",
                "C19"
            ]
        ],
        "C90": [
            false,
            [
                "C107"
            ]
        ],
        "C91": [
            false,
            [
                "C52",
                "C69",
                "C44",
                "C77"
            ]
        ],
        "C92": [
            true,
            [
                "C31"
            ]
        ],
        "C93": [
            false,
            [
                "C121",
                "C81",
                "C74",
                "C101"
            ]
        ],
        "C94": [
            false,
            [
                "C36",
                "C70",
                "C37",
                "C32",
                "C58",
                "C15"
            ]
        ],
        "C95": [
            false,
            [
                "C75",
                "C32",
                "C18",
                "C20",
                "C108",
                "C66"
            ]
        ],
        "C96": [
            false,
            [
                "C14",
                "C57",
                "C89",
                "C25",
                "C86",
                "C38"
            ]
        ],
        "C97": [
            false,
            [
                "C71",
                "C108",
                "C100"
            ]
        ],
        "C98": [
            true,
            [
                "C37",
                "C16",
                "C126",
                "C73",
                "C108"
            ]
        ],
        "C99": [
            false,
            [
                "C83",
                "C48",
                "C59",
                "C25"
            ]
        ],
        "C100": [
            false,
            [
                "C69",
                "C80",
                "C2",
                "C110",
                "C8",
                "C82"
            ]
        ],
        "C101": [
            false,
            [
                "C26",
                "C24",
                "C54",
                "C121"
            ]
        ],
        "C102": [
            false,
            [
                "C57"
            ]
        ],
        "C103": [
            false,
            [
                "C108",
                "C61",
                "C26",
                "C3"
            ]
        ],
        "C104": [
            false,
            [
                "C11",
                "C123",
                "C109",
                "C82",
                "C115",
                "C96",
                "C13"
            ]
        ],
        "C105": [
            false,
            [
                "C58"
            ]
        ],
        "C106": [
            false,
            []
        ],
        "C107": [
            true,
            [
                "C27",
                "C82",
                "C71",
                "C72"
            ]
        ],
        "C108": [
            false,
            [
                "C78",
                "C127",
                "C61",
                "C60",
                "C68",
                "C57",
                "C95"
            ]
        ],
        "C109": [
            false,
            [
                "C120",
                "C63",
                "C110",
                "C122",
                "C8",
                "C24",
                "C128",
                "C92",
                "C39"
            ]
        ],
        "C110": [
            true,
            [
                "C61",
                "C19",
                "C123",
                "C81",
                "C12"
            ]
        ],
        "C111": [
            true,
            [
                "C1",
                "C54",
                "C121",
                "C4"
            ]
        ],
        "C112": [
            false,
            [
                "C29"
            ]
        ],
        "C113": [
            false,
            [
                "C83",
                "C101",
                "C114",
                "C68",
                "C4",
                "C91",
                "C43",
                "C5"
            ]
        ],
        "C114": [
            false,
            [
                "C90",
                "C8",
                "C89",
                "C123",
                "C39"
            ]
        ],
        "C115": [
            false,
            [
                "C17",
                "C68",
                "C114",
                "C39",
                "C99",
                "C101",
                "C12",
                "C52"
            ]
        ],
        "C116": [
            false,
            [
                "C44",
                "C73",
                "C19",
                "C109",
                "C24",
                "C23",
                "C88",
                "C68",
                "C9"
            ]
        ],
        "C117": [
            false,
            [
                "C45",
                "C124",
                "C6",
                "C13",
                "C100",
                "C128"
            ]
        ],
        "C118": [
            false,
            [
                "C22",
                "C31",
                "C38"
            ]
        ],
        "C119": [
            true,
            [
                "C117"
            ]
        ],
        "C120": [
            false,
            [
                "C85",
                "C35",
                "C38",
                "C41",
                "C53",
                "C61",
                "C20",
                "C47",
                "C84"
            ]
        ],
        "C121": [
            false,
            [
                "C124",
                "C127",
                "C35",
                "C88",
                "C0",
                "C54"
            ]
        ],
        "C122": [
            false,
            [
                "C88",
                "C109",
                "C31",
                "C108",
                "C44",
                "C117",
                "C29",
                "C66"
            ]
        ],
        "C123": [
            false,
            [
                "C48"
            ]
        ],
        "C124": [
            false,
            [
                "C44",
                "C127",
                "C126",
                "C48"
            ]
        ],
        "C125": [
            false,
            [
                "C51",
                "C80"
            ]
        ],
        "C126": [
            false,
            [
                "C59",
                "C125",
                "C65",
                "C46",
                "C25",
                "C79",
                "C38"
            ]
        ],
        "C127": [
            false,
            []
        ],
        "C128": [
            false,
            [
                "C64",
                "C47",
                "C8",
                "C112",
                "C61",
                "C123",
                "C66",
                "C28",
                "C94"
            ]
        ]
    },
    "ground_truth_fault_paths": [
        [
            "C92",
            "C47",
            "C1",
            "C51",
            "C7",
            "C88"
        ],
        [
            "C92",
            "C47",
            "C51",
            "C7",
            "C88"
        ],
        [
            "C92",
            "C47",
            "C1",
            "C81",
            "C110"
        ],
        [
            "C92",
            "C47",
            "C1",
            "C9",
            "C46"
        ],
        [
            "C92",
            "C47",
            "C1",
            "C111"
        ],
        [
            "C34",
            "C18",
            "C0",
            "C80"
        ],
        [
            "C92",
            "C47",
            "C64"
        ],
        [
            "C61",
            "C110"
        ],
        [
            "C73",
            "C98"
        ],
        [
            "C16",
            "C98"
        ],
        [
            "C16",
            "C88"
        ],
        [
            "C43"
        ],
        [
            "C45"
        ],
        [
            "C69"
        ],
        [
            "C85"
        ],
        [
            "C107"
        ],
        [
            "C119"
        ]
    ],
    "error_codes": {
        "E0": [
            "FC0",
            [
                "C88",
                "C7",
                "C51",
                "C73",
                "C36"
            ]
        ],
        "E1": [
            "FC1",
            [
                "C88",
                "C92",
                "C84",
                "C34",
                "C57",
                "C0",
                "C93",
                "C91",
                "C125",
                "C126",
                "C101",
                "C75",
                "C46"
            ]
        ],
        "E2": [
            "FC2",
            [
                "C110",
                "C47",
                "C89",
                "C116",
                "C38",
                "C56",
                "C25",
                "C108",
                "C18",
                "C32"
            ]
        ],
        "E3": [
            "FC3",
            [
                "C46",
                "C61",
                "C82"
            ]
        ],
        "E4": [
            "FC4",
            [
                "C111",
                "C18",
                "C61"
            ]
        ],
        "E5": [
            "FC5",
            [
                "C80",
                "C27"
            ]
        ],
        "E6": [
            "FC6",
            [
                "C64",
                "C121"
            ]
        ],
        "E7": [
            "FC7",
            [
                "C110",
                "C48",
                "C95",
                "C11",
                "C45",
                "C66",
                "C103"
            ]
        ],
        "E8": [
            "FC8",
            [
                "C98",
                "C71",
                "C73",
                "C26",
                "C43",
                "C54",
                "C35",
                "C32",
                "C46",
                "C58",
                "C8"
            ]
        ],
        "E9": [
            "FC9",
            [
                "C98",
                "C123",
                "C63",
                "C82",
                "C121",
                "C15",
                "C77",
                "C53",
                "C26",
                "C122"
            ]
        ],
        "E10": [
            "FC10",
            [
                "C88",
                "C90"
            ]
        ],
        "E11": [
            "FC11",
            [
                "C43",
                "C112",
                "C52",
                "C122",
                "C31",
                "C57",
                "C28",
                "C108",
                "C47",
                "C35"
            ]
        ],
        "E12": [
            "FC12",
            [
                "C45",
                "C13",
                "C1",
                "C53",
                "C114",
                "C17",
                "C95",
                "C27"
            ]
        ],
        "E13": [
            "FC13",
            [
                "C69",
                "C59",
                "C19",
                "C114",
                "C77",
                "C63",
                "C0",
                "C50",
                "C113",
                "C71",
                "C112"
            ]
        ],
        "E14": [
            "FC14",
            [
                "C85",
                "C59",
                "C31",
                "C24",
                "C57",
                "C53",
                "C114",
                "C15",
                "C64",
                "C68",
                "C101",
                "C43",
                "C78"
            ]
        ],
        "E15": [
            "FC15",
            [
                "C107",
                "C80",
                "C78",
                "C7",
                "C112",
                "C124",
                "C3"
            ]
        ],
        "E16": [
            "FC16",
            [
                "C119",
                "C82"
            ]
        ]
    },
    "sim_accuracies": {
        "C0": [
            "0.9865508759715074",
            "True"
        ],
        "C1": [
            "0.986728719280981",
            "True"
        ],
        "C2": [
            "0.9628763778954779",
            "False"
        ],
        "C3": [
            "0.9877330379211025",
            "False"
        ],
        "C4": [
            "0.9707513770849014",
            "False"
        ],
        "C5": [
            "0.9841622487319899",
            "False"
        ],
        "C6": [
            "0.986688777286947",
            "False"
        ],
        "C7": [
            "0.9720707880626747",
            "True"
        ],
        "C8": [
            "0.9540447085103798",
            "False"
        ],
        "C9": [
            "0.9549727543530031",
            "True"
        ],
        "C10": [
            "0.9704469567619066",
            "False"
        ],
        "C11": [
            "0.9767099808321613",
            "False"
        ],
        "C12": [
            "0.9824450266895292",
            "False"
        ],
        "C13": [
            "0.9725860299622743",
            "False"
        ],
        "C14": [
            "0.9798412714100903",
            "False"
        ],
        "C15": [
            "0.9706989765144682",
            "False"
        ],
        "C16": [
            "0.9628804490142938",
            "True"
        ],
        "C17": [
            "0.9822388839514494",
            "False"
        ],
        "C18": [
            "0.9554512577441812",
            "True"
        ],
        "C19": [
            "0.9864278920098967",
            "False"
        ],
        "C20": [
            "0.9612132982886298",
            "False"
        ],
        "C21": [
            "0.9692497913812278",
            "False"
        ],
        "C22": [
            "0.9890114547471206",
            "False"
        ],
        "C23": [
            "0.98055065845429",
            "False"
        ],
        "C24": [
            "0.988461150032464",
            "False"
        ],
        "C25": [
            "0.9706178082484983",
            "False"
        ],
        "C26": [
            "0.9794528443676551",
            "False"
        ],
        "C27": [
            "0.9587672723723938",
            "False"
        ],
        "C28": [
            "0.9528060367679905",
            "False"
        ],
        "C29": [
            "0.9648439334112908",
            "False"
        ],
        "C30": [
            "0.9808057800813874",
            "False"
        ],
        "C31": [
            "0.9540125943187258",
            "False"
        ],
        "C32": [
            "0.9853700753598906",
            "False"
        ],
        "C33": [
            "0.9822744226298374",
            "False"
        ],
        "C34": [
            "0.9593943247843876",
            "True"
        ],
        "C35": [
            "0.9797402015427711",
            "False"
        ],
        "C36": [
            "0.9678499277746098",
            "False"
        ],
        "C37": [
            "0.9506454772893564",
            "False"
        ],
        "C38": [
            "0.9664386181283273",
            "False"
        ],
        "C39": [
            "0.9772425245915954",
            "False"
        ],
        "C40": [
            "0.9697367194476288",
            "False"
        ],
        "C41": [
            "0.9757852822214862",
            "False"
        ],
        "C42": [
            "0.9765000440770699",
            "False"
        ],
        "C43": [
            "0.9660635692516459",
            "True"
        ],
        "C44": [
            "0.9806220245079462",
            "False"
        ],
        "C45": [
            "0.9593171188505324",
            "True"
        ],
        "C46": [
            "0.9539947684326978",
            "True"
        ],
        "C47": [
            "0.9815506839713205",
            "True"
        ],
        "C48": [
            "0.9527635209913949",
            "False"
        ],
        "C49": [
            "0.9672299580863004",
            "False"
        ],
        "C50": [
            "0.9537319549914896",
            "False"
        ],
        "C51": [
            "0.9541740944949414",
            "True"
        ],
        "C52": [
            "0.9885219650239595",
            "False"
        ],
        "C53": [
            "0.9632955725005148",
            "False"
        ],
        "C54": [
            "0.9797425303519424",
            "False"
        ],
        "C55": [
            "0.9510224698766977",
            "False"
        ],
        "C56": [
            "0.9597961162001116",
            "False"
        ],
        "C57": [
            "0.9582224654335967",
            "False"
        ],
        "C58": [
            "0.954563556266136",
            "False"
        ],
        "C59": [
            "0.9576125175522666",
            "False"
        ],
        "C60": [
            "0.9774071541598655",
            "False"
        ],
        "C61": [
            "0.9592146323584515",
            "True"
        ],
        "C62": [
            "0.9697157819934991",
            "False"
        ],
        "C63": [
            "0.953086963585773",
            "False"
        ],
        "C64": [
            "0.9686604937936131",
            "True"
        ],
        "C65": [
            "0.9809582808458552",
            "False"
        ],
        "C66": [
            "0.958596374537243",
            "False"
        ],
        "C67": [
            "0.9728894587251617",
            "False"
        ],
        "C68": [
            "0.9760852191481613",
            "False"
        ],
        "C69": [
            "0.9510992623609806",
            "True"
        ],
        "C70": [
            "0.9539009048970789",
            "False"
        ],
        "C71": [
            "0.9715380884947508",
            "False"
        ],
        "C72": [
            "0.9554850551125762",
            "False"
        ],
        "C73": [
            "0.9520337897229659",
            "True"
        ],
        "C74": [
            "0.9505827073117481",
            "False"
        ],
        "C75": [
            "0.9893986162303513",
            "False"
        ],
        "C76": [
            "0.9648427464119672",
            "False"
        ],
        "C77": [
            "0.9551836130157362",
            "False"
        ],
        "C78": [
            "0.9690727207493426",
            "False"
        ],
        "C79": [
            "0.9822580376555027",
            "False"
        ],
        "C80": [
            "0.9656461507625913",
            "True"
        ],
        "C81": [
            "0.9831250188560191",
            "True"
        ],
        "C82": [
            "0.9679506352465672",
            "False"
        ],
        "C83": [
            "0.9777109051640537",
            "False"
        ],
        "C84": [
            "0.9550791529710752",
            "False"
        ],
        "C85": [
            "0.9672639630910398",
            "True"
        ],
        "C86": [
            "0.9608006545697682",
            "False"
        ],
        "C87": [
            "0.9691272712480528",
            "False"
        ],
        "C88": [
            "0.9558972508788662",
            "True"
        ],
        "C89": [
            "0.9851631268231095",
            "False"
        ],
        "C90": [
            "0.9868392992977106",
            "False"
        ],
        "C91": [
            "0.9524247946643146",
            "False"
        ],
        "C92": [
            "0.9669839817121699",
            "True"
        ],
        "C93": [
            "0.9631390058500999",
            "False"
        ],
        "C94": [
            "0.9553760667370359",
            "False"
        ],
        "C95": [
            "0.976422810735078",
            "False"
        ],
        "C96": [
            "0.9509630991027619",
            "False"
        ],
        "C97": [
            "0.978660174575778",
            "False"
        ],
        "C98": [
            "0.9587537328554958",
            "True"
        ],
        "C99": [
            "0.9822827300176602",
            "False"
        ],
        "C100": [
            "0.9876020477536789",
            "False"
        ],
        "C101": [
            "0.9749708672272371",
            "False"
        ],
        "C102": [
            "0.9547858849553422",
            "False"
        ],
        "C103": [
            "0.9509691467328205",
            "False"
        ],
        "C104": [
            "0.9680118516047631",
            "False"
        ],
        "C105": [
            "0.9563562717755214",
            "False"
        ],
        "C106": [
            "0.985895042344343",
            "False"
        ],
        "C107": [
            "0.979130302677812",
            "True"
        ],
        "C108": [
            "0.9748559326963375",
            "False"
        ],
        "C109": [
            "0.9690674372162619",
            "False"
        ],
        "C110": [
            "0.9825081603710153",
            "True"
        ],
        "C111": [
            "0.9887877776042637",
            "True"
        ],
        "C112": [
            "0.9509077614090162",
            "False"
        ],
        "C113": [
            "0.9593661839705039",
            "False"
        ],
        "C114": [
            "0.9778129357025932",
            "False"
        ],
        "C115": [
            "0.9780686912896697",
            "False"
        ],
        "C116": [
            "0.9504469626904705",
            "False"
        ],
        "C117": [
            "0.9891402970365016",
            "False"
        ],
        "C118": [
            "0.9539486421848447",
            "False"
        ],
        "C119": [
            "0.9741796197752742",
            "True"
        ],
        "C120": [
            "0.9820891045897086",
            "False"
        ],
        "C121": [
            "0.9886890115886431",
            "False"
        ],
        "C122": [
            "0.9665764673172256",
            "False"
        ],
        "C123": [
            "0.9843879645468987",
            "False"
        ],
        "C124": [
            "0.987501516918567",
            "False"
        ],
        "C125": [
            "0.9798983577677768",
            "False"
        ],
        "C126": [
            "0.9611071730619172",
            "False"
        ],
        "C127": [
            "0.9674174133916622",
            "False"
        ],
        "C128": [
            "0.9880584781479966",
            "False"
        ]
    }
}