{
    "suspect_components": {
        "C0": [
            true,
            [
                "C103",
                "C118",
                "C122"
            ]
        ],
        "C1": [
            false,
            [
                "C40",
                "C76"
            ]
        ],
        "C2": [
            false,
            [
                "C59",
                "C3",
                "C101"
            ]
        ],
        "C3": [
            false,
            [
                "C80",
                "C78",
                "C40",
                "C42",
                "C57",
                "C24",
                "C5",
                "C22",
                "C44"
            ]
        ],
        "C4": [
            false,
            [
                "C16",
                "C32",
                "C56",
                "C121",
                "C112"
            ]
        ],
        "C5": [
            false,
            [
                "C15",
                "C8",
                "C53",
                "C40",
                "C45",
                "C71",
                "C42",
                "C118",
                "C54"
            ]
        ],
        "C6": [
            false,
            [
                "C101"
            ]
        ],
        "C7": [
            false,
            [
                "C60",
                "C36",
                "C71",
                "C21",
                "C128",
                "C4"
            ]
        ],
        "C8": [
            false,
            [
                "C22",
                "C70",
                "C123",
                "C79",
                "C16",
                "C91",
                "C35",
                "C60"
            ]
        ],
        "C9": [
            true,
            [
                "C39",
                "C128",
                "C1",
                "C50",
                "C18"
            ]
        ],
        "C10": [
            false,
            [
                "C65",
                "C52"
            ]
        ],
        "C11": [
            true,
            [
                "C120",
                "C14",
                "C20",
                "C114",
                "C101",
                "C52",
                "C28",
                "C73"
            ]
        ],
        "C12": [
            false,
            []
        ],
        "C13": [
            true,
            [
                "C118",
                "C64"
            ]
        ],
        "C14": [
            false,
            [
                "C20",
                "C37",
                "C48",
                "C54",
                "C123",
                "C43",
                "C114",
                "C76",
                "C90"
            ]
        ],
        "C15": [
            true,
            [
                "C58",
                "C89",
                "C88",
                "C4",
                "C110",
                "C37",
                "C76",
                "C33",
                "C9"
            ]
        ],
        "C16": [
            false,
            [
                "C125",
                "C105",
                "C53",
                "C59"
            ]
        ],
        "C17": [
            false,
            []
        ],
        "C18": [
            false,
            [
                "C43"
            ]
        ],
        "C19": [
            false,
            []
        ],
        "C20": [
            false,
            [
                "C31",
                "C71",
                "C67",
                "C33",
                "C119"
            ]
        ],
        "C21": [
            false,
            [
                "C95",
                "C113",
                "C18",
                "C7",
                "C30",
                "C32",
                "C115"
            ]
        ],
        "C22": [
            true,
            [
                "C122",
                "C105",
                "C67"
            ]
        ],
        "C23": [
            true,
            [
                "C30",
                "C102",
                "C124",
                "C94",
                "C4"
            ]
        ],
        "C24": [
            false,
            [
                "C29",
                "C0",
                "C113",
                "C12",
                "C21"
            ]
        ],
        "C25": [
            false,
            [
                "C20",
                "C95",
                "C7"
            ]
        ],
        "C26": [
            false,
            [
                "C8",
                "C108",
                "C41",
                "C115",
                "C43",
                "C121",
                "C76",
                "C18"
            ]
        ],
        "C27": [
            false,
            [
                "C123",
                "C38"
            ]
        ],
        "C28": [
            false,
            [
                "C43",
                "C49"
            ]
        ],
        "C29": [
            false,
            [
                "C46",
                "C58",
                "C42",
                "C36"
            ]
        ],
        "C30": [
            true,
            [
                "C9",
                "C117",
                "C14"
            ]
        ],
        "C31": [
            false,
            [
                "C46"
            ]
        ],
        "C32": [
            false,
            [
                "C34",
                "C26",
                "C60",
                "C51",
                "C68",
                "C49"
            ]
        ],
        "C33": [
            false,
            [
                "C64",
                "C57",
                "C106",
                "C37",
                "C34",
                "C50",
                "C47"
            ]
        ],
        "C34": [
            false,
            [
                "C14",
                "C4",
                "C98",
                "C108",
                "C36",
                "C70",
                "C48"
            ]
        ],
        "C35": [
            false,
            [
                "C123",
                "C43",
                "C67",
                "C34",
                "C46",
                "C112",
                "C48",
                "C75",
                "C108"
            ]
        ],
        "C36": [
            true,
            [
                "C10",
                "C121"
            ]
        ],
        "C37": [
            true,
            [
                "C39",
                "C42",
                "C112",
                "C122",
                "C87"
            ]
        ],
        "C38": [
            true,
            [
                "C115",
                "C31",
                "C72",
                "C59",
                "C101",
                "C86",
                "C63",
                "C50"
            ]
        ],
        "C39": [
            false,
            [
                "C118",
                "C120",
                "C13",
                "C51"
            ]
        ],
        "C40": [
            true,
            [
                "C75",
                "C12"
            ]
        ],
        "C41": [
            false,
            [
                "C74",
                "C110",
                "C92",
                "C87"
            ]
        ],
        "C42": [
            false,
            [
                "C79",
                "C61",
                "C99",
                "C122",
                "C33",
                "C15",
                "C75",
                "C91",
                "C103"
            ]
        ],
        "C43": [
            false,
            [
                "C38"
            ]
        ],
        "C44": [
            false,
            [
                "C5"
            ]
        ],
        "C45": [
            true,
            [
                "C85",
                "C122",
                "C16",
                "C39",
                "C108",
                "C109",
                "C30"
            ]
        ],
        "C46": [
            false,
            [
                "C15",
                "C22",
                "C57",
                "C107",
                "C60",
                "C88",
                "C7"
            ]
        ],
        "C47": [
            false,
            []
        ],
        "C48": [
            true,
            [
                "C110",
                "C91",
                "C40",
                "C114"
            ]
        ],
        "C49": [
            false,
            [
                "C44",
                "C5",
                "C118",
                "C80",
                "C59",
                "C90",
                "C69",
                "C43"
            ]
        ],
        "C50": [
            false,
            [
                "C18",
                "C97",
                "C32",
                "C16",
                "C58",
                "C90",
                "C24"
            ]
        ],
        "C51": [
            false,
            [
                "C110",
                "C50",
                "C28",
                "C67",
                "C58",
                "C73"
            ]
        ],
        "C52": [
            false,
            [
                "C49"
            ]
        ],
        "C53": [
            false,
            [
                "C94",
                "C123",
                "C12",
                "C26"
            ]
        ],
        "C54": [
            false,
            [
                "C121",
                "C80",
                "C55",
                "C74",
                "C53",
                "C56",
                "C72"
            ]
        ],
        "C55": [
            false,
            [
                "C71",
                "C81",
                "C92",
                "C57",
                "C6",
                "C94",
                "C36"
            ]
        ],
        "C56": [
            false,
            [
                "C106",
                "C26",
                "C61",
                "C0",
                "C15",
                "C95",
                "C104"
            ]
        ],
        "C57": [
            false,
            [
                "C66",
                "C115",
                "C70"
            ]
        ],
        "C58": [
            true,
            [
                "C39",
                "C128",
                "C35"
            ]
        ],
        "C59": [
            false,
            [
                "C120",
                "C93",
                "C77",
                "C90",
                "C88"
            ]
        ],
        "C60": [
            false,
            [
                "C4",
                "C79",
                "C27",
                "C80",
                "C124"
            ]
        ],
        "C61": [
            false,
            [
                "C7",
                "C71",
                "C13",
                "C97",
                "C10",
                "C102",
                "C119",
                "C45",
                "C66"
            ]
        ],
        "C62": [
            false,
            [
                "C58",
                "C32",
                "C49",
                "C22",
                "C34",
                "C1",
                "C84",
                "C13",
                "C76"
            ]
        ],
        "C63": [
            false,
            [
                "C75",
                "C11",
                "C0",
                "C66",
                "C50",
                "C67"
            ]
        ],
        "C64": [
            true,
            [
                "C68",
                "C125",
                "C124",
                "C38",
                "C107",
                "C108",
                "C39"
            ]
        ],
        "C65": [
            true,
            [
                "C82",
                "C49",
                "C18",
                "C75"
            ]
        ],
        "C66": [
            false,
            []
        ],
        "C67": [
            false,
            [
                "C29",
                "C113",
                "C28",
                "C69",
                "C123",
                "C44",
                "C112",
                "C8",
                "C60"
            ]
        ],
        "C68": [
            true,
            [
                "C50",
                "C92",
                "C62",
                "C82",
                "C51",
                "C58",
                "C104",
                "C35",
                "C38"
            ]
        ],
        "C69": [
            false,
            [
                "C110",
                "C125",
                "C119",
                "C83",
                "C13",
                "C111",
                "C50",
                "C122",
                "C55"
            ]
        ],
        "C70": [
            false,
            [
                "C87",
                "C94"
            ]
        ],
        "C71": [
            true,
            [
                "C11",
                "C65",
                "C28",
                "C78"
            ]
        ],
        "C72": [
            false,
            [
                "C102",
                "C40",
                "C51",
                "C19",
                "C50"
            ]
        ],
        "C73": [
            false,
            [
                "C99",
                "C126",
                "C113",
                "C78",
                "C62",
                "C65",
                "C26",
                "C68",
                "C96"
            ]
        ],
        "C74": [
            false,
            [
                "C18",
                "C127",
                "C2",
                "C17",
                "C111",
                "C76",
                "C82"
            ]
        ],
        "C75": [
            false,
            [
                "C123",
                "C53"
            ]
        ],
        "C76": [
            false,
            [
                "C36",
                "C3",
                "C17",
                "C57",
                "C53"
            ]
        ],
        "C77": [
            false,
            [
                "C58",
                "C98",
                "C76",
                "C73"
            ]
        ],
        "C78": [
            false,
            [
                "C73",
                "C65",
                "C93",
                "C13",
                "C1"
            ]
        ],
        "C79": [
            false,
            [
                "C7",
                "C27",
                "C114",
                "C115"
            ]
        ],
        "C80": [
            false,
            [
                "C117",
                "C95",
                "C35",
                "C8",
                "C1",
                "C59"
            ]
        ],
        "C81": [
            false,
            [
                "C67",
                "C16",
                "C28",
                "C80"
            ]
        ],
        "C82": [
            false,
            [
                "C41",
                "C103"
            ]
        ],
        "C83": [
            false,
            [
                "C78",
                "C12",
                "C64",
                "C24"
            ]
        ],
        "C84": [
            false,
            []
        ],
        "C85": [
            false,
            [
                "C96",
                "C120",
                "C39",
                "C73",
                "C7",
                "C55",
                "C4",
                "C64"
            ]
        ],
        "C86": [
            true,
            [
                "C92",
                "C127",
                "C113",
                "C75",
                "C110",
                "C128"
            ]
        ],
        "C87": [
            false,
            [
                "C21",
                "C61",
                "C37",
                "C111",
                "C48"
            ]
        ],
        "C88": [
            false,
            [
                "C117",
                "C55"
            ]
        ],
        "C89": [
            false,
            [
                "C28"
            ]
        ],
        "C90": [
            false,
            [
                "C40",
                "C60"
            ]
        ],
        "C91": [
            false,
            [
                "C1",
                "C70",
                "C28",
                "C104",
                "C52",
                "C116",
                "C105",
                "C113"
            ]
        ],
        "C92": [
            false,
            []
        ],
        "C93": [
            false,
            [
                "C110",
                "C59",
                "C42",
                "C91",
                "C100",
                "C127",
                "C84",
                "C68"
            ]
        ],
        "C94": [
            false,
            [
                "C56",
                "C31",
                "C125",
                "C72",
                "C63",
                "C98",
                "C39",
                "C127",
                "C25"
            ]
        ],
        "C95": [
            false,
            [
                "C30",
                "C125",
                "C44",
                "C37"
            ]
        ],
        "C96": [
            false,
            [
                "C61",
                "C4"
            ]
        ],
        "C97": [
            false,
            [
                "C107",
                "C117",
                "C37",
                "C128"
            ]
        ],
        "C98": [
            false,
            [
                "C53",
                "C123",
                "C63",
                "C27",
                "C76"
            ]
        ],
        "C99": [
            true,
            [
                "C102",
                "C45",
                "C61",
                "C75",
                "C2",
                "C40",
                "C19",
                "C97",
                "C65"
            ]
        ],
        "C100": [
            false,
            [
                "C108",
                "C115",
                "C25",
                "C63",
                "C70",
                "C38"
            ]
        ],
        "C101": [
            false,
            [
                "C106",
                "C32",
                "C77",
                "C33",
                "C46",
                "C47",
                "C65",
                "C57",
                "C41"
            ]
        ],
        "C102": [
            true,
            [
                "C27",
                "C19",
                "C81",
                "C32",
                "C53",
                "C88",
                "C125"
            ]
        ],
        "C103": [
            false,
            [
                "C18",
                "C72",
                "C28",
                "C15",
                "C46",
                "C9",
                "C94",
                "C3"
            ]
        ],
        "C104": [
            false,
            [
                "C33",
                "C126",
                "C17",
                "C71",
                "C3"
            ]
        ],
        "C105": [
            false,
            [
                "C29",
                "C14",
                "C89",
                "C103"
            ]
        ],
        "C106": [
            false,
            [
                "C128",
                "C4",
                "C75"
            ]
        ],
        "C107": [
            false,
            []
        ],
        "C108": [
            false,
            []
        ],
        "C109": [
            false,
            [
                "C93",
                "C46",
                "C95",
                "C38"
            ]
        ],
        "C110": [
            false,
            [
                "C80",
                "C71",
                "C99",
                "C14",
                "C103",
                "C125"
            ]
        ],
        "C111": [
            false,
            [
                "C45",
                "C104",
                "C128",
                "C59",
                "C63",
                "C75",
                "C95",
                "C2",
                "C110"
            ]
        ],
        "C112": [
            false,
            [
                "C105",
                "C61",
                "C0",
                "C80",
                "C102",
                "C121",
                "C92",
                "C82",
                "C13"
            ]
        ],
        "C113": [
            false,
            [
                "C102",
                "C77",
                "C124"
            ]
        ],
        "C114": [
            false,
            [
                "C29",
                "C58",
                "C59",
                "C3",
                "C1",
                "C122",
                "C76",
                "C111"
            ]
        ],
        "C115": [
            false,
            [
                "C103",
                "C26"
            ]
        ],
        "C116": [
            false,
            [
                "C14"
            ]
        ],
        "C117": [
            false,
            [
                "C1",
                "C106",
                "C54",
                "C93",
                "C128"
            ]
        ],
        "C118": [
            false,
            [
                "C126",
                "C98",
                "C101",
                "C49",
                "C27",
                "C111",
                "C18"
            ]
        ],
        "C119": [
            true,
            [
                "C111",
                "C64",
                "C13",
                "C95",
                "C63",
                "C125",
                "C107",
                "C113",
                "C8"
            ]
        ],
        "C120": [
            true,
            [
                "C21",
                "C81",
                "C29",
                "C2"
            ]
        ],
        "C121": [
            true,
            [
                "C22",
                "C45",
                "C85",
                "C36",
                "C15",
                "C103"
            ]
        ],
        "C122": [
            false,
            []
        ],
        "C123": [
            false,
            [
                "C114",
                "C57",
                "C69",
                "C31",
                "C45"
            ]
        ],
        "C124": [
            false,
            [
                "C75"
            ]
        ],
        "C125": [
            false,
            [
                "C81",
                "C22",
                "C69",
                "C86",
                "C83",
                "C102",
                "C11",
                "C88"
            ]
        ],
        "C126": [
            false,
            [
                "C8",
                "C122",
                "C61",
                "C119",
                "C112",
                "C21"
            ]
        ],
        "C127": [
            false,
            [
                "C46"
            ]
        ],
        "C128": [
            true,
            [
                "C41",
                "C7",
                "C81",
                "C31"
            ]
        ]
    },
    "ground_truth_fault_paths": [
        [
            "C128",
            "C86",
            "C38",
            "C68",
            "C64",
            "C13",
            "C119"
        ],
        [
            "C128",
            "C86",
            "C38",
            "C68",
            "C64",
            "C119"
        ],
        [
            "C128",
            "C86",
            "C38",
            "C64",
            "C13",
            "C119"
        ],
        [
            "C128",
            "C58",
            "C68",
            "C64",
            "C13",
            "C119"
        ],
        [
            "C128",
            "C9",
            "C30",
            "C45",
            "C121",
            "C36"
        ],
        [
            "C128",
            "C86",
            "C38",
            "C64",
            "C119"
        ],
        [
            "C128",
            "C58",
            "C68",
            "C64",
            "C119"
        ],
        [
            "C128",
            "C58",
            "C15",
            "C121",
            "C36"
        ],
        [
            "C128",
            "C9",
            "C30",
            "C45",
            "C99"
        ],
        [
            "C128",
            "C9",
            "C15",
            "C121",
            "C36"
        ],
        [
            "C128",
            "C9",
            "C30",
            "C23"
        ],
        [
            "C37",
            "C15",
            "C121",
            "C36"
        ],
        [
            "C22",
            "C121",
            "C36"
        ],
        [
            "C120",
            "C11",
            "C71"
        ],
        [
            "C36",
            "C121"
        ],
        [
            "C65",
            "C99"
        ],
        [
            "C65",
            "C71"
        ],
        [
            "C40",
            "C99"
        ],
        [
            "C40",
            "C48"
        ],
        [
            "C102",
            "C99"
        ],
        [
            "C102",
            "C23"
        ],
        [
            "C0"
        ]
    ],
    "error_codes": {
        "E0": [
            "FC0",
            [
                "C119",
                "C60",
                "C41",
                "C35",
                "C2",
                "C102",
                "C28"
            ]
        ],
        "E1": [
            "FC1",
            [
                "C119",
                "C38",
                "C128",
                "C59",
                "C121",
                "C26",
                "C73",
                "C65",
                "C47",
                "C29",
                "C5"
            ]
        ],
        "E2": [
            "FC2",
            [
                "C119",
                "C43"
            ]
        ],
        "E3": [
            "FC3",
            [
                "C119",
                "C14",
                "C33",
                "C128",
                "C63",
                "C66",
                "C107",
                "C48",
                "C95",
                "C81",
                "C113",
                "C126",
                "C80"
            ]
        ],
        "E4": [
            "FC4",
            [
                "C36",
                "C9",
                "C116",
                "C45",
                "C81",
                "C74",
                "C16",
                "C42",
                "C82",
                "C44",
                "C24",
                "C20",
                "C30"
            ]
        ],
        "E5": [
            "FC5",
            [
                "C119",
                "C64",
                "C48",
                "C101",
                "C102",
                "C94",
                "C69",
                "C0",
                "C8",
                "C10",
                "C71",
                "C50",
                "C84",
                "C46"
            ]
        ],
        "E6": [
            "FC6",
            [
                "C119",
                "C68",
                "C110",
                "C7"
            ]
        ],
        "E7": [
            "FC7",
            [
                "C36",
                "C58",
                "C10",
                "C11",
                "C0",
                "C92",
                "C70",
                "C23",
                "C62",
                "C105",
                "C88",
                "C107"
            ]
        ],
        "E8": [
            "FC8",
            [
                "C99",
                "C45",
                "C104",
                "C101",
                "C61",
                "C50",
                "C11",
                "C2"
            ]
        ],
        "E9": [
            "FC9",
            [
                "C36",
                "C65",
                "C54",
                "C119",
                "C53",
                "C26",
                "C100"
            ]
        ],
        "E10": [
            "FC10",
            [
                "C23",
                "C30",
                "C79",
                "C101"
            ]
        ],
        "E11": [
            "FC11",
            [
                "C36",
                "C37",
                "C101",
                "C47",
                "C80",
                "C18",
                "C8",
                "C68",
                "C44",
                "C13",
                "C116",
                "C73",
                "C89",
                "C77"
            ]
        ],
        "E12": [
            "FC12",
            [
                "C36",
                "C102",
                "C103",
                "C45",
                "C108",
                "C75",
                "C122",
                "C51"
            ]
        ],
        "E13": [
            "FC13",
            [
                "C71",
                "C1",
                "C26",
                "C47",
                "C53",
                "C16",
                "C93",
                "C101",
                "C99",
                "C41",
                "C121",
                "C87"
            ]
        ],
        "E14": [
            "FC14",
            [
                "C121",
                "C52",
                "C99",
                "C5",
                "C104",
                "C71",
                "C100"
            ]
        ],
        "E15": [
            "FC15",
            [
                "C99",
                "C35",
                "C30",
                "C123",
                "C110",
                "C89",
                "C102",
                "C6",
                "C28",
                "C43",
                "C21",
                "C55"
            ]
        ],
        "E16": [
            "FC16",
            [
                "C71",
                "C127",
                "C121",
                "C44",
                "C126"
            ]
        ],
        "E17": [
            "FC17",
            [
                "C99",
                "C67"
            ]
        ],
        "E18": [
            "FC18",
            [
                "C48",
                "C97",
                "C78"
            ]
        ],
        "E19": [
            "FC19",
            [
                "C99",
                "C101"
            ]
        ],
        "E20": [
            "FC20",
            [
                "C23",
                "C18",
                "C93",
                "C123",
                "C48",
                "C108",
                "C60",
                "C91",
                "C105",
                "C20",
                "C10",
                "C110"
            ]
        ],
        "E21": [
            "FC21",
            [
                "C0",
                "C48",
                "C98",
                "C3"
            ]
        ]
    },
    "sim_accuracies": {
        "C0": [
            "0.9513616792541968",
            "True"
        ],
        "C1": [
            "0.9823519963972678",
            "False"
        ],
        "C2": [
            "0.9544923749890148",
            "False"
        ],
        "C3": [
            "0.9671169824911343",
            "False"
        ],
        "C4": [
            "0.9809244471820571",
            "False"
        ],
        "C5": [
            "0.9887943031553224",
            "False"
        ],
        "C6": [
            "0.9588331151290366",
            "False"
        ],
        "C7": [
            "0.9603789737665468",
            "False"
        ],
        "C8": [
            "0.9535328990160268",
            "False"
        ],
        "C9": [
            "0.9850882756415915",
            "True"
        ],
        "C10": [
            "0.9826743981945261",
            "False"
        ],
        "C11": [
            "0.9758417200650426",
            "True"
        ],
        "C12": [
            "0.9686648912334092",
            "False"
        ],
        "C13": [
            "0.980136772287661",
            "True"
        ],
        "C14": [
            "0.9734542066297697",
            "False"
        ],
        "C15": [
            "0.9671417522796645",
            "True"
        ],
        "C16": [
            "0.9895042278300755",
            "False"
        ],
        "C17": [
            "0.9792997631893259",
            "False"
        ],
        "C18": [
            "0.9670339635797763",
            "False"
        ],
        "C19": [
            "0.9898817020833752",
            "False"
        ],
        "C20": [
            "0.9605582115177435",
            "False"
        ],
        "C21": [
            "0.9675736241287901",
            "False"
        ],
        "C22": [
            "0.9719120887421846",
            "True"
        ],
        "C23": [
            "0.976317628871107",
            "True"
        ],
        "C24": [
            "0.987285537131128",
            "False"
        ],
        "C25": [
            "0.9752802555037893",
            "False"
        ],
        "C26": [
            "0.95767484782944",
            "False"
        ],
        "C27": [
            "0.9598505103872054",
            "False"
        ],
        "C28": [
            "0.9631383748841347",
            "False"
        ],
        "C29": [
            "0.9523779360683768",
            "False"
        ],
        "C30": [
            "0.975486470120764",
            "True"
        ],
        "C31": [
            "0.9693076344165181",
            "False"
        ],
        "C32": [
            "0.9568131951743029",
            "False"
        ],
        "C33": [
            "0.9608704662005761",
            "False"
        ],
        "C34": [
            "0.9567705488239762",
            "False"
        ],
        "C35": [
            "0.9772441501760114",
            "False"
        ],
        "C36": [
            "0.9532780871316017",
            "True"
        ],
        "C37": [
            "0.9529737231429766",
            "True"
        ],
        "C38": [
            "0.9896636579025267",
            "True"
        ],
        "C39": [
            "0.9886690511759364",
            "False"
        ],
        "C40": [
            "0.9750425454536815",
            "True"
        ],
        "C41": [
            "0.970703298288992",
            "False"
        ],
        "C42": [
            "0.9854171705599283",
            "False"
        ],
        "C43": [
            "0.9810210401296302",
            "False"
        ],
        "C44": [
            "0.983154554008082",
            "False"
        ],
        "C45": [
            "0.9870211593659117",
            "True"
        ],
        "C46": [
            "0.9510212962395751",
            "False"
        ],
        "C47": [
            "0.9593417851871832",
            "False"
        ],
        "C48": [
            "0.968323259936473",
            "True"
        ],
        "C49": [
            "0.9788077631922789",
            "False"
        ],
        "C50": [
            "0.9787393249980325",
            "False"
        ],
        "C51": [
            "0.9632952019147198",
            "False"
        ],
        "C52": [
            "0.9578611376180605",
            "False"
        ],
        "C53": [
            "0.9794675275642891",
            "False"
        ],
        "C54": [
            "0.9841692466440568",
            "False"
        ],
        "C55": [
            "0.9700731015185389",
            "False"
        ],
        "C56": [
            "0.9891782127176536",
            "False"
        ],
        "C57": [
            "0.9538265436716558",
            "False"
        ],
        "C58": [
            "0.958049978109641",
            "True"
        ],
        "C59": [
            "0.9875008037169738",
            "False"
        ],
        "C60": [
            "0.9752663526045849",
            "False"
        ],
        "C61": [
            "0.9775601823725425",
            "False"
        ],
        "C62": [
            "0.9810221097453268",
            "False"
        ],
        "C63": [
            "0.9727000211080815",
            "False"
        ],
        "C64": [
            "0.9864078627095308",
            "True"
        ],
        "C65": [
            "0.9762275884916124",
            "True"
        ],
        "C66": [
            "0.9752537524955659",
            "False"
        ],
        "C67": [
            "0.958425556635088",
            "False"
        ],
        "C68": [
            "0.96150737274437",
            "True"
        ],
        "C69": [
            "0.9802032713216725",
            "False"
        ],
        "C70": [
            "0.9638648051445194",
            "False"
        ],
        "C71": [
            "0.9561100056028347",
            "True"
        ],
        "C72": [
            "0.9858352026019855",
            "False"
        ],
        "C73": [
            "0.9895146847880019",
            "False"
        ],
        "C74": [
            "0.9820226632051656",
            "False"
        ],
        "C75": [
            "0.9673678612513942",
            "False"
        ],
        "C76": [
            "0.9779683857676997",
            "False"
        ],
        "C77": [
            "0.9791707647819055",
            "False"
        ],
        "C78": [
            "0.9502082141884073",
            "False"
        ],
        "C79": [
            "0.980621368003187",
            "False"
        ],
        "C80": [
            "0.9842226805502032",
            "False"
        ],
        "C81": [
            "0.9685864005320891",
            "False"
        ],
        "C82": [
            "0.961114225271065",
            "False"
        ],
        "C83": [
            "0.9539064205543352",
            "False"
        ],
        "C84": [
            "0.9562878706670921",
            "False"
        ],
        "C85": [
            "0.9574212036214149",
            "False"
        ],
        "C86": [
            "0.9750990245579054",
            "True"
        ],
        "C87": [
            "0.9684706717549703",
            "False"
        ],
        "C88": [
            "0.9533908056845796",
            "False"
        ],
        "C89": [
            "0.9879001702614094",
            "False"
        ],
        "C90": [
            "0.9883629237703815",
            "False"
        ],
        "C91": [
            "0.9845120257304901",
            "False"
        ],
        "C92": [
            "0.9636616580075913",
            "False"
        ],
        "C93": [
            "0.9830019710222211",
            "False"
        ],
        "C94": [
            "0.9548080851957774",
            "False"
        ],
        "C95": [
            "0.9678335319816457",
            "False"
        ],
        "C96": [
            "0.9828949291133572",
            "False"
        ],
        "C97": [
            "0.9764403567247004",
            "False"
        ],
        "C98": [
            "0.9868667760744593",
            "False"
        ],
        "C99": [
            "0.9759198419291252",
            "True"
        ],
        "C100": [
            "0.9614553325972666",
            "False"
        ],
        "C101": [
            "0.9620353418713042",
            "False"
        ],
        "C102": [
            "0.9736604209409603",
            "True"
        ],
        "C103": [
            "0.9691298923666596",
            "False"
        ],
        "C104": [
            "0.9812114417888693",
            "False"
        ],
        "C105": [
            "0.9705948535020388",
            "False"
        ],
        "C106": [
            "0.966298422847483",
            "False"
        ],
        "C107": [
            "0.9742950295237183",
            "False"
        ],
        "C108": [
            "0.9703576095690459",
            "False"
        ],
        "C109": [
            "0.9502222424481676",
            "False"
        ],
        "C110": [
            "0.9871021325400204",
            "False"
        ],
        "C111": [
            "0.9558003103620165",
            "False"
        ],
        "C112": [
            "0.9663070209543907",
            "False"
        ],
        "C113": [
            "0.9835738756931278",
            "False"
        ],
        "C114": [
            "0.9724726077124005",
            "False"
        ],
        "C115": [
            "0.9538304171820795",
            "False"
        ],
        "C116": [
            "0.9719472552882993",
            "False"
        ],
        "C117": [
            "0.9684210711944313",
            "False"
        ],
        "C118": [
            "0.989209064248564",
            "False"
        ],
        "C119": [
            "0.988221312884039",
            "True"
        ],
        "C120": [
            "0.973514188033381",
            "True"
        ],
        "C121": [
            "0.9783824768156267",
            "True"
        ],
        "C122": [
            "0.9656092975098534",
            "False"
        ],
        "C123": [
            "0.9629831027503015",
            "False"
        ],
        "C124": [
            "0.9899023753113956",
            "False"
        ],
        "C125": [
            "0.9809822839727078",
            "False"
        ],
        "C126": [
            "0.9619237221463941",
            "False"
        ],
        "C127": [
            "0.9639062257898074",
            "False"
        ],
        "C128": [
            "0.9711949168394808",
            "True"
        ]
    }
}