{
    "suspect_components": {
        "C0": [
            false,
            [
                "C32",
                "C8",
                "C96"
            ]
        ],
        "C1": [
            true,
            [
                "C58",
                "C19",
                "C121",
                "C119",
                "C29",
                "C33"
            ]
        ],
        "C2": [
            true,
            [
                "C12",
                "C76"
            ]
        ],
        "C3": [
            false,
            [
                "C32",
                "C71",
                "C30",
                "C97"
            ]
        ],
        "C4": [
            false,
            [
                "C11",
                "C124",
                "C43",
                "C90",
                "C86",
                "C49"
            ]
        ],
        "C5": [
            false,
            [
                "C84",
                "C125",
                "C88",
                "C101"
            ]
        ],
        "C6": [
            true,
            [
                "C57",
                "C75",
                "C46",
                "C36",
                "C114",
                "C122",
                "C51",
                "C66"
            ]
        ],
        "C7": [
            false,
            [
                "C64",
                "C58",
                "C51",
                "C55",
                "C49",
                "C103",
                "C37",
                "C68"
            ]
        ],
        "C8": [
            false,
            [
                "C13",
                "C1",
                "C5",
                "C25",
                "C7",
                "C52",
                "C121",
                "C104"
            ]
        ],
        "C9": [
            false,
            [
                "C79"
            ]
        ],
        "C10": [
            false,
            [
                "C48",
                "C53",
                "C46",
                "C32",
                "C15",
                "C102",
                "C51"
            ]
        ],
        "C11": [
            false,
            [
                "C95",
                "C57",
                "C71"
            ]
        ],
        "C12": [
            false,
            [
                "C1"
            ]
        ],
        "C13": [
            false,
            [
                "C66",
                "C91",
                "C89"
            ]
        ],
        "C14": [
            false,
            [
                "C27",
                "C67",
                "C86",
                "C52",
                "C124"
            ]
        ],
        "C15": [
            false,
            [
                "C13",
                "C7",
                "C44"
            ]
        ],
        "C16": [
            false,
            [
                "C0",
                "C13"
            ]
        ],
        "C17": [
            false,
            [
                "C112",
                "C62",
                "C122",
                "C110",
                "C83",
                "C95",
                "C94"
            ]
        ],
        "C18": [
            false,
            []
        ],
        "C19": [
            false,
            [
                "C78",
                "C100",
                "C47",
                "C44"
            ]
        ],
        "C20": [
            false,
            []
        ],
        "C21": [
            false,
            [
                "C102",
                "C85",
                "C121"
            ]
        ],
        "C22": [
            false,
            [
                "C62",
                "C11",
                "C45",
                "C26",
                "C47"
            ]
        ],
        "C23": [
            false,
            []
        ],
        "C24": [
            false,
            [
                "C13",
                "C41"
            ]
        ],
        "C25": [
            false,
            [
                "C58"
            ]
        ],
        "C26": [
            false,
            [
                "C103",
                "C70"
            ]
        ],
        "C27": [
            false,
            []
        ],
        "C28": [
            false,
            [
                "C27"
            ]
        ],
        "C29": [
            false,
            [
                "C106",
                "C35",
                "C38",
                "C113",
                "C61",
                "C15"
            ]
        ],
        "C30": [
            true,
            [
                "C23",
                "C91",
                "C83",
                "C90",
                "C8",
                "C119",
                "C108",
                "C24"
            ]
        ],
        "C31": [
            false,
            [
                "C12",
                "C83",
                "C92"
            ]
        ],
        "C32": [
            true,
            []
        ],
        "C33": [
            false,
            []
        ],
        "C34": [
            false,
            [
                "C114"
            ]
        ],
        "C35": [
            false,
            [
                "C43",
                "C8",
                "C11",
                "C118",
                "C40",
                "C117"
            ]
        ],
        "C36": [
            false,
            [
                "C0",
                "C3",
                "C92",
                "C87",
                "C73",
                "C105",
                "C50",
                "C9"
            ]
        ],
        "C37": [
            false,
            [
                "C109",
                "C78",
                "C111",
                "C96",
                "C47",
                "C73",
                "C48",
                "C70"
            ]
        ],
        "C38": [
            true,
            [
                "C60"
            ]
        ],
        "C39": [
            false,
            [
                "C37",
                "C85",
                "C91",
                "C74"
            ]
        ],
        "C40": [
            false,
            [
                "C90",
                "C94",
                "C45",
                "C39",
                "C23",
                "C110",
                "C125",
                "C34",
                "C33"
            ]
        ],
        "C41": [
            false,
            [
                "C77",
                "C7",
                "C45"
            ]
        ],
        "C42": [
            false,
            [
                "C117",
                "C92",
                "C48",
                "C108",
                "C61",
                "C116",
                "C80",
                "C83"
            ]
        ],
        "C43": [
            false,
            [
                "C34",
                "C69",
                "C97"
            ]
        ],
        "C44": [
            false,
            [
                "C102",
                "C126",
                "C97",
                "C18",
                "C55",
                "C104"
            ]
        ],
        "C45": [
            false,
            [
                "C117"
            ]
        ],
        "C46": [
            false,
            [
                "C104",
                "C86",
                "C65"
            ]
        ],
        "C47": [
            false,
            []
        ],
        "C48": [
            false,
            [
                "C82",
                "C110",
                "C117"
            ]
        ],
        "C49": [
            false,
            [
                "C34",
                "C19",
                "C35",
                "C51"
            ]
        ],
        "C50": [
            false,
            []
        ],
        "C51": [
            false,
            [
                "C50",
                "C22",
                "C20",
                "C59"
            ]
        ],
        "C52": [
            false,
            []
        ],
        "C53": [
            true,
            [
                "C37"
            ]
        ],
        "C54": [
            false,
            [
                "C91"
            ]
        ],
        "C55": [
            true,
            [
                "C11",
                "C9",
                "C29",
                "C121",
                "C41"
            ]
        ],
        "C56": [
            false,
            [
                "C83",
                "C109"
            ]
        ],
        "C57": [
            false,
            [
                "C69",
                "C19",
                "C122",
                "C67",
                "C38",
                "C70"
            ]
        ],
        "C58": [
            false,
            [
                "C8",
                "C97",
                "C71",
                "C11",
                "C100",
                "C83",
                "C2",
                "C98"
            ]
        ],
        "C59": [
            false,
            [
                "C68",
                "C60",
                "C76",
                "C92",
                "C123",
                "C90",
                "C42",
                "C61",
                "C38"
            ]
        ],
        "C60": [
            true,
            [
                "C120",
                "C17",
                "C23",
                "C69"
            ]
        ],
        "C61": [
            false,
            [
                "C32",
                "C114",
                "C121",
                "C36",
                "C0",
                "C12"
            ]
        ],
        "C62": [
            false,
            [
                "C76",
                "C50",
                "C81",
                "C94",
                "C49",
                "C20",
                "C3"
            ]
        ],
        "C63": [
            false,
            [
                "C110",
                "C101",
                "C22",
                "C45",
                "C26",
                "C97"
            ]
        ],
        "C64": [
            false,
            [
                "C31",
                "C56",
                "C47",
                "C6"
            ]
        ],
        "C65": [
            false,
            [
                "C101",
                "C52",
                "C81",
                "C116",
                "C39",
                "C18",
                "C36",
                "C84",
                "C22"
            ]
        ],
        "C66": [
            true,
            [
                "C3",
                "C59",
                "C6",
                "C92",
                "C42",
                "C25"
            ]
        ],
        "C67": [
            false,
            [
                "C34",
                "C95",
                "C121",
                "C75",
                "C28"
            ]
        ],
        "C68": [
            false,
            [
                "C46",
                "C38",
                "C20",
                "C80",
                "C50",
                "C111",
                "C21",
                "C22",
                "C114"
            ]
        ],
        "C69": [
            false,
            [
                "C117",
                "C84",
                "C33",
                "C114",
                "C49",
                "C85",
                "C105",
                "C45"
            ]
        ],
        "C70": [
            false,
            [
                "C44",
                "C99",
                "C28"
            ]
        ],
        "C71": [
            false,
            []
        ],
        "C72": [
            false,
            []
        ],
        "C73": [
            false,
            [
                "C120",
                "C8"
            ]
        ],
        "C74": [
            false,
            [
                "C31",
                "C78",
                "C76"
            ]
        ],
        "C75": [
            false,
            [
                "C88",
                "C28"
            ]
        ],
        "C76": [
            false,
            []
        ],
        "C77": [
            true,
            [
                "C22"
            ]
        ],
        "C78": [
            false,
            []
        ],
        "C79": [
            false,
            [
                "C2",
                "C0",
                "C93",
                "C52",
                "C112",
                "C12",
                "C97",
                "C30",
                "C122"
            ]
        ],
        "C80": [
            false,
            [
                "C45",
                "C54"
            ]
        ],
        "C81": [
            false,
            [
                "C33",
                "C63"
            ]
        ],
        "C82": [
            false,
            [
                "C75",
                "C107",
                "C19",
                "C44",
                "C43",
                "C6",
                "C118"
            ]
        ],
        "C83": [
            false,
            []
        ],
        "C84": [
            false,
            [
                "C52",
                "C18",
                "C125",
                "C16",
                "C122",
                "C82",
                "C119"
            ]
        ],
        "C85": [
            true,
            [
                "C46",
                "C55",
                "C112",
                "C96",
                "C126",
                "C92"
            ]
        ],
        "C86": [
            false,
            [
                "C102",
                "C56",
                "C116",
                "C101",
                "C60",
                "C115"
            ]
        ],
        "C87": [
            true,
            [
                "C49",
                "C85",
                "C64"
            ]
        ],
        "C88": [
            false,
            [
                "C36",
                "C71",
                "C7",
                "C16",
                "C17",
                "C92",
                "C25"
            ]
        ],
        "C89": [
            false,
            []
        ],
        "C90": [
            false,
            [
                "C86",
                "C106",
                "C97",
                "C28",
                "C84",
                "C94",
                "C49",
                "C80"
            ]
        ],
        "C91": [
            false,
            [
                "C60"
            ]
        ],
        "C92": [
            true,
            [
                "C41",
                "C15",
                "C117",
                "C101",
                "C106"
            ]
        ],
        "C93": [
            true,
            [
                "C104",
                "C65",
                "C34",
                "C126",
                "C84",
                "C74",
                "C99"
            ]
        ],
        "C94": [
            true,
            [
                "C32",
                "C50",
                "C77",
                "C68",
                "C101",
                "C46"
            ]
        ],
        "C95": [
            false,
            [
                "C117",
                "C120"
            ]
        ],
        "C96": [
            false,
            [
                "C21",
                "C123",
                "C1",
                "C89",
                "C122",
                "C7"
            ]
        ],
        "C97": [
            false,
            [
                "C30",
                "C15",
                "C19",
                "C53",
                "C77",
                "C50",
                "C36",
                "C107"
            ]
        ],
        "C98": [
            false,
            [
                "C79",
                "C54",
                "C24",
                "C39",
                "C29",
                "C128"
            ]
        ],
        "C99": [
            false,
            [
                "C82",
                "C28",
                "C38",
                "C22",
                "C103",
                "C67",
                "C37",
                "C12"
            ]
        ],
        "C100": [
            false,
            []
        ],
        "C101": [
            true,
            []
        ],
        "C102": [
            true,
            [
                "C0",
                "C114",
                "C97",
                "C112",
                "C40",
                "C1",
                "C94",
                "C115",
                "C29"
            ]
        ],
        "C103": [
            false,
            []
        ],
        "C104": [
            false,
            [
                "C0"
            ]
        ],
        "C105": [
            false,
            [
                "C94",
                "C63",
                "C15"
            ]
        ],
        "C106": [
            false,
            [
                "C66",
                "C122",
                "C104",
                "C127"
            ]
        ],
        "C107": [
            true,
            [
                "C123",
                "C31",
                "C103"
            ]
        ],
        "C108": [
            false,
            [
                "C124",
                "C2",
                "C126",
                "C72"
            ]
        ],
        "C109": [
            true,
            [
                "C36",
                "C62"
            ]
        ],
        "C110": [
            false,
            [
                "C9",
                "C42",
                "C30",
                "C49",
                "C57"
            ]
        ],
        "C111": [
            false,
            []
        ],
        "C112": [
            false,
            [
                "C55",
                "C41"
            ]
        ],
        "C113": [
            true,
            [
                "C17",
                "C76",
                "C109",
                "C118",
                "C60",
                "C54",
                "C22",
                "C10",
                "C103"
            ]
        ],
        "C114": [
            false,
            []
        ],
        "C115": [
            false,
            []
        ],
        "C116": [
            false,
            [
                "C101",
                "C39",
                "C22",
                "C92",
                "C69",
                "C8",
                "C82",
                "C111",
                "C27"
            ]
        ],
        "C117": [
            false,
            [
                "C82",
                "C96",
                "C61",
                "C51",
                "C128",
                "C105",
                "C87",
                "C27",
                "C100"
            ]
        ],
        "C118": [
            true,
            []
        ],
        "C119": [
            false,
            [
                "C103",
                "C29",
                "C41",
                "C13"
            ]
        ],
        "C120": [
            false,
            [
                "C84",
                "C45",
                "C46",
                "C28",
                "C25",
                "C56"
            ]
        ],
        "C121": [
            true,
            [
                "C31",
                "C101",
                "C26",
                "C49",
                "C103"
            ]
        ],
        "C122": [
            false,
            [
                "C125",
                "C3",
                "C82",
                "C74",
                "C43"
            ]
        ],
        "C123": [
            true,
            [
                "C42",
                "C65",
                "C116",
                "C49",
                "C87",
                "C2",
                "C26",
                "C104",
                "C57"
            ]
        ],
        "C124": [
            true,
            [
                "C61",
                "C51",
                "C110",
                "C25",
                "C82",
                "C11",
                "C117",
                "C46",
                "C111"
            ]
        ],
        "C125": [
            false,
            [
                "C122",
                "C17",
                "C105",
                "C34",
                "C80",
                "C98"
            ]
        ],
        "C126": [
            false,
            [
                "C96",
                "C110"
            ]
        ],
        "C127": [
            true,
            [
                "C122",
                "C26",
                "C98",
                "C94",
                "C117"
            ]
        ],
        "C128": [
            false,
            [
                "C95",
                "C5",
                "C37",
                "C33"
            ]
        ]
    },
    "ground_truth_fault_paths": [
        [
            "C101",
            "C121",
            "C55",
            "C85",
            "C87",
            "C123",
            "C107"
        ],
        [
            "C101",
            "C92",
            "C85",
            "C87",
            "C123",
            "C107"
        ],
        [
            "C101",
            "C121",
            "C1",
            "C102"
        ],
        [
            "C101",
            "C92",
            "C66",
            "C6"
        ],
        [
            "C2",
            "C123",
            "C107"
        ],
        [
            "C101",
            "C94",
            "C127"
        ],
        [
            "C101",
            "C94",
            "C102"
        ],
        [
            "C77",
            "C94",
            "C127"
        ],
        [
            "C77",
            "C94",
            "C102"
        ],
        [
            "C32",
            "C94",
            "C127"
        ],
        [
            "C32",
            "C94",
            "C102"
        ],
        [
            "C60",
            "C113"
        ],
        [
            "C60",
            "C38"
        ],
        [
            "C118",
            "C113"
        ],
        [
            "C109",
            "C113"
        ],
        [
            "C6",
            "C66"
        ],
        [
            "C30"
        ],
        [
            "C53"
        ],
        [
            "C93"
        ],
        [
            "C124"
        ]
    ],
    "error_codes": {
        "E0": [
            "FC0",
            [
                "C107",
                "C101",
                "C35",
                "C25",
                "C8",
                "C21",
                "C44",
                "C48",
                "C119",
                "C12",
                "C38",
                "C100",
                "C26",
                "C29"
            ]
        ],
        "E1": [
            "FC1",
            [
                "C107",
                "C87",
                "C99",
                "C40",
                "C24"
            ]
        ],
        "E2": [
            "FC2",
            [
                "C102",
                "C88",
                "C40",
                "C67",
                "C53",
                "C76",
                "C52",
                "C85"
            ]
        ],
        "E3": [
            "FC3",
            [
                "C6",
                "C66",
                "C5",
                "C9",
                "C103",
                "C88",
                "C97",
                "C19",
                "C86",
                "C64",
                "C58",
                "C87",
                "C30",
                "C78"
            ]
        ],
        "E4": [
            "FC4",
            [
                "C107",
                "C16",
                "C36",
                "C75",
                "C52",
                "C111",
                "C124",
                "C90",
                "C8",
                "C11",
                "C99"
            ]
        ],
        "E5": [
            "FC5",
            [
                "C127",
                "C40",
                "C42",
                "C124",
                "C126",
                "C21",
                "C39",
                "C27"
            ]
        ],
        "E6": [
            "FC6",
            [
                "C102",
                "C42"
            ]
        ],
        "E7": [
            "FC7",
            [
                "C127",
                "C125"
            ]
        ],
        "E8": [
            "FC8",
            [
                "C102",
                "C62",
                "C32",
                "C22",
                "C14",
                "C87"
            ]
        ],
        "E9": [
            "FC9",
            [
                "C127",
                "C8",
                "C30",
                "C113",
                "C26",
                "C102",
                "C68",
                "C94"
            ]
        ],
        "E10": [
            "FC10",
            [
                "C102",
                "C74",
                "C30",
                "C24",
                "C45",
                "C86"
            ]
        ],
        "E11": [
            "FC11",
            [
                "C113",
                "C114",
                "C54"
            ]
        ],
        "E12": [
            "FC12",
            [
                "C38",
                "C71",
                "C21",
                "C125",
                "C95",
                "C7",
                "C47",
                "C36",
                "C123",
                "C57",
                "C26",
                "C31",
                "C99"
            ]
        ],
        "E13": [
            "FC13",
            [
                "C113",
                "C87",
                "C37",
                "C63",
                "C93",
                "C49",
                "C43",
                "C14",
                "C57",
                "C41",
                "C70"
            ]
        ],
        "E14": [
            "FC14",
            [
                "C113",
                "C7"
            ]
        ],
        "E15": [
            "FC15",
            [
                "C66",
                "C42",
                "C27",
                "C34",
                "C26",
                "C115",
                "C82",
                "C74",
                "C44"
            ]
        ],
        "E16": [
            "FC16",
            [
                "C30",
                "C0",
                "C44",
                "C5",
                "C76",
                "C83",
                "C87",
                "C116",
                "C64"
            ]
        ],
        "E17": [
            "FC17",
            [
                "C53",
                "C108",
                "C50",
                "C5",
                "C74",
                "C61",
                "C57",
                "C28",
                "C37",
                "C7",
                "C117",
                "C112",
                "C94"
            ]
        ],
        "E18": [
            "FC18",
            [
                "C93",
                "C115",
                "C85",
                "C63"
            ]
        ],
        "E19": [
            "FC19",
            [
                "C124",
                "C9",
                "C100",
                "C25"
            ]
        ]
    },
    "sim_accuracies": {
        "C0": [
            "0.9830307189210777",
            "False"
        ],
        "C1": [
            "0.9619623991370265",
            "True"
        ],
        "C2": [
            "0.9548071443766865",
            "True"
        ],
        "C3": [
            "0.9803097309487778",
            "False"
        ],
        "C4": [
            "0.9565683623269192",
            "False"
        ],
        "C5": [
            "0.9683075779998525",
            "False"
        ],
        "C6": [
            "0.9576510573089769",
            "True"
        ],
        "C7": [
            "0.9726522309940728",
            "False"
        ],
        "C8": [
            "0.9764722181139928",
            "False"
        ],
        "C9": [
            "0.9823569689210621",
            "False"
        ],
        "C10": [
            "0.9512874529250012",
            "False"
        ],
        "C11": [
            "0.9547147163450305",
            "False"
        ],
        "C12": [
            "0.9616000355363047",
            "False"
        ],
        "C13": [
            "0.9594633308370712",
            "False"
        ],
        "C14": [
            "0.9536155359054566",
            "False"
        ],
        "C15": [
            "0.9727001236300667",
            "False"
        ],
        "C16": [
            "0.9618919934670165",
            "False"
        ],
        "C17": [
            "0.9688342859016822",
            "False"
        ],
        "C18": [
            "0.9755293388472559",
            "False"
        ],
        "C19": [
            "0.9817397069002501",
            "False"
        ],
        "C20": [
            "0.9755139793202763",
            "False"
        ],
        "C21": [
            "0.9881832746514222",
            "False"
        ],
        "C22": [
            "0.957962785247519",
            "False"
        ],
        "C23": [
            "0.9542103648821751",
            "False"
        ],
        "C24": [
            "0.9574077116879215",
            "False"
        ],
        "C25": [
            "0.9660254445881845",
            "False"
        ],
        "C26": [
            "0.9615085281033393",
            "False"
        ],
        "C27": [
            "0.9634788042472721",
            "False"
        ],
        "C28": [
            "0.9739882007753004",
            "False"
        ],
        "C29": [
            "0.9625321982134889",
            "False"
        ],
        "C30": [
            "0.9856927329252069",
            "True"
        ],
        "C31": [
            "0.9501277558583398",
            "False"
        ],
        "C32": [
            "0.9873348564599397",
            "True"
        ],
        "C33": [
            "0.9620490479158262",
            "False"
        ],
        "C34": [
            "0.963944772206366",
            "False"
        ],
        "C35": [
            "0.9558989195713088",
            "False"
        ],
        "C36": [
            "0.953776745096421",
            "False"
        ],
        "C37": [
            "0.9748780044870832",
            "False"
        ],
        "C38": [
            "0.9628393205550597",
            "True"
        ],
        "C39": [
            "0.9716325103161316",
            "False"
        ],
        "C40": [
            "0.9688910269875857",
            "False"
        ],
        "C41": [
            "0.9742685316025906",
            "False"
        ],
        "C42": [
            "0.9568771286103469",
            "False"
        ],
        "C43": [
            "0.958363562338975",
            "False"
        ],
        "C44": [
            "0.9811272745263352",
            "False"
        ],
        "C45": [
            "0.9573649422654242",
            "False"
        ],
        "C46": [
            "0.9609150246312794",
            "False"
        ],
        "C47": [
            "0.9555440873868787",
            "False"
        ],
        "C48": [
            "0.9724907884940656",
            "False"
        ],
        "C49": [
            "0.958626409046759",
            "False"
        ],
        "C50": [
            "0.9666564575556718",
            "False"
        ],
        "C51": [
            "0.9859199030224601",
            "False"
        ],
        "C52": [
            "0.9510214680896769",
            "False"
        ],
        "C53": [
            "0.989993696683815",
            "True"
        ],
        "C54": [
            "0.9730818371564763",
            "False"
        ],
        "C55": [
            "0.9869950065659361",
            "True"
        ],
        "C56": [
            "0.9772267901612381",
            "False"
        ],
        "C57": [
            "0.9766192098932339",
            "False"
        ],
        "C58": [
            "0.9635455856709827",
            "False"
        ],
        "C59": [
            "0.9691910460128164",
            "False"
        ],
        "C60": [
            "0.9500790687294606",
            "True"
        ],
        "C61": [
            "0.9710954528713357",
            "False"
        ],
        "C62": [
            "0.9768126918214258",
            "False"
        ],
        "C63": [
            "0.986438977661355",
            "False"
        ],
        "C64": [
            "0.9605258951939819",
            "False"
        ],
        "C65": [
            "0.9664816552114432",
            "False"
        ],
        "C66": [
            "0.9630748459555767",
            "True"
        ],
        "C67": [
            "0.9555295912996911",
            "False"
        ],
        "C68": [
            "0.965945562885622",
            "False"
        ],
        "C69": [
            "0.9583657329333355",
            "False"
        ],
        "C70": [
            "0.9718229427569335",
            "False"
        ],
        "C71": [
            "0.9603718618160283",
            "False"
        ],
        "C72": [
            "0.9563341188289587",
            "False"
        ],
        "C73": [
            "0.9609565417405017",
            "False"
        ],
        "C74": [
            "0.9823100673081598",
            "False"
        ],
        "C75": [
            "0.9817588998145468",
            "False"
        ],
        "C76": [
            "0.9536304506417429",
            "False"
        ],
        "C77": [
            "0.9526945660443814",
            "True"
        ],
        "C78": [
            "0.9590588692615308",
            "False"
        ],
        "C79": [
            "0.9588447628948298",
            "False"
        ],
        "C80": [
            "0.9587834299319699",
            "False"
        ],
        "C81": [
            "0.9648823052723042",
            "False"
        ],
        "C82": [
            "0.966289725459968",
            "False"
        ],
        "C83": [
            "0.9727339087366705",
            "False"
        ],
        "C84": [
            "0.9769959857034543",
            "False"
        ],
        "C85": [
            "0.9612408486888202",
            "True"
        ],
        "C86": [
            "0.9769490913310123",
            "False"
        ],
        "C87": [
            "0.9669578366972018",
            "True"
        ],
        "C88": [
            "0.9724046542254791",
            "False"
        ],
        "C89": [
            "0.980732061999318",
            "False"
        ],
        "C90": [
            "0.954957314863375",
            "False"
        ],
        "C91": [
            "0.9610494585651123",
            "False"
        ],
        "C92": [
            "0.9503049894018503",
            "True"
        ],
        "C93": [
            "0.9768573123157376",
            "True"
        ],
        "C94": [
            "0.9630049550102651",
            "True"
        ],
        "C95": [
            "0.9626177180285035",
            "False"
        ],
        "C96": [
            "0.9744965714094125",
            "False"
        ],
        "C97": [
            "0.9808406539390241",
            "False"
        ],
        "C98": [
            "0.9502505080251777",
            "False"
        ],
        "C99": [
            "0.953660386946293",
            "False"
        ],
        "C100": [
            "0.9861056747838036",
            "False"
        ],
        "C101": [
            "0.974823003835117",
            "True"
        ],
        "C102": [
            "0.97819945763416",
            "True"
        ],
        "C103": [
            "0.9581972650232129",
            "False"
        ],
        "C104": [
            "0.9525751276130247",
            "False"
        ],
        "C105": [
            "0.9755954670915741",
            "False"
        ],
        "C106": [
            "0.9735831508382482",
            "False"
        ],
        "C107": [
            "0.9543309430760472",
            "True"
        ],
        "C108": [
            "0.9813614638068753",
            "False"
        ],
        "C109": [
            "0.9759179439847563",
            "True"
        ],
        "C110": [
            "0.9718536777517076",
            "False"
        ],
        "C111": [
            "0.9798941903858251",
            "False"
        ],
        "C112": [
            "0.9768275273706827",
            "False"
        ],
        "C113": [
            "0.9741274845104383",
            "True"
        ],
        "C114": [
            "0.9882767455850391",
            "False"
        ],
        "C115": [
            "0.9787182067020019",
            "False"
        ],
        "C116": [
            "0.9624215226562585",
            "False"
        ],
        "C117": [
            "0.9651682963188545",
            "False"
        ],
        "C118": [
            "0.9630222339993725",
            "True"
        ],
        "C119": [
            "0.9764991276005236",
            "False"
        ],
        "C120": [
            "0.9745569267219486",
            "False"
        ],
        "C121": [
            "0.9788838336772483",
            "True"
        ],
        "C122": [
            "0.9741711581175427",
            "False"
        ],
        "C123": [
            "0.9529890259128065",
            "True"
        ],
        "C124": [
            "0.9624778757974115",
            "True"
        ],
        "C125": [
            "0.9649217470105735",
            "False"
        ],
        "C126": [
            "0.9628284434807556",
            "False"
        ],
        "C127": [
            "0.9523488339646411",
            "True"
        ],
        "C128": [
            "0.982204744495484",
            "False"
        ]
    }
}