{
    "suspect_components": {
        "C0": [
            false,
            [
                "C8",
                "C80",
                "C3",
                "C72",
                "C53",
                "C36"
            ]
        ],
        "C1": [
            false,
            [
                "C111",
                "C75",
                "C55",
                "C32",
                "C33",
                "C56"
            ]
        ],
        "C2": [
            false,
            [
                "C65",
                "C97",
                "C25",
                "C33",
                "C40",
                "C19",
                "C26",
                "C84",
                "C73"
            ]
        ],
        "C3": [
            false,
            [
                "C86",
                "C58",
                "C64",
                "C4",
                "C1",
                "C18",
                "C46",
                "C115"
            ]
        ],
        "C4": [
            false,
            [
                "C41",
                "C35",
                "C49",
                "C77",
                "C127",
                "C76"
            ]
        ],
        "C5": [
            false,
            [
                "C41",
                "C87"
            ]
        ],
        "C6": [
            false,
            [
                "C118",
                "C125",
                "C16",
                "C128",
                "C36",
                "C32"
            ]
        ],
        "C7": [
            false,
            [
                "C115",
                "C123",
                "C14"
            ]
        ],
        "C8": [
            false,
            [
                "C74",
                "C17",
                "C99",
                "C12",
                "C98"
            ]
        ],
        "C9": [
            true,
            [
                "C51"
            ]
        ],
        "C10": [
            false,
            [
                "C94",
                "C102",
                "C78",
                "C119"
            ]
        ],
        "C11": [
            false,
            [
                "C69",
                "C100",
                "C6",
                "C83",
                "C109",
                "C113",
                "C68",
                "C99",
                "C49"
            ]
        ],
        "C12": [
            false,
            [
                "C61",
                "C0",
                "C113",
                "C39",
                "C51",
                "C101",
                "C30",
                "C15"
            ]
        ],
        "C13": [
            true,
            [
                "C36",
                "C106",
                "C21",
                "C98",
                "C102",
                "C33",
                "C1",
                "C25",
                "C107"
            ]
        ],
        "C14": [
            false,
            [
                "C91",
                "C81",
                "C115",
                "C104",
                "C71"
            ]
        ],
        "C15": [
            false,
            [
                "C127",
                "C102",
                "C82",
                "C83",
                "C91"
            ]
        ],
        "C16": [
            false,
            [
                "C90",
                "C25",
                "C44",
                "C65",
                "C120",
                "C110",
                "C70"
            ]
        ],
        "C17": [
            false,
            []
        ],
        "C18": [
            false,
            []
        ],
        "C19": [
            false,
            []
        ],
        "C20": [
            false,
            [
                "C114",
                "C86",
                "C106",
                "C33",
                "C74",
                "C14"
            ]
        ],
        "C21": [
            false,
            [
                "C18",
                "C106",
                "C97",
                "C90",
                "C65"
            ]
        ],
        "C22": [
            false,
            [
                "C27",
                "C39",
                "C44",
                "C65",
                "C77"
            ]
        ],
        "C23": [
            false,
            [
                "C17",
                "C120",
                "C75",
                "C1"
            ]
        ],
        "C24": [
            false,
            [
                "C51",
                "C104"
            ]
        ],
        "C25": [
            false,
            [
                "C109",
                "C4",
                "C59",
                "C81",
                "C120",
                "C10",
                "C16",
                "C115"
            ]
        ],
        "C26": [
            false,
            []
        ],
        "C27": [
            true,
            [
                "C104",
                "C49",
                "C11"
            ]
        ],
        "C28": [
            false,
            [
                "C76",
                "C68",
                "C39",
                "C54",
                "C105",
                "C15",
                "C44",
                "C11",
                "C85"
            ]
        ],
        "C29": [
            false,
            []
        ],
        "C30": [
            false,
            [
                "C57",
                "C7",
                "C71",
                "C17",
                "C54",
                "C68",
                "C3",
                "C110"
            ]
        ],
        "C31": [
            false,
            [
                "C121"
            ]
        ],
        "C32": [
            true,
            [
                "C124",
                "C34",
                "C69",
                "C86",
                "C39",
                "C68",
                "C28",
                "C53",
                "C92"
            ]
        ],
        "C33": [
            false,
            [
                "C69",
                "C3",
                "C76",
                "C81",
                "C10",
                "C118"
            ]
        ],
        "C34": [
            false,
            [
                "C90",
                "C96",
                "C125"
            ]
        ],
        "C35": [
            true,
            [
                "C3",
                "C82",
                "C127",
                "C57"
            ]
        ],
        "C36": [
            false,
            [
                "C64",
                "C4",
                "C86",
                "C11",
                "C35",
                "C110",
                "C0",
                "C43",
                "C69"
            ]
        ],
        "C37": [
            false,
            [
                "C11",
                "C59"
            ]
        ],
        "C38": [
            false,
            [
                "C90"
            ]
        ],
        "C39": [
            false,
            [
                "C35",
                "C85",
                "C71",
                "C4",
                "C119",
                "C48",
                "C79",
                "C10"
            ]
        ],
        "C40": [
            false,
            [
                "C24",
                "C112",
                "C117"
            ]
        ],
        "C41": [
            false,
            [
                "C73",
                "C111",
                "C117",
                "C92",
                "C93",
                "C29",
                "C79"
            ]
        ],
        "C42": [
            false,
            [
                "C108"
            ]
        ],
        "C43": [
            false,
            [
                "C40",
                "C51",
                "C0",
                "C128"
            ]
        ],
        "C44": [
            false,
            [
                "C33",
                "C81",
                "C101",
                "C70",
                "C27",
                "C107",
                "C40",
                "C62"
            ]
        ],
        "C45": [
            false,
            [
                "C43",
                "C109",
                "C7"
            ]
        ],
        "C46": [
            false,
            [
                "C96",
                "C71",
                "C42",
                "C117",
                "C107"
            ]
        ],
        "C47": [
            false,
            [
                "C74",
                "C53",
                "C25",
                "C113",
                "C49",
                "C0",
                "C98"
            ]
        ],
        "C48": [
            false,
            [
                "C46",
                "C54",
                "C22",
                "C95",
                "C23",
                "C119"
            ]
        ],
        "C49": [
            false,
            [
                "C128",
                "C38",
                "C75",
                "C37",
                "C97",
                "C92",
                "C87",
                "C79"
            ]
        ],
        "C50": [
            false,
            [
                "C5",
                "C107",
                "C39",
                "C60",
                "C34",
                "C117"
            ]
        ],
        "C51": [
            false,
            [
                "C56",
                "C121"
            ]
        ],
        "C52": [
            false,
            [
                "C115"
            ]
        ],
        "C53": [
            true,
            [
                "C128",
                "C6",
                "C38",
                "C43",
                "C58",
                "C120",
                "C14",
                "C9",
                "C109"
            ]
        ],
        "C54": [
            false,
            [
                "C69",
                "C114",
                "C14",
                "C71",
                "C119"
            ]
        ],
        "C55": [
            false,
            [
                "C82",
                "C66",
                "C18",
                "C113",
                "C107",
                "C127",
                "C80"
            ]
        ],
        "C56": [
            false,
            [
                "C51",
                "C19",
                "C10",
                "C115",
                "C53"
            ]
        ],
        "C57": [
            false,
            [
                "C16",
                "C90",
                "C82",
                "C126",
                "C14",
                "C77",
                "C94"
            ]
        ],
        "C58": [
            false,
            [
                "C99",
                "C42",
                "C103",
                "C53",
                "C67",
                "C113",
                "C105",
                "C52"
            ]
        ],
        "C59": [
            false,
            [
                "C5",
                "C39",
                "C4",
                "C122",
                "C102",
                "C20",
                "C38",
                "C60"
            ]
        ],
        "C60": [
            false,
            [
                "C102",
                "C27",
                "C46",
                "C29",
                "C7",
                "C85",
                "C22",
                "C25",
                "C39"
            ]
        ],
        "C61": [
            false,
            [
                "C99",
                "C25",
                "C34",
                "C6",
                "C125",
                "C1",
                "C102",
                "C9",
                "C30"
            ]
        ],
        "C62": [
            true,
            []
        ],
        "C63": [
            false,
            [
                "C33",
                "C56",
                "C123",
                "C37",
                "C36",
                "C99",
                "C59"
            ]
        ],
        "C64": [
            true,
            [
                "C70",
                "C111",
                "C77"
            ]
        ],
        "C65": [
            false,
            [
                "C116",
                "C11",
                "C62",
                "C80",
                "C107",
                "C125",
                "C83",
                "C117",
                "C105"
            ]
        ],
        "C66": [
            true,
            [
                "C57",
                "C48",
                "C86",
                "C90",
                "C114",
                "C3",
                "C124",
                "C113"
            ]
        ],
        "C67": [
            false,
            [
                "C25",
                "C43",
                "C55"
            ]
        ],
        "C68": [
            false,
            [
                "C82"
            ]
        ],
        "C69": [
            true,
            [
                "C87",
                "C10",
                "C81",
                "C112",
                "C8"
            ]
        ],
        "C70": [
            false,
            [
                "C32",
                "C23",
                "C122",
                "C56",
                "C71"
            ]
        ],
        "C71": [
            false,
            [
                "C11",
                "C79",
                "C94",
                "C53"
            ]
        ],
        "C72": [
            false,
            [
                "C19"
            ]
        ],
        "C73": [
            true,
            [
                "C16",
                "C78",
                "C123",
                "C13"
            ]
        ],
        "C74": [
            false,
            [
                "C39"
            ]
        ],
        "C75": [
            true,
            [
                "C82",
                "C12",
                "C50"
            ]
        ],
        "C76": [
            true,
            [
                "C113",
                "C29",
                "C83",
                "C100",
                "C19",
                "C9"
            ]
        ],
        "C77": [
            false,
            [
                "C112",
                "C115",
                "C114",
                "C13",
                "C36",
                "C59",
                "C68",
                "C91",
                "C109"
            ]
        ],
        "C78": [
            false,
            [
                "C74",
                "C67",
                "C105",
                "C121",
                "C75",
                "C6",
                "C59",
                "C108"
            ]
        ],
        "C79": [
            false,
            [
                "C76",
                "C5",
                "C16",
                "C110",
                "C55",
                "C34"
            ]
        ],
        "C80": [
            false,
            [
                "C81",
                "C122",
                "C55",
                "C127",
                "C53",
                "C30",
                "C90",
                "C93",
                "C115"
            ]
        ],
        "C81": [
            false,
            [
                "C37",
                "C112"
            ]
        ],
        "C82": [
            false,
            [
                "C26",
                "C100",
                "C53"
            ]
        ],
        "C83": [
            false,
            []
        ],
        "C84": [
            false,
            [
                "C22",
                "C94"
            ]
        ],
        "C85": [
            false,
            [
                "C41",
                "C58",
                "C44",
                "C76"
            ]
        ],
        "C86": [
            true,
            [
                "C96"
            ]
        ],
        "C87": [
            false,
            [
                "C17",
                "C88",
                "C65",
                "C63",
                "C110"
            ]
        ],
        "C88": [
            false,
            [
                "C6",
                "C119",
                "C53",
                "C76",
                "C74",
                "C98"
            ]
        ],
        "C89": [
            true,
            [
                "C65",
                "C99",
                "C45",
                "C31",
                "C88",
                "C91",
                "C72"
            ]
        ],
        "C90": [
            true,
            [
                "C124"
            ]
        ],
        "C91": [
            false,
            [
                "C29",
                "C108",
                "C16",
                "C113"
            ]
        ],
        "C92": [
            false,
            []
        ],
        "C93": [
            false,
            [
                "C3",
                "C41",
                "C42",
                "C19",
                "C24"
            ]
        ],
        "C94": [
            false,
            [
                "C18",
                "C73",
                "C25",
                "C58",
                "C76",
                "C70"
            ]
        ],
        "C95": [
            true,
            [
                "C98",
                "C14",
                "C65",
                "C52",
                "C124",
                "C115",
                "C73"
            ]
        ],
        "C96": [
            false,
            []
        ],
        "C97": [
            false,
            [
                "C32",
                "C103"
            ]
        ],
        "C98": [
            true,
            [
                "C61",
                "C51",
                "C7",
                "C38"
            ]
        ],
        "C99": [
            false,
            [
                "C89",
                "C7",
                "C98",
                "C47",
                "C29",
                "C48"
            ]
        ],
        "C100": [
            false,
            [
                "C96",
                "C115",
                "C117",
                "C31",
                "C106",
                "C105"
            ]
        ],
        "C101": [
            true,
            [
                "C19",
                "C0",
                "C35",
                "C80",
                "C100",
                "C61"
            ]
        ],
        "C102": [
            false,
            [
                "C44",
                "C8",
                "C34",
                "C32"
            ]
        ],
        "C103": [
            false,
            [
                "C56",
                "C68"
            ]
        ],
        "C104": [
            false,
            [
                "C10",
                "C18",
                "C53",
                "C112",
                "C108",
                "C56",
                "C107",
                "C124",
                "C91"
            ]
        ],
        "C105": [
            false,
            [
                "C4",
                "C24",
                "C121",
                "C115",
                "C18",
                "C83",
                "C38",
                "C77",
                "C70"
            ]
        ],
        "C106": [
            false,
            [
                "C30",
                "C70",
                "C75",
                "C6",
                "C42",
                "C54"
            ]
        ],
        "C107": [
            true,
            [
                "C89",
                "C16",
                "C117"
            ]
        ],
        "C108": [
            false,
            [
                "C101",
                "C92",
                "C111",
                "C78"
            ]
        ],
        "C109": [
            true,
            [
                "C96",
                "C13"
            ]
        ],
        "C110": [
            false,
            [
                "C98"
            ]
        ],
        "C111": [
            false,
            [
                "C125",
                "C32",
                "C97"
            ]
        ],
        "C112": [
            true,
            [
                "C17",
                "C91",
                "C97"
            ]
        ],
        "C113": [
            false,
            [
                "C85",
                "C91",
                "C40",
                "C46",
                "C124",
                "C112",
                "C96",
                "C67",
                "C23"
            ]
        ],
        "C114": [
            true,
            [
                "C11",
                "C6",
                "C55",
                "C82"
            ]
        ],
        "C115": [
            false,
            []
        ],
        "C116": [
            false,
            [
                "C85",
                "C87"
            ]
        ],
        "C117": [
            false,
            [
                "C53"
            ]
        ],
        "C118": [
            true,
            [
                "C73",
                "C65",
                "C102",
                "C123"
            ]
        ],
        "C119": [
            true,
            [
                "C46",
                "C58"
            ]
        ],
        "C120": [
            false,
            [
                "C0",
                "C76",
                "C61",
                "C59",
                "C16",
                "C64",
                "C92",
                "C70",
                "C96"
            ]
        ],
        "C121": [
            false,
            [
                "C95"
            ]
        ],
        "C122": [
            false,
            [
                "C74",
                "C50",
                "C38",
                "C91",
                "C23",
                "C29",
                "C66"
            ]
        ],
        "C123": [
            false,
            [
                "C117",
                "C119",
                "C81",
                "C54",
                "C16",
                "C34",
                "C2",
                "C74",
                "C3"
            ]
        ],
        "C124": [
            true,
            [
                "C82",
                "C73",
                "C62",
                "C112",
                "C126",
                "C111",
                "C108",
                "C24",
                "C49"
            ]
        ],
        "C125": [
            false,
            []
        ],
        "C126": [
            false,
            [
                "C95",
                "C128",
                "C13",
                "C15",
                "C25",
                "C122",
                "C62",
                "C21"
            ]
        ],
        "C127": [
            false,
            [
                "C52",
                "C21",
                "C83",
                "C23"
            ]
        ],
        "C128": [
            false,
            [
                "C64"
            ]
        ]
    },
    "ground_truth_fault_paths": [
        [
            "C89",
            "C107",
            "C13",
            "C73",
            "C124",
            "C90",
            "C66"
        ],
        [
            "C89",
            "C107",
            "C13",
            "C109",
            "C53",
            "C32"
        ],
        [
            "C89",
            "C107",
            "C13",
            "C73",
            "C124",
            "C95"
        ],
        [
            "C89",
            "C107",
            "C13",
            "C73",
            "C124",
            "C66"
        ],
        [
            "C89",
            "C107",
            "C13",
            "C73",
            "C124",
            "C32"
        ],
        [
            "C98",
            "C13",
            "C73",
            "C124",
            "C90",
            "C66"
        ],
        [
            "C89",
            "C107",
            "C13",
            "C73",
            "C118"
        ],
        [
            "C89",
            "C107",
            "C13",
            "C73",
            "C95"
        ],
        [
            "C98",
            "C13",
            "C109",
            "C53",
            "C32"
        ],
        [
            "C98",
            "C13",
            "C73",
            "C124",
            "C95"
        ],
        [
            "C98",
            "C13",
            "C73",
            "C124",
            "C66"
        ],
        [
            "C98",
            "C13",
            "C73",
            "C124",
            "C32"
        ],
        [
            "C112",
            "C124",
            "C90",
            "C66"
        ],
        [
            "C62",
            "C124",
            "C90",
            "C66"
        ],
        [
            "C98",
            "C13",
            "C73",
            "C118"
        ],
        [
            "C98",
            "C13",
            "C73",
            "C95"
        ],
        [
            "C112",
            "C124",
            "C95"
        ],
        [
            "C112",
            "C124",
            "C66"
        ],
        [
            "C112",
            "C124",
            "C32"
        ],
        [
            "C112",
            "C69",
            "C32"
        ],
        [
            "C62",
            "C124",
            "C95"
        ],
        [
            "C62",
            "C124",
            "C66"
        ],
        [
            "C62",
            "C124",
            "C32"
        ],
        [
            "C9",
            "C53",
            "C32"
        ],
        [
            "C35",
            "C101"
        ],
        [
            "C98",
            "C95"
        ],
        [
            "C9",
            "C76"
        ],
        [
            "C114",
            "C66"
        ],
        [
            "C86",
            "C66"
        ],
        [
            "C86",
            "C32"
        ],
        [
            "C27"
        ],
        [
            "C64"
        ],
        [
            "C75"
        ],
        [
            "C119"
        ]
    ],
    "error_codes": {
        "E0": [
            "FC0",
            [
                "C66",
                "C123",
                "C105",
                "C43",
                "C26",
                "C3",
                "C124",
                "C19"
            ]
        ],
        "E1": [
            "FC1",
            [
                "C32",
                "C109",
                "C89",
                "C103"
            ]
        ],
        "E2": [
            "FC2",
            [
                "C95",
                "C124",
                "C13",
                "C77",
                "C32",
                "C84",
                "C116",
                "C104",
                "C0",
                "C36"
            ]
        ],
        "E3": [
            "FC3",
            [
                "C66",
                "C124",
                "C50",
                "C62",
                "C18",
                "C95",
                "C67",
                "C45",
                "C3",
                "C103",
                "C8",
                "C13",
                "C47"
            ]
        ],
        "E4": [
            "FC4",
            [
                "C32",
                "C47"
            ]
        ],
        "E5": [
            "FC5",
            [
                "C66",
                "C124",
                "C73",
                "C85",
                "C4",
                "C83",
                "C35",
                "C43",
                "C24",
                "C74",
                "C39",
                "C6",
                "C103",
                "C104"
            ]
        ],
        "E6": [
            "FC6",
            [
                "C118",
                "C89",
                "C80",
                "C19"
            ]
        ],
        "E7": [
            "FC7",
            [
                "C95",
                "C13",
                "C36",
                "C4",
                "C24",
                "C102",
                "C108",
                "C63",
                "C52",
                "C32",
                "C34",
                "C71",
                "C9",
                "C8"
            ]
        ],
        "E8": [
            "FC8",
            [
                "C32",
                "C13",
                "C33",
                "C47",
                "C45",
                "C12",
                "C95",
                "C96",
                "C35",
                "C7",
                "C24",
                "C11"
            ]
        ],
        "E9": [
            "FC9",
            [
                "C95",
                "C53",
                "C65"
            ]
        ],
        "E10": [
            "FC10",
            [
                "C66",
                "C13",
                "C25",
                "C49",
                "C58",
                "C44"
            ]
        ],
        "E11": [
            "FC11",
            [
                "C32",
                "C13",
                "C96",
                "C29",
                "C54",
                "C40",
                "C62",
                "C65",
                "C85",
                "C105",
                "C72"
            ]
        ],
        "E12": [
            "FC12",
            [
                "C66",
                "C124",
                "C77",
                "C47",
                "C128",
                "C102"
            ]
        ],
        "E13": [
            "FC13",
            [
                "C66",
                "C90",
                "C113",
                "C109",
                "C1",
                "C44",
                "C67",
                "C110",
                "C49",
                "C68",
                "C13",
                "C91"
            ]
        ],
        "E14": [
            "FC14",
            [
                "C118",
                "C116",
                "C121",
                "C62",
                "C70",
                "C92",
                "C45",
                "C120"
            ]
        ],
        "E15": [
            "FC15",
            [
                "C95",
                "C103",
                "C23",
                "C85",
                "C45",
                "C98",
                "C94"
            ]
        ],
        "E16": [
            "FC16",
            [
                "C95",
                "C16",
                "C68",
                "C124",
                "C99",
                "C40",
                "C94"
            ]
        ],
        "E17": [
            "FC17",
            [
                "C66",
                "C15",
                "C106",
                "C76",
                "C26"
            ]
        ],
        "E18": [
            "FC18",
            [
                "C32",
                "C121",
                "C94",
                "C56",
                "C63",
                "C103"
            ]
        ],
        "E19": [
            "FC19",
            [
                "C32",
                "C94",
                "C40",
                "C73",
                "C113",
                "C69",
                "C100",
                "C111",
                "C81",
                "C59",
                "C86"
            ]
        ],
        "E20": [
            "FC20",
            [
                "C95",
                "C104",
                "C32",
                "C86",
                "C63"
            ]
        ],
        "E21": [
            "FC21",
            [
                "C66",
                "C74",
                "C51",
                "C99"
            ]
        ],
        "E22": [
            "FC22",
            [
                "C32",
                "C38",
                "C76",
                "C26",
                "C86",
                "C121",
                "C20",
                "C40",
                "C117"
            ]
        ],
        "E23": [
            "FC23",
            [
                "C32",
                "C107",
                "C50",
                "C57",
                "C82",
                "C69",
                "C54",
                "C73",
                "C105",
                "C84",
                "C128",
                "C109"
            ]
        ],
        "E24": [
            "FC24",
            [
                "C101",
                "C6",
                "C105",
                "C25",
                "C100"
            ]
        ],
        "E25": [
            "FC25",
            [
                "C95",
                "C37",
                "C75",
                "C120",
                "C60",
                "C19",
                "C106",
                "C24",
                "C90",
                "C57",
                "C128",
                "C21",
                "C25"
            ]
        ],
        "E26": [
            "FC26",
            [
                "C76",
                "C50",
                "C118",
                "C22",
                "C7",
                "C62",
                "C5",
                "C127"
            ]
        ],
        "E27": [
            "FC27",
            [
                "C66",
                "C121",
                "C33",
                "C97",
                "C15"
            ]
        ],
        "E28": [
            "FC28",
            [
                "C66",
                "C42",
                "C1",
                "C24",
                "C70",
                "C108",
                "C123",
                "C4",
                "C35"
            ]
        ],
        "E29": [
            "FC29",
            [
                "C32",
                "C70",
                "C53",
                "C30",
                "C33",
                "C31",
                "C73",
                "C101"
            ]
        ],
        "E30": [
            "FC30",
            [
                "C27",
                "C76",
                "C113",
                "C101",
                "C47"
            ]
        ],
        "E31": [
            "FC31",
            [
                "C64",
                "C71",
                "C36",
                "C42",
                "C99",
                "C75",
                "C88"
            ]
        ],
        "E32": [
            "FC32",
            [
                "C75",
                "C52",
                "C48",
                "C27",
                "C117",
                "C35",
                "C76",
                "C2"
            ]
        ],
        "E33": [
            "FC33",
            [
                "C119",
                "C101",
                "C67",
                "C20",
                "C28"
            ]
        ]
    },
    "sim_accuracies": {
        "C0": [
            "0.9572608827477785",
            "False"
        ],
        "C1": [
            "0.9665444578833925",
            "False"
        ],
        "C2": [
            "0.9864417279908859",
            "False"
        ],
        "C3": [
            "0.9787442112839614",
            "False"
        ],
        "C4": [
            "0.9726862783611311",
            "False"
        ],
        "C5": [
            "0.9535372473658388",
            "False"
        ],
        "C6": [
            "0.9663999207173282",
            "False"
        ],
        "C7": [
            "0.9895829792834028",
            "False"
        ],
        "C8": [
            "0.9510229925548117",
            "False"
        ],
        "C9": [
            "0.9772771215108057",
            "True"
        ],
        "C10": [
            "0.9720281568837751",
            "False"
        ],
        "C11": [
            "0.9587380326773632",
            "False"
        ],
        "C12": [
            "0.9588269456029184",
            "False"
        ],
        "C13": [
            "0.9544375020363514",
            "True"
        ],
        "C14": [
            "0.9541951703893937",
            "False"
        ],
        "C15": [
            "0.9655851763807046",
            "False"
        ],
        "C16": [
            "0.9567923305481387",
            "False"
        ],
        "C17": [
            "0.9814106895844213",
            "False"
        ],
        "C18": [
            "0.9728487682424605",
            "False"
        ],
        "C19": [
            "0.9545435429815506",
            "False"
        ],
        "C20": [
            "0.9810428263897941",
            "False"
        ],
        "C21": [
            "0.9598759405516644",
            "False"
        ],
        "C22": [
            "0.9740652782535877",
            "False"
        ],
        "C23": [
            "0.9792552642777863",
            "False"
        ],
        "C24": [
            "0.9513554941896851",
            "False"
        ],
        "C25": [
            "0.9801740241293024",
            "False"
        ],
        "C26": [
            "0.9577874968130652",
            "False"
        ],
        "C27": [
            "0.959264952323489",
            "True"
        ],
        "C28": [
            "0.9888825125312498",
            "False"
        ],
        "C29": [
            "0.9586177669394725",
            "False"
        ],
        "C30": [
            "0.9867056750255476",
            "False"
        ],
        "C31": [
            "0.9667704823116156",
            "False"
        ],
        "C32": [
            "0.9692812471559022",
            "True"
        ],
        "C33": [
            "0.9820043045893665",
            "False"
        ],
        "C34": [
            "0.9882798983709964",
            "False"
        ],
        "C35": [
            "0.9609452785651323",
            "True"
        ],
        "C36": [
            "0.9817826363743516",
            "False"
        ],
        "C37": [
            "0.9612578737871618",
            "False"
        ],
        "C38": [
            "0.9830209835062479",
            "False"
        ],
        "C39": [
            "0.9718198117009229",
            "False"
        ],
        "C40": [
            "0.9776542133883542",
            "False"
        ],
        "C41": [
            "0.9535444363142164",
            "False"
        ],
        "C42": [
            "0.9524830537900368",
            "False"
        ],
        "C43": [
            "0.9528463509276435",
            "False"
        ],
        "C44": [
            "0.967366414515264",
            "False"
        ],
        "C45": [
            "0.9740198171784014",
            "False"
        ],
        "C46": [
            "0.951507889352415",
            "False"
        ],
        "C47": [
            "0.989759020582153",
            "False"
        ],
        "C48": [
            "0.986348388655306",
            "False"
        ],
        "C49": [
            "0.9536456358741907",
            "False"
        ],
        "C50": [
            "0.9660182678730553",
            "False"
        ],
        "C51": [
            "0.9890127832540648",
            "False"
        ],
        "C52": [
            "0.9731336762471356",
            "False"
        ],
        "C53": [
            "0.9784150891275152",
            "True"
        ],
        "C54": [
            "0.9765166707806868",
            "False"
        ],
        "C55": [
            "0.9533215191279826",
            "False"
        ],
        "C56": [
            "0.9509966111324908",
            "False"
        ],
        "C57": [
            "0.9839368311499209",
            "False"
        ],
        "C58": [
            "0.9762462874945874",
            "False"
        ],
        "C59": [
            "0.9869080350284426",
            "False"
        ],
        "C60": [
            "0.9857452818488632",
            "False"
        ],
        "C61": [
            "0.9515461004228956",
            "False"
        ],
        "C62": [
            "0.971185473669118",
            "True"
        ],
        "C63": [
            "0.9832317480092347",
            "False"
        ],
        "C64": [
            "0.9666891645947742",
            "True"
        ],
        "C65": [
            "0.9666797503607957",
            "False"
        ],
        "C66": [
            "0.9547627974761123",
            "True"
        ],
        "C67": [
            "0.9866391451788816",
            "False"
        ],
        "C68": [
            "0.9899700719216408",
            "False"
        ],
        "C69": [
            "0.9799195891513873",
            "True"
        ],
        "C70": [
            "0.9528941487896951",
            "False"
        ],
        "C71": [
            "0.9748337774283354",
            "False"
        ],
        "C72": [
            "0.9515822199721479",
            "False"
        ],
        "C73": [
            "0.9616791227890191",
            "True"
        ],
        "C74": [
            "0.9548797559603373",
            "False"
        ],
        "C75": [
            "0.983825284472021",
            "True"
        ],
        "C76": [
            "0.9580228874855687",
            "True"
        ],
        "C77": [
            "0.9700777652547713",
            "False"
        ],
        "C78": [
            "0.9797087201280996",
            "False"
        ],
        "C79": [
            "0.9631650648422132",
            "False"
        ],
        "C80": [
            "0.972140688974003",
            "False"
        ],
        "C81": [
            "0.9855262068378735",
            "False"
        ],
        "C82": [
            "0.98985652597544",
            "False"
        ],
        "C83": [
            "0.9583811948654805",
            "False"
        ],
        "C84": [
            "0.9578992709740064",
            "False"
        ],
        "C85": [
            "0.9670186841670821",
            "False"
        ],
        "C86": [
            "0.977814357721226",
            "True"
        ],
        "C87": [
            "0.9726189708663135",
            "False"
        ],
        "C88": [
            "0.976851992635777",
            "False"
        ],
        "C89": [
            "0.9694265385977427",
            "True"
        ],
        "C90": [
            "0.9875684562111325",
            "True"
        ],
        "C91": [
            "0.9736671316920785",
            "False"
        ],
        "C92": [
            "0.958216356015438",
            "False"
        ],
        "C93": [
            "0.9717418075746768",
            "False"
        ],
        "C94": [
            "0.9523504272341243",
            "False"
        ],
        "C95": [
            "0.9629570197424902",
            "True"
        ],
        "C96": [
            "0.9692220968302733",
            "False"
        ],
        "C97": [
            "0.9842085077470213",
            "False"
        ],
        "C98": [
            "0.9853503868241341",
            "True"
        ],
        "C99": [
            "0.9816286276267505",
            "False"
        ],
        "C100": [
            "0.9546402452001804",
            "False"
        ],
        "C101": [
            "0.985076202492485",
            "True"
        ],
        "C102": [
            "0.9813076355175451",
            "False"
        ],
        "C103": [
            "0.9539104424664279",
            "False"
        ],
        "C104": [
            "0.9772738067237845",
            "False"
        ],
        "C105": [
            "0.9870489131950128",
            "False"
        ],
        "C106": [
            "0.982676534657545",
            "False"
        ],
        "C107": [
            "0.9898543510244365",
            "True"
        ],
        "C108": [
            "0.962138204546634",
            "False"
        ],
        "C109": [
            "0.9685572179165503",
            "True"
        ],
        "C110": [
            "0.9846972686065162",
            "False"
        ],
        "C111": [
            "0.9564628788741378",
            "False"
        ],
        "C112": [
            "0.9873140965463979",
            "True"
        ],
        "C113": [
            "0.9722258161911381",
            "False"
        ],
        "C114": [
            "0.9762081828976467",
            "True"
        ],
        "C115": [
            "0.9615731272375629",
            "False"
        ],
        "C116": [
            "0.9547692439355016",
            "False"
        ],
        "C117": [
            "0.9836153097550921",
            "False"
        ],
        "C118": [
            "0.9683750626001013",
            "True"
        ],
        "C119": [
            "0.9752800367173773",
            "True"
        ],
        "C120": [
            "0.9626845515181772",
            "False"
        ],
        "C121": [
            "0.9863455577148732",
            "False"
        ],
        "C122": [
            "0.9873554649046661",
            "False"
        ],
        "C123": [
            "0.9530033167518994",
            "False"
        ],
        "C124": [
            "0.9871774454735434",
            "True"
        ],
        "C125": [
            "0.9585250705390431",
            "False"
        ],
        "C126": [
            "0.9674455924261918",
            "False"
        ],
        "C127": [
            "0.983965326401614",
            "False"
        ],
        "C128": [
            "0.9647400958808837",
            "False"
        ]
    }
}