{
    "suspect_components": {
        "C0": [
            false,
            [
                "C12",
                "C29"
            ]
        ],
        "C1": [
            true,
            [
                "C127",
                "C80",
                "C62",
                "C9",
                "C6",
                "C18"
            ]
        ],
        "C2": [
            false,
            [
                "C65",
                "C20",
                "C77"
            ]
        ],
        "C3": [
            false,
            []
        ],
        "C4": [
            true,
            [
                "C13",
                "C99",
                "C122",
                "C18",
                "C65"
            ]
        ],
        "C5": [
            false,
            [
                "C110",
                "C91",
                "C79",
                "C65"
            ]
        ],
        "C6": [
            false,
            []
        ],
        "C7": [
            true,
            []
        ],
        "C8": [
            false,
            []
        ],
        "C9": [
            false,
            []
        ],
        "C10": [
            true,
            [
                "C9",
                "C5",
                "C74",
                "C105"
            ]
        ],
        "C11": [
            false,
            [
                "C91",
                "C64",
                "C118",
                "C98"
            ]
        ],
        "C12": [
            false,
            [
                "C54",
                "C75",
                "C112",
                "C89",
                "C43",
                "C92",
                "C104",
                "C4"
            ]
        ],
        "C13": [
            false,
            [
                "C36",
                "C72",
                "C101",
                "C108"
            ]
        ],
        "C14": [
            false,
            [
                "C80",
                "C113"
            ]
        ],
        "C15": [
            false,
            [
                "C21",
                "C49",
                "C10",
                "C120",
                "C84",
                "C20"
            ]
        ],
        "C16": [
            false,
            [
                "C28"
            ]
        ],
        "C17": [
            false,
            [
                "C27",
                "C98"
            ]
        ],
        "C18": [
            false,
            [
                "C45",
                "C95",
                "C15",
                "C30",
                "C94"
            ]
        ],
        "C19": [
            false,
            [
                "C84",
                "C5",
                "C78",
                "C61",
                "C27",
                "C86",
                "C112",
                "C18",
                "C127"
            ]
        ],
        "C20": [
            true,
            [
                "C18",
                "C110",
                "C70",
                "C123"
            ]
        ],
        "C21": [
            false,
            [
                "C99",
                "C48",
                "C25",
                "C10",
                "C58",
                "C40",
                "C63"
            ]
        ],
        "C22": [
            false,
            [
                "C117"
            ]
        ],
        "C23": [
            true,
            [
                "C120",
                "C14",
                "C41",
                "C92",
                "C78",
                "C96"
            ]
        ],
        "C24": [
            false,
            [
                "C105"
            ]
        ],
        "C25": [
            false,
            [
                "C65",
                "C74",
                "C71",
                "C97",
                "C107",
                "C72",
                "C93",
                "C46"
            ]
        ],
        "C26": [
            false,
            [
                "C78",
                "C21",
                "C58",
                "C47"
            ]
        ],
        "C27": [
            false,
            [
                "C17",
                "C22",
                "C61",
                "C113",
                "C32",
                "C69",
                "C71",
                "C126"
            ]
        ],
        "C28": [
            false,
            [
                "C40",
                "C117",
                "C83",
                "C23",
                "C68",
                "C76",
                "C78",
                "C5",
                "C1"
            ]
        ],
        "C29": [
            false,
            [
                "C79",
                "C98",
                "C86",
                "C65",
                "C103",
                "C60",
                "C39",
                "C74",
                "C128"
            ]
        ],
        "C30": [
            false,
            [
                "C4",
                "C122",
                "C62",
                "C101",
                "C107",
                "C65",
                "C120"
            ]
        ],
        "C31": [
            false,
            [
                "C115",
                "C11",
                "C82"
            ]
        ],
        "C32": [
            false,
            [
                "C70",
                "C37",
                "C89"
            ]
        ],
        "C33": [
            true,
            [
                "C25"
            ]
        ],
        "C34": [
            false,
            [
                "C116",
                "C31",
                "C108",
                "C32",
                "C114",
                "C78",
                "C113",
                "C111"
            ]
        ],
        "C35": [
            true,
            [
                "C110",
                "C108",
                "C102",
                "C14",
                "C20",
                "C30",
                "C48"
            ]
        ],
        "C36": [
            false,
            [
                "C41",
                "C97",
                "C64",
                "C32",
                "C87"
            ]
        ],
        "C37": [
            true,
            [
                "C53",
                "C28",
                "C114",
                "C111",
                "C127",
                "C3",
                "C90",
                "C107",
                "C81"
            ]
        ],
        "C38": [
            false,
            [
                "C29",
                "C6",
                "C95",
                "C111",
                "C54",
                "C106",
                "C124",
                "C11",
                "C77"
            ]
        ],
        "C39": [
            false,
            [
                "C114",
                "C122",
                "C123",
                "C28"
            ]
        ],
        "C40": [
            true,
            [
                "C8",
                "C90",
                "C115",
                "C119"
            ]
        ],
        "C41": [
            true,
            []
        ],
        "C42": [
            false,
            [
                "C93",
                "C4"
            ]
        ],
        "C43": [
            false,
            [
                "C92"
            ]
        ],
        "C44": [
            false,
            [
                "C72",
                "C65",
                "C9",
                "C82",
                "C117"
            ]
        ],
        "C45": [
            false,
            [
                "C33",
                "C94",
                "C99",
                "C55",
                "C125"
            ]
        ],
        "C46": [
            true,
            [
                "C68",
                "C91",
                "C86",
                "C121"
            ]
        ],
        "C47": [
            true,
            [
                "C104",
                "C53",
                "C61",
                "C86",
                "C69",
                "C0"
            ]
        ],
        "C48": [
            false,
            [
                "C6",
                "C87",
                "C55",
                "C2",
                "C115"
            ]
        ],
        "C49": [
            false,
            [
                "C120",
                "C33"
            ]
        ],
        "C50": [
            false,
            [
                "C36",
                "C121",
                "C99",
                "C83",
                "C127",
                "C15",
                "C69",
                "C40"
            ]
        ],
        "C51": [
            false,
            [
                "C103",
                "C5",
                "C60",
                "C104",
                "C108",
                "C7"
            ]
        ],
        "C52": [
            false,
            [
                "C118",
                "C111"
            ]
        ],
        "C53": [
            true,
            [
                "C67",
                "C44",
                "C73",
                "C50"
            ]
        ],
        "C54": [
            false,
            [
                "C11",
                "C14",
                "C123",
                "C101",
                "C26"
            ]
        ],
        "C55": [
            false,
            [
                "C90",
                "C57",
                "C122",
                "C126",
                "C119",
                "C65"
            ]
        ],
        "C56": [
            false,
            [
                "C71",
                "C125"
            ]
        ],
        "C57": [
            true,
            [
                "C107"
            ]
        ],
        "C58": [
            false,
            [
                "C16",
                "C28",
                "C99",
                "C49"
            ]
        ],
        "C59": [
            false,
            [
                "C85",
                "C5",
                "C120",
                "C44",
                "C87",
                "C45"
            ]
        ],
        "C60": [
            false,
            [
                "C9",
                "C25",
                "C99",
                "C18",
                "C89"
            ]
        ],
        "C61": [
            true,
            [
                "C121",
                "C15",
                "C122",
                "C36",
                "C53",
                "C13"
            ]
        ],
        "C62": [
            false,
            [
                "C11",
                "C5",
                "C16",
                "C50",
                "C55",
                "C78",
                "C4"
            ]
        ],
        "C63": [
            false,
            [
                "C53",
                "C122"
            ]
        ],
        "C64": [
            false,
            [
                "C59",
                "C45",
                "C110",
                "C44"
            ]
        ],
        "C65": [
            false,
            [
                "C72",
                "C25",
                "C0",
                "C23"
            ]
        ],
        "C66": [
            false,
            [
                "C90",
                "C30",
                "C44",
                "C76",
                "C107",
                "C67"
            ]
        ],
        "C67": [
            false,
            []
        ],
        "C68": [
            false,
            [
                "C17",
                "C27",
                "C39"
            ]
        ],
        "C69": [
            false,
            [
                "C118",
                "C24",
                "C67",
                "C111",
                "C91",
                "C89",
                "C21",
                "C37"
            ]
        ],
        "C70": [
            false,
            []
        ],
        "C71": [
            false,
            [
                "C59",
                "C15",
                "C94"
            ]
        ],
        "C72": [
            true,
            [
                "C98",
                "C110",
                "C64",
                "C39",
                "C55",
                "C74",
                "C48",
                "C53",
                "C123"
            ]
        ],
        "C73": [
            false,
            [
                "C40",
                "C128",
                "C76",
                "C98",
                "C62"
            ]
        ],
        "C74": [
            false,
            [
                "C122",
                "C61",
                "C78",
                "C83",
                "C13",
                "C62",
                "C2"
            ]
        ],
        "C75": [
            false,
            [
                "C114",
                "C121"
            ]
        ],
        "C76": [
            false,
            [
                "C20",
                "C116"
            ]
        ],
        "C77": [
            false,
            [
                "C52",
                "C19",
                "C102",
                "C40",
                "C91",
                "C11",
                "C84",
                "C90",
                "C50"
            ]
        ],
        "C78": [
            false,
            [
                "C108",
                "C113"
            ]
        ],
        "C79": [
            false,
            [
                "C37",
                "C71",
                "C78",
                "C62",
                "C119",
                "C36",
                "C101",
                "C118",
                "C124"
            ]
        ],
        "C80": [
            false,
            [
                "C61",
                "C68",
                "C20",
                "C43",
                "C111",
                "C113",
                "C42",
                "C124",
                "C122"
            ]
        ],
        "C81": [
            true,
            [
                "C127",
                "C98",
                "C21",
                "C13"
            ]
        ],
        "C82": [
            false,
            [
                "C4",
                "C113",
                "C97",
                "C42"
            ]
        ],
        "C83": [
            false,
            [
                "C96",
                "C97",
                "C80",
                "C46",
                "C72",
                "C25",
                "C81",
                "C124",
                "C56"
            ]
        ],
        "C84": [
            false,
            [
                "C12"
            ]
        ],
        "C85": [
            true,
            [
                "C4",
                "C73"
            ]
        ],
        "C86": [
            false,
            []
        ],
        "C87": [
            false,
            [
                "C19",
                "C2",
                "C117",
                "C26"
            ]
        ],
        "C88": [
            true,
            [
                "C17",
                "C34",
                "C71",
                "C63",
                "C116",
                "C14",
                "C46",
                "C108",
                "C93"
            ]
        ],
        "C89": [
            false,
            [
                "C25",
                "C74",
                "C101",
                "C56",
                "C91",
                "C81",
                "C7"
            ]
        ],
        "C90": [
            false,
            [
                "C53"
            ]
        ],
        "C91": [
            false,
            [
                "C53",
                "C16",
                "C20",
                "C7",
                "C29"
            ]
        ],
        "C92": [
            false,
            [
                "C77",
                "C94",
                "C101",
                "C113",
                "C57"
            ]
        ],
        "C93": [
            true,
            [
                "C56"
            ]
        ],
        "C94": [
            false,
            [
                "C14",
                "C11",
                "C16",
                "C118",
                "C70",
                "C48",
                "C23"
            ]
        ],
        "C95": [
            false,
            [
                "C92",
                "C106",
                "C7",
                "C127",
                "C59",
                "C1",
                "C47"
            ]
        ],
        "C96": [
            false,
            [
                "C113"
            ]
        ],
        "C97": [
            false,
            [
                "C116",
                "C54",
                "C60"
            ]
        ],
        "C98": [
            false,
            [
                "C123",
                "C11",
                "C21",
                "C1",
                "C25",
                "C74",
                "C43",
                "C105",
                "C40"
            ]
        ],
        "C99": [
            false,
            [
                "C40"
            ]
        ],
        "C100": [
            true,
            [
                "C66",
                "C3"
            ]
        ],
        "C101": [
            false,
            []
        ],
        "C102": [
            true,
            [
                "C19",
                "C53",
                "C97",
                "C85",
                "C69",
                "C109"
            ]
        ],
        "C103": [
            false,
            [
                "C13",
                "C43",
                "C80",
                "C21",
                "C69",
                "C63"
            ]
        ],
        "C104": [
            false,
            [
                "C10",
                "C70",
                "C120",
                "C21",
                "C16"
            ]
        ],
        "C105": [
            true,
            [
                "C7",
                "C8",
                "C77",
                "C86",
                "C13",
                "C21",
                "C80",
                "C62"
            ]
        ],
        "C106": [
            false,
            [
                "C28"
            ]
        ],
        "C107": [
            false,
            [
                "C83",
                "C104",
                "C14",
                "C38",
                "C123",
                "C103",
                "C48",
                "C70",
                "C126"
            ]
        ],
        "C108": [
            false,
            [
                "C111",
                "C106",
                "C12",
                "C83",
                "C65",
                "C128",
                "C85"
            ]
        ],
        "C109": [
            false,
            [
                "C38",
                "C81",
                "C120",
                "C89",
                "C2",
                "C69"
            ]
        ],
        "C110": [
            false,
            [
                "C45",
                "C79"
            ]
        ],
        "C111": [
            false,
            [
                "C66",
                "C14",
                "C99",
                "C67",
                "C128",
                "C106"
            ]
        ],
        "C112": [
            false,
            [
                "C125"
            ]
        ],
        "C113": [
            false,
            [
                "C66",
                "C27",
                "C40",
                "C127",
                "C29"
            ]
        ],
        "C114": [
            true,
            [
                "C24",
                "C97",
                "C14",
                "C94"
            ]
        ],
        "C115": [
            false,
            [
                "C5",
                "C19",
                "C127",
                "C84",
                "C90",
                "C125",
                "C10",
                "C43"
            ]
        ],
        "C116": [
            false,
            [
                "C125",
                "C97",
                "C83",
                "C11",
                "C67",
                "C69"
            ]
        ],
        "C117": [
            false,
            [
                "C23",
                "C76",
                "C71",
                "C35"
            ]
        ],
        "C118": [
            false,
            [
                "C66",
                "C37",
                "C103",
                "C126",
                "C4",
                "C15",
                "C88",
                "C11",
                "C16"
            ]
        ],
        "C119": [
            false,
            [
                "C31",
                "C58",
                "C112",
                "C106",
                "C45"
            ]
        ],
        "C120": [
            false,
            [
                "C64",
                "C113",
                "C11",
                "C75",
                "C36",
                "C65"
            ]
        ],
        "C121": [
            false,
            [
                "C105"
            ]
        ],
        "C122": [
            false,
            [
                "C29",
                "C75",
                "C38",
                "C1",
                "C113",
                "C97",
                "C20",
                "C112",
                "C2"
            ]
        ],
        "C123": [
            true,
            []
        ],
        "C124": [
            false,
            [
                "C19",
                "C67",
                "C56",
                "C109",
                "C92",
                "C120"
            ]
        ],
        "C125": [
            false,
            [
                "C57",
                "C119"
            ]
        ],
        "C126": [
            false,
            [
                "C105",
                "C26",
                "C12",
                "C80",
                "C64",
                "C31"
            ]
        ],
        "C127": [
            false,
            [
                "C21",
                "C82",
                "C9",
                "C7",
                "C126",
                "C110",
                "C3"
            ]
        ],
        "C128": [
            false,
            [
                "C117"
            ]
        ]
    },
    "ground_truth_fault_paths": [
        [
            "C4",
            "C85",
            "C102",
            "C35"
        ],
        [
            "C7",
            "C105",
            "C10"
        ],
        [
            "C53",
            "C102",
            "C35"
        ],
        [
            "C53",
            "C61",
            "C47"
        ],
        [
            "C123",
            "C20",
            "C35"
        ],
        [
            "C53",
            "C72"
        ],
        [
            "C53",
            "C47"
        ],
        [
            "C53",
            "C37"
        ],
        [
            "C93",
            "C88"
        ],
        [
            "C46",
            "C88"
        ],
        [
            "C123",
            "C72"
        ],
        [
            "C81",
            "C37"
        ],
        [
            "C114",
            "C37"
        ],
        [
            "C41",
            "C23"
        ],
        [
            "C1"
        ],
        [
            "C33"
        ],
        [
            "C40"
        ],
        [
            "C57"
        ],
        [
            "C100"
        ]
    ],
    "error_codes": {
        "E0": [
            "FC0",
            [
                "C35",
                "C4",
                "C1",
                "C114",
                "C121",
                "C64",
                "C45",
                "C72",
                "C94",
                "C92",
                "C116",
                "C111",
                "C26",
                "C109"
            ]
        ],
        "E1": [
            "FC1",
            [
                "C10",
                "C123",
                "C11",
                "C110",
                "C109",
                "C124",
                "C33",
                "C23",
                "C40"
            ]
        ],
        "E2": [
            "FC2",
            [
                "C35",
                "C59",
                "C76",
                "C30"
            ]
        ],
        "E3": [
            "FC3",
            [
                "C47",
                "C52",
                "C2",
                "C38",
                "C28",
                "C92"
            ]
        ],
        "E4": [
            "FC4",
            [
                "C35",
                "C115",
                "C45",
                "C93"
            ]
        ],
        "E5": [
            "FC5",
            [
                "C72",
                "C124",
                "C56",
                "C50",
                "C108",
                "C118",
                "C71",
                "C13",
                "C26",
                "C43",
                "C11"
            ]
        ],
        "E6": [
            "FC6",
            [
                "C47",
                "C68",
                "C73",
                "C119",
                "C100",
                "C7",
                "C23"
            ]
        ],
        "E7": [
            "FC7",
            [
                "C37",
                "C42",
                "C87",
                "C103"
            ]
        ],
        "E8": [
            "FC8",
            [
                "C88",
                "C15",
                "C55",
                "C106"
            ]
        ],
        "E9": [
            "FC9",
            [
                "C88",
                "C3",
                "C9"
            ]
        ],
        "E10": [
            "FC10",
            [
                "C72",
                "C91",
                "C125",
                "C9"
            ]
        ],
        "E11": [
            "FC11",
            [
                "C37",
                "C103",
                "C43"
            ]
        ],
        "E12": [
            "FC12",
            [
                "C37",
                "C12",
                "C101",
                "C61",
                "C117",
                "C15",
                "C57",
                "C95",
                "C86",
                "C90",
                "C27",
                "C81",
                "C31"
            ]
        ],
        "E13": [
            "FC13",
            [
                "C23",
                "C112",
                "C96",
                "C19",
                "C111",
                "C105",
                "C38",
                "C103"
            ]
        ],
        "E14": [
            "FC14",
            [
                "C1",
                "C101",
                "C49",
                "C98",
                "C13",
                "C33",
                "C92"
            ]
        ],
        "E15": [
            "FC15",
            [
                "C33",
                "C96",
                "C124",
                "C48",
                "C36"
            ]
        ],
        "E16": [
            "FC16",
            [
                "C40",
                "C37"
            ]
        ],
        "E17": [
            "FC17",
            [
                "C57",
                "C83",
                "C70",
                "C92"
            ]
        ],
        "E18": [
            "FC18",
            [
                "C100",
                "C5"
            ]
        ]
    },
    "sim_accuracies": {
        "C0": [
            "0.9654884131593836",
            "False"
        ],
        "C1": [
            "0.960729277437431",
            "True"
        ],
        "C2": [
            "0.9745012761471251",
            "False"
        ],
        "C3": [
            "0.9723659845592846",
            "False"
        ],
        "C4": [
            "0.9872579373309274",
            "True"
        ],
        "C5": [
            "0.9827752230180217",
            "False"
        ],
        "C6": [
            "0.9828942745800637",
            "False"
        ],
        "C7": [
            "0.9862404303698076",
            "True"
        ],
        "C8": [
            "0.9844837351318734",
            "False"
        ],
        "C9": [
            "0.9699207094047556",
            "False"
        ],
        "C10": [
            "0.9538760342649292",
            "True"
        ],
        "C11": [
            "0.9836057381438663",
            "False"
        ],
        "C12": [
            "0.9865907031893997",
            "False"
        ],
        "C13": [
            "0.9754399719502862",
            "False"
        ],
        "C14": [
            "0.9615003147399527",
            "False"
        ],
        "C15": [
            "0.9546905364855137",
            "False"
        ],
        "C16": [
            "0.9522370815224174",
            "False"
        ],
        "C17": [
            "0.9520357464670306",
            "False"
        ],
        "C18": [
            "0.9501786328664474",
            "False"
        ],
        "C19": [
            "0.9655803967483679",
            "False"
        ],
        "C20": [
            "0.9715965125837543",
            "True"
        ],
        "C21": [
            "0.9706109667680252",
            "False"
        ],
        "C22": [
            "0.9896920633197265",
            "False"
        ],
        "C23": [
            "0.9887063565737909",
            "True"
        ],
        "C24": [
            "0.9596338828956037",
            "False"
        ],
        "C25": [
            "0.9784601452217241",
            "False"
        ],
        "C26": [
            "0.9823584406942331",
            "False"
        ],
        "C27": [
            "0.9725426114295239",
            "False"
        ],
        "C28": [
            "0.9881862205348374",
            "False"
        ],
        "C29": [
            "0.9802587011473822",
            "False"
        ],
        "C30": [
            "0.9610661290379152",
            "False"
        ],
        "C31": [
            "0.9524791053608492",
            "False"
        ],
        "C32": [
            "0.9780625134146",
            "False"
        ],
        "C33": [
            "0.9625272070874398",
            "True"
        ],
        "C34": [
            "0.9760042764885928",
            "False"
        ],
        "C35": [
            "0.9665635502342319",
            "True"
        ],
        "C36": [
            "0.9783568118613011",
            "False"
        ],
        "C37": [
            "0.9743688141394593",
            "True"
        ],
        "C38": [
            "0.9841035872553976",
            "False"
        ],
        "C39": [
            "0.9751486395289001",
            "False"
        ],
        "C40": [
            "0.9855033654088232",
            "True"
        ],
        "C41": [
            "0.9653525219189881",
            "True"
        ],
        "C42": [
            "0.9726092978901275",
            "False"
        ],
        "C43": [
            "0.9839648004422312",
            "False"
        ],
        "C44": [
            "0.9597990457625122",
            "False"
        ],
        "C45": [
            "0.9649185203384812",
            "False"
        ],
        "C46": [
            "0.9818720877186402",
            "True"
        ],
        "C47": [
            "0.9613851187475482",
            "True"
        ],
        "C48": [
            "0.9686991402159862",
            "False"
        ],
        "C49": [
            "0.9744240444831631",
            "False"
        ],
        "C50": [
            "0.9520375551687039",
            "False"
        ],
        "C51": [
            "0.9832136756024396",
            "False"
        ],
        "C52": [
            "0.9625952418886353",
            "False"
        ],
        "C53": [
            "0.9721780299608216",
            "True"
        ],
        "C54": [
            "0.9597032427959695",
            "False"
        ],
        "C55": [
            "0.9605121864288717",
            "False"
        ],
        "C56": [
            "0.9505902481456066",
            "False"
        ],
        "C57": [
            "0.9695429347917002",
            "True"
        ],
        "C58": [
            "0.9711907099416702",
            "False"
        ],
        "C59": [
            "0.95094403241867",
            "False"
        ],
        "C60": [
            "0.9839504916833177",
            "False"
        ],
        "C61": [
            "0.9670181135126606",
            "True"
        ],
        "C62": [
            "0.9647331357340759",
            "False"
        ],
        "C63": [
            "0.9899114969933249",
            "False"
        ],
        "C64": [
            "0.9501753222005453",
            "False"
        ],
        "C65": [
            "0.9877619992995088",
            "False"
        ],
        "C66": [
            "0.9519106031419758",
            "False"
        ],
        "C67": [
            "0.9868452908487848",
            "False"
        ],
        "C68": [
            "0.9818029862791101",
            "False"
        ],
        "C69": [
            "0.9858842220468096",
            "False"
        ],
        "C70": [
            "0.954730736581988",
            "False"
        ],
        "C71": [
            "0.9749273587898669",
            "False"
        ],
        "C72": [
            "0.987104406044155",
            "True"
        ],
        "C73": [
            "0.9631108906613459",
            "False"
        ],
        "C74": [
            "0.9696376876021633",
            "False"
        ],
        "C75": [
            "0.9619512905127396",
            "False"
        ],
        "C76": [
            "0.9583900379845212",
            "False"
        ],
        "C77": [
            "0.9716846369230576",
            "False"
        ],
        "C78": [
            "0.9809919467569106",
            "False"
        ],
        "C79": [
            "0.9716775701292603",
            "False"
        ],
        "C80": [
            "0.9571979851975188",
            "False"
        ],
        "C81": [
            "0.9622982746435289",
            "True"
        ],
        "C82": [
            "0.9653123569965104",
            "False"
        ],
        "C83": [
            "0.9704208484782606",
            "False"
        ],
        "C84": [
            "0.9700549415723988",
            "False"
        ],
        "C85": [
            "0.9813622841246928",
            "True"
        ],
        "C86": [
            "0.9677764893066276",
            "False"
        ],
        "C87": [
            "0.9637789745076697",
            "False"
        ],
        "C88": [
            "0.9589478296589209",
            "True"
        ],
        "C89": [
            "0.9505259061963711",
            "False"
        ],
        "C90": [
            "0.9777387312471971",
            "False"
        ],
        "C91": [
            "0.9884822474528087",
            "False"
        ],
        "C92": [
            "0.9644291368344324",
            "False"
        ],
        "C93": [
            "0.9627841150290405",
            "True"
        ],
        "C94": [
            "0.9647917616064442",
            "False"
        ],
        "C95": [
            "0.9522434401861031",
            "False"
        ],
        "C96": [
            "0.9575412173061002",
            "False"
        ],
        "C97": [
            "0.9562800434985435",
            "False"
        ],
        "C98": [
            "0.9687246012927951",
            "False"
        ],
        "C99": [
            "0.9536748417618797",
            "False"
        ],
        "C100": [
            "0.9675085593917542",
            "True"
        ],
        "C101": [
            "0.9704057903510283",
            "False"
        ],
        "C102": [
            "0.9768994732978252",
            "True"
        ],
        "C103": [
            "0.9892118283434728",
            "False"
        ],
        "C104": [
            "0.9638210588733729",
            "False"
        ],
        "C105": [
            "0.9787821565155517",
            "True"
        ],
        "C106": [
            "0.9548833928132844",
            "False"
        ],
        "C107": [
            "0.9893354382710019",
            "False"
        ],
        "C108": [
            "0.9748944779474061",
            "False"
        ],
        "C109": [
            "0.9776650947691095",
            "False"
        ],
        "C110": [
            "0.9850896234901543",
            "False"
        ],
        "C111": [
            "0.9754041231474975",
            "False"
        ],
        "C112": [
            "0.9535117302873378",
            "False"
        ],
        "C113": [
            "0.9509805146929192",
            "False"
        ],
        "C114": [
            "0.9799463013090456",
            "True"
        ],
        "C115": [
            "0.9828687275318782",
            "False"
        ],
        "C116": [
            "0.9540731409571097",
            "False"
        ],
        "C117": [
            "0.9508826303386013",
            "False"
        ],
        "C118": [
            "0.9785273968983654",
            "False"
        ],
        "C119": [
            "0.9829926007995728",
            "False"
        ],
        "C120": [
            "0.9697045359785232",
            "False"
        ],
        "C121": [
            "0.9752780121341429",
            "False"
        ],
        "C122": [
            "0.9516685858301922",
            "False"
        ],
        "C123": [
            "0.9609939371749688",
            "True"
        ],
        "C124": [
            "0.9890966225784068",
            "False"
        ],
        "C125": [
            "0.9527098194751801",
            "False"
        ],
        "C126": [
            "0.9671128250898353",
            "False"
        ],
        "C127": [
            "0.9741482928139565",
            "False"
        ],
        "C128": [
            "0.9835143447556618",
            "False"
        ]
    }
}