{
    "suspect_components": {
        "C0": [
            false,
            [
                "C10",
                "C59",
                "C24",
                "C122",
                "C92",
                "C109",
                "C32"
            ]
        ],
        "C1": [
            false,
            [
                "C50",
                "C47",
                "C10",
                "C17",
                "C68"
            ]
        ],
        "C2": [
            false,
            [
                "C84",
                "C78",
                "C94"
            ]
        ],
        "C3": [
            false,
            [
                "C49",
                "C101",
                "C120",
                "C58",
                "C111",
                "C128"
            ]
        ],
        "C4": [
            true,
            [
                "C60",
                "C107",
                "C76",
                "C79",
                "C29",
                "C7"
            ]
        ],
        "C5": [
            false,
            [
                "C49",
                "C33",
                "C105",
                "C114",
                "C35",
                "C6"
            ]
        ],
        "C6": [
            false,
            [
                "C5",
                "C70",
                "C35",
                "C75",
                "C37",
                "C19"
            ]
        ],
        "C7": [
            false,
            [
                "C44"
            ]
        ],
        "C8": [
            true,
            [
                "C114",
                "C67",
                "C54",
                "C87"
            ]
        ],
        "C9": [
            false,
            []
        ],
        "C10": [
            false,
            [
                "C123",
                "C43",
                "C15",
                "C53",
                "C128",
                "C122"
            ]
        ],
        "C11": [
            false,
            [
                "C30",
                "C24"
            ]
        ],
        "C12": [
            true,
            [
                "C4",
                "C55"
            ]
        ],
        "C13": [
            false,
            [
                "C38",
                "C49",
                "C10",
                "C26",
                "C94",
                "C0",
                "C89",
                "C76"
            ]
        ],
        "C14": [
            false,
            [
                "C109",
                "C20",
                "C111",
                "C15",
                "C99",
                "C8",
                "C60"
            ]
        ],
        "C15": [
            false,
            []
        ],
        "C16": [
            false,
            [
                "C7",
                "C1",
                "C83",
                "C69"
            ]
        ],
        "C17": [
            false,
            [
                "C4",
                "C20",
                "C51",
                "C30",
                "C70",
                "C54"
            ]
        ],
        "C18": [
            false,
            [
                "C106",
                "C0",
                "C91"
            ]
        ],
        "C19": [
            false,
            [
                "C67",
                "C50",
                "C47",
                "C26",
                "C27",
                "C30",
                "C88"
            ]
        ],
        "C20": [
            true,
            [
                "C85",
                "C33",
                "C121",
                "C27"
            ]
        ],
        "C21": [
            false,
            [
                "C97",
                "C12",
                "C17",
                "C60",
                "C74",
                "C16",
                "C125",
                "C106",
                "C81"
            ]
        ],
        "C22": [
            true,
            [
                "C32",
                "C4",
                "C94",
                "C77",
                "C52",
                "C101",
                "C6",
                "C19",
                "C107"
            ]
        ],
        "C23": [
            false,
            [
                "C3",
                "C27",
                "C21",
                "C87",
                "C55",
                "C106",
                "C4",
                "C98"
            ]
        ],
        "C24": [
            false,
            [
                "C53",
                "C76",
                "C93",
                "C50"
            ]
        ],
        "C25": [
            false,
            [
                "C126",
                "C53",
                "C32",
                "C15"
            ]
        ],
        "C26": [
            false,
            []
        ],
        "C27": [
            false,
            [
                "C105",
                "C8",
                "C29",
                "C95",
                "C50",
                "C85",
                "C51",
                "C7",
                "C91"
            ]
        ],
        "C28": [
            false,
            [
                "C45",
                "C88",
                "C110"
            ]
        ],
        "C29": [
            false,
            [
                "C78",
                "C4"
            ]
        ],
        "C30": [
            false,
            [
                "C126",
                "C11",
                "C67",
                "C105"
            ]
        ],
        "C31": [
            false,
            [
                "C84",
                "C82",
                "C91",
                "C24"
            ]
        ],
        "C32": [
            false,
            [
                "C53",
                "C41",
                "C72",
                "C8",
                "C85",
                "C115"
            ]
        ],
        "C33": [
            false,
            [
                "C25",
                "C20",
                "C52",
                "C94"
            ]
        ],
        "C34": [
            false,
            [
                "C25",
                "C0",
                "C60"
            ]
        ],
        "C35": [
            false,
            [
                "C18",
                "C101",
                "C102",
                "C127",
                "C112",
                "C6",
                "C92",
                "C39"
            ]
        ],
        "C36": [
            false,
            [
                "C85"
            ]
        ],
        "C37": [
            true,
            [
                "C96",
                "C10",
                "C66",
                "C48",
                "C36",
                "C3",
                "C8",
                "C83"
            ]
        ],
        "C38": [
            true,
            [
                "C83",
                "C123",
                "C51",
                "C11",
                "C49",
                "C122",
                "C6",
                "C54"
            ]
        ],
        "C39": [
            false,
            [
                "C120",
                "C52",
                "C21",
                "C13",
                "C94",
                "C104",
                "C78"
            ]
        ],
        "C40": [
            false,
            [
                "C90",
                "C52",
                "C15",
                "C116",
                "C64",
                "C117",
                "C19",
                "C48"
            ]
        ],
        "C41": [
            true,
            [
                "C5",
                "C89",
                "C30",
                "C70"
            ]
        ],
        "C42": [
            false,
            []
        ],
        "C43": [
            true,
            [
                "C14",
                "C18",
                "C25",
                "C62",
                "C98"
            ]
        ],
        "C44": [
            true,
            [
                "C126"
            ]
        ],
        "C45": [
            true,
            []
        ],
        "C46": [
            false,
            []
        ],
        "C47": [
            false,
            []
        ],
        "C48": [
            false,
            [
                "C91",
                "C77",
                "C27",
                "C34"
            ]
        ],
        "C49": [
            false,
            [
                "C64",
                "C26",
                "C2"
            ]
        ],
        "C50": [
            false,
            [
                "C72",
                "C83",
                "C42",
                "C81",
                "C63",
                "C98",
                "C37",
                "C82",
                "C92"
            ]
        ],
        "C51": [
            true,
            [
                "C20",
                "C69",
                "C68",
                "C25",
                "C39",
                "C114"
            ]
        ],
        "C52": [
            false,
            []
        ],
        "C53": [
            false,
            [
                "C14"
            ]
        ],
        "C54": [
            false,
            [
                "C48",
                "C33",
                "C31",
                "C85",
                "C37",
                "C65",
                "C27",
                "C127",
                "C110"
            ]
        ],
        "C55": [
            false,
            [
                "C28"
            ]
        ],
        "C56": [
            false,
            [
                "C78"
            ]
        ],
        "C57": [
            true,
            [
                "C59",
                "C40",
                "C64",
                "C9",
                "C103",
                "C87",
                "C34",
                "C105"
            ]
        ],
        "C58": [
            false,
            [
                "C33"
            ]
        ],
        "C59": [
            false,
            [
                "C99"
            ]
        ],
        "C60": [
            false,
            [
                "C76",
                "C22",
                "C15",
                "C0",
                "C19",
                "C16"
            ]
        ],
        "C61": [
            false,
            [
                "C53",
                "C56"
            ]
        ],
        "C62": [
            false,
            []
        ],
        "C63": [
            false,
            [
                "C107"
            ]
        ],
        "C64": [
            false,
            [
                "C97",
                "C86",
                "C94",
                "C99",
                "C118",
                "C62",
                "C47"
            ]
        ],
        "C65": [
            false,
            [
                "C49",
                "C99",
                "C78"
            ]
        ],
        "C66": [
            false,
            [
                "C75"
            ]
        ],
        "C67": [
            false,
            [
                "C78",
                "C72",
                "C100"
            ]
        ],
        "C68": [
            false,
            [
                "C44",
                "C5"
            ]
        ],
        "C69": [
            false,
            [
                "C67",
                "C14",
                "C80",
                "C51",
                "C3",
                "C87",
                "C94"
            ]
        ],
        "C70": [
            false,
            []
        ],
        "C71": [
            false,
            [
                "C69",
                "C41",
                "C17",
                "C111",
                "C59",
                "C101",
                "C39",
                "C84",
                "C114"
            ]
        ],
        "C72": [
            false,
            [
                "C45",
                "C21",
                "C6",
                "C128",
                "C125",
                "C47",
                "C119"
            ]
        ],
        "C73": [
            true,
            [
                "C31",
                "C12",
                "C95",
                "C20"
            ]
        ],
        "C74": [
            true,
            [
                "C117",
                "C21",
                "C95",
                "C86",
                "C23"
            ]
        ],
        "C75": [
            true,
            [
                "C79",
                "C91",
                "C94",
                "C42",
                "C108",
                "C65",
                "C63",
                "C81"
            ]
        ],
        "C76": [
            true,
            [
                "C35",
                "C24"
            ]
        ],
        "C77": [
            true,
            [
                "C50",
                "C32",
                "C78",
                "C36",
                "C67",
                "C122",
                "C43"
            ]
        ],
        "C78": [
            false,
            [
                "C15",
                "C41",
                "C5",
                "C39",
                "C19",
                "C117",
                "C44",
                "C98",
                "C80"
            ]
        ],
        "C79": [
            false,
            [
                "C62"
            ]
        ],
        "C80": [
            false,
            [
                "C37",
                "C8",
                "C79",
                "C85"
            ]
        ],
        "C81": [
            false,
            [
                "C28",
                "C62",
                "C27",
                "C74",
                "C92",
                "C97",
                "C35"
            ]
        ],
        "C82": [
            false,
            [
                "C58",
                "C15",
                "C55",
                "C35",
                "C71"
            ]
        ],
        "C83": [
            false,
            [
                "C56"
            ]
        ],
        "C84": [
            false,
            []
        ],
        "C85": [
            true,
            []
        ],
        "C86": [
            false,
            [
                "C28"
            ]
        ],
        "C87": [
            false,
            [
                "C16",
                "C72",
                "C108"
            ]
        ],
        "C88": [
            false,
            [
                "C78",
                "C47",
                "C21",
                "C72"
            ]
        ],
        "C89": [
            true,
            [
                "C119",
                "C122",
                "C128"
            ]
        ],
        "C90": [
            false,
            []
        ],
        "C91": [
            false,
            [
                "C85",
                "C35",
                "C34",
                "C122",
                "C121"
            ]
        ],
        "C92": [
            false,
            []
        ],
        "C93": [
            false,
            [
                "C109",
                "C13"
            ]
        ],
        "C94": [
            false,
            [
                "C119",
                "C102",
                "C121",
                "C115"
            ]
        ],
        "C95": [
            false,
            [
                "C89",
                "C103"
            ]
        ],
        "C96": [
            true,
            [
                "C111",
                "C78",
                "C19",
                "C16",
                "C54",
                "C89",
                "C3",
                "C114",
                "C74"
            ]
        ],
        "C97": [
            true,
            [
                "C115",
                "C42",
                "C114",
                "C103",
                "C48",
                "C55",
                "C105",
                "C6",
                "C10"
            ]
        ],
        "C98": [
            true,
            [
                "C28",
                "C27",
                "C72",
                "C127",
                "C80",
                "C12",
                "C91"
            ]
        ],
        "C99": [
            false,
            [
                "C32",
                "C11"
            ]
        ],
        "C100": [
            false,
            [
                "C16"
            ]
        ],
        "C101": [
            false,
            [
                "C123",
                "C2"
            ]
        ],
        "C102": [
            false,
            [
                "C36",
                "C32",
                "C94",
                "C57"
            ]
        ],
        "C103": [
            false,
            [
                "C35",
                "C53",
                "C21"
            ]
        ],
        "C104": [
            false,
            [
                "C59",
                "C54",
                "C28",
                "C19"
            ]
        ],
        "C105": [
            false,
            [
                "C103",
                "C120",
                "C78",
                "C124",
                "C10",
                "C29"
            ]
        ],
        "C106": [
            false,
            [
                "C84"
            ]
        ],
        "C107": [
            false,
            [
                "C28"
            ]
        ],
        "C108": [
            false,
            [
                "C94"
            ]
        ],
        "C109": [
            true,
            [
                "C116",
                "C32",
                "C61",
                "C15",
                "C50",
                "C126",
                "C30"
            ]
        ],
        "C110": [
            false,
            [
                "C94",
                "C102",
                "C2",
                "C46",
                "C77"
            ]
        ],
        "C111": [
            false,
            [
                "C53",
                "C103"
            ]
        ],
        "C112": [
            false,
            [
                "C77",
                "C86"
            ]
        ],
        "C113": [
            false,
            [
                "C73",
                "C96",
                "C52",
                "C114",
                "C17",
                "C71",
                "C118",
                "C127"
            ]
        ],
        "C114": [
            false,
            [
                "C6",
                "C5",
                "C91",
                "C117",
                "C16"
            ]
        ],
        "C115": [
            false,
            [
                "C127"
            ]
        ],
        "C116": [
            false,
            [
                "C66",
                "C78",
                "C71",
                "C12",
                "C15",
                "C39",
                "C124",
                "C65"
            ]
        ],
        "C117": [
            false,
            [
                "C70",
                "C78"
            ]
        ],
        "C118": [
            true,
            [
                "C113",
                "C52",
                "C103"
            ]
        ],
        "C119": [
            false,
            [
                "C109",
                "C13",
                "C73",
                "C79",
                "C101",
                "C117"
            ]
        ],
        "C120": [
            false,
            [
                "C30"
            ]
        ],
        "C121": [
            true,
            [
                "C19",
                "C104",
                "C17",
                "C43",
                "C125",
                "C112",
                "C56",
                "C75"
            ]
        ],
        "C122": [
            false,
            [
                "C118",
                "C73",
                "C106",
                "C112",
                "C74",
                "C95",
                "C32"
            ]
        ],
        "C123": [
            false,
            [
                "C60",
                "C62",
                "C26",
                "C81",
                "C106",
                "C126",
                "C83"
            ]
        ],
        "C124": [
            false,
            [
                "C30",
                "C54",
                "C85",
                "C70"
            ]
        ],
        "C125": [
            false,
            [
                "C87",
                "C112",
                "C116",
                "C7",
                "C117"
            ]
        ],
        "C126": [
            false,
            [
                "C15",
                "C121",
                "C113",
                "C14",
                "C79",
                "C95",
                "C86",
                "C53",
                "C6"
            ]
        ],
        "C127": [
            false,
            []
        ],
        "C128": [
            false,
            [
                "C124"
            ]
        ]
    },
    "ground_truth_fault_paths": [
        [
            "C76",
            "C4",
            "C12",
            "C98",
            "C43",
            "C121",
            "C20",
            "C51",
            "C38"
        ],
        [
            "C76",
            "C4",
            "C12",
            "C98",
            "C43",
            "C121",
            "C20",
            "C73"
        ],
        [
            "C76",
            "C4",
            "C12",
            "C98",
            "C43",
            "C77",
            "C22"
        ],
        [
            "C75",
            "C121",
            "C20",
            "C51",
            "C38"
        ],
        [
            "C75",
            "C121",
            "C20",
            "C73"
        ],
        [
            "C85",
            "C20",
            "C51",
            "C38"
        ],
        [
            "C76",
            "C4",
            "C12",
            "C73"
        ],
        [
            "C74",
            "C96",
            "C37"
        ],
        [
            "C89",
            "C96",
            "C37"
        ],
        [
            "C85",
            "C20",
            "C73"
        ],
        [
            "C76",
            "C4",
            "C22"
        ],
        [
            "C89",
            "C41"
        ],
        [
            "C8",
            "C37"
        ],
        [
            "C44"
        ],
        [
            "C45"
        ],
        [
            "C57"
        ],
        [
            "C97"
        ],
        [
            "C109"
        ],
        [
            "C118"
        ]
    ],
    "error_codes": {
        "E0": [
            "FC0",
            [
                "C38",
                "C4",
                "C26",
                "C120",
                "C44",
                "C89",
                "C27"
            ]
        ],
        "E1": [
            "FC1",
            [
                "C73",
                "C121",
                "C114",
                "C32",
                "C66",
                "C13",
                "C93",
                "C87",
                "C41"
            ]
        ],
        "E2": [
            "FC2",
            [
                "C22",
                "C76",
                "C120",
                "C73",
                "C90",
                "C110",
                "C82",
                "C39",
                "C103",
                "C78"
            ]
        ],
        "E3": [
            "FC3",
            [
                "C38",
                "C69",
                "C55",
                "C112",
                "C78",
                "C39",
                "C34",
                "C6",
                "C47",
                "C32",
                "C13",
                "C70",
                "C18"
            ]
        ],
        "E4": [
            "FC4",
            [
                "C73",
                "C74",
                "C103",
                "C10",
                "C117",
                "C41",
                "C96",
                "C87"
            ]
        ],
        "E5": [
            "FC5",
            [
                "C38",
                "C15",
                "C27",
                "C71",
                "C118",
                "C107",
                "C12",
                "C105",
                "C115",
                "C59",
                "C112",
                "C43",
                "C95"
            ]
        ],
        "E6": [
            "FC6",
            [
                "C73",
                "C61"
            ]
        ],
        "E7": [
            "FC7",
            [
                "C37",
                "C30",
                "C87",
                "C99"
            ]
        ],
        "E8": [
            "FC8",
            [
                "C37",
                "C49",
                "C45",
                "C15",
                "C95",
                "C0",
                "C108",
                "C88",
                "C10",
                "C101",
                "C99",
                "C29",
                "C85"
            ]
        ],
        "E9": [
            "FC9",
            [
                "C73",
                "C64",
                "C69",
                "C89",
                "C32",
                "C55",
                "C101",
                "C67",
                "C18",
                "C26"
            ]
        ],
        "E10": [
            "FC10",
            [
                "C22",
                "C6",
                "C8",
                "C43",
                "C96",
                "C125",
                "C103",
                "C76",
                "C14",
                "C105",
                "C36",
                "C62",
                "C47"
            ]
        ],
        "E11": [
            "FC11",
            [
                "C41",
                "C92",
                "C30"
            ]
        ],
        "E12": [
            "FC12",
            [
                "C37",
                "C119",
                "C80",
                "C31",
                "C96",
                "C121",
                "C45",
                "C104",
                "C7",
                "C86",
                "C110",
                "C90",
                "C59"
            ]
        ],
        "E13": [
            "FC13",
            [
                "C44",
                "C69",
                "C54"
            ]
        ],
        "E14": [
            "FC14",
            [
                "C45",
                "C8",
                "C126",
                "C11",
                "C73",
                "C55"
            ]
        ],
        "E15": [
            "FC15",
            [
                "C57",
                "C11",
                "C116"
            ]
        ],
        "E16": [
            "FC16",
            [
                "C97",
                "C43",
                "C42",
                "C36",
                "C119",
                "C64",
                "C85",
                "C49",
                "C102"
            ]
        ],
        "E17": [
            "FC17",
            [
                "C109",
                "C75",
                "C42",
                "C101",
                "C8",
                "C21",
                "C124",
                "C100",
                "C120"
            ]
        ],
        "E18": [
            "FC18",
            [
                "C118",
                "C115",
                "C54",
                "C128",
                "C14",
                "C30",
                "C26",
                "C16",
                "C52",
                "C8",
                "C89",
                "C44"
            ]
        ]
    },
    "sim_accuracies": {
        "C0": [
            "0.9774815887016803",
            "False"
        ],
        "C1": [
            "0.9732213935704211",
            "False"
        ],
        "C2": [
            "0.987799194219076",
            "False"
        ],
        "C3": [
            "0.971185228890932",
            "False"
        ],
        "C4": [
            "0.9645643940340962",
            "True"
        ],
        "C5": [
            "0.9886020923150775",
            "False"
        ],
        "C6": [
            "0.955917835298292",
            "False"
        ],
        "C7": [
            "0.9686182890813937",
            "False"
        ],
        "C8": [
            "0.9634170198572385",
            "True"
        ],
        "C9": [
            "0.9607903734703431",
            "False"
        ],
        "C10": [
            "0.9818263016713498",
            "False"
        ],
        "C11": [
            "0.9820755368560471",
            "False"
        ],
        "C12": [
            "0.965901318387087",
            "True"
        ],
        "C13": [
            "0.9596861689177699",
            "False"
        ],
        "C14": [
            "0.9574846259546119",
            "False"
        ],
        "C15": [
            "0.9611462815255699",
            "False"
        ],
        "C16": [
            "0.9772505636839449",
            "False"
        ],
        "C17": [
            "0.9659648876037861",
            "False"
        ],
        "C18": [
            "0.9600138573079591",
            "False"
        ],
        "C19": [
            "0.9513857359524786",
            "False"
        ],
        "C20": [
            "0.9837695226400031",
            "True"
        ],
        "C21": [
            "0.9870506945058639",
            "False"
        ],
        "C22": [
            "0.9785163316635237",
            "True"
        ],
        "C23": [
            "0.9667248308971018",
            "False"
        ],
        "C24": [
            "0.9658406650197393",
            "False"
        ],
        "C25": [
            "0.9797429580588429",
            "False"
        ],
        "C26": [
            "0.9629952966067198",
            "False"
        ],
        "C27": [
            "0.9624397269278159",
            "False"
        ],
        "C28": [
            "0.9686833228425807",
            "False"
        ],
        "C29": [
            "0.9599052695025169",
            "False"
        ],
        "C30": [
            "0.9763475512230324",
            "False"
        ],
        "C31": [
            "0.9728322119917955",
            "False"
        ],
        "C32": [
            "0.9522276685036046",
            "False"
        ],
        "C33": [
            "0.9548306774759118",
            "False"
        ],
        "C34": [
            "0.9853540209823354",
            "False"
        ],
        "C35": [
            "0.9768135390820728",
            "False"
        ],
        "C36": [
            "0.953095972460885",
            "False"
        ],
        "C37": [
            "0.9654211156405976",
            "True"
        ],
        "C38": [
            "0.9831704916787947",
            "True"
        ],
        "C39": [
            "0.9803150069817285",
            "False"
        ],
        "C40": [
            "0.9624747998933735",
            "False"
        ],
        "C41": [
            "0.976775700861232",
            "True"
        ],
        "C42": [
            "0.9529144171030689",
            "False"
        ],
        "C43": [
            "0.9559526386753189",
            "True"
        ],
        "C44": [
            "0.9744286962918345",
            "True"
        ],
        "C45": [
            "0.9670906736439454",
            "True"
        ],
        "C46": [
            "0.9803137235785994",
            "False"
        ],
        "C47": [
            "0.9759677782618011",
            "False"
        ],
        "C48": [
            "0.9646697274635844",
            "False"
        ],
        "C49": [
            "0.9617501616723965",
            "False"
        ],
        "C50": [
            "0.9734800287330838",
            "False"
        ],
        "C51": [
            "0.951779954361195",
            "True"
        ],
        "C52": [
            "0.9818481428221416",
            "False"
        ],
        "C53": [
            "0.9579363612798695",
            "False"
        ],
        "C54": [
            "0.9685967421134927",
            "False"
        ],
        "C55": [
            "0.9513248232504596",
            "False"
        ],
        "C56": [
            "0.9747177999199136",
            "False"
        ],
        "C57": [
            "0.9665774603064066",
            "True"
        ],
        "C58": [
            "0.9869852411385529",
            "False"
        ],
        "C59": [
            "0.9513152925163951",
            "False"
        ],
        "C60": [
            "0.9504244161264851",
            "False"
        ],
        "C61": [
            "0.9628554694096904",
            "False"
        ],
        "C62": [
            "0.9811406361541027",
            "False"
        ],
        "C63": [
            "0.9832804790641",
            "False"
        ],
        "C64": [
            "0.9595065432635927",
            "False"
        ],
        "C65": [
            "0.9680441444568401",
            "False"
        ],
        "C66": [
            "0.9574737685860281",
            "False"
        ],
        "C67": [
            "0.9801203686816186",
            "False"
        ],
        "C68": [
            "0.965879633625611",
            "False"
        ],
        "C69": [
            "0.9607408817921941",
            "False"
        ],
        "C70": [
            "0.9630199053830392",
            "False"
        ],
        "C71": [
            "0.9896312990213915",
            "False"
        ],
        "C72": [
            "0.9658889311580686",
            "False"
        ],
        "C73": [
            "0.961764245491413",
            "True"
        ],
        "C74": [
            "0.9804012617162489",
            "True"
        ],
        "C75": [
            "0.9856032363645073",
            "True"
        ],
        "C76": [
            "0.9848929804821078",
            "True"
        ],
        "C77": [
            "0.9534011061743343",
            "True"
        ],
        "C78": [
            "0.9737265238259348",
            "False"
        ],
        "C79": [
            "0.9864565093531011",
            "False"
        ],
        "C80": [
            "0.9628090360023772",
            "False"
        ],
        "C81": [
            "0.9657167478597309",
            "False"
        ],
        "C82": [
            "0.9594127780723397",
            "False"
        ],
        "C83": [
            "0.9844588783938096",
            "False"
        ],
        "C84": [
            "0.9769315106881438",
            "False"
        ],
        "C85": [
            "0.9694087364093071",
            "True"
        ],
        "C86": [
            "0.9528513061286544",
            "False"
        ],
        "C87": [
            "0.9546143397918153",
            "False"
        ],
        "C88": [
            "0.9825690819297388",
            "False"
        ],
        "C89": [
            "0.9703472066929296",
            "True"
        ],
        "C90": [
            "0.9545621455251293",
            "False"
        ],
        "C91": [
            "0.9639056279071513",
            "False"
        ],
        "C92": [
            "0.9784569404039876",
            "False"
        ],
        "C93": [
            "0.9772627986830786",
            "False"
        ],
        "C94": [
            "0.9571418433775055",
            "False"
        ],
        "C95": [
            "0.9887015263979793",
            "False"
        ],
        "C96": [
            "0.9530871288196507",
            "True"
        ],
        "C97": [
            "0.9738741717610268",
            "True"
        ],
        "C98": [
            "0.9877653262435248",
            "True"
        ],
        "C99": [
            "0.9805103961067896",
            "False"
        ],
        "C100": [
            "0.9552296250701957",
            "False"
        ],
        "C101": [
            "0.9839234583398484",
            "False"
        ],
        "C102": [
            "0.955681285537497",
            "False"
        ],
        "C103": [
            "0.9639260426899082",
            "False"
        ],
        "C104": [
            "0.9718512416652582",
            "False"
        ],
        "C105": [
            "0.9528275583839294",
            "False"
        ],
        "C106": [
            "0.9677232016117421",
            "False"
        ],
        "C107": [
            "0.9816257270756574",
            "False"
        ],
        "C108": [
            "0.9691362729569215",
            "False"
        ],
        "C109": [
            "0.9871553863257951",
            "True"
        ],
        "C110": [
            "0.9534655518799898",
            "False"
        ],
        "C111": [
            "0.9662085763735672",
            "False"
        ],
        "C112": [
            "0.9771854455723056",
            "False"
        ],
        "C113": [
            "0.9564718586682907",
            "False"
        ],
        "C114": [
            "0.9767955566222529",
            "False"
        ],
        "C115": [
            "0.9845131930451824",
            "False"
        ],
        "C116": [
            "0.987163739014876",
            "False"
        ],
        "C117": [
            "0.9836260931255828",
            "False"
        ],
        "C118": [
            "0.985925479775148",
            "True"
        ],
        "C119": [
            "0.9708184814384163",
            "False"
        ],
        "C120": [
            "0.9845045598973604",
            "False"
        ],
        "C121": [
            "0.9594221196877949",
            "True"
        ],
        "C122": [
            "0.967315564159769",
            "False"
        ],
        "C123": [
            "0.969986045236977",
            "False"
        ],
        "C124": [
            "0.9723850417781735",
            "False"
        ],
        "C125": [
            "0.9593959951392056",
            "False"
        ],
        "C126": [
            "0.9765157003052932",
            "False"
        ],
        "C127": [
            "0.9519060434442091",
            "False"
        ],
        "C128": [
            "0.9580409025350448",
            "False"
        ]
    }
}