{
    "suspect_components": {
        "C0": [
            false,
            [
                "C9"
            ]
        ],
        "C1": [
            false,
            [
                "C2",
                "C104",
                "C30",
                "C71"
            ]
        ],
        "C2": [
            false,
            [
                "C115",
                "C53",
                "C23",
                "C87",
                "C60",
                "C30",
                "C64",
                "C61",
                "C11"
            ]
        ],
        "C3": [
            false,
            [
                "C70",
                "C42",
                "C1",
                "C125",
                "C55",
                "C105",
                "C84"
            ]
        ],
        "C4": [
            false,
            [
                "C22"
            ]
        ],
        "C5": [
            true,
            [
                "C58",
                "C71",
                "C0",
                "C109",
                "C89",
                "C91",
                "C115",
                "C42"
            ]
        ],
        "C6": [
            false,
            []
        ],
        "C7": [
            false,
            [
                "C5"
            ]
        ],
        "C8": [
            false,
            [
                "C49",
                "C44",
                "C40",
                "C59"
            ]
        ],
        "C9": [
            true,
            []
        ],
        "C10": [
            false,
            [
                "C50",
                "C53"
            ]
        ],
        "C11": [
            false,
            [
                "C33",
                "C75",
                "C117"
            ]
        ],
        "C12": [
            false,
            []
        ],
        "C13": [
            true,
            [
                "C57",
                "C34",
                "C8",
                "C30",
                "C52",
                "C93",
                "C76"
            ]
        ],
        "C14": [
            false,
            [
                "C39",
                "C16",
                "C40",
                "C121",
                "C96",
                "C1"
            ]
        ],
        "C15": [
            false,
            [
                "C95",
                "C8"
            ]
        ],
        "C16": [
            false,
            [
                "C44",
                "C107",
                "C27",
                "C21",
                "C40",
                "C54",
                "C18",
                "C39"
            ]
        ],
        "C17": [
            true,
            [
                "C27",
                "C111",
                "C58",
                "C42",
                "C68",
                "C84"
            ]
        ],
        "C18": [
            false,
            [
                "C40",
                "C55",
                "C114",
                "C108",
                "C44",
                "C113",
                "C71"
            ]
        ],
        "C19": [
            true,
            [
                "C66",
                "C54",
                "C5",
                "C50",
                "C103"
            ]
        ],
        "C20": [
            false,
            [
                "C96",
                "C119",
                "C23",
                "C29"
            ]
        ],
        "C21": [
            false,
            [
                "C13",
                "C58"
            ]
        ],
        "C22": [
            false,
            [
                "C28",
                "C122",
                "C101",
                "C34",
                "C13",
                "C46",
                "C59",
                "C32"
            ]
        ],
        "C23": [
            false,
            [
                "C12",
                "C18",
                "C61"
            ]
        ],
        "C24": [
            false,
            [
                "C21",
                "C86",
                "C23",
                "C66",
                "C85",
                "C34",
                "C45",
                "C11"
            ]
        ],
        "C25": [
            false,
            [
                "C125",
                "C52",
                "C35",
                "C56",
                "C22",
                "C37"
            ]
        ],
        "C26": [
            true,
            [
                "C113",
                "C18",
                "C108",
                "C20",
                "C82",
                "C117",
                "C42",
                "C70",
                "C86"
            ]
        ],
        "C27": [
            true,
            []
        ],
        "C28": [
            true,
            []
        ],
        "C29": [
            true,
            []
        ],
        "C30": [
            false,
            []
        ],
        "C31": [
            false,
            []
        ],
        "C32": [
            false,
            []
        ],
        "C33": [
            false,
            [
                "C82"
            ]
        ],
        "C34": [
            false,
            [
                "C20",
                "C21"
            ]
        ],
        "C35": [
            false,
            [
                "C123",
                "C25",
                "C112"
            ]
        ],
        "C36": [
            false,
            [
                "C95",
                "C14",
                "C6",
                "C38",
                "C90",
                "C80",
                "C97",
                "C29"
            ]
        ],
        "C37": [
            false,
            [
                "C74",
                "C66",
                "C40",
                "C21",
                "C122",
                "C73",
                "C125",
                "C19"
            ]
        ],
        "C38": [
            false,
            [
                "C44",
                "C73"
            ]
        ],
        "C39": [
            false,
            [
                "C10",
                "C80",
                "C97",
                "C120",
                "C111",
                "C119",
                "C6",
                "C11"
            ]
        ],
        "C40": [
            false,
            [
                "C12",
                "C0",
                "C66",
                "C62",
                "C96",
                "C88",
                "C87",
                "C22",
                "C92"
            ]
        ],
        "C41": [
            false,
            [
                "C70",
                "C38",
                "C103",
                "C96",
                "C31",
                "C60",
                "C105",
                "C68"
            ]
        ],
        "C42": [
            false,
            [
                "C58",
                "C82",
                "C94",
                "C12",
                "C93",
                "C79",
                "C43",
                "C96"
            ]
        ],
        "C43": [
            false,
            []
        ],
        "C44": [
            false,
            [
                "C10",
                "C120",
                "C13",
                "C104",
                "C53",
                "C61",
                "C105",
                "C117"
            ]
        ],
        "C45": [
            false,
            [
                "C90",
                "C4",
                "C47",
                "C32",
                "C16",
                "C15",
                "C68",
                "C12",
                "C31"
            ]
        ],
        "C46": [
            false,
            [
                "C64",
                "C31",
                "C1",
                "C66",
                "C45",
                "C121"
            ]
        ],
        "C47": [
            true,
            [
                "C63",
                "C49",
                "C96",
                "C48",
                "C16",
                "C102",
                "C68"
            ]
        ],
        "C48": [
            false,
            [
                "C39",
                "C16",
                "C36"
            ]
        ],
        "C49": [
            false,
            [
                "C75",
                "C43",
                "C78",
                "C104",
                "C76",
                "C40"
            ]
        ],
        "C50": [
            false,
            []
        ],
        "C51": [
            false,
            [
                "C107",
                "C33",
                "C94"
            ]
        ],
        "C52": [
            true,
            [
                "C110",
                "C54",
                "C26",
                "C79",
                "C64",
                "C21",
                "C118",
                "C10"
            ]
        ],
        "C53": [
            false,
            [
                "C74",
                "C99",
                "C40",
                "C90",
                "C95",
                "C10"
            ]
        ],
        "C54": [
            false,
            [
                "C103",
                "C58"
            ]
        ],
        "C55": [
            false,
            [
                "C87",
                "C47",
                "C75",
                "C49",
                "C5"
            ]
        ],
        "C56": [
            true,
            [
                "C120"
            ]
        ],
        "C57": [
            false,
            [
                "C78",
                "C105",
                "C71",
                "C74",
                "C5",
                "C27"
            ]
        ],
        "C58": [
            false,
            [
                "C61",
                "C128",
                "C45",
                "C70",
                "C84"
            ]
        ],
        "C59": [
            true,
            [
                "C119",
                "C15"
            ]
        ],
        "C60": [
            false,
            [
                "C9",
                "C74",
                "C14",
                "C61",
                "C52"
            ]
        ],
        "C61": [
            false,
            [
                "C53",
                "C90",
                "C49"
            ]
        ],
        "C62": [
            false,
            [
                "C65",
                "C80",
                "C31",
                "C101",
                "C56",
                "C36",
                "C26",
                "C23"
            ]
        ],
        "C63": [
            false,
            [
                "C116"
            ]
        ],
        "C64": [
            false,
            [
                "C119",
                "C31",
                "C12",
                "C50",
                "C61",
                "C23",
                "C126",
                "C55"
            ]
        ],
        "C65": [
            false,
            [
                "C103",
                "C82"
            ]
        ],
        "C66": [
            false,
            [
                "C10",
                "C104",
                "C8"
            ]
        ],
        "C67": [
            false,
            [
                "C21"
            ]
        ],
        "C68": [
            true,
            [
                "C127",
                "C83",
                "C99",
                "C24",
                "C118",
                "C128",
                "C104",
                "C2",
                "C47"
            ]
        ],
        "C69": [
            false,
            [
                "C6",
                "C7",
                "C27"
            ]
        ],
        "C70": [
            true,
            [
                "C106",
                "C28",
                "C32",
                "C3",
                "C62"
            ]
        ],
        "C71": [
            false,
            [
                "C85",
                "C120",
                "C127",
                "C67",
                "C72",
                "C30"
            ]
        ],
        "C72": [
            true,
            [
                "C0",
                "C54",
                "C100",
                "C94",
                "C88",
                "C34"
            ]
        ],
        "C73": [
            false,
            []
        ],
        "C74": [
            false,
            [
                "C79"
            ]
        ],
        "C75": [
            false,
            [
                "C18",
                "C31",
                "C73",
                "C27",
                "C74",
                "C57",
                "C59",
                "C101",
                "C122"
            ]
        ],
        "C76": [
            false,
            [
                "C6",
                "C35",
                "C104",
                "C49",
                "C43"
            ]
        ],
        "C77": [
            false,
            [
                "C55",
                "C37"
            ]
        ],
        "C78": [
            false,
            [
                "C61"
            ]
        ],
        "C79": [
            false,
            [
                "C70",
                "C85",
                "C86",
                "C107",
                "C19",
                "C23",
                "C65"
            ]
        ],
        "C80": [
            false,
            []
        ],
        "C81": [
            false,
            [
                "C33",
                "C104",
                "C10",
                "C93"
            ]
        ],
        "C82": [
            false,
            []
        ],
        "C83": [
            false,
            [
                "C60",
                "C126",
                "C101",
                "C109",
                "C111"
            ]
        ],
        "C84": [
            false,
            []
        ],
        "C85": [
            false,
            [
                "C24",
                "C29",
                "C32",
                "C109",
                "C4",
                "C10",
                "C49",
                "C14"
            ]
        ],
        "C86": [
            false,
            [
                "C52",
                "C92",
                "C99",
                "C101",
                "C22",
                "C6",
                "C98",
                "C39"
            ]
        ],
        "C87": [
            true,
            [
                "C18",
                "C82",
                "C54",
                "C25",
                "C44",
                "C55",
                "C65"
            ]
        ],
        "C88": [
            false,
            [
                "C91",
                "C13",
                "C110",
                "C46",
                "C111"
            ]
        ],
        "C89": [
            false,
            [
                "C27",
                "C124",
                "C108",
                "C36",
                "C53",
                "C67",
                "C74",
                "C10",
                "C29"
            ]
        ],
        "C90": [
            false,
            [
                "C77",
                "C1",
                "C114"
            ]
        ],
        "C91": [
            true,
            [
                "C87",
                "C76",
                "C60"
            ]
        ],
        "C92": [
            false,
            [
                "C34",
                "C104",
                "C11",
                "C54",
                "C59",
                "C95",
                "C31"
            ]
        ],
        "C93": [
            false,
            []
        ],
        "C94": [
            true,
            [
                "C115"
            ]
        ],
        "C95": [
            false,
            []
        ],
        "C96": [
            false,
            [
                "C12",
                "C94",
                "C16",
                "C74",
                "C73",
                "C46",
                "C4",
                "C115",
                "C65"
            ]
        ],
        "C97": [
            false,
            [
                "C42",
                "C103",
                "C107",
                "C96",
                "C75",
                "C116",
                "C22",
                "C37",
                "C93"
            ]
        ],
        "C98": [
            false,
            [
                "C63",
                "C37",
                "C84",
                "C26",
                "C75",
                "C5",
                "C128",
                "C79",
                "C49"
            ]
        ],
        "C99": [
            false,
            [
                "C48",
                "C27"
            ]
        ],
        "C100": [
            false,
            [
                "C57",
                "C75"
            ]
        ],
        "C101": [
            false,
            [
                "C110",
                "C103"
            ]
        ],
        "C102": [
            false,
            [
                "C14",
                "C104",
                "C5",
                "C121",
                "C39",
                "C101",
                "C30",
                "C117",
                "C106"
            ]
        ],
        "C103": [
            false,
            []
        ],
        "C104": [
            false,
            [
                "C44",
                "C55",
                "C79",
                "C58",
                "C56",
                "C83",
                "C92"
            ]
        ],
        "C105": [
            true,
            [
                "C35",
                "C4",
                "C72"
            ]
        ],
        "C106": [
            false,
            []
        ],
        "C107": [
            false,
            [
                "C104",
                "C30",
                "C36",
                "C111",
                "C87"
            ]
        ],
        "C108": [
            false,
            []
        ],
        "C109": [
            false,
            [
                "C37",
                "C103",
                "C91",
                "C111",
                "C68",
                "C23",
                "C97",
                "C96"
            ]
        ],
        "C110": [
            true,
            [
                "C104",
                "C18",
                "C55",
                "C3",
                "C123"
            ]
        ],
        "C111": [
            false,
            [
                "C25",
                "C37",
                "C48",
                "C80",
                "C86",
                "C30"
            ]
        ],
        "C112": [
            false,
            [
                "C49",
                "C68",
                "C102",
                "C38"
            ]
        ],
        "C113": [
            false,
            [
                "C79",
                "C69",
                "C10"
            ]
        ],
        "C114": [
            true,
            []
        ],
        "C115": [
            true,
            [
                "C122",
                "C57"
            ]
        ],
        "C116": [
            false,
            []
        ],
        "C117": [
            false,
            []
        ],
        "C118": [
            false,
            [
                "C111",
                "C100",
                "C99",
                "C16",
                "C14",
                "C29",
                "C128",
                "C51"
            ]
        ],
        "C119": [
            false,
            [
                "C20"
            ]
        ],
        "C120": [
            false,
            [
                "C85",
                "C6",
                "C12"
            ]
        ],
        "C121": [
            false,
            [
                "C96"
            ]
        ],
        "C122": [
            true,
            [
                "C14",
                "C71",
                "C20",
                "C75",
                "C18",
                "C82",
                "C13",
                "C116"
            ]
        ],
        "C123": [
            false,
            [
                "C45",
                "C50",
                "C113",
                "C105",
                "C36",
                "C12"
            ]
        ],
        "C124": [
            true,
            [
                "C56",
                "C71",
                "C69",
                "C4",
                "C126"
            ]
        ],
        "C125": [
            false,
            [
                "C113",
                "C72",
                "C100",
                "C41",
                "C14",
                "C114",
                "C35"
            ]
        ],
        "C126": [
            false,
            [
                "C105",
                "C33",
                "C35",
                "C88",
                "C4",
                "C23"
            ]
        ],
        "C127": [
            true,
            [
                "C121",
                "C98",
                "C12",
                "C41",
                "C17",
                "C67",
                "C5"
            ]
        ],
        "C128": [
            false,
            [
                "C67",
                "C17",
                "C49",
                "C50",
                "C51",
                "C116"
            ]
        ]
    },
    "ground_truth_fault_paths": [
        [
            "C28",
            "C70",
            "C26",
            "C52",
            "C13",
            "C122",
            "C115",
            "C5",
            "C127",
            "C68",
            "C47"
        ],
        [
            "C28",
            "C70",
            "C26",
            "C52",
            "C13",
            "C122",
            "C115",
            "C5",
            "C127",
            "C68",
            "C17"
        ],
        [
            "C28",
            "C70",
            "C26",
            "C52",
            "C13",
            "C122",
            "C115",
            "C94",
            "C72",
            "C105"
        ],
        [
            "C28",
            "C70",
            "C26",
            "C52",
            "C13",
            "C122",
            "C115",
            "C5",
            "C19"
        ],
        [
            "C110",
            "C52",
            "C13",
            "C122",
            "C115",
            "C5",
            "C127",
            "C68",
            "C47"
        ],
        [
            "C110",
            "C52",
            "C13",
            "C122",
            "C115",
            "C5",
            "C127",
            "C68",
            "C17"
        ],
        [
            "C110",
            "C52",
            "C13",
            "C122",
            "C115",
            "C94",
            "C72",
            "C105"
        ],
        [
            "C110",
            "C52",
            "C13",
            "C122",
            "C115",
            "C5",
            "C19"
        ],
        [
            "C87",
            "C91",
            "C5",
            "C127",
            "C68",
            "C47"
        ],
        [
            "C87",
            "C91",
            "C5",
            "C127",
            "C68",
            "C17"
        ],
        [
            "C27",
            "C17",
            "C127",
            "C68",
            "C47"
        ],
        [
            "C87",
            "C91",
            "C5",
            "C19"
        ],
        [
            "C47",
            "C68",
            "C17",
            "C127"
        ],
        [
            "C56",
            "C124"
        ],
        [
            "C9"
        ],
        [
            "C29"
        ],
        [
            "C59"
        ],
        [
            "C114"
        ]
    ],
    "error_codes": {
        "E0": [
            "FC0",
            [
                "C47",
                "C70",
                "C80",
                "C91",
                "C43"
            ]
        ],
        "E1": [
            "FC1",
            [
                "C17",
                "C122",
                "C27",
                "C119",
                "C20",
                "C118",
                "C2",
                "C52",
                "C42"
            ]
        ],
        "E2": [
            "FC2",
            [
                "C105",
                "C41",
                "C0"
            ]
        ],
        "E3": [
            "FC3",
            [
                "C19",
                "C70",
                "C52",
                "C115",
                "C81",
                "C33",
                "C119",
                "C126"
            ]
        ],
        "E4": [
            "FC4",
            [
                "C47",
                "C127",
                "C52",
                "C55",
                "C114",
                "C19",
                "C75"
            ]
        ],
        "E5": [
            "FC5",
            [
                "C17",
                "C115",
                "C110",
                "C43",
                "C82",
                "C12",
                "C36",
                "C101",
                "C75",
                "C11",
                "C24",
                "C70",
                "C72",
                "C13",
                "C60"
            ]
        ],
        "E6": [
            "FC6",
            [
                "C105",
                "C122",
                "C115",
                "C52",
                "C120",
                "C27",
                "C36",
                "C118",
                "C127",
                "C43",
                "C47"
            ]
        ],
        "E7": [
            "FC7",
            [
                "C19",
                "C41"
            ]
        ],
        "E8": [
            "FC8",
            [
                "C47",
                "C87",
                "C127",
                "C46",
                "C26",
                "C49",
                "C66",
                "C107",
                "C43",
                "C125",
                "C112",
                "C59",
                "C109"
            ]
        ],
        "E9": [
            "FC9",
            [
                "C17",
                "C62",
                "C29",
                "C45",
                "C81",
                "C104",
                "C7",
                "C86",
                "C58",
                "C115"
            ]
        ],
        "E10": [
            "FC10",
            [
                "C47",
                "C109",
                "C103",
                "C30",
                "C116",
                "C122",
                "C15",
                "C127",
                "C60"
            ]
        ],
        "E11": [
            "FC11",
            [
                "C19",
                "C91",
                "C93"
            ]
        ],
        "E12": [
            "FC12",
            [
                "C127",
                "C36",
                "C21",
                "C43",
                "C46",
                "C57",
                "C89",
                "C83"
            ]
        ],
        "E13": [
            "FC13",
            [
                "C124",
                "C40",
                "C22",
                "C100",
                "C93",
                "C3",
                "C85",
                "C114",
                "C26",
                "C67",
                "C103",
                "C38"
            ]
        ],
        "E14": [
            "FC14",
            [
                "C9",
                "C18",
                "C44",
                "C35",
                "C83",
                "C101",
                "C116",
                "C10",
                "C68",
                "C60",
                "C110",
                "C73",
                "C4"
            ]
        ],
        "E15": [
            "FC15",
            [
                "C29",
                "C32",
                "C9",
                "C84"
            ]
        ],
        "E16": [
            "FC16",
            [
                "C59",
                "C58"
            ]
        ],
        "E17": [
            "FC17",
            [
                "C114",
                "C110",
                "C64",
                "C74",
                "C33",
                "C76",
                "C86",
                "C16",
                "C21",
                "C72",
                "C88",
                "C115"
            ]
        ]
    },
    "sim_accuracies": {
        "C0": [
            "0.9750426338749207",
            "False"
        ],
        "C1": [
            "0.970301396089162",
            "False"
        ],
        "C2": [
            "0.9884971996576367",
            "False"
        ],
        "C3": [
            "0.9800469755866881",
            "False"
        ],
        "C4": [
            "0.9514319791481733",
            "False"
        ],
        "C5": [
            "0.9761933149222748",
            "True"
        ],
        "C6": [
            "0.9536666284075194",
            "False"
        ],
        "C7": [
            "0.9869459745821483",
            "False"
        ],
        "C8": [
            "0.9594112369105804",
            "False"
        ],
        "C9": [
            "0.9717587561612288",
            "True"
        ],
        "C10": [
            "0.9679031668277073",
            "False"
        ],
        "C11": [
            "0.9691040573108163",
            "False"
        ],
        "C12": [
            "0.9715708040502987",
            "False"
        ],
        "C13": [
            "0.9888843833377143",
            "True"
        ],
        "C14": [
            "0.957470441468423",
            "False"
        ],
        "C15": [
            "0.9873561744736382",
            "False"
        ],
        "C16": [
            "0.968080256663233",
            "False"
        ],
        "C17": [
            "0.9652179318011546",
            "True"
        ],
        "C18": [
            "0.9531196743141185",
            "False"
        ],
        "C19": [
            "0.9745609685967807",
            "True"
        ],
        "C20": [
            "0.978776349016374",
            "False"
        ],
        "C21": [
            "0.97654768793981",
            "False"
        ],
        "C22": [
            "0.9684562389537389",
            "False"
        ],
        "C23": [
            "0.9744172771370999",
            "False"
        ],
        "C24": [
            "0.9696988470508081",
            "False"
        ],
        "C25": [
            "0.9716790712326517",
            "False"
        ],
        "C26": [
            "0.9842809506129149",
            "True"
        ],
        "C27": [
            "0.9729837143168801",
            "True"
        ],
        "C28": [
            "0.9674585829692499",
            "True"
        ],
        "C29": [
            "0.9698890431876599",
            "True"
        ],
        "C30": [
            "0.9838204512458787",
            "False"
        ],
        "C31": [
            "0.983481800208714",
            "False"
        ],
        "C32": [
            "0.955179500675236",
            "False"
        ],
        "C33": [
            "0.9706446744730485",
            "False"
        ],
        "C34": [
            "0.9578461433928928",
            "False"
        ],
        "C35": [
            "0.989767676219274",
            "False"
        ],
        "C36": [
            "0.9515271970005417",
            "False"
        ],
        "C37": [
            "0.9757322262323321",
            "False"
        ],
        "C38": [
            "0.9627301543002017",
            "False"
        ],
        "C39": [
            "0.9709754705431027",
            "False"
        ],
        "C40": [
            "0.9659437461625187",
            "False"
        ],
        "C41": [
            "0.9574494873530681",
            "False"
        ],
        "C42": [
            "0.9750080063320413",
            "False"
        ],
        "C43": [
            "0.9594992650653961",
            "False"
        ],
        "C44": [
            "0.9520748808072512",
            "False"
        ],
        "C45": [
            "0.9607730885991514",
            "False"
        ],
        "C46": [
            "0.9511959101747185",
            "False"
        ],
        "C47": [
            "0.985788669248756",
            "True"
        ],
        "C48": [
            "0.9644142907129428",
            "False"
        ],
        "C49": [
            "0.9897789211243851",
            "False"
        ],
        "C50": [
            "0.9652375676416423",
            "False"
        ],
        "C51": [
            "0.9747815663611522",
            "False"
        ],
        "C52": [
            "0.9774244965483652",
            "True"
        ],
        "C53": [
            "0.9727677393073785",
            "False"
        ],
        "C54": [
            "0.9512253656008872",
            "False"
        ],
        "C55": [
            "0.9549930191540478",
            "False"
        ],
        "C56": [
            "0.9611838835179111",
            "True"
        ],
        "C57": [
            "0.9716708037781439",
            "False"
        ],
        "C58": [
            "0.981135163231633",
            "False"
        ],
        "C59": [
            "0.9637052595175748",
            "True"
        ],
        "C60": [
            "0.9649811721647746",
            "False"
        ],
        "C61": [
            "0.9600482294507491",
            "False"
        ],
        "C62": [
            "0.9873692344199374",
            "False"
        ],
        "C63": [
            "0.9657269345106738",
            "False"
        ],
        "C64": [
            "0.9737437967640361",
            "False"
        ],
        "C65": [
            "0.9578442898810965",
            "False"
        ],
        "C66": [
            "0.9641207971651757",
            "False"
        ],
        "C67": [
            "0.9826090632711015",
            "False"
        ],
        "C68": [
            "0.961766555066612",
            "True"
        ],
        "C69": [
            "0.9755320487161352",
            "False"
        ],
        "C70": [
            "0.975357960746181",
            "True"
        ],
        "C71": [
            "0.9553239162813203",
            "False"
        ],
        "C72": [
            "0.9713081242857458",
            "True"
        ],
        "C73": [
            "0.9730421280404159",
            "False"
        ],
        "C74": [
            "0.9607700988023087",
            "False"
        ],
        "C75": [
            "0.9656554144115175",
            "False"
        ],
        "C76": [
            "0.9846549148029676",
            "False"
        ],
        "C77": [
            "0.9846516853393927",
            "False"
        ],
        "C78": [
            "0.9577827124435252",
            "False"
        ],
        "C79": [
            "0.9884189879600757",
            "False"
        ],
        "C80": [
            "0.9869508473791464",
            "False"
        ],
        "C81": [
            "0.9873814526507564",
            "False"
        ],
        "C82": [
            "0.963607442797691",
            "False"
        ],
        "C83": [
            "0.9565768612208153",
            "False"
        ],
        "C84": [
            "0.9531842779172864",
            "False"
        ],
        "C85": [
            "0.9772211795794955",
            "False"
        ],
        "C86": [
            "0.9631152266820078",
            "False"
        ],
        "C87": [
            "0.971321610141247",
            "True"
        ],
        "C88": [
            "0.9635155176289143",
            "False"
        ],
        "C89": [
            "0.9895752456582072",
            "False"
        ],
        "C90": [
            "0.9693321136170323",
            "False"
        ],
        "C91": [
            "0.9865581539109421",
            "True"
        ],
        "C92": [
            "0.9637340269652237",
            "False"
        ],
        "C93": [
            "0.9567071732785188",
            "False"
        ],
        "C94": [
            "0.9730177471553854",
            "True"
        ],
        "C95": [
            "0.9661460563379719",
            "False"
        ],
        "C96": [
            "0.9735649693672812",
            "False"
        ],
        "C97": [
            "0.9847333719416254",
            "False"
        ],
        "C98": [
            "0.9588908172676935",
            "False"
        ],
        "C99": [
            "0.971189636769276",
            "False"
        ],
        "C100": [
            "0.9812673031349294",
            "False"
        ],
        "C101": [
            "0.9648020753569069",
            "False"
        ],
        "C102": [
            "0.9589421462596804",
            "False"
        ],
        "C103": [
            "0.989657171052569",
            "False"
        ],
        "C104": [
            "0.9701792496759327",
            "False"
        ],
        "C105": [
            "0.9723973407478974",
            "True"
        ],
        "C106": [
            "0.9656487725285385",
            "False"
        ],
        "C107": [
            "0.9646321687178788",
            "False"
        ],
        "C108": [
            "0.9880651341813269",
            "False"
        ],
        "C109": [
            "0.9695852844473526",
            "False"
        ],
        "C110": [
            "0.9605139741171178",
            "True"
        ],
        "C111": [
            "0.9654511636345318",
            "False"
        ],
        "C112": [
            "0.9840048901911631",
            "False"
        ],
        "C113": [
            "0.9629750540899135",
            "False"
        ],
        "C114": [
            "0.9743953541876201",
            "True"
        ],
        "C115": [
            "0.9802395160459781",
            "True"
        ],
        "C116": [
            "0.9809201296210596",
            "False"
        ],
        "C117": [
            "0.9614921900108045",
            "False"
        ],
        "C118": [
            "0.960468280382218",
            "False"
        ],
        "C119": [
            "0.9503040931207417",
            "False"
        ],
        "C120": [
            "0.9622647734368228",
            "False"
        ],
        "C121": [
            "0.9749272117376261",
            "False"
        ],
        "C122": [
            "0.9851100026593884",
            "True"
        ],
        "C123": [
            "0.9857546852565736",
            "False"
        ],
        "C124": [
            "0.9829731430342687",
            "True"
        ],
        "C125": [
            "0.952980385698771",
            "False"
        ],
        "C126": [
            "0.983295884762167",
            "False"
        ],
        "C127": [
            "0.9865552158597759",
            "True"
        ],
        "C128": [
            "0.9739600418461111",
            "False"
        ]
    }
}