{
    "suspect_components": {
        "C0": [
            false,
            [
                "C69",
                "C103",
                "C87",
                "C21",
                "C90",
                "C98"
            ]
        ],
        "C1": [
            true,
            [
                "C72",
                "C40",
                "C116",
                "C5",
                "C94",
                "C98"
            ]
        ],
        "C2": [
            false,
            [
                "C40",
                "C81"
            ]
        ],
        "C3": [
            false,
            [
                "C119",
                "C9",
                "C115",
                "C93"
            ]
        ],
        "C4": [
            false,
            [
                "C128",
                "C59",
                "C82",
                "C33",
                "C81",
                "C119",
                "C2",
                "C103",
                "C107"
            ]
        ],
        "C5": [
            false,
            [
                "C85",
                "C84"
            ]
        ],
        "C6": [
            false,
            [
                "C37",
                "C22",
                "C65",
                "C52",
                "C11",
                "C111",
                "C98",
                "C57"
            ]
        ],
        "C7": [
            false,
            [
                "C23",
                "C124",
                "C70",
                "C36"
            ]
        ],
        "C8": [
            false,
            [
                "C125",
                "C43",
                "C90",
                "C26",
                "C105",
                "C46",
                "C118"
            ]
        ],
        "C9": [
            false,
            [
                "C107",
                "C45",
                "C23",
                "C84",
                "C17",
                "C74",
                "C126",
                "C77"
            ]
        ],
        "C10": [
            false,
            [
                "C117",
                "C63",
                "C123",
                "C65",
                "C72"
            ]
        ],
        "C11": [
            true,
            [
                "C115",
                "C90"
            ]
        ],
        "C12": [
            false,
            [
                "C52"
            ]
        ],
        "C13": [
            false,
            [
                "C8"
            ]
        ],
        "C14": [
            true,
            [
                "C3"
            ]
        ],
        "C15": [
            false,
            [
                "C14"
            ]
        ],
        "C16": [
            true,
            []
        ],
        "C17": [
            false,
            [
                "C29",
                "C106",
                "C56",
                "C20",
                "C58",
                "C18",
                "C50"
            ]
        ],
        "C18": [
            false,
            [
                "C106",
                "C117",
                "C120",
                "C16",
                "C58"
            ]
        ],
        "C19": [
            false,
            [
                "C33",
                "C14",
                "C66"
            ]
        ],
        "C20": [
            true,
            [
                "C113",
                "C2"
            ]
        ],
        "C21": [
            true,
            [
                "C98",
                "C96",
                "C63"
            ]
        ],
        "C22": [
            false,
            [
                "C38",
                "C102",
                "C105"
            ]
        ],
        "C23": [
            false,
            [
                "C4",
                "C94"
            ]
        ],
        "C24": [
            false,
            [
                "C93",
                "C97"
            ]
        ],
        "C25": [
            false,
            [
                "C32",
                "C101"
            ]
        ],
        "C26": [
            false,
            [
                "C20",
                "C86",
                "C60",
                "C124",
                "C36"
            ]
        ],
        "C27": [
            false,
            [
                "C15",
                "C107",
                "C23",
                "C90",
                "C98",
                "C108",
                "C106",
                "C29"
            ]
        ],
        "C28": [
            false,
            [
                "C89",
                "C95"
            ]
        ],
        "C29": [
            false,
            []
        ],
        "C30": [
            false,
            [
                "C74",
                "C9"
            ]
        ],
        "C31": [
            false,
            [
                "C38",
                "C128",
                "C35",
                "C67",
                "C8",
                "C68"
            ]
        ],
        "C32": [
            false,
            [
                "C95",
                "C27"
            ]
        ],
        "C33": [
            false,
            [
                "C124",
                "C67",
                "C104",
                "C53"
            ]
        ],
        "C34": [
            false,
            [
                "C116",
                "C80",
                "C58",
                "C84"
            ]
        ],
        "C35": [
            false,
            [
                "C117",
                "C72",
                "C84"
            ]
        ],
        "C36": [
            false,
            [
                "C95",
                "C47"
            ]
        ],
        "C37": [
            true,
            [
                "C110",
                "C3",
                "C75",
                "C125",
                "C0"
            ]
        ],
        "C38": [
            false,
            [
                "C22",
                "C28",
                "C118",
                "C100",
                "C53",
                "C52",
                "C110"
            ]
        ],
        "C39": [
            false,
            [
                "C25",
                "C16",
                "C94",
                "C86",
                "C75",
                "C122"
            ]
        ],
        "C40": [
            false,
            [
                "C67",
                "C22"
            ]
        ],
        "C41": [
            false,
            [
                "C81",
                "C92"
            ]
        ],
        "C42": [
            false,
            [
                "C53",
                "C5",
                "C18",
                "C102",
                "C48"
            ]
        ],
        "C43": [
            true,
            [
                "C100",
                "C7",
                "C8",
                "C86",
                "C76",
                "C94",
                "C89"
            ]
        ],
        "C44": [
            false,
            [
                "C104"
            ]
        ],
        "C45": [
            false,
            []
        ],
        "C46": [
            false,
            [
                "C17",
                "C21",
                "C118",
                "C71",
                "C53",
                "C44",
                "C49",
                "C40",
                "C115"
            ]
        ],
        "C47": [
            false,
            [
                "C89"
            ]
        ],
        "C48": [
            false,
            [
                "C88",
                "C90",
                "C65",
                "C123",
                "C28",
                "C124",
                "C87",
                "C77",
                "C112"
            ]
        ],
        "C49": [
            false,
            []
        ],
        "C50": [
            false,
            [
                "C125"
            ]
        ],
        "C51": [
            false,
            [
                "C26",
                "C23",
                "C8",
                "C6",
                "C3",
                "C78",
                "C63",
                "C127"
            ]
        ],
        "C52": [
            false,
            []
        ],
        "C53": [
            false,
            [
                "C18",
                "C114",
                "C47",
                "C44",
                "C24",
                "C116"
            ]
        ],
        "C54": [
            true,
            [
                "C124",
                "C123",
                "C60",
                "C56"
            ]
        ],
        "C55": [
            true,
            [
                "C113",
                "C110",
                "C22",
                "C28",
                "C127",
                "C107"
            ]
        ],
        "C56": [
            false,
            [
                "C104"
            ]
        ],
        "C57": [
            false,
            [
                "C110",
                "C96",
                "C121",
                "C26",
                "C91",
                "C120",
                "C27"
            ]
        ],
        "C58": [
            false,
            [
                "C117",
                "C30",
                "C36",
                "C11",
                "C31",
                "C113",
                "C59",
                "C124"
            ]
        ],
        "C59": [
            true,
            [
                "C125",
                "C83",
                "C77",
                "C80",
                "C96"
            ]
        ],
        "C60": [
            false,
            [
                "C12"
            ]
        ],
        "C61": [
            false,
            [
                "C43",
                "C126"
            ]
        ],
        "C62": [
            false,
            [
                "C76",
                "C108",
                "C120",
                "C77",
                "C83",
                "C29",
                "C89",
                "C22",
                "C48"
            ]
        ],
        "C63": [
            true,
            [
                "C56",
                "C107",
                "C41",
                "C19",
                "C54",
                "C125"
            ]
        ],
        "C64": [
            false,
            [
                "C100",
                "C51",
                "C25",
                "C24",
                "C125",
                "C122",
                "C50",
                "C80",
                "C87"
            ]
        ],
        "C65": [
            true,
            [
                "C107",
                "C59",
                "C97",
                "C53",
                "C123"
            ]
        ],
        "C66": [
            false,
            [
                "C68",
                "C64",
                "C12",
                "C49",
                "C52",
                "C62",
                "C106",
                "C116",
                "C10"
            ]
        ],
        "C67": [
            true,
            [
                "C98",
                "C26"
            ]
        ],
        "C68": [
            false,
            [
                "C127",
                "C101",
                "C17"
            ]
        ],
        "C69": [
            false,
            []
        ],
        "C70": [
            false,
            [
                "C82",
                "C46",
                "C48"
            ]
        ],
        "C71": [
            false,
            [
                "C20",
                "C2",
                "C126"
            ]
        ],
        "C72": [
            false,
            [
                "C119",
                "C0"
            ]
        ],
        "C73": [
            false,
            [
                "C8"
            ]
        ],
        "C74": [
            false,
            [
                "C60",
                "C77",
                "C5"
            ]
        ],
        "C75": [
            false,
            [
                "C121",
                "C50",
                "C102"
            ]
        ],
        "C76": [
            false,
            [
                "C1"
            ]
        ],
        "C77": [
            false,
            [
                "C12"
            ]
        ],
        "C78": [
            true,
            [
                "C108"
            ]
        ],
        "C79": [
            false,
            [
                "C39",
                "C104"
            ]
        ],
        "C80": [
            false,
            []
        ],
        "C81": [
            false,
            [
                "C21",
                "C86",
                "C93",
                "C27",
                "C111",
                "C115",
                "C99",
                "C103"
            ]
        ],
        "C82": [
            false,
            [
                "C76",
                "C85",
                "C28",
                "C55",
                "C69",
                "C87",
                "C35"
            ]
        ],
        "C83": [
            false,
            [
                "C56",
                "C34",
                "C53",
                "C117",
                "C114",
                "C107",
                "C42"
            ]
        ],
        "C84": [
            false,
            [
                "C102",
                "C44",
                "C31",
                "C71",
                "C98",
                "C30"
            ]
        ],
        "C85": [
            false,
            [
                "C5"
            ]
        ],
        "C86": [
            false,
            [
                "C87",
                "C2",
                "C45",
                "C89",
                "C117",
                "C43"
            ]
        ],
        "C87": [
            false,
            [
                "C108",
                "C118",
                "C120",
                "C73",
                "C84",
                "C107"
            ]
        ],
        "C88": [
            false,
            [
                "C105",
                "C0",
                "C63",
                "C52",
                "C111"
            ]
        ],
        "C89": [
            false,
            [
                "C64",
                "C55",
                "C113"
            ]
        ],
        "C90": [
            false,
            [
                "C95",
                "C42",
                "C59",
                "C49",
                "C108",
                "C115",
                "C23",
                "C114",
                "C72"
            ]
        ],
        "C91": [
            true,
            [
                "C1",
                "C58",
                "C56",
                "C86",
                "C125"
            ]
        ],
        "C92": [
            false,
            [
                "C126"
            ]
        ],
        "C93": [
            true,
            [
                "C37",
                "C105",
                "C96",
                "C24",
                "C100",
                "C72",
                "C97"
            ]
        ],
        "C94": [
            false,
            [
                "C46",
                "C15"
            ]
        ],
        "C95": [
            false,
            [
                "C107",
                "C28",
                "C90",
                "C128",
                "C8"
            ]
        ],
        "C96": [
            false,
            [
                "C126",
                "C93",
                "C37"
            ]
        ],
        "C97": [
            false,
            [
                "C14",
                "C59",
                "C53"
            ]
        ],
        "C98": [
            false,
            [
                "C24"
            ]
        ],
        "C99": [
            false,
            []
        ],
        "C100": [
            true,
            [
                "C98",
                "C64"
            ]
        ],
        "C101": [
            false,
            [
                "C27",
                "C123",
                "C94"
            ]
        ],
        "C102": [
            true,
            [
                "C36",
                "C89",
                "C46",
                "C41",
                "C17",
                "C29",
                "C68",
                "C13"
            ]
        ],
        "C103": [
            true,
            []
        ],
        "C104": [
            false,
            [
                "C92",
                "C37"
            ]
        ],
        "C105": [
            false,
            []
        ],
        "C106": [
            true,
            [
                "C68",
                "C49",
                "C73",
                "C111",
                "C69",
                "C31",
                "C103"
            ]
        ],
        "C107": [
            false,
            [
                "C65",
                "C32",
                "C91",
                "C101",
                "C55",
                "C113",
                "C118",
                "C60"
            ]
        ],
        "C108": [
            false,
            [
                "C5",
                "C90",
                "C43",
                "C87",
                "C1",
                "C104",
                "C89",
                "C101"
            ]
        ],
        "C109": [
            true,
            [
                "C97",
                "C80",
                "C29",
                "C4",
                "C32",
                "C74",
                "C113",
                "C43"
            ]
        ],
        "C110": [
            false,
            [
                "C42",
                "C56",
                "C115"
            ]
        ],
        "C111": [
            false,
            [
                "C108",
                "C59",
                "C14",
                "C100",
                "C34",
                "C16",
                "C54"
            ]
        ],
        "C112": [
            true,
            [
                "C93",
                "C84"
            ]
        ],
        "C113": [
            false,
            [
                "C116"
            ]
        ],
        "C114": [
            false,
            []
        ],
        "C115": [
            false,
            [
                "C31",
                "C92",
                "C55",
                "C16",
                "C99",
                "C74",
                "C49",
                "C118",
                "C15"
            ]
        ],
        "C116": [
            true,
            [
                "C91",
                "C6",
                "C120",
                "C13",
                "C7",
                "C65",
                "C17",
                "C83"
            ]
        ],
        "C117": [
            false,
            [
                "C47",
                "C36",
                "C24",
                "C107",
                "C49",
                "C25",
                "C2"
            ]
        ],
        "C118": [
            false,
            [
                "C31",
                "C6"
            ]
        ],
        "C119": [
            false,
            [
                "C88",
                "C22"
            ]
        ],
        "C120": [
            true,
            [
                "C81",
                "C41",
                "C58",
                "C121",
                "C25",
                "C93",
                "C66",
                "C110"
            ]
        ],
        "C121": [
            false,
            [
                "C69",
                "C46",
                "C123",
                "C40",
                "C20",
                "C115",
                "C39"
            ]
        ],
        "C122": [
            false,
            [
                "C11",
                "C118",
                "C84",
                "C56",
                "C42"
            ]
        ],
        "C123": [
            false,
            []
        ],
        "C124": [
            false,
            [
                "C20",
                "C80",
                "C56",
                "C120",
                "C53",
                "C68",
                "C12",
                "C30"
            ]
        ],
        "C125": [
            false,
            [
                "C59",
                "C91",
                "C118"
            ]
        ],
        "C126": [
            false,
            [
                "C105",
                "C84",
                "C53",
                "C107"
            ]
        ],
        "C127": [
            true,
            [
                "C40",
                "C12",
                "C87",
                "C62",
                "C9"
            ]
        ],
        "C128": [
            false,
            [
                "C11",
                "C68",
                "C85",
                "C3",
                "C72"
            ]
        ]
    },
    "ground_truth_fault_paths": [
        [
            "C100",
            "C93",
            "C120",
            "C116",
            "C1",
            "C91"
        ],
        [
            "C37",
            "C93",
            "C120",
            "C116",
            "C1",
            "C91"
        ],
        [
            "C59",
            "C65",
            "C116",
            "C1",
            "C91"
        ],
        [
            "C91",
            "C116",
            "C1"
        ],
        [
            "C100",
            "C93",
            "C112"
        ],
        [
            "C100",
            "C43",
            "C109"
        ],
        [
            "C37",
            "C93",
            "C112"
        ],
        [
            "C1",
            "C91",
            "C116"
        ],
        [
            "C54",
            "C63",
            "C21"
        ],
        [
            "C103",
            "C106"
        ],
        [
            "C127",
            "C55"
        ],
        [
            "C11"
        ],
        [
            "C14"
        ],
        [
            "C16"
        ],
        [
            "C20"
        ],
        [
            "C67"
        ],
        [
            "C78"
        ],
        [
            "C102"
        ]
    ],
    "error_codes": {
        "E0": [
            "FC0",
            [
                "C91",
                "C100",
                "C40",
                "C53",
                "C12",
                "C81",
                "C113",
                "C92",
                "C80",
                "C16",
                "C33",
                "C19"
            ]
        ],
        "E1": [
            "FC1",
            [
                "C91",
                "C102",
                "C39",
                "C10",
                "C43",
                "C92",
                "C74",
                "C41",
                "C11",
                "C4"
            ]
        ],
        "E2": [
            "FC2",
            [
                "C91",
                "C87",
                "C5"
            ]
        ],
        "E3": [
            "FC3",
            [
                "C1",
                "C128",
                "C8",
                "C22",
                "C87",
                "C101",
                "C21",
                "C103",
                "C64"
            ]
        ],
        "E4": [
            "FC4",
            [
                "C112",
                "C30",
                "C52",
                "C20",
                "C70",
                "C128",
                "C9",
                "C51",
                "C33",
                "C37",
                "C31",
                "C72"
            ]
        ],
        "E5": [
            "FC5",
            [
                "C109",
                "C124",
                "C20",
                "C8"
            ]
        ],
        "E6": [
            "FC6",
            [
                "C112",
                "C72",
                "C108",
                "C64",
                "C37",
                "C85",
                "C27",
                "C98",
                "C54",
                "C25"
            ]
        ],
        "E7": [
            "FC7",
            [
                "C116",
                "C75"
            ]
        ],
        "E8": [
            "FC8",
            [
                "C21",
                "C88",
                "C97",
                "C67",
                "C46",
                "C49",
                "C45",
                "C79"
            ]
        ],
        "E9": [
            "FC9",
            [
                "C106",
                "C94",
                "C64",
                "C82",
                "C65",
                "C22",
                "C20",
                "C53",
                "C86",
                "C75",
                "C78",
                "C47",
                "C113"
            ]
        ],
        "E10": [
            "FC10",
            [
                "C55",
                "C102",
                "C28",
                "C62"
            ]
        ],
        "E11": [
            "FC11",
            [
                "C11",
                "C78",
                "C51",
                "C90"
            ]
        ],
        "E12": [
            "FC12",
            [
                "C14",
                "C128",
                "C95",
                "C28",
                "C15",
                "C23",
                "C116",
                "C120",
                "C16",
                "C31",
                "C71"
            ]
        ],
        "E13": [
            "FC13",
            [
                "C16",
                "C114",
                "C36",
                "C101",
                "C80",
                "C120",
                "C48",
                "C127"
            ]
        ],
        "E14": [
            "FC14",
            [
                "C20",
                "C26",
                "C122",
                "C124"
            ]
        ],
        "E15": [
            "FC15",
            [
                "C67",
                "C63",
                "C89",
                "C92",
                "C2",
                "C70",
                "C57",
                "C97",
                "C73",
                "C110",
                "C103",
                "C9"
            ]
        ],
        "E16": [
            "FC16",
            [
                "C78",
                "C122",
                "C1"
            ]
        ],
        "E17": [
            "FC17",
            [
                "C102",
                "C97",
                "C96",
                "C108",
                "C46",
                "C39",
                "C63",
                "C68",
                "C106",
                "C32",
                "C115"
            ]
        ]
    },
    "sim_accuracies": {
        "C0": [
            "0.9738191542366889",
            "False"
        ],
        "C1": [
            "0.9632464996330967",
            "True"
        ],
        "C2": [
            "0.9784187453163797",
            "False"
        ],
        "C3": [
            "0.960500384924657",
            "False"
        ],
        "C4": [
            "0.951051654101452",
            "False"
        ],
        "C5": [
            "0.9795179009660238",
            "False"
        ],
        "C6": [
            "0.9894061654462053",
            "False"
        ],
        "C7": [
            "0.9698738303032685",
            "False"
        ],
        "C8": [
            "0.9794670499704252",
            "False"
        ],
        "C9": [
            "0.9860733466229643",
            "False"
        ],
        "C10": [
            "0.9719939708515948",
            "False"
        ],
        "C11": [
            "0.9720200559205703",
            "True"
        ],
        "C12": [
            "0.9837258469811991",
            "False"
        ],
        "C13": [
            "0.9858665098883032",
            "False"
        ],
        "C14": [
            "0.9861407666634299",
            "True"
        ],
        "C15": [
            "0.9666373255529953",
            "False"
        ],
        "C16": [
            "0.9782311859738432",
            "True"
        ],
        "C17": [
            "0.95026546287853",
            "False"
        ],
        "C18": [
            "0.9583304904723038",
            "False"
        ],
        "C19": [
            "0.953225145527047",
            "False"
        ],
        "C20": [
            "0.9670673779018931",
            "True"
        ],
        "C21": [
            "0.9698058851185393",
            "True"
        ],
        "C22": [
            "0.9807958390952728",
            "False"
        ],
        "C23": [
            "0.9888666243633077",
            "False"
        ],
        "C24": [
            "0.9542004191983983",
            "False"
        ],
        "C25": [
            "0.9666905303948463",
            "False"
        ],
        "C26": [
            "0.9600170474032305",
            "False"
        ],
        "C27": [
            "0.9643212587547266",
            "False"
        ],
        "C28": [
            "0.9608337092645983",
            "False"
        ],
        "C29": [
            "0.9671137578982564",
            "False"
        ],
        "C30": [
            "0.9574755584633312",
            "False"
        ],
        "C31": [
            "0.9883799568419293",
            "False"
        ],
        "C32": [
            "0.9763016618857318",
            "False"
        ],
        "C33": [
            "0.9526903158028962",
            "False"
        ],
        "C34": [
            "0.9876158562702616",
            "False"
        ],
        "C35": [
            "0.9738276258109916",
            "False"
        ],
        "C36": [
            "0.9772578229549107",
            "False"
        ],
        "C37": [
            "0.9812002203031263",
            "True"
        ],
        "C38": [
            "0.9605337331118002",
            "False"
        ],
        "C39": [
            "0.9793020689780113",
            "False"
        ],
        "C40": [
            "0.9612927140933968",
            "False"
        ],
        "C41": [
            "0.9522490644270134",
            "False"
        ],
        "C42": [
            "0.9709484317960984",
            "False"
        ],
        "C43": [
            "0.9540303014098795",
            "True"
        ],
        "C44": [
            "0.962450268239846",
            "False"
        ],
        "C45": [
            "0.9705644735170781",
            "False"
        ],
        "C46": [
            "0.9583132128493134",
            "False"
        ],
        "C47": [
            "0.9880605863969117",
            "False"
        ],
        "C48": [
            "0.9887628889732556",
            "False"
        ],
        "C49": [
            "0.967029209759622",
            "False"
        ],
        "C50": [
            "0.9561925317926799",
            "False"
        ],
        "C51": [
            "0.9706481748774229",
            "False"
        ],
        "C52": [
            "0.9548154673633934",
            "False"
        ],
        "C53": [
            "0.955594716209229",
            "False"
        ],
        "C54": [
            "0.975738851811552",
            "True"
        ],
        "C55": [
            "0.9750690539697628",
            "True"
        ],
        "C56": [
            "0.9708393165436682",
            "False"
        ],
        "C57": [
            "0.9523630674169188",
            "False"
        ],
        "C58": [
            "0.9587250991890721",
            "False"
        ],
        "C59": [
            "0.977310447097597",
            "True"
        ],
        "C60": [
            "0.9613380062172856",
            "False"
        ],
        "C61": [
            "0.966577225836829",
            "False"
        ],
        "C62": [
            "0.9587643357971088",
            "False"
        ],
        "C63": [
            "0.989218278670108",
            "True"
        ],
        "C64": [
            "0.9622763217861984",
            "False"
        ],
        "C65": [
            "0.9638956612930369",
            "True"
        ],
        "C66": [
            "0.9605780138586865",
            "False"
        ],
        "C67": [
            "0.9580904371504482",
            "True"
        ],
        "C68": [
            "0.9699485888822286",
            "False"
        ],
        "C69": [
            "0.9873277552160331",
            "False"
        ],
        "C70": [
            "0.9502950904879447",
            "False"
        ],
        "C71": [
            "0.9604383471771263",
            "False"
        ],
        "C72": [
            "0.981226211756859",
            "False"
        ],
        "C73": [
            "0.9534712151802349",
            "False"
        ],
        "C74": [
            "0.9508580533280446",
            "False"
        ],
        "C75": [
            "0.9646147484321362",
            "False"
        ],
        "C76": [
            "0.9889343148200531",
            "False"
        ],
        "C77": [
            "0.9738728401811432",
            "False"
        ],
        "C78": [
            "0.9843028738169285",
            "True"
        ],
        "C79": [
            "0.9798559421159306",
            "False"
        ],
        "C80": [
            "0.9871623227567049",
            "False"
        ],
        "C81": [
            "0.9810082206707079",
            "False"
        ],
        "C82": [
            "0.9707892008927296",
            "False"
        ],
        "C83": [
            "0.9877411549302613",
            "False"
        ],
        "C84": [
            "0.9804926300879945",
            "False"
        ],
        "C85": [
            "0.9547533696146224",
            "False"
        ],
        "C86": [
            "0.9733099401895426",
            "False"
        ],
        "C87": [
            "0.9732512026974046",
            "False"
        ],
        "C88": [
            "0.9628443744624047",
            "False"
        ],
        "C89": [
            "0.966498080556055",
            "False"
        ],
        "C90": [
            "0.9801449976832299",
            "False"
        ],
        "C91": [
            "0.9870861391868255",
            "True"
        ],
        "C92": [
            "0.9522838778672227",
            "False"
        ],
        "C93": [
            "0.9612633901251638",
            "True"
        ],
        "C94": [
            "0.9645881423555076",
            "False"
        ],
        "C95": [
            "0.9637824626659075",
            "False"
        ],
        "C96": [
            "0.9867510591805783",
            "False"
        ],
        "C97": [
            "0.9724549658297653",
            "False"
        ],
        "C98": [
            "0.9765805105359224",
            "False"
        ],
        "C99": [
            "0.9808596753056195",
            "False"
        ],
        "C100": [
            "0.9677798146698581",
            "True"
        ],
        "C101": [
            "0.9839396852496635",
            "False"
        ],
        "C102": [
            "0.9685500296310436",
            "True"
        ],
        "C103": [
            "0.9735053916466837",
            "True"
        ],
        "C104": [
            "0.9716323020257813",
            "False"
        ],
        "C105": [
            "0.9880795947798151",
            "False"
        ],
        "C106": [
            "0.9803799006640711",
            "True"
        ],
        "C107": [
            "0.9618183277363715",
            "False"
        ],
        "C108": [
            "0.9669471741159938",
            "False"
        ],
        "C109": [
            "0.9540284577520963",
            "True"
        ],
        "C110": [
            "0.9571112848989574",
            "False"
        ],
        "C111": [
            "0.9898743395170871",
            "False"
        ],
        "C112": [
            "0.9661925443902549",
            "True"
        ],
        "C113": [
            "0.9898629532279285",
            "False"
        ],
        "C114": [
            "0.9883483138902613",
            "False"
        ],
        "C115": [
            "0.9672888303087053",
            "False"
        ],
        "C116": [
            "0.966482006135858",
            "True"
        ],
        "C117": [
            "0.9523363226914527",
            "False"
        ],
        "C118": [
            "0.9840842955233509",
            "False"
        ],
        "C119": [
            "0.9740400995902049",
            "False"
        ],
        "C120": [
            "0.9576990500273366",
            "True"
        ],
        "C121": [
            "0.9778612018788573",
            "False"
        ],
        "C122": [
            "0.9594164268347023",
            "False"
        ],
        "C123": [
            "0.9506268472044817",
            "False"
        ],
        "C124": [
            "0.9519737137188972",
            "False"
        ],
        "C125": [
            "0.9709685045858002",
            "False"
        ],
        "C126": [
            "0.9525967960922466",
            "False"
        ],
        "C127": [
            "0.950317126255826",
            "True"
        ],
        "C128": [
            "0.9587631155198851",
            "False"
        ]
    }
}