{
    "suspect_components": {
        "C0": [
            false,
            [
                "C126",
                "C38",
                "C123",
                "C99",
                "C77"
            ]
        ],
        "C1": [
            true,
            [
                "C26"
            ]
        ],
        "C2": [
            false,
            [
                "C32",
                "C47",
                "C99",
                "C29",
                "C50",
                "C100"
            ]
        ],
        "C3": [
            false,
            [
                "C66",
                "C59"
            ]
        ],
        "C4": [
            false,
            [
                "C30",
                "C21",
                "C118",
                "C50"
            ]
        ],
        "C5": [
            false,
            [
                "C81",
                "C58",
                "C38",
                "C92",
                "C78",
                "C68",
                "C7",
                "C85",
                "C98"
            ]
        ],
        "C6": [
            false,
            [
                "C35",
                "C22",
                "C46"
            ]
        ],
        "C7": [
            false,
            [
                "C5",
                "C2",
                "C100",
                "C35",
                "C109",
                "C107",
                "C24"
            ]
        ],
        "C8": [
            false,
            []
        ],
        "C9": [
            false,
            [
                "C76",
                "C120",
                "C107",
                "C125",
                "C126",
                "C98",
                "C40",
                "C105"
            ]
        ],
        "C10": [
            false,
            [
                "C74",
                "C55",
                "C59",
                "C50",
                "C87",
                "C39",
                "C81"
            ]
        ],
        "C11": [
            false,
            [
                "C14",
                "C78",
                "C101",
                "C41",
                "C91",
                "C42",
                "C90",
                "C82"
            ]
        ],
        "C12": [
            false,
            [
                "C7",
                "C63",
                "C28",
                "C83",
                "C56",
                "C85",
                "C55",
                "C16"
            ]
        ],
        "C13": [
            true,
            [
                "C18",
                "C54",
                "C91"
            ]
        ],
        "C14": [
            false,
            [
                "C17",
                "C77"
            ]
        ],
        "C15": [
            false,
            [
                "C85",
                "C123",
                "C86",
                "C19",
                "C115",
                "C68",
                "C60",
                "C16"
            ]
        ],
        "C16": [
            false,
            [
                "C47",
                "C105",
                "C32",
                "C20",
                "C114",
                "C63",
                "C26",
                "C76",
                "C93"
            ]
        ],
        "C17": [
            false,
            [
                "C46",
                "C109",
                "C94",
                "C77",
                "C47",
                "C82",
                "C108"
            ]
        ],
        "C18": [
            false,
            [
                "C0",
                "C30",
                "C67",
                "C102",
                "C26",
                "C108"
            ]
        ],
        "C19": [
            false,
            []
        ],
        "C20": [
            false,
            [
                "C29",
                "C4",
                "C124",
                "C76",
                "C86",
                "C40",
                "C90",
                "C77"
            ]
        ],
        "C21": [
            true,
            [
                "C103",
                "C30",
                "C84",
                "C10",
                "C92",
                "C83",
                "C28",
                "C23"
            ]
        ],
        "C22": [
            false,
            []
        ],
        "C23": [
            false,
            [
                "C4",
                "C49",
                "C3",
                "C102",
                "C29",
                "C88",
                "C75",
                "C122"
            ]
        ],
        "C24": [
            false,
            [
                "C15"
            ]
        ],
        "C25": [
            false,
            [
                "C118",
                "C119",
                "C15",
                "C63",
                "C26"
            ]
        ],
        "C26": [
            false,
            [
                "C28",
                "C22",
                "C79"
            ]
        ],
        "C27": [
            false,
            [
                "C116",
                "C19"
            ]
        ],
        "C28": [
            true,
            []
        ],
        "C29": [
            false,
            []
        ],
        "C30": [
            true,
            [
                "C107",
                "C98",
                "C110"
            ]
        ],
        "C31": [
            false,
            []
        ],
        "C32": [
            false,
            [
                "C53",
                "C38",
                "C120",
                "C16",
                "C89",
                "C69"
            ]
        ],
        "C33": [
            false,
            [
                "C109",
                "C15",
                "C100",
                "C86",
                "C82"
            ]
        ],
        "C34": [
            false,
            [
                "C27",
                "C84",
                "C45",
                "C68",
                "C46",
                "C121",
                "C80",
                "C15",
                "C7"
            ]
        ],
        "C35": [
            true,
            [
                "C96"
            ]
        ],
        "C36": [
            false,
            [
                "C86"
            ]
        ],
        "C37": [
            false,
            [
                "C100",
                "C65",
                "C71"
            ]
        ],
        "C38": [
            false,
            [
                "C16",
                "C97",
                "C42"
            ]
        ],
        "C39": [
            false,
            [
                "C3",
                "C6",
                "C63"
            ]
        ],
        "C40": [
            false,
            []
        ],
        "C41": [
            true,
            []
        ],
        "C42": [
            false,
            [
                "C89",
                "C43",
                "C11",
                "C40"
            ]
        ],
        "C43": [
            false,
            [
                "C80",
                "C0",
                "C96"
            ]
        ],
        "C44": [
            true,
            [
                "C58",
                "C17",
                "C22",
                "C74",
                "C103",
                "C50",
                "C105",
                "C126"
            ]
        ],
        "C45": [
            false,
            [
                "C65",
                "C67",
                "C70",
                "C16",
                "C38",
                "C28"
            ]
        ],
        "C46": [
            false,
            [
                "C17",
                "C123",
                "C13",
                "C97",
                "C37",
                "C36",
                "C28",
                "C127",
                "C78"
            ]
        ],
        "C47": [
            false,
            [
                "C105",
                "C0"
            ]
        ],
        "C48": [
            false,
            [
                "C38",
                "C3",
                "C1"
            ]
        ],
        "C49": [
            false,
            [
                "C5",
                "C40",
                "C29"
            ]
        ],
        "C50": [
            false,
            [
                "C79",
                "C34",
                "C90",
                "C39",
                "C63"
            ]
        ],
        "C51": [
            false,
            [
                "C26",
                "C28",
                "C36",
                "C29",
                "C8",
                "C85",
                "C126",
                "C3",
                "C21"
            ]
        ],
        "C52": [
            false,
            [
                "C66",
                "C71"
            ]
        ],
        "C53": [
            false,
            [
                "C50",
                "C101"
            ]
        ],
        "C54": [
            false,
            []
        ],
        "C55": [
            false,
            [
                "C81",
                "C106"
            ]
        ],
        "C56": [
            true,
            [
                "C60",
                "C45",
                "C43",
                "C31",
                "C115",
                "C26",
                "C42"
            ]
        ],
        "C57": [
            false,
            [
                "C47",
                "C13",
                "C82"
            ]
        ],
        "C58": [
            false,
            [
                "C78",
                "C0",
                "C49",
                "C71",
                "C96"
            ]
        ],
        "C59": [
            true,
            [
                "C106",
                "C27",
                "C71",
                "C14",
                "C55",
                "C7",
                "C100",
                "C104"
            ]
        ],
        "C60": [
            false,
            [
                "C101",
                "C50",
                "C5",
                "C6",
                "C9"
            ]
        ],
        "C61": [
            false,
            [
                "C123",
                "C81",
                "C84"
            ]
        ],
        "C62": [
            false,
            [
                "C115",
                "C98",
                "C20",
                "C59",
                "C68",
                "C46"
            ]
        ],
        "C63": [
            false,
            [
                "C33",
                "C59",
                "C49",
                "C70",
                "C69",
                "C60",
                "C5",
                "C64"
            ]
        ],
        "C64": [
            false,
            [
                "C23",
                "C78",
                "C44",
                "C124",
                "C34",
                "C2",
                "C88"
            ]
        ],
        "C65": [
            false,
            [
                "C49"
            ]
        ],
        "C66": [
            false,
            [
                "C91",
                "C72",
                "C25",
                "C74",
                "C28",
                "C108",
                "C30",
                "C22",
                "C20"
            ]
        ],
        "C67": [
            false,
            [
                "C65",
                "C37"
            ]
        ],
        "C68": [
            false,
            [
                "C105",
                "C23",
                "C101",
                "C44",
                "C61"
            ]
        ],
        "C69": [
            false,
            [
                "C103",
                "C107"
            ]
        ],
        "C70": [
            false,
            [
                "C94",
                "C22"
            ]
        ],
        "C71": [
            false,
            [
                "C119",
                "C122",
                "C36"
            ]
        ],
        "C72": [
            true,
            [
                "C101",
                "C1",
                "C90",
                "C92",
                "C91",
                "C2",
                "C52"
            ]
        ],
        "C73": [
            true,
            [
                "C3"
            ]
        ],
        "C74": [
            true,
            [
                "C68",
                "C79",
                "C104"
            ]
        ],
        "C75": [
            false,
            [
                "C68",
                "C55",
                "C14",
                "C115",
                "C72",
                "C128",
                "C44",
                "C12",
                "C121"
            ]
        ],
        "C76": [
            false,
            [
                "C128",
                "C19",
                "C37",
                "C119",
                "C0",
                "C17"
            ]
        ],
        "C77": [
            false,
            [
                "C37",
                "C103"
            ]
        ],
        "C78": [
            false,
            [
                "C90",
                "C22",
                "C13",
                "C107",
                "C43",
                "C77",
                "C36",
                "C6",
                "C94"
            ]
        ],
        "C79": [
            false,
            [
                "C5",
                "C51"
            ]
        ],
        "C80": [
            false,
            []
        ],
        "C81": [
            true,
            [
                "C86",
                "C124",
                "C26",
                "C37",
                "C127",
                "C90"
            ]
        ],
        "C82": [
            false,
            [
                "C55",
                "C73",
                "C5"
            ]
        ],
        "C83": [
            true,
            [
                "C4",
                "C18",
                "C50",
                "C111",
                "C14",
                "C78",
                "C75",
                "C126"
            ]
        ],
        "C84": [
            true,
            [
                "C33",
                "C30",
                "C70",
                "C45"
            ]
        ],
        "C85": [
            false,
            [
                "C67",
                "C46",
                "C116",
                "C25",
                "C7"
            ]
        ],
        "C86": [
            false,
            [
                "C81",
                "C117",
                "C100",
                "C45"
            ]
        ],
        "C87": [
            false,
            [
                "C109",
                "C40"
            ]
        ],
        "C88": [
            false,
            [
                "C76",
                "C121",
                "C4",
                "C123",
                "C39"
            ]
        ],
        "C89": [
            false,
            [
                "C120"
            ]
        ],
        "C90": [
            false,
            [
                "C93",
                "C14",
                "C57",
                "C11",
                "C67",
                "C68"
            ]
        ],
        "C91": [
            true,
            [
                "C22",
                "C119",
                "C76"
            ]
        ],
        "C92": [
            true,
            []
        ],
        "C93": [
            true,
            [
                "C63",
                "C92",
                "C12",
                "C122",
                "C0",
                "C10"
            ]
        ],
        "C94": [
            true,
            [
                "C113",
                "C73",
                "C15",
                "C119",
                "C62",
                "C61",
                "C124",
                "C55",
                "C83"
            ]
        ],
        "C95": [
            false,
            [
                "C6"
            ]
        ],
        "C96": [
            false,
            [
                "C1",
                "C51",
                "C53",
                "C22",
                "C106",
                "C61",
                "C82",
                "C16",
                "C65"
            ]
        ],
        "C97": [
            false,
            [
                "C62",
                "C100",
                "C96",
                "C99",
                "C59",
                "C17"
            ]
        ],
        "C98": [
            false,
            [
                "C12",
                "C10",
                "C30",
                "C128",
                "C0",
                "C122",
                "C59",
                "C41"
            ]
        ],
        "C99": [
            false,
            [
                "C90"
            ]
        ],
        "C100": [
            false,
            [
                "C69"
            ]
        ],
        "C101": [
            false,
            [
                "C125"
            ]
        ],
        "C102": [
            false,
            [
                "C71",
                "C100",
                "C8"
            ]
        ],
        "C103": [
            false,
            [
                "C22",
                "C116",
                "C124",
                "C80",
                "C74",
                "C93",
                "C4"
            ]
        ],
        "C104": [
            false,
            [
                "C92",
                "C101",
                "C128",
                "C109",
                "C6",
                "C75",
                "C125"
            ]
        ],
        "C105": [
            false,
            [
                "C13",
                "C14",
                "C22",
                "C48",
                "C92",
                "C113",
                "C117"
            ]
        ],
        "C106": [
            false,
            [
                "C23"
            ]
        ],
        "C107": [
            false,
            [
                "C47",
                "C16",
                "C30"
            ]
        ],
        "C108": [
            false,
            [
                "C14",
                "C83",
                "C75",
                "C99",
                "C96",
                "C27",
                "C66"
            ]
        ],
        "C109": [
            false,
            [
                "C116",
                "C50",
                "C35",
                "C100",
                "C68",
                "C23",
                "C57"
            ]
        ],
        "C110": [
            true,
            [
                "C95",
                "C32",
                "C90"
            ]
        ],
        "C111": [
            true,
            [
                "C14",
                "C7",
                "C89",
                "C74"
            ]
        ],
        "C112": [
            true,
            [
                "C59",
                "C7",
                "C79",
                "C34",
                "C27"
            ]
        ],
        "C113": [
            false,
            [
                "C61",
                "C21",
                "C107",
                "C104"
            ]
        ],
        "C114": [
            false,
            [
                "C29",
                "C65",
                "C6",
                "C50",
                "C101"
            ]
        ],
        "C115": [
            false,
            [
                "C11",
                "C35",
                "C23",
                "C110"
            ]
        ],
        "C116": [
            false,
            [
                "C124",
                "C55",
                "C54",
                "C47",
                "C97",
                "C40",
                "C31",
                "C4"
            ]
        ],
        "C117": [
            false,
            []
        ],
        "C118": [
            true,
            [
                "C86",
                "C68",
                "C121"
            ]
        ],
        "C119": [
            false,
            [
                "C30",
                "C84"
            ]
        ],
        "C120": [
            true,
            [
                "C25",
                "C82",
                "C44",
                "C26",
                "C49"
            ]
        ],
        "C121": [
            false,
            [
                "C36",
                "C54",
                "C7",
                "C20",
                "C118",
                "C101"
            ]
        ],
        "C122": [
            false,
            []
        ],
        "C123": [
            false,
            [
                "C110",
                "C22",
                "C32",
                "C70",
                "C12",
                "C79",
                "C66"
            ]
        ],
        "C124": [
            false,
            [
                "C85"
            ]
        ],
        "C125": [
            false,
            [
                "C34",
                "C15",
                "C120",
                "C39",
                "C123",
                "C75"
            ]
        ],
        "C126": [
            true,
            [
                "C71",
                "C14",
                "C30",
                "C44",
                "C98",
                "C108",
                "C46",
                "C58",
                "C97"
            ]
        ],
        "C127": [
            false,
            [
                "C64",
                "C14",
                "C106",
                "C94",
                "C104",
                "C9",
                "C7"
            ]
        ],
        "C128": [
            false,
            [
                "C45",
                "C87"
            ]
        ]
    },
    "ground_truth_fault_paths": [
        [
            "C74",
            "C44",
            "C126",
            "C83",
            "C94"
        ],
        [
            "C74",
            "C44",
            "C126",
            "C83",
            "C21"
        ],
        [
            "C110",
            "C30",
            "C126",
            "C83",
            "C94"
        ],
        [
            "C110",
            "C30",
            "C126",
            "C83",
            "C21"
        ],
        [
            "C110",
            "C30",
            "C126",
            "C44",
            "C120"
        ],
        [
            "C74",
            "C111",
            "C83",
            "C94"
        ],
        [
            "C74",
            "C111",
            "C83",
            "C21"
        ],
        [
            "C110",
            "C30",
            "C84",
            "C21"
        ],
        [
            "C74",
            "C44",
            "C120"
        ],
        [
            "C110",
            "C30",
            "C21"
        ],
        [
            "C59",
            "C112"
        ],
        [
            "C73",
            "C94"
        ],
        [
            "C92",
            "C93"
        ],
        [
            "C92",
            "C72"
        ],
        [
            "C92",
            "C21"
        ],
        [
            "C91",
            "C72"
        ],
        [
            "C91",
            "C13"
        ],
        [
            "C1",
            "C72"
        ],
        [
            "C28",
            "C21"
        ],
        [
            "C35"
        ],
        [
            "C41"
        ],
        [
            "C56"
        ],
        [
            "C81"
        ],
        [
            "C118"
        ]
    ],
    "error_codes": {
        "E0": [
            "FC0",
            [
                "C94",
                "C74",
                "C76",
                "C49",
                "C88",
                "C95"
            ]
        ],
        "E1": [
            "FC1",
            [
                "C21",
                "C30",
                "C121",
                "C99",
                "C15",
                "C122"
            ]
        ],
        "E2": [
            "FC2",
            [
                "C94",
                "C83",
                "C62",
                "C107",
                "C31",
                "C91",
                "C47",
                "C11",
                "C78",
                "C96"
            ]
        ],
        "E3": [
            "FC3",
            [
                "C21",
                "C125",
                "C113",
                "C119",
                "C65",
                "C26"
            ]
        ],
        "E4": [
            "FC4",
            [
                "C120",
                "C126",
                "C50",
                "C55",
                "C77",
                "C76",
                "C31",
                "C9",
                "C22"
            ]
        ],
        "E5": [
            "FC5",
            [
                "C94",
                "C7",
                "C45",
                "C16",
                "C77",
                "C51",
                "C66",
                "C37",
                "C13",
                "C113"
            ]
        ],
        "E6": [
            "FC6",
            [
                "C21",
                "C74",
                "C85",
                "C92"
            ]
        ],
        "E7": [
            "FC7",
            [
                "C21",
                "C30",
                "C88"
            ]
        ],
        "E8": [
            "FC8",
            [
                "C120",
                "C80",
                "C34",
                "C43",
                "C116",
                "C20",
                "C35",
                "C107"
            ]
        ],
        "E9": [
            "FC9",
            [
                "C21",
                "C4",
                "C118",
                "C95",
                "C9",
                "C13",
                "C99",
                "C117",
                "C1",
                "C60",
                "C52",
                "C2"
            ]
        ],
        "E10": [
            "FC10",
            [
                "C112",
                "C117",
                "C60",
                "C50",
                "C32",
                "C123",
                "C20",
                "C113"
            ]
        ],
        "E11": [
            "FC11",
            [
                "C94",
                "C50",
                "C86",
                "C46"
            ]
        ],
        "E12": [
            "FC12",
            [
                "C93",
                "C27",
                "C91",
                "C24",
                "C48",
                "C110",
                "C43",
                "C127",
                "C25",
                "C6"
            ]
        ],
        "E13": [
            "FC13",
            [
                "C72",
                "C45"
            ]
        ],
        "E14": [
            "FC14",
            [
                "C21",
                "C120",
                "C115",
                "C4",
                "C68"
            ]
        ],
        "E15": [
            "FC15",
            [
                "C72",
                "C17",
                "C53",
                "C74",
                "C90"
            ]
        ],
        "E16": [
            "FC16",
            [
                "C13",
                "C94",
                "C16",
                "C104",
                "C52",
                "C62",
                "C45",
                "C113",
                "C29",
                "C10",
                "C118",
                "C82",
                "C67"
            ]
        ],
        "E17": [
            "FC17",
            [
                "C72",
                "C19",
                "C29",
                "C3",
                "C23",
                "C104",
                "C111",
                "C2",
                "C27",
                "C30",
                "C39",
                "C28",
                "C76"
            ]
        ],
        "E18": [
            "FC18",
            [
                "C21",
                "C25",
                "C68",
                "C60",
                "C75",
                "C8",
                "C27",
                "C23",
                "C86"
            ]
        ],
        "E19": [
            "FC19",
            [
                "C35",
                "C72",
                "C7",
                "C51",
                "C50",
                "C87",
                "C108",
                "C14",
                "C15",
                "C117",
                "C10",
                "C84"
            ]
        ],
        "E20": [
            "FC20",
            [
                "C41",
                "C52",
                "C4",
                "C109",
                "C34",
                "C125",
                "C114"
            ]
        ],
        "E21": [
            "FC21",
            [
                "C56",
                "C107",
                "C105"
            ]
        ],
        "E22": [
            "FC22",
            [
                "C81",
                "C50",
                "C15",
                "C28",
                "C113",
                "C126",
                "C108",
                "C45",
                "C103",
                "C13"
            ]
        ],
        "E23": [
            "FC23",
            [
                "C118",
                "C64",
                "C37",
                "C122",
                "C78",
                "C94",
                "C62",
                "C120",
                "C95",
                "C102",
                "C106"
            ]
        ]
    },
    "sim_accuracies": {
        "C0": [
            "0.9719990250961138",
            "False"
        ],
        "C1": [
            "0.965845290067038",
            "True"
        ],
        "C2": [
            "0.9870201720857062",
            "False"
        ],
        "C3": [
            "0.9523315780486991",
            "False"
        ],
        "C4": [
            "0.9661081414233924",
            "False"
        ],
        "C5": [
            "0.9557770489337002",
            "False"
        ],
        "C6": [
            "0.9828630500351622",
            "False"
        ],
        "C7": [
            "0.9507579157671052",
            "False"
        ],
        "C8": [
            "0.9547439469247109",
            "False"
        ],
        "C9": [
            "0.9746870266285579",
            "False"
        ],
        "C10": [
            "0.9649398766624593",
            "False"
        ],
        "C11": [
            "0.9714540298798079",
            "False"
        ],
        "C12": [
            "0.9791327392795877",
            "False"
        ],
        "C13": [
            "0.9587413740282547",
            "True"
        ],
        "C14": [
            "0.9594874346925557",
            "False"
        ],
        "C15": [
            "0.9636611598882362",
            "False"
        ],
        "C16": [
            "0.9510905131568054",
            "False"
        ],
        "C17": [
            "0.9585995326769281",
            "False"
        ],
        "C18": [
            "0.9653682355265082",
            "False"
        ],
        "C19": [
            "0.9515625175934327",
            "False"
        ],
        "C20": [
            "0.9571875056107487",
            "False"
        ],
        "C21": [
            "0.9707797517979018",
            "True"
        ],
        "C22": [
            "0.9625372753523849",
            "False"
        ],
        "C23": [
            "0.9524156454827188",
            "False"
        ],
        "C24": [
            "0.9722194960333412",
            "False"
        ],
        "C25": [
            "0.9895081601381802",
            "False"
        ],
        "C26": [
            "0.9771397770759401",
            "False"
        ],
        "C27": [
            "0.9811079990291983",
            "False"
        ],
        "C28": [
            "0.9532176935692234",
            "True"
        ],
        "C29": [
            "0.9890453494846021",
            "False"
        ],
        "C30": [
            "0.9706451239138876",
            "True"
        ],
        "C31": [
            "0.9831253772817936",
            "False"
        ],
        "C32": [
            "0.9748319482644526",
            "False"
        ],
        "C33": [
            "0.9697458407859315",
            "False"
        ],
        "C34": [
            "0.98109983744454",
            "False"
        ],
        "C35": [
            "0.9876343552673231",
            "True"
        ],
        "C36": [
            "0.9599043147060987",
            "False"
        ],
        "C37": [
            "0.9679160907369838",
            "False"
        ],
        "C38": [
            "0.9875312667650151",
            "False"
        ],
        "C39": [
            "0.9867746416178421",
            "False"
        ],
        "C40": [
            "0.9599623810338271",
            "False"
        ],
        "C41": [
            "0.9531520083720016",
            "True"
        ],
        "C42": [
            "0.9871938352802797",
            "False"
        ],
        "C43": [
            "0.9548065056538977",
            "False"
        ],
        "C44": [
            "0.9512139903376001",
            "True"
        ],
        "C45": [
            "0.9615743121282303",
            "False"
        ],
        "C46": [
            "0.9641339030371051",
            "False"
        ],
        "C47": [
            "0.9876267229251096",
            "False"
        ],
        "C48": [
            "0.9685878584846769",
            "False"
        ],
        "C49": [
            "0.9765000889014949",
            "False"
        ],
        "C50": [
            "0.959977407166531",
            "False"
        ],
        "C51": [
            "0.9543620118992423",
            "False"
        ],
        "C52": [
            "0.950402001691541",
            "False"
        ],
        "C53": [
            "0.969962612457157",
            "False"
        ],
        "C54": [
            "0.9509007450455046",
            "False"
        ],
        "C55": [
            "0.9717572108142906",
            "False"
        ],
        "C56": [
            "0.9650277245641478",
            "True"
        ],
        "C57": [
            "0.9887439573672197",
            "False"
        ],
        "C58": [
            "0.9700316152317466",
            "False"
        ],
        "C59": [
            "0.9533119681540143",
            "True"
        ],
        "C60": [
            "0.980517026883087",
            "False"
        ],
        "C61": [
            "0.9508146372838376",
            "False"
        ],
        "C62": [
            "0.9808683927245492",
            "False"
        ],
        "C63": [
            "0.9806019303700982",
            "False"
        ],
        "C64": [
            "0.9880455955328394",
            "False"
        ],
        "C65": [
            "0.9821016180186033",
            "False"
        ],
        "C66": [
            "0.9632187487623269",
            "False"
        ],
        "C67": [
            "0.9675346066940052",
            "False"
        ],
        "C68": [
            "0.9852672935893418",
            "False"
        ],
        "C69": [
            "0.9885629668174751",
            "False"
        ],
        "C70": [
            "0.9568983216385581",
            "False"
        ],
        "C71": [
            "0.9533366348911511",
            "False"
        ],
        "C72": [
            "0.9741819197887884",
            "True"
        ],
        "C73": [
            "0.9712612702582297",
            "True"
        ],
        "C74": [
            "0.9623735242424302",
            "True"
        ],
        "C75": [
            "0.9596960344624853",
            "False"
        ],
        "C76": [
            "0.9654815695024669",
            "False"
        ],
        "C77": [
            "0.9780136734730819",
            "False"
        ],
        "C78": [
            "0.98866788223274",
            "False"
        ],
        "C79": [
            "0.9576053225703474",
            "False"
        ],
        "C80": [
            "0.9640161089781824",
            "False"
        ],
        "C81": [
            "0.9643249618408465",
            "True"
        ],
        "C82": [
            "0.971786628561326",
            "False"
        ],
        "C83": [
            "0.9558618996411836",
            "True"
        ],
        "C84": [
            "0.9577928332382749",
            "True"
        ],
        "C85": [
            "0.971018538138371",
            "False"
        ],
        "C86": [
            "0.9561135718651639",
            "False"
        ],
        "C87": [
            "0.9709908964988746",
            "False"
        ],
        "C88": [
            "0.9829572689554635",
            "False"
        ],
        "C89": [
            "0.9843027230470719",
            "False"
        ],
        "C90": [
            "0.9703813905512906",
            "False"
        ],
        "C91": [
            "0.9679161359014214",
            "True"
        ],
        "C92": [
            "0.9882001617362528",
            "True"
        ],
        "C93": [
            "0.9567422904556029",
            "True"
        ],
        "C94": [
            "0.9847530639800923",
            "True"
        ],
        "C95": [
            "0.9653955063732971",
            "False"
        ],
        "C96": [
            "0.9594840575981337",
            "False"
        ],
        "C97": [
            "0.9532969240575764",
            "False"
        ],
        "C98": [
            "0.9786406922654673",
            "False"
        ],
        "C99": [
            "0.9812763223797064",
            "False"
        ],
        "C100": [
            "0.9899932967849666",
            "False"
        ],
        "C101": [
            "0.9635575797556019",
            "False"
        ],
        "C102": [
            "0.9500789303013014",
            "False"
        ],
        "C103": [
            "0.962418561140691",
            "False"
        ],
        "C104": [
            "0.9844868062921263",
            "False"
        ],
        "C105": [
            "0.9790949573946418",
            "False"
        ],
        "C106": [
            "0.9866099529891613",
            "False"
        ],
        "C107": [
            "0.9637387847729646",
            "False"
        ],
        "C108": [
            "0.9846541690498909",
            "False"
        ],
        "C109": [
            "0.9627012895888661",
            "False"
        ],
        "C110": [
            "0.980235121600827",
            "True"
        ],
        "C111": [
            "0.9634655243119209",
            "True"
        ],
        "C112": [
            "0.9656377877337152",
            "True"
        ],
        "C113": [
            "0.987825088633937",
            "False"
        ],
        "C114": [
            "0.9875719737087109",
            "False"
        ],
        "C115": [
            "0.9819780685387445",
            "False"
        ],
        "C116": [
            "0.9520637439266938",
            "False"
        ],
        "C117": [
            "0.9714335340381485",
            "False"
        ],
        "C118": [
            "0.9656748827385905",
            "True"
        ],
        "C119": [
            "0.9831291169543717",
            "False"
        ],
        "C120": [
            "0.963997629539213",
            "True"
        ],
        "C121": [
            "0.9835512626011313",
            "False"
        ],
        "C122": [
            "0.9691809012843757",
            "False"
        ],
        "C123": [
            "0.9556869077075477",
            "False"
        ],
        "C124": [
            "0.9731706212471607",
            "False"
        ],
        "C125": [
            "0.9828566383205243",
            "False"
        ],
        "C126": [
            "0.9739135058371473",
            "True"
        ],
        "C127": [
            "0.9558851069341043",
            "False"
        ],
        "C128": [
            "0.9817826620773689",
            "False"
        ]
    }
}