{
    "suspect_components": {
        "C0": [
            false,
            [
                "C79",
                "C71",
                "C125",
                "C25"
            ]
        ],
        "C1": [
            false,
            [
                "C34",
                "C76",
                "C113"
            ]
        ],
        "C2": [
            true,
            [
                "C68",
                "C106",
                "C22",
                "C48",
                "C113"
            ]
        ],
        "C3": [
            false,
            [
                "C104",
                "C124",
                "C95"
            ]
        ],
        "C4": [
            true,
            []
        ],
        "C5": [
            false,
            [
                "C40",
                "C16",
                "C79",
                "C103",
                "C34",
                "C7",
                "C44",
                "C49"
            ]
        ],
        "C6": [
            true,
            [
                "C14",
                "C63",
                "C8"
            ]
        ],
        "C7": [
            false,
            [
                "C12",
                "C92",
                "C50",
                "C70",
                "C94",
                "C118",
                "C101"
            ]
        ],
        "C8": [
            false,
            [
                "C7"
            ]
        ],
        "C9": [
            true,
            [
                "C95",
                "C125",
                "C114"
            ]
        ],
        "C10": [
            false,
            [
                "C121",
                "C89"
            ]
        ],
        "C11": [
            false,
            [
                "C41",
                "C66",
                "C23",
                "C72",
                "C7"
            ]
        ],
        "C12": [
            false,
            [
                "C41",
                "C54",
                "C56",
                "C57",
                "C52",
                "C68"
            ]
        ],
        "C13": [
            false,
            [
                "C5",
                "C2",
                "C121",
                "C33",
                "C44",
                "C57"
            ]
        ],
        "C14": [
            false,
            [
                "C78",
                "C70",
                "C108",
                "C96"
            ]
        ],
        "C15": [
            false,
            [
                "C117",
                "C64",
                "C55",
                "C119",
                "C77"
            ]
        ],
        "C16": [
            false,
            [
                "C101",
                "C26",
                "C1",
                "C95",
                "C72",
                "C76",
                "C27",
                "C123"
            ]
        ],
        "C17": [
            false,
            [
                "C86"
            ]
        ],
        "C18": [
            true,
            [
                "C83",
                "C70",
                "C66",
                "C76"
            ]
        ],
        "C19": [
            false,
            [
                "C38",
                "C61",
                "C14"
            ]
        ],
        "C20": [
            false,
            [
                "C103",
                "C81",
                "C35",
                "C6",
                "C127",
                "C75",
                "C66",
                "C107",
                "C99"
            ]
        ],
        "C21": [
            false,
            []
        ],
        "C22": [
            true,
            [
                "C48",
                "C87",
                "C56",
                "C121",
                "C91",
                "C76",
                "C43",
                "C46",
                "C75"
            ]
        ],
        "C23": [
            false,
            [
                "C120"
            ]
        ],
        "C24": [
            false,
            [
                "C66",
                "C46"
            ]
        ],
        "C25": [
            false,
            [
                "C22",
                "C56",
                "C90",
                "C57",
                "C78"
            ]
        ],
        "C26": [
            false,
            [
                "C84",
                "C95",
                "C66",
                "C75",
                "C118",
                "C30"
            ]
        ],
        "C27": [
            false,
            [
                "C13",
                "C18",
                "C120",
                "C49",
                "C128",
                "C30",
                "C97"
            ]
        ],
        "C28": [
            false,
            [
                "C76",
                "C105",
                "C13",
                "C38",
                "C35",
                "C51",
                "C87",
                "C104"
            ]
        ],
        "C29": [
            false,
            [
                "C117",
                "C36",
                "C80",
                "C46",
                "C20",
                "C124",
                "C85",
                "C45",
                "C14"
            ]
        ],
        "C30": [
            true,
            []
        ],
        "C31": [
            false,
            [
                "C70",
                "C53",
                "C43",
                "C40",
                "C125",
                "C22",
                "C33"
            ]
        ],
        "C32": [
            false,
            [
                "C111",
                "C109",
                "C103",
                "C122",
                "C98",
                "C1",
                "C9",
                "C51",
                "C95"
            ]
        ],
        "C33": [
            false,
            []
        ],
        "C34": [
            true,
            [
                "C48",
                "C4",
                "C1",
                "C63",
                "C57"
            ]
        ],
        "C35": [
            true,
            [
                "C79",
                "C33",
                "C26",
                "C98",
                "C128"
            ]
        ],
        "C36": [
            false,
            [
                "C78",
                "C42",
                "C16",
                "C11",
                "C76",
                "C74",
                "C116",
                "C86",
                "C111"
            ]
        ],
        "C37": [
            false,
            [
                "C87",
                "C125"
            ]
        ],
        "C38": [
            false,
            [
                "C48",
                "C42",
                "C103",
                "C4",
                "C58"
            ]
        ],
        "C39": [
            false,
            [
                "C33",
                "C54",
                "C5"
            ]
        ],
        "C40": [
            false,
            [
                "C43",
                "C31",
                "C93",
                "C9",
                "C96",
                "C65",
                "C12",
                "C27",
                "C5"
            ]
        ],
        "C41": [
            false,
            []
        ],
        "C42": [
            true,
            [
                "C106"
            ]
        ],
        "C43": [
            true,
            [
                "C97",
                "C31",
                "C64",
                "C121",
                "C39",
                "C52",
                "C2"
            ]
        ],
        "C44": [
            false,
            [
                "C107",
                "C25",
                "C69",
                "C35"
            ]
        ],
        "C45": [
            false,
            [
                "C26",
                "C30",
                "C72",
                "C29",
                "C27",
                "C127"
            ]
        ],
        "C46": [
            false,
            [
                "C51",
                "C67",
                "C91"
            ]
        ],
        "C47": [
            true,
            [
                "C75",
                "C41",
                "C10",
                "C127",
                "C53",
                "C123"
            ]
        ],
        "C48": [
            false,
            [
                "C60",
                "C0",
                "C3",
                "C22",
                "C28"
            ]
        ],
        "C49": [
            false,
            [
                "C126",
                "C38",
                "C23",
                "C19",
                "C25",
                "C65",
                "C59",
                "C116",
                "C75"
            ]
        ],
        "C50": [
            true,
            [
                "C118",
                "C12",
                "C25",
                "C44"
            ]
        ],
        "C51": [
            true,
            []
        ],
        "C52": [
            false,
            [
                "C92",
                "C80",
                "C109",
                "C29"
            ]
        ],
        "C53": [
            false,
            [
                "C11"
            ]
        ],
        "C54": [
            false,
            []
        ],
        "C55": [
            false,
            [
                "C43",
                "C84"
            ]
        ],
        "C56": [
            false,
            [
                "C112",
                "C68",
                "C23",
                "C95",
                "C87"
            ]
        ],
        "C57": [
            false,
            [
                "C29",
                "C102"
            ]
        ],
        "C58": [
            false,
            [
                "C116",
                "C69",
                "C98",
                "C122",
                "C107",
                "C42"
            ]
        ],
        "C59": [
            false,
            [
                "C33"
            ]
        ],
        "C60": [
            true,
            []
        ],
        "C61": [
            false,
            [
                "C26",
                "C106"
            ]
        ],
        "C62": [
            false,
            [
                "C123",
                "C112",
                "C46",
                "C97",
                "C91",
                "C7",
                "C33",
                "C124",
                "C28"
            ]
        ],
        "C63": [
            false,
            [
                "C112",
                "C11",
                "C16",
                "C66",
                "C80",
                "C3"
            ]
        ],
        "C64": [
            false,
            [
                "C57",
                "C86",
                "C24",
                "C110",
                "C63",
                "C123",
                "C88",
                "C98"
            ]
        ],
        "C65": [
            false,
            [
                "C13",
                "C2"
            ]
        ],
        "C66": [
            false,
            [
                "C120",
                "C126"
            ]
        ],
        "C67": [
            false,
            [
                "C19",
                "C125"
            ]
        ],
        "C68": [
            false,
            [
                "C61",
                "C84",
                "C71",
                "C12",
                "C57"
            ]
        ],
        "C69": [
            false,
            [
                "C96",
                "C103",
                "C60",
                "C20",
                "C117",
                "C113",
                "C114",
                "C22"
            ]
        ],
        "C70": [
            false,
            [
                "C114",
                "C80",
                "C30",
                "C127",
                "C4",
                "C26",
                "C103"
            ]
        ],
        "C71": [
            false,
            [
                "C9",
                "C0",
                "C23",
                "C77",
                "C52",
                "C116"
            ]
        ],
        "C72": [
            false,
            [
                "C93",
                "C13",
                "C57",
                "C116",
                "C84"
            ]
        ],
        "C73": [
            false,
            [
                "C121",
                "C93",
                "C115",
                "C29",
                "C24",
                "C56",
                "C0",
                "C87"
            ]
        ],
        "C74": [
            false,
            [
                "C95",
                "C27",
                "C11",
                "C42",
                "C126"
            ]
        ],
        "C75": [
            false,
            [
                "C104",
                "C27"
            ]
        ],
        "C76": [
            false,
            [
                "C50",
                "C48",
                "C30",
                "C100"
            ]
        ],
        "C77": [
            true,
            [
                "C117",
                "C48",
                "C86"
            ]
        ],
        "C78": [
            false,
            [
                "C106"
            ]
        ],
        "C79": [
            true,
            []
        ],
        "C80": [
            false,
            [
                "C31",
                "C115",
                "C117",
                "C34",
                "C127",
                "C1",
                "C12",
                "C110",
                "C123"
            ]
        ],
        "C81": [
            false,
            [
                "C45",
                "C44",
                "C32",
                "C26",
                "C99",
                "C82",
                "C98",
                "C107"
            ]
        ],
        "C82": [
            false,
            [
                "C63",
                "C70",
                "C101",
                "C87",
                "C75",
                "C115",
                "C34",
                "C35",
                "C105"
            ]
        ],
        "C83": [
            false,
            [
                "C76",
                "C80",
                "C55",
                "C51",
                "C53",
                "C74",
                "C88",
                "C33",
                "C45"
            ]
        ],
        "C84": [
            false,
            [
                "C82",
                "C29",
                "C90",
                "C122",
                "C106",
                "C73",
                "C108",
                "C3"
            ]
        ],
        "C85": [
            false,
            [
                "C27",
                "C6",
                "C97",
                "C37",
                "C13",
                "C14",
                "C51",
                "C68"
            ]
        ],
        "C86": [
            false,
            [
                "C73",
                "C64"
            ]
        ],
        "C87": [
            true,
            [
                "C15",
                "C75"
            ]
        ],
        "C88": [
            true,
            [
                "C8",
                "C91",
                "C115"
            ]
        ],
        "C89": [
            false,
            [
                "C57"
            ]
        ],
        "C90": [
            false,
            [
                "C99",
                "C60",
                "C73",
                "C12",
                "C97",
                "C106",
                "C80",
                "C13"
            ]
        ],
        "C91": [
            false,
            []
        ],
        "C92": [
            false,
            [
                "C51",
                "C113",
                "C57",
                "C94"
            ]
        ],
        "C93": [
            false,
            [
                "C50",
                "C49",
                "C75",
                "C114",
                "C45",
                "C19",
                "C47",
                "C44",
                "C30"
            ]
        ],
        "C94": [
            false,
            [
                "C10",
                "C109",
                "C71",
                "C67",
                "C33",
                "C41"
            ]
        ],
        "C95": [
            true,
            [
                "C65",
                "C1",
                "C84",
                "C119",
                "C39",
                "C10",
                "C82",
                "C13",
                "C77"
            ]
        ],
        "C96": [
            false,
            [
                "C91",
                "C18",
                "C81",
                "C56",
                "C47",
                "C17",
                "C40"
            ]
        ],
        "C97": [
            false,
            [
                "C103",
                "C23",
                "C89",
                "C56",
                "C54",
                "C84"
            ]
        ],
        "C98": [
            false,
            [
                "C92",
                "C75",
                "C55",
                "C121",
                "C2"
            ]
        ],
        "C99": [
            false,
            [
                "C88"
            ]
        ],
        "C100": [
            false,
            [
                "C61",
                "C62",
                "C10",
                "C82",
                "C97",
                "C29",
                "C98"
            ]
        ],
        "C101": [
            true,
            [
                "C72",
                "C6",
                "C95",
                "C114"
            ]
        ],
        "C102": [
            false,
            [
                "C11",
                "C75",
                "C49",
                "C82",
                "C21",
                "C24",
                "C42"
            ]
        ],
        "C103": [
            false,
            [
                "C1",
                "C16",
                "C53",
                "C54",
                "C108",
                "C26",
                "C52",
                "C111"
            ]
        ],
        "C104": [
            false,
            [
                "C39"
            ]
        ],
        "C105": [
            false,
            []
        ],
        "C106": [
            false,
            [
                "C84",
                "C9",
                "C22",
                "C18",
                "C13",
                "C45",
                "C64"
            ]
        ],
        "C107": [
            false,
            [
                "C18",
                "C58",
                "C66",
                "C104",
                "C99",
                "C115",
                "C103",
                "C110"
            ]
        ],
        "C108": [
            false,
            [
                "C4",
                "C99",
                "C30",
                "C1",
                "C16"
            ]
        ],
        "C109": [
            false,
            [
                "C11",
                "C18",
                "C91",
                "C128",
                "C27",
                "C74",
                "C77",
                "C22",
                "C72"
            ]
        ],
        "C110": [
            false,
            [
                "C97",
                "C101",
                "C7",
                "C121",
                "C40",
                "C56",
                "C34"
            ]
        ],
        "C111": [
            false,
            [
                "C75",
                "C36",
                "C76",
                "C95",
                "C2",
                "C31"
            ]
        ],
        "C112": [
            true,
            []
        ],
        "C113": [
            true,
            []
        ],
        "C114": [
            false,
            [
                "C100",
                "C21",
                "C78",
                "C53",
                "C88",
                "C54",
                "C105",
                "C36",
                "C41"
            ]
        ],
        "C115": [
            false,
            [
                "C56",
                "C64"
            ]
        ],
        "C116": [
            false,
            [
                "C29",
                "C46",
                "C13"
            ]
        ],
        "C117": [
            false,
            [
                "C118",
                "C18",
                "C74",
                "C17",
                "C64",
                "C25",
                "C50",
                "C124"
            ]
        ],
        "C118": [
            false,
            [
                "C91",
                "C32",
                "C60",
                "C25",
                "C72"
            ]
        ],
        "C119": [
            true,
            [
                "C17",
                "C49",
                "C81",
                "C124",
                "C115",
                "C84",
                "C78",
                "C39",
                "C93"
            ]
        ],
        "C120": [
            false,
            [
                "C109",
                "C43",
                "C1",
                "C80",
                "C63"
            ]
        ],
        "C121": [
            true,
            [
                "C111",
                "C70",
                "C92"
            ]
        ],
        "C122": [
            false,
            [
                "C84",
                "C118"
            ]
        ],
        "C123": [
            false,
            [
                "C91",
                "C78",
                "C124",
                "C27",
                "C44",
                "C20",
                "C71"
            ]
        ],
        "C124": [
            true,
            [
                "C50",
                "C67"
            ]
        ],
        "C125": [
            false,
            [
                "C19"
            ]
        ],
        "C126": [
            false,
            []
        ],
        "C127": [
            false,
            [
                "C7",
                "C103",
                "C54",
                "C9",
                "C66",
                "C120",
                "C38",
                "C93"
            ]
        ],
        "C128": [
            false,
            [
                "C57",
                "C74",
                "C34",
                "C118",
                "C23",
                "C101"
            ]
        ]
    },
    "ground_truth_fault_paths": [
        [
            "C50",
            "C124",
            "C119",
            "C95",
            "C101"
        ],
        [
            "C50",
            "C124",
            "C119",
            "C95",
            "C9"
        ],
        [
            "C121",
            "C43",
            "C22",
            "C2"
        ],
        [
            "C121",
            "C22",
            "C2",
            "C43"
        ],
        [
            "C87",
            "C22",
            "C2",
            "C43"
        ],
        [
            "C113",
            "C2",
            "C43",
            "C22"
        ],
        [
            "C77",
            "C95",
            "C101"
        ],
        [
            "C77",
            "C95",
            "C9"
        ],
        [
            "C6",
            "C101"
        ],
        [
            "C79",
            "C35"
        ],
        [
            "C4",
            "C34"
        ],
        [
            "C18"
        ],
        [
            "C30"
        ],
        [
            "C42"
        ],
        [
            "C47"
        ],
        [
            "C51"
        ],
        [
            "C60"
        ],
        [
            "C88"
        ],
        [
            "C112"
        ]
    ],
    "error_codes": {
        "E0": [
            "FC0",
            [
                "C101",
                "C50",
                "C61",
                "C42",
                "C35",
                "C114",
                "C40",
                "C45",
                "C37",
                "C123",
                "C91",
                "C10",
                "C56"
            ]
        ],
        "E1": [
            "FC1",
            [
                "C9",
                "C124",
                "C67",
                "C94"
            ]
        ],
        "E2": [
            "FC2",
            [
                "C2",
                "C52"
            ]
        ],
        "E3": [
            "FC3",
            [
                "C43",
                "C121",
                "C82"
            ]
        ],
        "E4": [
            "FC4",
            [
                "C43",
                "C70",
                "C67",
                "C44",
                "C96",
                "C93",
                "C19",
                "C64",
                "C57",
                "C103",
                "C90",
                "C88",
                "C124"
            ]
        ],
        "E5": [
            "FC5",
            [
                "C22",
                "C113",
                "C35",
                "C112",
                "C42",
                "C58",
                "C19",
                "C71",
                "C54",
                "C38",
                "C47"
            ]
        ],
        "E6": [
            "FC6",
            [
                "C101",
                "C92",
                "C30",
                "C58"
            ]
        ],
        "E7": [
            "FC7",
            [
                "C9",
                "C84",
                "C29",
                "C123",
                "C122",
                "C53",
                "C41",
                "C105"
            ]
        ],
        "E8": [
            "FC8",
            [
                "C101",
                "C62"
            ]
        ],
        "E9": [
            "FC9",
            [
                "C35",
                "C32"
            ]
        ],
        "E10": [
            "FC10",
            [
                "C34",
                "C41",
                "C10",
                "C37",
                "C14",
                "C42",
                "C66",
                "C46",
                "C103",
                "C4",
                "C72"
            ]
        ],
        "E11": [
            "FC11",
            [
                "C18",
                "C55",
                "C114"
            ]
        ],
        "E12": [
            "FC12",
            [
                "C30",
                "C120",
                "C123",
                "C43",
                "C56",
                "C105",
                "C36",
                "C46",
                "C67",
                "C42",
                "C87"
            ]
        ],
        "E13": [
            "FC13",
            [
                "C42",
                "C17",
                "C58",
                "C96",
                "C98",
                "C33",
                "C27",
                "C4",
                "C51"
            ]
        ],
        "E14": [
            "FC14",
            [
                "C47",
                "C107",
                "C38",
                "C24",
                "C45",
                "C121",
                "C9",
                "C128",
                "C30",
                "C23"
            ]
        ],
        "E15": [
            "FC15",
            [
                "C51",
                "C33",
                "C0",
                "C110",
                "C107",
                "C94",
                "C11",
                "C109",
                "C58"
            ]
        ],
        "E16": [
            "FC16",
            [
                "C60",
                "C97",
                "C89",
                "C25",
                "C108",
                "C34",
                "C65",
                "C122",
                "C59"
            ]
        ],
        "E17": [
            "FC17",
            [
                "C88",
                "C72",
                "C104"
            ]
        ],
        "E18": [
            "FC18",
            [
                "C112",
                "C48",
                "C1",
                "C30",
                "C96",
                "C52"
            ]
        ]
    },
    "sim_accuracies": {
        "C0": [
            "0.977510669471111",
            "False"
        ],
        "C1": [
            "0.9626360685851708",
            "False"
        ],
        "C2": [
            "0.9644907915909836",
            "True"
        ],
        "C3": [
            "0.9561911432224725",
            "False"
        ],
        "C4": [
            "0.9760630373911172",
            "True"
        ],
        "C5": [
            "0.9601453090492793",
            "False"
        ],
        "C6": [
            "0.9841990770507172",
            "True"
        ],
        "C7": [
            "0.9669424618973345",
            "False"
        ],
        "C8": [
            "0.9646257637774588",
            "False"
        ],
        "C9": [
            "0.9610224217151995",
            "True"
        ],
        "C10": [
            "0.977224228202538",
            "False"
        ],
        "C11": [
            "0.9801988760243934",
            "False"
        ],
        "C12": [
            "0.9665291263318374",
            "False"
        ],
        "C13": [
            "0.9813515366785415",
            "False"
        ],
        "C14": [
            "0.9692987102802751",
            "False"
        ],
        "C15": [
            "0.9648085187551658",
            "False"
        ],
        "C16": [
            "0.9721964542519331",
            "False"
        ],
        "C17": [
            "0.9601511058177078",
            "False"
        ],
        "C18": [
            "0.9622661234669837",
            "True"
        ],
        "C19": [
            "0.9637742521685941",
            "False"
        ],
        "C20": [
            "0.9782197843188434",
            "False"
        ],
        "C21": [
            "0.9794312972241844",
            "False"
        ],
        "C22": [
            "0.9841999569129438",
            "True"
        ],
        "C23": [
            "0.9763713139650481",
            "False"
        ],
        "C24": [
            "0.9799125678031955",
            "False"
        ],
        "C25": [
            "0.9678637950966087",
            "False"
        ],
        "C26": [
            "0.9779724576918021",
            "False"
        ],
        "C27": [
            "0.9564718047083254",
            "False"
        ],
        "C28": [
            "0.9585783256615231",
            "False"
        ],
        "C29": [
            "0.9660224362570289",
            "False"
        ],
        "C30": [
            "0.9635375138523739",
            "True"
        ],
        "C31": [
            "0.9720230485838727",
            "False"
        ],
        "C32": [
            "0.9778822963489784",
            "False"
        ],
        "C33": [
            "0.9782715973413147",
            "False"
        ],
        "C34": [
            "0.9564295203653287",
            "True"
        ],
        "C35": [
            "0.9885828100549807",
            "True"
        ],
        "C36": [
            "0.9502116253389028",
            "False"
        ],
        "C37": [
            "0.9536435433695482",
            "False"
        ],
        "C38": [
            "0.9558131374334301",
            "False"
        ],
        "C39": [
            "0.9870344715119139",
            "False"
        ],
        "C40": [
            "0.9674150973821105",
            "False"
        ],
        "C41": [
            "0.9525632182547724",
            "False"
        ],
        "C42": [
            "0.9588708097847805",
            "True"
        ],
        "C43": [
            "0.9532015894678321",
            "True"
        ],
        "C44": [
            "0.9515102135314031",
            "False"
        ],
        "C45": [
            "0.9653730404170409",
            "False"
        ],
        "C46": [
            "0.9893779240252509",
            "False"
        ],
        "C47": [
            "0.9745586236286685",
            "True"
        ],
        "C48": [
            "0.9708402217288223",
            "False"
        ],
        "C49": [
            "0.9784642332683592",
            "False"
        ],
        "C50": [
            "0.9738989025525638",
            "True"
        ],
        "C51": [
            "0.9878286343138243",
            "True"
        ],
        "C52": [
            "0.9828091493771288",
            "False"
        ],
        "C53": [
            "0.9756116525812054",
            "False"
        ],
        "C54": [
            "0.9675588819416494",
            "False"
        ],
        "C55": [
            "0.9580682897122406",
            "False"
        ],
        "C56": [
            "0.9762753689082737",
            "False"
        ],
        "C57": [
            "0.9821563963646154",
            "False"
        ],
        "C58": [
            "0.9614402604683477",
            "False"
        ],
        "C59": [
            "0.9513443740558503",
            "False"
        ],
        "C60": [
            "0.9739805965156996",
            "True"
        ],
        "C61": [
            "0.9706325452621131",
            "False"
        ],
        "C62": [
            "0.9592668389127225",
            "False"
        ],
        "C63": [
            "0.9567793156725241",
            "False"
        ],
        "C64": [
            "0.9514424453257739",
            "False"
        ],
        "C65": [
            "0.959570265011495",
            "False"
        ],
        "C66": [
            "0.9500114908741849",
            "False"
        ],
        "C67": [
            "0.9562977904340156",
            "False"
        ],
        "C68": [
            "0.9898726857530883",
            "False"
        ],
        "C69": [
            "0.9811869151590566",
            "False"
        ],
        "C70": [
            "0.9641251065342611",
            "False"
        ],
        "C71": [
            "0.9658057246820482",
            "False"
        ],
        "C72": [
            "0.9734432066083879",
            "False"
        ],
        "C73": [
            "0.9707097080395718",
            "False"
        ],
        "C74": [
            "0.9794770216058558",
            "False"
        ],
        "C75": [
            "0.9527446868774824",
            "False"
        ],
        "C76": [
            "0.953606634303806",
            "False"
        ],
        "C77": [
            "0.9613797514814552",
            "True"
        ],
        "C78": [
            "0.983190592097972",
            "False"
        ],
        "C79": [
            "0.9866003589579262",
            "True"
        ],
        "C80": [
            "0.9639238099299297",
            "False"
        ],
        "C81": [
            "0.9885315066026196",
            "False"
        ],
        "C82": [
            "0.9610603139478848",
            "False"
        ],
        "C83": [
            "0.9742545363196901",
            "False"
        ],
        "C84": [
            "0.9577810077234384",
            "False"
        ],
        "C85": [
            "0.9871885536324848",
            "False"
        ],
        "C86": [
            "0.9729962688698326",
            "False"
        ],
        "C87": [
            "0.9604443002268775",
            "True"
        ],
        "C88": [
            "0.9662853850442881",
            "True"
        ],
        "C89": [
            "0.954258598255703",
            "False"
        ],
        "C90": [
            "0.9528954388210681",
            "False"
        ],
        "C91": [
            "0.9617700729787247",
            "False"
        ],
        "C92": [
            "0.9878806186071065",
            "False"
        ],
        "C93": [
            "0.9821176897028943",
            "False"
        ],
        "C94": [
            "0.988268373983411",
            "False"
        ],
        "C95": [
            "0.9850445218497227",
            "True"
        ],
        "C96": [
            "0.9825258939842549",
            "False"
        ],
        "C97": [
            "0.9729957551509564",
            "False"
        ],
        "C98": [
            "0.9777676744588519",
            "False"
        ],
        "C99": [
            "0.9886422182253243",
            "False"
        ],
        "C100": [
            "0.9725267441521972",
            "False"
        ],
        "C101": [
            "0.9807986877093533",
            "True"
        ],
        "C102": [
            "0.9802989314018669",
            "False"
        ],
        "C103": [
            "0.9884495490120646",
            "False"
        ],
        "C104": [
            "0.9683539371733649",
            "False"
        ],
        "C105": [
            "0.9684288176585805",
            "False"
        ],
        "C106": [
            "0.9734730606859991",
            "False"
        ],
        "C107": [
            "0.951094027901283",
            "False"
        ],
        "C108": [
            "0.9546507320576368",
            "False"
        ],
        "C109": [
            "0.9527021704264501",
            "False"
        ],
        "C110": [
            "0.9753464719023275",
            "False"
        ],
        "C111": [
            "0.989767921334619",
            "False"
        ],
        "C112": [
            "0.977076519042604",
            "True"
        ],
        "C113": [
            "0.9591972055435661",
            "True"
        ],
        "C114": [
            "0.9626292277611571",
            "False"
        ],
        "C115": [
            "0.9882178274849344",
            "False"
        ],
        "C116": [
            "0.9706601686881935",
            "False"
        ],
        "C117": [
            "0.950388927668577",
            "False"
        ],
        "C118": [
            "0.9832870817969291",
            "False"
        ],
        "C119": [
            "0.959930304374483",
            "True"
        ],
        "C120": [
            "0.9537203772064836",
            "False"
        ],
        "C121": [
            "0.9769479166712726",
            "True"
        ],
        "C122": [
            "0.9828429875797012",
            "False"
        ],
        "C123": [
            "0.9530411528213475",
            "False"
        ],
        "C124": [
            "0.9872558495934265",
            "True"
        ],
        "C125": [
            "0.9690622181635715",
            "False"
        ],
        "C126": [
            "0.9641415170486468",
            "False"
        ],
        "C127": [
            "0.9857726501148083",
            "False"
        ],
        "C128": [
            "0.960763031298752",
            "False"
        ]
    }
}