{
    "suspect_components": {
        "C0": [
            false,
            [
                "C9",
                "C21",
                "C2",
                "C34",
                "C103",
                "C59",
                "C54",
                "C67",
                "C37"
            ]
        ],
        "C1": [
            false,
            [
                "C124",
                "C121",
                "C14",
                "C83",
                "C78",
                "C42",
                "C108"
            ]
        ],
        "C2": [
            false,
            [
                "C44",
                "C60",
                "C92",
                "C94",
                "C67",
                "C50",
                "C71",
                "C65"
            ]
        ],
        "C3": [
            false,
            [
                "C46",
                "C23",
                "C61",
                "C1",
                "C30",
                "C80",
                "C86",
                "C122"
            ]
        ],
        "C4": [
            false,
            [
                "C70",
                "C25",
                "C94",
                "C26",
                "C53",
                "C92"
            ]
        ],
        "C5": [
            false,
            [
                "C63",
                "C40",
                "C52",
                "C120",
                "C92"
            ]
        ],
        "C6": [
            false,
            []
        ],
        "C7": [
            false,
            [
                "C55",
                "C126",
                "C62",
                "C30",
                "C118",
                "C81",
                "C42",
                "C38"
            ]
        ],
        "C8": [
            false,
            [
                "C37",
                "C71",
                "C60"
            ]
        ],
        "C9": [
            true,
            [
                "C37",
                "C24",
                "C52",
                "C89"
            ]
        ],
        "C10": [
            false,
            [
                "C110",
                "C83",
                "C111",
                "C42",
                "C1",
                "C125",
                "C50"
            ]
        ],
        "C11": [
            false,
            [
                "C95",
                "C4",
                "C3"
            ]
        ],
        "C12": [
            true,
            [
                "C66",
                "C83",
                "C11",
                "C78",
                "C43",
                "C74"
            ]
        ],
        "C13": [
            false,
            []
        ],
        "C14": [
            false,
            [
                "C40",
                "C97",
                "C47",
                "C93",
                "C88",
                "C112",
                "C46"
            ]
        ],
        "C15": [
            false,
            [
                "C48",
                "C115",
                "C5",
                "C109",
                "C40",
                "C92",
                "C118",
                "C55",
                "C97"
            ]
        ],
        "C16": [
            false,
            []
        ],
        "C17": [
            false,
            [
                "C15",
                "C94",
                "C90",
                "C34",
                "C107",
                "C36",
                "C51",
                "C21"
            ]
        ],
        "C18": [
            false,
            [
                "C117",
                "C95",
                "C5",
                "C16",
                "C21",
                "C94"
            ]
        ],
        "C19": [
            true,
            [
                "C34",
                "C115",
                "C6"
            ]
        ],
        "C20": [
            false,
            [
                "C76",
                "C24",
                "C73"
            ]
        ],
        "C21": [
            false,
            [
                "C122",
                "C86",
                "C97",
                "C107",
                "C54",
                "C124",
                "C22"
            ]
        ],
        "C22": [
            true,
            [
                "C112",
                "C120",
                "C2"
            ]
        ],
        "C23": [
            true,
            [
                "C7",
                "C85",
                "C63",
                "C47",
                "C19",
                "C45",
                "C38",
                "C57"
            ]
        ],
        "C24": [
            false,
            [
                "C99",
                "C84",
                "C115",
                "C93",
                "C49",
                "C124",
                "C69",
                "C73",
                "C85"
            ]
        ],
        "C25": [
            false,
            [
                "C40"
            ]
        ],
        "C26": [
            false,
            [
                "C98",
                "C39",
                "C43",
                "C3",
                "C52"
            ]
        ],
        "C27": [
            true,
            [
                "C104",
                "C65",
                "C68",
                "C33"
            ]
        ],
        "C28": [
            false,
            [
                "C98",
                "C31",
                "C53",
                "C14",
                "C114",
                "C19",
                "C96",
                "C11",
                "C110"
            ]
        ],
        "C29": [
            false,
            [
                "C51",
                "C67",
                "C87",
                "C19",
                "C9",
                "C98",
                "C38",
                "C36",
                "C18"
            ]
        ],
        "C30": [
            false,
            [
                "C37",
                "C96",
                "C3",
                "C78",
                "C47",
                "C124"
            ]
        ],
        "C31": [
            false,
            [
                "C95",
                "C126",
                "C27",
                "C14",
                "C62",
                "C107",
                "C48",
                "C3"
            ]
        ],
        "C32": [
            false,
            [
                "C96",
                "C85",
                "C106",
                "C45",
                "C80"
            ]
        ],
        "C33": [
            true,
            []
        ],
        "C34": [
            true,
            [
                "C98",
                "C76",
                "C18",
                "C35",
                "C54",
                "C81",
                "C43",
                "C0",
                "C7"
            ]
        ],
        "C35": [
            false,
            [
                "C17",
                "C23",
                "C0",
                "C117",
                "C25",
                "C72",
                "C44",
                "C52"
            ]
        ],
        "C36": [
            false,
            [
                "C6",
                "C62",
                "C105",
                "C7",
                "C85",
                "C73"
            ]
        ],
        "C37": [
            false,
            [
                "C69",
                "C53",
                "C124",
                "C34"
            ]
        ],
        "C38": [
            true,
            [
                "C50"
            ]
        ],
        "C39": [
            true,
            [
                "C110",
                "C126"
            ]
        ],
        "C40": [
            false,
            [
                "C106",
                "C54",
                "C57",
                "C18",
                "C19",
                "C14",
                "C77"
            ]
        ],
        "C41": [
            false,
            [
                "C76",
                "C61",
                "C11"
            ]
        ],
        "C42": [
            false,
            [
                "C120",
                "C124",
                "C84",
                "C96",
                "C66",
                "C45",
                "C30",
                "C31",
                "C8"
            ]
        ],
        "C43": [
            false,
            [
                "C120"
            ]
        ],
        "C44": [
            true,
            [
                "C118",
                "C42",
                "C23",
                "C58"
            ]
        ],
        "C45": [
            false,
            [
                "C31"
            ]
        ],
        "C46": [
            true,
            [
                "C98",
                "C91"
            ]
        ],
        "C47": [
            false,
            [
                "C112",
                "C79",
                "C99",
                "C1",
                "C55",
                "C14",
                "C33",
                "C54",
                "C27"
            ]
        ],
        "C48": [
            false,
            [
                "C18",
                "C125"
            ]
        ],
        "C49": [
            false,
            [
                "C29",
                "C114",
                "C4",
                "C78",
                "C45",
                "C62",
                "C35",
                "C126"
            ]
        ],
        "C50": [
            false,
            [
                "C23",
                "C20",
                "C81",
                "C42",
                "C6"
            ]
        ],
        "C51": [
            false,
            [
                "C55",
                "C6",
                "C66",
                "C29",
                "C97",
                "C88"
            ]
        ],
        "C52": [
            false,
            [
                "C116",
                "C42"
            ]
        ],
        "C53": [
            true,
            [
                "C22",
                "C26",
                "C2",
                "C88",
                "C57",
                "C24"
            ]
        ],
        "C54": [
            false,
            []
        ],
        "C55": [
            false,
            []
        ],
        "C56": [
            false,
            [
                "C117"
            ]
        ],
        "C57": [
            false,
            [
                "C46",
                "C82",
                "C16",
                "C101",
                "C43",
                "C39",
                "C49",
                "C4",
                "C19"
            ]
        ],
        "C58": [
            false,
            [
                "C114",
                "C8",
                "C45"
            ]
        ],
        "C59": [
            true,
            []
        ],
        "C60": [
            false,
            [
                "C23",
                "C79",
                "C1",
                "C19",
                "C70",
                "C99",
                "C21",
                "C103",
                "C9"
            ]
        ],
        "C61": [
            false,
            [
                "C126",
                "C36",
                "C125",
                "C40",
                "C9",
                "C72",
                "C93"
            ]
        ],
        "C62": [
            false,
            []
        ],
        "C63": [
            false,
            [
                "C1",
                "C111",
                "C52",
                "C89",
                "C58",
                "C61",
                "C92",
                "C6",
                "C28"
            ]
        ],
        "C64": [
            true,
            [
                "C47",
                "C107",
                "C33",
                "C83",
                "C17",
                "C9"
            ]
        ],
        "C65": [
            false,
            [
                "C69",
                "C96",
                "C30",
                "C124"
            ]
        ],
        "C66": [
            false,
            [
                "C9",
                "C92",
                "C19"
            ]
        ],
        "C67": [
            false,
            [
                "C25",
                "C52",
                "C56",
                "C32",
                "C7"
            ]
        ],
        "C68": [
            false,
            [
                "C101",
                "C113",
                "C51",
                "C14",
                "C38",
                "C75",
                "C0",
                "C122",
                "C79"
            ]
        ],
        "C69": [
            false,
            [
                "C51"
            ]
        ],
        "C70": [
            false,
            [
                "C107",
                "C106",
                "C86",
                "C61",
                "C60"
            ]
        ],
        "C71": [
            false,
            [
                "C12",
                "C56",
                "C98",
                "C57",
                "C92",
                "C123",
                "C51",
                "C25",
                "C81"
            ]
        ],
        "C72": [
            false,
            [
                "C4",
                "C2",
                "C7",
                "C76",
                "C26",
                "C100",
                "C36",
                "C96"
            ]
        ],
        "C73": [
            false,
            [
                "C92",
                "C11",
                "C23",
                "C79",
                "C110",
                "C61",
                "C31"
            ]
        ],
        "C74": [
            false,
            [
                "C100",
                "C92",
                "C1",
                "C4"
            ]
        ],
        "C75": [
            true,
            [
                "C65",
                "C94",
                "C92"
            ]
        ],
        "C76": [
            true,
            [
                "C74",
                "C99",
                "C73",
                "C41",
                "C15",
                "C25",
                "C128",
                "C27"
            ]
        ],
        "C77": [
            false,
            [
                "C5",
                "C35",
                "C54",
                "C43",
                "C0",
                "C24",
                "C96",
                "C89",
                "C26"
            ]
        ],
        "C78": [
            true,
            [
                "C1",
                "C103",
                "C4",
                "C28",
                "C124",
                "C89",
                "C8",
                "C116",
                "C87"
            ]
        ],
        "C79": [
            false,
            [
                "C41"
            ]
        ],
        "C80": [
            false,
            [
                "C118",
                "C121",
                "C90",
                "C5",
                "C71",
                "C102"
            ]
        ],
        "C81": [
            true,
            [
                "C100"
            ]
        ],
        "C82": [
            true,
            [
                "C37",
                "C72"
            ]
        ],
        "C83": [
            false,
            [
                "C110",
                "C88",
                "C108"
            ]
        ],
        "C84": [
            false,
            [
                "C127",
                "C42",
                "C2",
                "C36",
                "C0",
                "C65",
                "C124",
                "C20"
            ]
        ],
        "C85": [
            false,
            []
        ],
        "C86": [
            false,
            [
                "C98",
                "C58",
                "C72"
            ]
        ],
        "C87": [
            true,
            [
                "C96",
                "C75",
                "C22",
                "C64",
                "C74",
                "C36",
                "C120"
            ]
        ],
        "C88": [
            true,
            [
                "C112"
            ]
        ],
        "C89": [
            false,
            [
                "C86",
                "C55",
                "C16",
                "C75"
            ]
        ],
        "C90": [
            false,
            [
                "C94",
                "C3",
                "C13",
                "C12",
                "C37"
            ]
        ],
        "C91": [
            false,
            [
                "C4",
                "C109",
                "C89",
                "C78",
                "C120",
                "C50",
                "C80",
                "C108",
                "C65"
            ]
        ],
        "C92": [
            false,
            [
                "C114",
                "C35"
            ]
        ],
        "C93": [
            false,
            [
                "C65",
                "C52",
                "C105",
                "C23",
                "C9",
                "C6",
                "C40",
                "C66",
                "C82"
            ]
        ],
        "C94": [
            false,
            []
        ],
        "C95": [
            false,
            [
                "C29",
                "C67",
                "C110",
                "C76",
                "C113",
                "C10",
                "C38",
                "C50"
            ]
        ],
        "C96": [
            false,
            [
                "C1",
                "C112",
                "C75",
                "C28",
                "C125",
                "C15"
            ]
        ],
        "C97": [
            false,
            [
                "C3",
                "C42",
                "C44",
                "C92",
                "C43",
                "C85"
            ]
        ],
        "C98": [
            true,
            [
                "C51",
                "C20",
                "C48",
                "C65",
                "C23"
            ]
        ],
        "C99": [
            false,
            [
                "C107",
                "C47",
                "C7",
                "C88",
                "C76",
                "C17",
                "C125"
            ]
        ],
        "C100": [
            false,
            [
                "C68",
                "C8",
                "C24",
                "C99",
                "C63"
            ]
        ],
        "C101": [
            false,
            [
                "C9",
                "C89",
                "C68",
                "C42",
                "C29",
                "C114",
                "C48"
            ]
        ],
        "C102": [
            false,
            [
                "C52",
                "C54",
                "C103",
                "C26",
                "C6",
                "C41",
                "C108",
                "C90",
                "C111"
            ]
        ],
        "C103": [
            false,
            [
                "C34"
            ]
        ],
        "C104": [
            false,
            []
        ],
        "C105": [
            false,
            [
                "C72",
                "C98",
                "C71",
                "C104",
                "C122",
                "C96"
            ]
        ],
        "C106": [
            false,
            [
                "C118",
                "C91",
                "C97",
                "C43"
            ]
        ],
        "C107": [
            true,
            [
                "C12",
                "C66",
                "C90",
                "C14",
                "C19"
            ]
        ],
        "C108": [
            false,
            [
                "C63",
                "C39",
                "C91",
                "C119"
            ]
        ],
        "C109": [
            false,
            []
        ],
        "C110": [
            false,
            [
                "C43",
                "C30",
                "C2",
                "C36",
                "C88",
                "C85",
                "C27",
                "C64",
                "C61"
            ]
        ],
        "C111": [
            true,
            [
                "C39",
                "C82",
                "C85",
                "C36",
                "C2",
                "C63",
                "C47",
                "C104"
            ]
        ],
        "C112": [
            false,
            [
                "C30",
                "C31",
                "C9",
                "C89",
                "C47"
            ]
        ],
        "C113": [
            false,
            [
                "C52",
                "C10",
                "C86",
                "C49",
                "C3",
                "C110",
                "C125",
                "C56"
            ]
        ],
        "C114": [
            false,
            []
        ],
        "C115": [
            false,
            [
                "C57",
                "C13",
                "C58",
                "C74",
                "C4",
                "C26",
                "C110",
                "C121"
            ]
        ],
        "C116": [
            false,
            [
                "C102",
                "C36",
                "C16",
                "C31",
                "C4",
                "C84",
                "C3"
            ]
        ],
        "C117": [
            false,
            [
                "C25",
                "C8",
                "C90",
                "C124",
                "C75",
                "C78",
                "C89"
            ]
        ],
        "C118": [
            false,
            [
                "C6",
                "C111",
                "C29",
                "C79"
            ]
        ],
        "C119": [
            false,
            [
                "C116",
                "C111",
                "C120"
            ]
        ],
        "C120": [
            false,
            [
                "C78",
                "C62",
                "C29"
            ]
        ],
        "C121": [
            true,
            [
                "C95",
                "C105",
                "C126",
                "C108",
                "C80"
            ]
        ],
        "C122": [
            false,
            [
                "C118",
                "C41",
                "C96",
                "C46",
                "C104",
                "C58",
                "C42",
                "C121",
                "C55"
            ]
        ],
        "C123": [
            false,
            [
                "C67",
                "C58"
            ]
        ],
        "C124": [
            false,
            [
                "C10",
                "C48",
                "C20",
                "C83",
                "C104",
                "C103",
                "C82"
            ]
        ],
        "C125": [
            false,
            [
                "C67"
            ]
        ],
        "C126": [
            false,
            [
                "C59"
            ]
        ],
        "C127": [
            false,
            [
                "C48",
                "C5",
                "C114",
                "C101"
            ]
        ],
        "C128": [
            false,
            [
                "C59",
                "C38",
                "C113",
                "C98",
                "C21",
                "C110",
                "C8",
                "C90"
            ]
        ]
    },
    "ground_truth_fault_paths": [
        [
            "C33",
            "C27",
            "C76",
            "C34",
            "C19",
            "C107",
            "C64",
            "C87",
            "C78",
            "C12"
        ],
        [
            "C38",
            "C23",
            "C98",
            "C34",
            "C19",
            "C107",
            "C64",
            "C87",
            "C78",
            "C12"
        ],
        [
            "C33",
            "C27",
            "C76",
            "C34",
            "C19",
            "C23",
            "C98",
            "C46"
        ],
        [
            "C81",
            "C34",
            "C19",
            "C107",
            "C64",
            "C87",
            "C78",
            "C12"
        ],
        [
            "C33",
            "C27",
            "C76",
            "C34",
            "C19",
            "C23",
            "C44"
        ],
        [
            "C22",
            "C87",
            "C78",
            "C12",
            "C107",
            "C64"
        ],
        [
            "C75",
            "C87",
            "C78",
            "C12",
            "C107",
            "C64"
        ],
        [
            "C9",
            "C64",
            "C87",
            "C78",
            "C12",
            "C107"
        ],
        [
            "C33",
            "C64",
            "C87",
            "C78",
            "C12",
            "C107"
        ],
        [
            "C81",
            "C34",
            "C19",
            "C23",
            "C98",
            "C46"
        ],
        [
            "C12",
            "C107",
            "C64",
            "C87",
            "C78"
        ],
        [
            "C98",
            "C34",
            "C19",
            "C23",
            "C44"
        ],
        [
            "C81",
            "C34",
            "C19",
            "C23",
            "C44"
        ],
        [
            "C78",
            "C12",
            "C107",
            "C64",
            "C87"
        ],
        [
            "C19",
            "C23",
            "C98",
            "C34"
        ],
        [
            "C38",
            "C23",
            "C98",
            "C46"
        ],
        [
            "C38",
            "C23",
            "C44"
        ],
        [
            "C82",
            "C111"
        ],
        [
            "C39",
            "C111"
        ],
        [
            "C22",
            "C53"
        ],
        [
            "C88",
            "C53"
        ],
        [
            "C59"
        ],
        [
            "C121"
        ]
    ],
    "error_codes": {
        "E0": [
            "FC0",
            [
                "C12",
                "C26",
                "C120",
                "C1",
                "C40",
                "C68",
                "C47",
                "C60",
                "C109",
                "C61",
                "C113"
            ]
        ],
        "E1": [
            "FC1",
            [
                "C12",
                "C34",
                "C87",
                "C11",
                "C17",
                "C55",
                "C19"
            ]
        ],
        "E2": [
            "FC2",
            [
                "C46",
                "C34",
                "C19",
                "C48",
                "C88"
            ]
        ],
        "E3": [
            "FC3",
            [
                "C12",
                "C34",
                "C78",
                "C19",
                "C31",
                "C16",
                "C27",
                "C73",
                "C118",
                "C97",
                "C43"
            ]
        ],
        "E4": [
            "FC4",
            [
                "C44",
                "C52",
                "C65",
                "C118",
                "C123",
                "C58",
                "C88",
                "C79",
                "C30"
            ]
        ],
        "E5": [
            "FC5",
            [
                "C64",
                "C78",
                "C106",
                "C115",
                "C49",
                "C16",
                "C25",
                "C101"
            ]
        ],
        "E6": [
            "FC6",
            [
                "C64",
                "C107",
                "C78",
                "C45",
                "C103",
                "C59",
                "C121",
                "C4",
                "C3",
                "C68",
                "C57",
                "C49",
                "C11"
            ]
        ],
        "E7": [
            "FC7",
            [
                "C107",
                "C93",
                "C121",
                "C26",
                "C103",
                "C95"
            ]
        ],
        "E8": [
            "FC8",
            [
                "C107",
                "C33",
                "C12",
                "C67",
                "C17",
                "C9",
                "C72",
                "C102",
                "C47",
                "C43",
                "C110"
            ]
        ],
        "E9": [
            "FC9",
            [
                "C46",
                "C52",
                "C67",
                "C96",
                "C8",
                "C117",
                "C55",
                "C111",
                "C51"
            ]
        ],
        "E10": [
            "FC10",
            [
                "C78",
                "C49",
                "C23",
                "C21",
                "C48",
                "C115"
            ]
        ],
        "E11": [
            "FC11",
            [
                "C44",
                "C51",
                "C1",
                "C78"
            ]
        ],
        "E12": [
            "FC12",
            [
                "C44",
                "C81",
                "C58",
                "C0",
                "C70",
                "C28",
                "C20",
                "C102",
                "C73",
                "C125",
                "C105",
                "C65",
                "C47"
            ]
        ],
        "E13": [
            "FC13",
            [
                "C87",
                "C12",
                "C104",
                "C24",
                "C52",
                "C59",
                "C121",
                "C33",
                "C41",
                "C124",
                "C26"
            ]
        ],
        "E14": [
            "FC14",
            [
                "C34",
                "C88",
                "C53",
                "C47",
                "C93",
                "C128",
                "C63"
            ]
        ],
        "E15": [
            "FC15",
            [
                "C46",
                "C22",
                "C51",
                "C101"
            ]
        ],
        "E16": [
            "FC16",
            [
                "C44",
                "C16",
                "C104",
                "C13",
                "C61",
                "C62",
                "C128",
                "C79",
                "C18"
            ]
        ],
        "E17": [
            "FC17",
            [
                "C111",
                "C121",
                "C116",
                "C103",
                "C3",
                "C39",
                "C126",
                "C79",
                "C120",
                "C40",
                "C105",
                "C64",
                "C18"
            ]
        ],
        "E18": [
            "FC18",
            [
                "C111",
                "C86"
            ]
        ],
        "E19": [
            "FC19",
            [
                "C53",
                "C7",
                "C63",
                "C22",
                "C106",
                "C123",
                "C19",
                "C44",
                "C62",
                "C113",
                "C56",
                "C84",
                "C57"
            ]
        ],
        "E20": [
            "FC20",
            [
                "C53",
                "C39"
            ]
        ],
        "E21": [
            "FC21",
            [
                "C59",
                "C114",
                "C24",
                "C70"
            ]
        ],
        "E22": [
            "FC22",
            [
                "C121",
                "C89",
                "C63",
                "C81",
                "C62",
                "C107",
                "C38",
                "C44"
            ]
        ]
    },
    "sim_accuracies": {
        "C0": [
            "0.9517095012780044",
            "False"
        ],
        "C1": [
            "0.9566957308746395",
            "False"
        ],
        "C2": [
            "0.9620204832596241",
            "False"
        ],
        "C3": [
            "0.9704671783489954",
            "False"
        ],
        "C4": [
            "0.9539653175651469",
            "False"
        ],
        "C5": [
            "0.9771647236005954",
            "False"
        ],
        "C6": [
            "0.9636264179443762",
            "False"
        ],
        "C7": [
            "0.9819908126859035",
            "False"
        ],
        "C8": [
            "0.9768811359499259",
            "False"
        ],
        "C9": [
            "0.9815235882345256",
            "True"
        ],
        "C10": [
            "0.9800978789208207",
            "False"
        ],
        "C11": [
            "0.9592479574660655",
            "False"
        ],
        "C12": [
            "0.9520794322543139",
            "True"
        ],
        "C13": [
            "0.9778007940616615",
            "False"
        ],
        "C14": [
            "0.9699319003678979",
            "False"
        ],
        "C15": [
            "0.9511743417574519",
            "False"
        ],
        "C16": [
            "0.9771668960380565",
            "False"
        ],
        "C17": [
            "0.9611775360660898",
            "False"
        ],
        "C18": [
            "0.9696485236398599",
            "False"
        ],
        "C19": [
            "0.9897989085568941",
            "True"
        ],
        "C20": [
            "0.9610780205439788",
            "False"
        ],
        "C21": [
            "0.9893449908725799",
            "False"
        ],
        "C22": [
            "0.9839504617900895",
            "True"
        ],
        "C23": [
            "0.9724543893001604",
            "True"
        ],
        "C24": [
            "0.9898131439092384",
            "False"
        ],
        "C25": [
            "0.9602129308267993",
            "False"
        ],
        "C26": [
            "0.9675009301618317",
            "False"
        ],
        "C27": [
            "0.9896754720760961",
            "True"
        ],
        "C28": [
            "0.9854788624834934",
            "False"
        ],
        "C29": [
            "0.9563384622446144",
            "False"
        ],
        "C30": [
            "0.9894886841064219",
            "False"
        ],
        "C31": [
            "0.9580618431440834",
            "False"
        ],
        "C32": [
            "0.9667931393170834",
            "False"
        ],
        "C33": [
            "0.9613987280572948",
            "True"
        ],
        "C34": [
            "0.9678574008666189",
            "True"
        ],
        "C35": [
            "0.9701516358046908",
            "False"
        ],
        "C36": [
            "0.9661077765184103",
            "False"
        ],
        "C37": [
            "0.9585626726795072",
            "False"
        ],
        "C38": [
            "0.9679469551278765",
            "True"
        ],
        "C39": [
            "0.9758616125509622",
            "True"
        ],
        "C40": [
            "0.9722463600116159",
            "False"
        ],
        "C41": [
            "0.9781054231733751",
            "False"
        ],
        "C42": [
            "0.9691858908315504",
            "False"
        ],
        "C43": [
            "0.9588546102651907",
            "False"
        ],
        "C44": [
            "0.9820453733593029",
            "True"
        ],
        "C45": [
            "0.9819104941046543",
            "False"
        ],
        "C46": [
            "0.9683676779177373",
            "True"
        ],
        "C47": [
            "0.9662891045288247",
            "False"
        ],
        "C48": [
            "0.9781398914504096",
            "False"
        ],
        "C49": [
            "0.9889691223973265",
            "False"
        ],
        "C50": [
            "0.9575294040474953",
            "False"
        ],
        "C51": [
            "0.9850402008444548",
            "False"
        ],
        "C52": [
            "0.9774633754288627",
            "False"
        ],
        "C53": [
            "0.9756248823005758",
            "True"
        ],
        "C54": [
            "0.9782359109044607",
            "False"
        ],
        "C55": [
            "0.9663055624238646",
            "False"
        ],
        "C56": [
            "0.9727604418575204",
            "False"
        ],
        "C57": [
            "0.9732851806429734",
            "False"
        ],
        "C58": [
            "0.9670657421230476",
            "False"
        ],
        "C59": [
            "0.9809041912777774",
            "True"
        ],
        "C60": [
            "0.9616710999829927",
            "False"
        ],
        "C61": [
            "0.9779215202965988",
            "False"
        ],
        "C62": [
            "0.9737465410079897",
            "False"
        ],
        "C63": [
            "0.9600403126014518",
            "False"
        ],
        "C64": [
            "0.9587721693390734",
            "True"
        ],
        "C65": [
            "0.9855084739372756",
            "False"
        ],
        "C66": [
            "0.9661866435204415",
            "False"
        ],
        "C67": [
            "0.9783345992099295",
            "False"
        ],
        "C68": [
            "0.9770182446380228",
            "False"
        ],
        "C69": [
            "0.9690250938359908",
            "False"
        ],
        "C70": [
            "0.9833720734217143",
            "False"
        ],
        "C71": [
            "0.9648611835886495",
            "False"
        ],
        "C72": [
            "0.9812422502296039",
            "False"
        ],
        "C73": [
            "0.9862477349819639",
            "False"
        ],
        "C74": [
            "0.9702880562163468",
            "False"
        ],
        "C75": [
            "0.9641418213312114",
            "True"
        ],
        "C76": [
            "0.9637061513906277",
            "True"
        ],
        "C77": [
            "0.9681154672746837",
            "False"
        ],
        "C78": [
            "0.9785790200519464",
            "True"
        ],
        "C79": [
            "0.9855678357257189",
            "False"
        ],
        "C80": [
            "0.9644876639732296",
            "False"
        ],
        "C81": [
            "0.9555238445663429",
            "True"
        ],
        "C82": [
            "0.9743753699292466",
            "True"
        ],
        "C83": [
            "0.9885815454540249",
            "False"
        ],
        "C84": [
            "0.9702040589552263",
            "False"
        ],
        "C85": [
            "0.9665599403004975",
            "False"
        ],
        "C86": [
            "0.971428922704744",
            "False"
        ],
        "C87": [
            "0.9772456341769761",
            "True"
        ],
        "C88": [
            "0.9821866358855544",
            "True"
        ],
        "C89": [
            "0.9864796151810458",
            "False"
        ],
        "C90": [
            "0.9576740546345149",
            "False"
        ],
        "C91": [
            "0.9616654849982424",
            "False"
        ],
        "C92": [
            "0.9716530698168803",
            "False"
        ],
        "C93": [
            "0.972622839183799",
            "False"
        ],
        "C94": [
            "0.9566478652328577",
            "False"
        ],
        "C95": [
            "0.9803433312831724",
            "False"
        ],
        "C96": [
            "0.9854675364462959",
            "False"
        ],
        "C97": [
            "0.965093189787129",
            "False"
        ],
        "C98": [
            "0.9612819129617592",
            "True"
        ],
        "C99": [
            "0.9607469288310345",
            "False"
        ],
        "C100": [
            "0.9629757720244964",
            "False"
        ],
        "C101": [
            "0.9572966049168727",
            "False"
        ],
        "C102": [
            "0.9833041700265515",
            "False"
        ],
        "C103": [
            "0.9655975146581327",
            "False"
        ],
        "C104": [
            "0.9756172687000747",
            "False"
        ],
        "C105": [
            "0.9562162295343107",
            "False"
        ],
        "C106": [
            "0.9894437740681734",
            "False"
        ],
        "C107": [
            "0.9824804814210641",
            "True"
        ],
        "C108": [
            "0.9569223280602243",
            "False"
        ],
        "C109": [
            "0.9633146604268201",
            "False"
        ],
        "C110": [
            "0.9883841754757506",
            "False"
        ],
        "C111": [
            "0.9722156508405677",
            "True"
        ],
        "C112": [
            "0.9865194276188685",
            "False"
        ],
        "C113": [
            "0.9865255452388416",
            "False"
        ],
        "C114": [
            "0.9803609577144463",
            "False"
        ],
        "C115": [
            "0.9789313763390087",
            "False"
        ],
        "C116": [
            "0.9885013709170065",
            "False"
        ],
        "C117": [
            "0.9675263371231462",
            "False"
        ],
        "C118": [
            "0.9664413926626214",
            "False"
        ],
        "C119": [
            "0.9805622640734459",
            "False"
        ],
        "C120": [
            "0.9735639999186255",
            "False"
        ],
        "C121": [
            "0.9501021588512639",
            "True"
        ],
        "C122": [
            "0.9833614068604387",
            "False"
        ],
        "C123": [
            "0.9703171265103928",
            "False"
        ],
        "C124": [
            "0.9827775212306488",
            "False"
        ],
        "C125": [
            "0.9882765650841443",
            "False"
        ],
        "C126": [
            "0.9621608088057848",
            "False"
        ],
        "C127": [
            "0.9696338699029271",
            "False"
        ],
        "C128": [
            "0.9536010824516821",
            "False"
        ]
    }
}