{
    "suspect_components": {
        "C0": [
            false,
            [
                "C12",
                "C41",
                "C48",
                "C115",
                "C90",
                "C66",
                "C28",
                "C105",
                "C74"
            ]
        ],
        "C1": [
            false,
            [
                "C109",
                "C13"
            ]
        ],
        "C2": [
            false,
            [
                "C0",
                "C118",
                "C91",
                "C60"
            ]
        ],
        "C3": [
            true,
            [
                "C105",
                "C88",
                "C103"
            ]
        ],
        "C4": [
            false,
            [
                "C62",
                "C41",
                "C42",
                "C76"
            ]
        ],
        "C5": [
            true,
            [
                "C13",
                "C17",
                "C116",
                "C53",
                "C96",
                "C56",
                "C86",
                "C76",
                "C119"
            ]
        ],
        "C6": [
            false,
            []
        ],
        "C7": [
            false,
            [
                "C15",
                "C13",
                "C104",
                "C60"
            ]
        ],
        "C8": [
            false,
            [
                "C35",
                "C42",
                "C61",
                "C47",
                "C103",
                "C110",
                "C71",
                "C40",
                "C20"
            ]
        ],
        "C9": [
            false,
            [
                "C78",
                "C67"
            ]
        ],
        "C10": [
            true,
            [
                "C13",
                "C121",
                "C67",
                "C0",
                "C34"
            ]
        ],
        "C11": [
            false,
            [
                "C103",
                "C92",
                "C20",
                "C123",
                "C107",
                "C32",
                "C24",
                "C76",
                "C54"
            ]
        ],
        "C12": [
            false,
            []
        ],
        "C13": [
            false,
            []
        ],
        "C14": [
            false,
            [
                "C128",
                "C54"
            ]
        ],
        "C15": [
            true,
            []
        ],
        "C16": [
            true,
            [
                "C98",
                "C105",
                "C42",
                "C60",
                "C27",
                "C33"
            ]
        ],
        "C17": [
            false,
            [
                "C118",
                "C88",
                "C79",
                "C55",
                "C6",
                "C44",
                "C69"
            ]
        ],
        "C18": [
            true,
            [
                "C70"
            ]
        ],
        "C19": [
            true,
            [
                "C58"
            ]
        ],
        "C20": [
            false,
            [
                "C115",
                "C7",
                "C65",
                "C92",
                "C78",
                "C109"
            ]
        ],
        "C21": [
            false,
            [
                "C48",
                "C126",
                "C62",
                "C22"
            ]
        ],
        "C22": [
            false,
            [
                "C125",
                "C72",
                "C126",
                "C78",
                "C41",
                "C127"
            ]
        ],
        "C23": [
            false,
            [
                "C94",
                "C84",
                "C21",
                "C76",
                "C97",
                "C24"
            ]
        ],
        "C24": [
            false,
            [
                "C74",
                "C75"
            ]
        ],
        "C25": [
            false,
            [
                "C90",
                "C128",
                "C1",
                "C110",
                "C39",
                "C28"
            ]
        ],
        "C26": [
            false,
            [
                "C28",
                "C48",
                "C85",
                "C40",
                "C98",
                "C78"
            ]
        ],
        "C27": [
            false,
            [
                "C90",
                "C26"
            ]
        ],
        "C28": [
            true,
            [
                "C74",
                "C51",
                "C50",
                "C121",
                "C66"
            ]
        ],
        "C29": [
            false,
            [
                "C7",
                "C127",
                "C112",
                "C1",
                "C9",
                "C103",
                "C18",
                "C128"
            ]
        ],
        "C30": [
            false,
            [
                "C57",
                "C75",
                "C86",
                "C22"
            ]
        ],
        "C31": [
            false,
            [
                "C45",
                "C105",
                "C124",
                "C113",
                "C34",
                "C16",
                "C75"
            ]
        ],
        "C32": [
            false,
            [
                "C49",
                "C113",
                "C98",
                "C97"
            ]
        ],
        "C33": [
            false,
            [
                "C118",
                "C119"
            ]
        ],
        "C34": [
            false,
            [
                "C99",
                "C74"
            ]
        ],
        "C35": [
            true,
            []
        ],
        "C36": [
            false,
            [
                "C54",
                "C37",
                "C41",
                "C60",
                "C78",
                "C108",
                "C27",
                "C55",
                "C40"
            ]
        ],
        "C37": [
            false,
            [
                "C22",
                "C27",
                "C56",
                "C36"
            ]
        ],
        "C38": [
            true,
            [
                "C87",
                "C36",
                "C99",
                "C86"
            ]
        ],
        "C39": [
            false,
            [
                "C41",
                "C78",
                "C8",
                "C116",
                "C109",
                "C72"
            ]
        ],
        "C40": [
            true,
            [
                "C76",
                "C75",
                "C108",
                "C87",
                "C90",
                "C53",
                "C15"
            ]
        ],
        "C41": [
            false,
            []
        ],
        "C42": [
            true,
            [
                "C86",
                "C112",
                "C30",
                "C54",
                "C29",
                "C27"
            ]
        ],
        "C43": [
            false,
            [
                "C74"
            ]
        ],
        "C44": [
            false,
            [
                "C43",
                "C50",
                "C58",
                "C109"
            ]
        ],
        "C45": [
            false,
            [
                "C81",
                "C9",
                "C28",
                "C94",
                "C63"
            ]
        ],
        "C46": [
            false,
            [
                "C30",
                "C53",
                "C8",
                "C26"
            ]
        ],
        "C47": [
            false,
            [
                "C113",
                "C43",
                "C84",
                "C11",
                "C119",
                "C57"
            ]
        ],
        "C48": [
            false,
            [
                "C50",
                "C18",
                "C111",
                "C82",
                "C24",
                "C88",
                "C108",
                "C37",
                "C53"
            ]
        ],
        "C49": [
            false,
            [
                "C127",
                "C12",
                "C123",
                "C1",
                "C54",
                "C52",
                "C111",
                "C40"
            ]
        ],
        "C50": [
            false,
            [
                "C68",
                "C79"
            ]
        ],
        "C51": [
            false,
            [
                "C38",
                "C97",
                "C93",
                "C0",
                "C28",
                "C87",
                "C10"
            ]
        ],
        "C52": [
            false,
            [
                "C63",
                "C94",
                "C68",
                "C93",
                "C43"
            ]
        ],
        "C53": [
            false,
            [
                "C93",
                "C52",
                "C102",
                "C45",
                "C42"
            ]
        ],
        "C54": [
            false,
            [
                "C7",
                "C116",
                "C93",
                "C21",
                "C66",
                "C24",
                "C2",
                "C81"
            ]
        ],
        "C55": [
            false,
            [
                "C125",
                "C41",
                "C93",
                "C68",
                "C44",
                "C10",
                "C119",
                "C60"
            ]
        ],
        "C56": [
            false,
            [
                "C32",
                "C100",
                "C81"
            ]
        ],
        "C57": [
            false,
            [
                "C44",
                "C49",
                "C30",
                "C51",
                "C39",
                "C0"
            ]
        ],
        "C58": [
            false,
            [
                "C84"
            ]
        ],
        "C59": [
            false,
            []
        ],
        "C60": [
            true,
            [
                "C21",
                "C34",
                "C23",
                "C86"
            ]
        ],
        "C61": [
            false,
            []
        ],
        "C62": [
            false,
            [
                "C72",
                "C40",
                "C25",
                "C79",
                "C95",
                "C30"
            ]
        ],
        "C63": [
            false,
            [
                "C67",
                "C45"
            ]
        ],
        "C64": [
            false,
            [
                "C104",
                "C106"
            ]
        ],
        "C65": [
            false,
            [
                "C28",
                "C128",
                "C103",
                "C43",
                "C105",
                "C2",
                "C84",
                "C34",
                "C104"
            ]
        ],
        "C66": [
            false,
            [
                "C80",
                "C11",
                "C60",
                "C70",
                "C36"
            ]
        ],
        "C67": [
            false,
            [
                "C29",
                "C79",
                "C103",
                "C126",
                "C14",
                "C37",
                "C114"
            ]
        ],
        "C68": [
            false,
            [
                "C124",
                "C79"
            ]
        ],
        "C69": [
            false,
            [
                "C14",
                "C19",
                "C44",
                "C17"
            ]
        ],
        "C70": [
            false,
            [
                "C16",
                "C2",
                "C101",
                "C4",
                "C110",
                "C87"
            ]
        ],
        "C71": [
            false,
            [
                "C1",
                "C98",
                "C70",
                "C39",
                "C43"
            ]
        ],
        "C72": [
            false,
            [
                "C20"
            ]
        ],
        "C73": [
            false,
            [
                "C65",
                "C16",
                "C2"
            ]
        ],
        "C74": [
            false,
            [
                "C125",
                "C6",
                "C19",
                "C43",
                "C55"
            ]
        ],
        "C75": [
            false,
            [
                "C47",
                "C92",
                "C33",
                "C115",
                "C111",
                "C17"
            ]
        ],
        "C76": [
            false,
            []
        ],
        "C77": [
            false,
            [
                "C84",
                "C7",
                "C126",
                "C34",
                "C14",
                "C0"
            ]
        ],
        "C78": [
            false,
            [
                "C53",
                "C49",
                "C75",
                "C122",
                "C47",
                "C38",
                "C50",
                "C51"
            ]
        ],
        "C79": [
            false,
            [
                "C50",
                "C98",
                "C67",
                "C60",
                "C105"
            ]
        ],
        "C80": [
            false,
            [
                "C9"
            ]
        ],
        "C81": [
            false,
            [
                "C41",
                "C46",
                "C83"
            ]
        ],
        "C82": [
            false,
            [
                "C75",
                "C52",
                "C102",
                "C70",
                "C55",
                "C122"
            ]
        ],
        "C83": [
            false,
            [
                "C109"
            ]
        ],
        "C84": [
            true,
            [
                "C9",
                "C100",
                "C18",
                "C32"
            ]
        ],
        "C85": [
            false,
            [
                "C64",
                "C89",
                "C29",
                "C0",
                "C90",
                "C86",
                "C25",
                "C119",
                "C123"
            ]
        ],
        "C86": [
            false,
            [
                "C125",
                "C85",
                "C36",
                "C90",
                "C28"
            ]
        ],
        "C87": [
            false,
            [
                "C111",
                "C95",
                "C109",
                "C16",
                "C38"
            ]
        ],
        "C88": [
            true,
            [
                "C42",
                "C25"
            ]
        ],
        "C89": [
            true,
            []
        ],
        "C90": [
            true,
            [
                "C56",
                "C48",
                "C109",
                "C127",
                "C58",
                "C19",
                "C34"
            ]
        ],
        "C91": [
            false,
            [
                "C44",
                "C77"
            ]
        ],
        "C92": [
            false,
            [
                "C40",
                "C121",
                "C30",
                "C26",
                "C0",
                "C14"
            ]
        ],
        "C93": [
            false,
            [
                "C25",
                "C126",
                "C22",
                "C117",
                "C6",
                "C123",
                "C95"
            ]
        ],
        "C94": [
            false,
            [
                "C109",
                "C113",
                "C5"
            ]
        ],
        "C95": [
            false,
            [
                "C124",
                "C118"
            ]
        ],
        "C96": [
            true,
            [
                "C123",
                "C103",
                "C120",
                "C92",
                "C12",
                "C84",
                "C109"
            ]
        ],
        "C97": [
            true,
            [
                "C82",
                "C59",
                "C94",
                "C33",
                "C125",
                "C74",
                "C86"
            ]
        ],
        "C98": [
            false,
            []
        ],
        "C99": [
            false,
            [
                "C98",
                "C54",
                "C87"
            ]
        ],
        "C100": [
            false,
            [
                "C46",
                "C75",
                "C51"
            ]
        ],
        "C101": [
            true,
            [
                "C66",
                "C81",
                "C117",
                "C29",
                "C24",
                "C98",
                "C48",
                "C120"
            ]
        ],
        "C102": [
            false,
            []
        ],
        "C103": [
            true,
            [
                "C89",
                "C64",
                "C128"
            ]
        ],
        "C104": [
            true,
            [
                "C45",
                "C79",
                "C38"
            ]
        ],
        "C105": [
            false,
            [
                "C108",
                "C114",
                "C2"
            ]
        ],
        "C106": [
            false,
            [
                "C41",
                "C25",
                "C18",
                "C46",
                "C112",
                "C38",
                "C52",
                "C64"
            ]
        ],
        "C107": [
            false,
            [
                "C76"
            ]
        ],
        "C108": [
            true,
            [
                "C37",
                "C114",
                "C104",
                "C11",
                "C42",
                "C0"
            ]
        ],
        "C109": [
            false,
            [
                "C50",
                "C5",
                "C100",
                "C103"
            ]
        ],
        "C110": [
            false,
            [
                "C16",
                "C126",
                "C116"
            ]
        ],
        "C111": [
            false,
            [
                "C16",
                "C121",
                "C5",
                "C52",
                "C23",
                "C65",
                "C92",
                "C19"
            ]
        ],
        "C112": [
            false,
            [
                "C22",
                "C109",
                "C107",
                "C122",
                "C97",
                "C125",
                "C58",
                "C32"
            ]
        ],
        "C113": [
            false,
            [
                "C102",
                "C42",
                "C37",
                "C34",
                "C61"
            ]
        ],
        "C114": [
            true,
            [
                "C16",
                "C10",
                "C100",
                "C0",
                "C56",
                "C74",
                "C41"
            ]
        ],
        "C115": [
            false,
            [
                "C55",
                "C31",
                "C7",
                "C124",
                "C59"
            ]
        ],
        "C116": [
            true,
            [
                "C12",
                "C7"
            ]
        ],
        "C117": [
            false,
            [
                "C20",
                "C64",
                "C78",
                "C105",
                "C108",
                "C5",
                "C109"
            ]
        ],
        "C118": [
            false,
            [
                "C41"
            ]
        ],
        "C119": [
            false,
            [
                "C7",
                "C86",
                "C103",
                "C128"
            ]
        ],
        "C120": [
            false,
            [
                "C96",
                "C6",
                "C65",
                "C78",
                "C40",
                "C52",
                "C1"
            ]
        ],
        "C121": [
            false,
            [
                "C89",
                "C65",
                "C105",
                "C56",
                "C96",
                "C3"
            ]
        ],
        "C122": [
            true,
            [
                "C121",
                "C87",
                "C39",
                "C92",
                "C91",
                "C46",
                "C19",
                "C79",
                "C42"
            ]
        ],
        "C123": [
            false,
            [
                "C93",
                "C31",
                "C39",
                "C80",
                "C0",
                "C10",
                "C122"
            ]
        ],
        "C124": [
            false,
            [
                "C11"
            ]
        ],
        "C125": [
            false,
            [
                "C127",
                "C41",
                "C65",
                "C20",
                "C126",
                "C58",
                "C98",
                "C37",
                "C128"
            ]
        ],
        "C126": [
            false,
            []
        ],
        "C127": [
            false,
            [
                "C54",
                "C36",
                "C77",
                "C49",
                "C10"
            ]
        ],
        "C128": [
            false,
            []
        ]
    },
    "ground_truth_fault_paths": [
        [
            "C42",
            "C16",
            "C114",
            "C108",
            "C40"
        ],
        [
            "C60",
            "C16",
            "C114",
            "C108",
            "C40"
        ],
        [
            "C10",
            "C114",
            "C108",
            "C40"
        ],
        [
            "C38",
            "C104",
            "C108",
            "C40"
        ],
        [
            "C89",
            "C103",
            "C96",
            "C5"
        ],
        [
            "C18",
            "C84",
            "C96",
            "C5"
        ],
        [
            "C42",
            "C108",
            "C40"
        ],
        [
            "C42",
            "C88",
            "C3"
        ],
        [
            "C19",
            "C90",
            "C40"
        ],
        [
            "C89",
            "C103",
            "C3"
        ],
        [
            "C42",
            "C122"
        ],
        [
            "C19",
            "C122"
        ],
        [
            "C15",
            "C40"
        ],
        [
            "C116",
            "C5"
        ],
        [
            "C28"
        ],
        [
            "C35"
        ],
        [
            "C97"
        ],
        [
            "C101"
        ]
    ],
    "error_codes": {
        "E0": [
            "FC0",
            [
                "C40",
                "C108",
                "C2",
                "C122",
                "C88",
                "C127",
                "C25",
                "C100",
                "C106",
                "C28",
                "C114",
                "C9",
                "C71"
            ]
        ],
        "E1": [
            "FC1",
            [
                "C40",
                "C25",
                "C54",
                "C34",
                "C74",
                "C109",
                "C127",
                "C103",
                "C83",
                "C20",
                "C119"
            ]
        ],
        "E2": [
            "FC2",
            [
                "C40",
                "C108",
                "C88",
                "C73",
                "C116",
                "C38",
                "C84"
            ]
        ],
        "E3": [
            "FC3",
            [
                "C40",
                "C79",
                "C19"
            ]
        ],
        "E4": [
            "FC4",
            [
                "C5",
                "C71",
                "C114",
                "C68"
            ]
        ],
        "E5": [
            "FC5",
            [
                "C5",
                "C84",
                "C52",
                "C122",
                "C18",
                "C24",
                "C73",
                "C16",
                "C25",
                "C23",
                "C88",
                "C30",
                "C70"
            ]
        ],
        "E6": [
            "FC6",
            [
                "C40",
                "C97"
            ]
        ],
        "E7": [
            "FC7",
            [
                "C3",
                "C83",
                "C8",
                "C121",
                "C107"
            ]
        ],
        "E8": [
            "FC8",
            [
                "C40",
                "C112",
                "C111",
                "C89",
                "C56",
                "C82",
                "C86",
                "C124",
                "C5",
                "C80",
                "C59",
                "C50",
                "C2"
            ]
        ],
        "E9": [
            "FC9",
            [
                "C3",
                "C48",
                "C106",
                "C116",
                "C6",
                "C114",
                "C60",
                "C110",
                "C45",
                "C78",
                "C49"
            ]
        ],
        "E10": [
            "FC10",
            [
                "C122",
                "C55",
                "C76",
                "C103",
                "C26",
                "C104",
                "C35",
                "C114"
            ]
        ],
        "E11": [
            "FC11",
            [
                "C122",
                "C8",
                "C51",
                "C22",
                "C40"
            ]
        ],
        "E12": [
            "FC12",
            [
                "C40",
                "C4",
                "C103",
                "C124",
                "C16",
                "C67",
                "C90",
                "C33",
                "C113",
                "C58",
                "C106",
                "C26"
            ]
        ],
        "E13": [
            "FC13",
            [
                "C5",
                "C70",
                "C20",
                "C36",
                "C62",
                "C110",
                "C51",
                "C64",
                "C53",
                "C73",
                "C83"
            ]
        ],
        "E14": [
            "FC14",
            [
                "C28",
                "C123",
                "C13",
                "C107"
            ]
        ],
        "E15": [
            "FC15",
            [
                "C35",
                "C67",
                "C62",
                "C102"
            ]
        ],
        "E16": [
            "FC16",
            [
                "C97",
                "C88",
                "C60",
                "C55",
                "C62",
                "C3",
                "C40",
                "C102",
                "C94",
                "C23",
                "C77",
                "C110",
                "C47"
            ]
        ],
        "E17": [
            "FC17",
            [
                "C101",
                "C57",
                "C58"
            ]
        ]
    },
    "sim_accuracies": {
        "C0": [
            "0.9654626854710384",
            "False"
        ],
        "C1": [
            "0.9564090767829357",
            "False"
        ],
        "C2": [
            "0.9821892089888495",
            "False"
        ],
        "C3": [
            "0.9804329255201555",
            "True"
        ],
        "C4": [
            "0.9727044476120016",
            "False"
        ],
        "C5": [
            "0.9709374241141089",
            "True"
        ],
        "C6": [
            "0.9627430226371488",
            "False"
        ],
        "C7": [
            "0.9657898382030711",
            "False"
        ],
        "C8": [
            "0.9727461420786321",
            "False"
        ],
        "C9": [
            "0.9506173538604896",
            "False"
        ],
        "C10": [
            "0.9815377011116617",
            "True"
        ],
        "C11": [
            "0.958832107972744",
            "False"
        ],
        "C12": [
            "0.9582505591898546",
            "False"
        ],
        "C13": [
            "0.9614974822138858",
            "False"
        ],
        "C14": [
            "0.9561528546839736",
            "False"
        ],
        "C15": [
            "0.9602983821432534",
            "True"
        ],
        "C16": [
            "0.9821074425695016",
            "True"
        ],
        "C17": [
            "0.9872472015549891",
            "False"
        ],
        "C18": [
            "0.9609731775156776",
            "True"
        ],
        "C19": [
            "0.9506170978572119",
            "True"
        ],
        "C20": [
            "0.951023264926447",
            "False"
        ],
        "C21": [
            "0.9896562118772225",
            "False"
        ],
        "C22": [
            "0.9836712861700095",
            "False"
        ],
        "C23": [
            "0.9780140111920393",
            "False"
        ],
        "C24": [
            "0.969605089489743",
            "False"
        ],
        "C25": [
            "0.9787832160771707",
            "False"
        ],
        "C26": [
            "0.9692091895845327",
            "False"
        ],
        "C27": [
            "0.962983836868065",
            "False"
        ],
        "C28": [
            "0.9684714326344837",
            "True"
        ],
        "C29": [
            "0.989528048772984",
            "False"
        ],
        "C30": [
            "0.9749018708875435",
            "False"
        ],
        "C31": [
            "0.9525482460675734",
            "False"
        ],
        "C32": [
            "0.9628221908706849",
            "False"
        ],
        "C33": [
            "0.9774747340276987",
            "False"
        ],
        "C34": [
            "0.9518963878404699",
            "False"
        ],
        "C35": [
            "0.9833996735732496",
            "True"
        ],
        "C36": [
            "0.970371184697533",
            "False"
        ],
        "C37": [
            "0.975187384720677",
            "False"
        ],
        "C38": [
            "0.9596112158811124",
            "True"
        ],
        "C39": [
            "0.9712077650464036",
            "False"
        ],
        "C40": [
            "0.9681766485957756",
            "True"
        ],
        "C41": [
            "0.9693401495202651",
            "False"
        ],
        "C42": [
            "0.9646681629285092",
            "True"
        ],
        "C43": [
            "0.9607375033858432",
            "False"
        ],
        "C44": [
            "0.9666086168984824",
            "False"
        ],
        "C45": [
            "0.9688887028333438",
            "False"
        ],
        "C46": [
            "0.9831146188654059",
            "False"
        ],
        "C47": [
            "0.9851425119587441",
            "False"
        ],
        "C48": [
            "0.9644113866891341",
            "False"
        ],
        "C49": [
            "0.9662298687900125",
            "False"
        ],
        "C50": [
            "0.9514161279222655",
            "False"
        ],
        "C51": [
            "0.9800778121090445",
            "False"
        ],
        "C52": [
            "0.970771926212809",
            "False"
        ],
        "C53": [
            "0.9886183510444098",
            "False"
        ],
        "C54": [
            "0.9768060454278888",
            "False"
        ],
        "C55": [
            "0.9696905042397975",
            "False"
        ],
        "C56": [
            "0.9570532267326717",
            "False"
        ],
        "C57": [
            "0.9753377988448585",
            "False"
        ],
        "C58": [
            "0.9662784982716378",
            "False"
        ],
        "C59": [
            "0.9528943128505996",
            "False"
        ],
        "C60": [
            "0.9501333754970771",
            "True"
        ],
        "C61": [
            "0.9760629169214627",
            "False"
        ],
        "C62": [
            "0.9870184387291199",
            "False"
        ],
        "C63": [
            "0.9737688734419049",
            "False"
        ],
        "C64": [
            "0.9598853204693593",
            "False"
        ],
        "C65": [
            "0.9523502390321793",
            "False"
        ],
        "C66": [
            "0.9813510217172561",
            "False"
        ],
        "C67": [
            "0.9865742642342229",
            "False"
        ],
        "C68": [
            "0.9745729718998899",
            "False"
        ],
        "C69": [
            "0.9827708989047226",
            "False"
        ],
        "C70": [
            "0.9802421858245985",
            "False"
        ],
        "C71": [
            "0.9541951126178257",
            "False"
        ],
        "C72": [
            "0.986636892493996",
            "False"
        ],
        "C73": [
            "0.9612167896173419",
            "False"
        ],
        "C74": [
            "0.9856622633084449",
            "False"
        ],
        "C75": [
            "0.9685002796089089",
            "False"
        ],
        "C76": [
            "0.9755795396653195",
            "False"
        ],
        "C77": [
            "0.9706501492355493",
            "False"
        ],
        "C78": [
            "0.9616610426730556",
            "False"
        ],
        "C79": [
            "0.9832077518877799",
            "False"
        ],
        "C80": [
            "0.9824197267502798",
            "False"
        ],
        "C81": [
            "0.9756238043831718",
            "False"
        ],
        "C82": [
            "0.9697570259774225",
            "False"
        ],
        "C83": [
            "0.9889622682004693",
            "False"
        ],
        "C84": [
            "0.9553955360379854",
            "True"
        ],
        "C85": [
            "0.9574707931525482",
            "False"
        ],
        "C86": [
            "0.9602849266736565",
            "False"
        ],
        "C87": [
            "0.9624802180513276",
            "False"
        ],
        "C88": [
            "0.9857684700737479",
            "True"
        ],
        "C89": [
            "0.95816963092658",
            "True"
        ],
        "C90": [
            "0.9688934173775815",
            "True"
        ],
        "C91": [
            "0.9622139362964224",
            "False"
        ],
        "C92": [
            "0.9635026862222005",
            "False"
        ],
        "C93": [
            "0.9753694963717976",
            "False"
        ],
        "C94": [
            "0.9875417263479517",
            "False"
        ],
        "C95": [
            "0.983845399906026",
            "False"
        ],
        "C96": [
            "0.9570987446175256",
            "True"
        ],
        "C97": [
            "0.9622159846015275",
            "True"
        ],
        "C98": [
            "0.975522013039379",
            "False"
        ],
        "C99": [
            "0.9886020296278647",
            "False"
        ],
        "C100": [
            "0.9558505527916332",
            "False"
        ],
        "C101": [
            "0.9804123206802425",
            "True"
        ],
        "C102": [
            "0.9583017447982344",
            "False"
        ],
        "C103": [
            "0.9714560945683542",
            "True"
        ],
        "C104": [
            "0.9725486703495717",
            "True"
        ],
        "C105": [
            "0.9717968516487256",
            "False"
        ],
        "C106": [
            "0.953972213360997",
            "False"
        ],
        "C107": [
            "0.9734997553659998",
            "False"
        ],
        "C108": [
            "0.9776017872026372",
            "True"
        ],
        "C109": [
            "0.9741804191891608",
            "False"
        ],
        "C110": [
            "0.9610460500363008",
            "False"
        ],
        "C111": [
            "0.9540572388745623",
            "False"
        ],
        "C112": [
            "0.9657832291688174",
            "False"
        ],
        "C113": [
            "0.9876634117974729",
            "False"
        ],
        "C114": [
            "0.978925975348426",
            "True"
        ],
        "C115": [
            "0.9549824939525791",
            "False"
        ],
        "C116": [
            "0.96682850942633",
            "True"
        ],
        "C117": [
            "0.9797687483699299",
            "False"
        ],
        "C118": [
            "0.9542799515524893",
            "False"
        ],
        "C119": [
            "0.9526302508856139",
            "False"
        ],
        "C120": [
            "0.9516345372559909",
            "False"
        ],
        "C121": [
            "0.9512085223254776",
            "False"
        ],
        "C122": [
            "0.9666966884187314",
            "True"
        ],
        "C123": [
            "0.9801697058644738",
            "False"
        ],
        "C124": [
            "0.9777935362330995",
            "False"
        ],
        "C125": [
            "0.9670996777752775",
            "False"
        ],
        "C126": [
            "0.963707976146402",
            "False"
        ],
        "C127": [
            "0.9508832989663294",
            "False"
        ],
        "C128": [
            "0.9801517871939832",
            "False"
        ]
    }
}