{
    "suspect_components": {
        "C0": [
            false,
            [
                "C125",
                "C124"
            ]
        ],
        "C1": [
            false,
            [
                "C51"
            ]
        ],
        "C2": [
            false,
            [
                "C7",
                "C51"
            ]
        ],
        "C3": [
            false,
            [
                "C57"
            ]
        ],
        "C4": [
            false,
            [
                "C28",
                "C0",
                "C62"
            ]
        ],
        "C5": [
            false,
            [
                "C115",
                "C63",
                "C59"
            ]
        ],
        "C6": [
            false,
            [
                "C22",
                "C19",
                "C55",
                "C79",
                "C59",
                "C30"
            ]
        ],
        "C7": [
            false,
            [
                "C29",
                "C122",
                "C55",
                "C48",
                "C60",
                "C42"
            ]
        ],
        "C8": [
            false,
            [
                "C82",
                "C13",
                "C25",
                "C19",
                "C94"
            ]
        ],
        "C9": [
            false,
            [
                "C116",
                "C124"
            ]
        ],
        "C10": [
            false,
            [
                "C60",
                "C128",
                "C34",
                "C84",
                "C51",
                "C8"
            ]
        ],
        "C11": [
            false,
            [
                "C119",
                "C108",
                "C0",
                "C25",
                "C58",
                "C43",
                "C106"
            ]
        ],
        "C12": [
            false,
            [
                "C69",
                "C59",
                "C27",
                "C20",
                "C70",
                "C3",
                "C107",
                "C11"
            ]
        ],
        "C13": [
            false,
            [
                "C97",
                "C119",
                "C62",
                "C44"
            ]
        ],
        "C14": [
            false,
            [
                "C105",
                "C120",
                "C5"
            ]
        ],
        "C15": [
            true,
            [
                "C63",
                "C106",
                "C27",
                "C4",
                "C85"
            ]
        ],
        "C16": [
            false,
            [
                "C94"
            ]
        ],
        "C17": [
            false,
            [
                "C50"
            ]
        ],
        "C18": [
            true,
            [
                "C15",
                "C117",
                "C37",
                "C43"
            ]
        ],
        "C19": [
            false,
            [
                "C85",
                "C20",
                "C79",
                "C98",
                "C11"
            ]
        ],
        "C20": [
            false,
            [
                "C23",
                "C85",
                "C60",
                "C49",
                "C100",
                "C29"
            ]
        ],
        "C21": [
            false,
            [
                "C58",
                "C25",
                "C116"
            ]
        ],
        "C22": [
            false,
            [
                "C85",
                "C51"
            ]
        ],
        "C23": [
            false,
            [
                "C127",
                "C29",
                "C15"
            ]
        ],
        "C24": [
            false,
            [
                "C35",
                "C55"
            ]
        ],
        "C25": [
            true,
            [
                "C48",
                "C71",
                "C67"
            ]
        ],
        "C26": [
            true,
            [
                "C4",
                "C15",
                "C108",
                "C10",
                "C53",
                "C0"
            ]
        ],
        "C27": [
            false,
            []
        ],
        "C28": [
            false,
            [
                "C99",
                "C57",
                "C106",
                "C66",
                "C43",
                "C127",
                "C36",
                "C67"
            ]
        ],
        "C29": [
            false,
            [
                "C26",
                "C128"
            ]
        ],
        "C30": [
            false,
            [
                "C99",
                "C13",
                "C26",
                "C68",
                "C66"
            ]
        ],
        "C31": [
            false,
            [
                "C6",
                "C101"
            ]
        ],
        "C32": [
            true,
            [
                "C35",
                "C92",
                "C98",
                "C93",
                "C26",
                "C51",
                "C0",
                "C95",
                "C96"
            ]
        ],
        "C33": [
            false,
            [
                "C85",
                "C27",
                "C66",
                "C117",
                "C45",
                "C108",
                "C127"
            ]
        ],
        "C34": [
            false,
            [
                "C14",
                "C71",
                "C65",
                "C43",
                "C38",
                "C3",
                "C112",
                "C101"
            ]
        ],
        "C35": [
            false,
            [
                "C64",
                "C24",
                "C5",
                "C49",
                "C54",
                "C16",
                "C118",
                "C27"
            ]
        ],
        "C36": [
            true,
            [
                "C10",
                "C48",
                "C92",
                "C27",
                "C109",
                "C66",
                "C65",
                "C101"
            ]
        ],
        "C37": [
            false,
            [
                "C56",
                "C57",
                "C18",
                "C101",
                "C6"
            ]
        ],
        "C38": [
            false,
            [
                "C118",
                "C52",
                "C27"
            ]
        ],
        "C39": [
            false,
            []
        ],
        "C40": [
            false,
            [
                "C95",
                "C31"
            ]
        ],
        "C41": [
            false,
            [
                "C114"
            ]
        ],
        "C42": [
            false,
            [
                "C81",
                "C50",
                "C120"
            ]
        ],
        "C43": [
            false,
            [
                "C122",
                "C20",
                "C47",
                "C79",
                "C33",
                "C8",
                "C83"
            ]
        ],
        "C44": [
            false,
            [
                "C87",
                "C78",
                "C90",
                "C92",
                "C3"
            ]
        ],
        "C45": [
            false,
            [
                "C21",
                "C22",
                "C11",
                "C125"
            ]
        ],
        "C46": [
            true,
            [
                "C70",
                "C63",
                "C119",
                "C3",
                "C50"
            ]
        ],
        "C47": [
            false,
            [
                "C55",
                "C39",
                "C22",
                "C4",
                "C5",
                "C57",
                "C112"
            ]
        ],
        "C48": [
            false,
            [
                "C14",
                "C61",
                "C62"
            ]
        ],
        "C49": [
            false,
            [
                "C59",
                "C121",
                "C31",
                "C51",
                "C46",
                "C125",
                "C10",
                "C53"
            ]
        ],
        "C50": [
            true,
            [
                "C42",
                "C43",
                "C86"
            ]
        ],
        "C51": [
            false,
            [
                "C11",
                "C76",
                "C17"
            ]
        ],
        "C52": [
            false,
            []
        ],
        "C53": [
            true,
            []
        ],
        "C54": [
            false,
            [
                "C28",
                "C73",
                "C93",
                "C40",
                "C51",
                "C6",
                "C98",
                "C5"
            ]
        ],
        "C55": [
            false,
            [
                "C76",
                "C38",
                "C114",
                "C122",
                "C37",
                "C95"
            ]
        ],
        "C56": [
            true,
            [
                "C71",
                "C125",
                "C46",
                "C19",
                "C74",
                "C26",
                "C6",
                "C42",
                "C36"
            ]
        ],
        "C57": [
            false,
            [
                "C88",
                "C118",
                "C34",
                "C96",
                "C85",
                "C6",
                "C43",
                "C115",
                "C101"
            ]
        ],
        "C58": [
            false,
            [
                "C29",
                "C104",
                "C83",
                "C15",
                "C73",
                "C28",
                "C120"
            ]
        ],
        "C59": [
            false,
            [
                "C101",
                "C68"
            ]
        ],
        "C60": [
            false,
            [
                "C88",
                "C20",
                "C16",
                "C72",
                "C52"
            ]
        ],
        "C61": [
            false,
            [
                "C50"
            ]
        ],
        "C62": [
            false,
            [
                "C40",
                "C39",
                "C22"
            ]
        ],
        "C63": [
            false,
            [
                "C120"
            ]
        ],
        "C64": [
            false,
            [
                "C15"
            ]
        ],
        "C65": [
            false,
            [
                "C49",
                "C14",
                "C80",
                "C87",
                "C95",
                "C77",
                "C27"
            ]
        ],
        "C66": [
            false,
            [
                "C21",
                "C125",
                "C25"
            ]
        ],
        "C67": [
            false,
            [
                "C108",
                "C69",
                "C42",
                "C23"
            ]
        ],
        "C68": [
            false,
            [
                "C116",
                "C77",
                "C35"
            ]
        ],
        "C69": [
            true,
            [
                "C89",
                "C36",
                "C32",
                "C112"
            ]
        ],
        "C70": [
            false,
            []
        ],
        "C71": [
            true,
            [
                "C56",
                "C66",
                "C50",
                "C57",
                "C45",
                "C125",
                "C39"
            ]
        ],
        "C72": [
            false,
            [
                "C32",
                "C8"
            ]
        ],
        "C73": [
            false,
            [
                "C13",
                "C118",
                "C97"
            ]
        ],
        "C74": [
            false,
            [
                "C41",
                "C83",
                "C72",
                "C79",
                "C26",
                "C112",
                "C42"
            ]
        ],
        "C75": [
            true,
            [
                "C15",
                "C54"
            ]
        ],
        "C76": [
            false,
            [
                "C27",
                "C71",
                "C91",
                "C101",
                "C32"
            ]
        ],
        "C77": [
            true,
            [
                "C117",
                "C83",
                "C66",
                "C6"
            ]
        ],
        "C78": [
            false,
            [
                "C111",
                "C28",
                "C106",
                "C128",
                "C97",
                "C47",
                "C112",
                "C117",
                "C95"
            ]
        ],
        "C79": [
            false,
            [
                "C72",
                "C60",
                "C71",
                "C99",
                "C32",
                "C7"
            ]
        ],
        "C80": [
            false,
            [
                "C40",
                "C92",
                "C22",
                "C2",
                "C67",
                "C54",
                "C64"
            ]
        ],
        "C81": [
            true,
            [
                "C66",
                "C91",
                "C105",
                "C101",
                "C5",
                "C0"
            ]
        ],
        "C82": [
            true,
            [
                "C34",
                "C115",
                "C66",
                "C104"
            ]
        ],
        "C83": [
            false,
            [
                "C61"
            ]
        ],
        "C84": [
            false,
            [
                "C118",
                "C6",
                "C7"
            ]
        ],
        "C85": [
            false,
            [
                "C8",
                "C69",
                "C93",
                "C12"
            ]
        ],
        "C86": [
            false,
            [
                "C123",
                "C58",
                "C105",
                "C50",
                "C43",
                "C78"
            ]
        ],
        "C87": [
            false,
            [
                "C3",
                "C53"
            ]
        ],
        "C88": [
            false,
            [
                "C98",
                "C114",
                "C28",
                "C67",
                "C37",
                "C8"
            ]
        ],
        "C89": [
            false,
            [
                "C109"
            ]
        ],
        "C90": [
            false,
            [
                "C122",
                "C108",
                "C45",
                "C128",
                "C80"
            ]
        ],
        "C91": [
            false,
            [
                "C126",
                "C114",
                "C50",
                "C18",
                "C56",
                "C72",
                "C30"
            ]
        ],
        "C92": [
            false,
            [
                "C73",
                "C46",
                "C126",
                "C31",
                "C104",
                "C89"
            ]
        ],
        "C93": [
            false,
            [
                "C18",
                "C49",
                "C41",
                "C64",
                "C75",
                "C51",
                "C34"
            ]
        ],
        "C94": [
            false,
            [
                "C93",
                "C96",
                "C59",
                "C18",
                "C120",
                "C70",
                "C41"
            ]
        ],
        "C95": [
            false,
            [
                "C96",
                "C30",
                "C14",
                "C18",
                "C75",
                "C33",
                "C1"
            ]
        ],
        "C96": [
            false,
            [
                "C46",
                "C87"
            ]
        ],
        "C97": [
            false,
            []
        ],
        "C98": [
            false,
            [
                "C84",
                "C104",
                "C91",
                "C26",
                "C95",
                "C19",
                "C106"
            ]
        ],
        "C99": [
            false,
            [
                "C50",
                "C64",
                "C39",
                "C92",
                "C83",
                "C66"
            ]
        ],
        "C100": [
            false,
            [
                "C72",
                "C18",
                "C124"
            ]
        ],
        "C101": [
            false,
            []
        ],
        "C102": [
            false,
            [
                "C46",
                "C126",
                "C53",
                "C4",
                "C20"
            ]
        ],
        "C103": [
            true,
            [
                "C98",
                "C41",
                "C17",
                "C36"
            ]
        ],
        "C104": [
            false,
            [
                "C52",
                "C38",
                "C4",
                "C63"
            ]
        ],
        "C105": [
            false,
            [
                "C119"
            ]
        ],
        "C106": [
            true,
            [
                "C6",
                "C34",
                "C32"
            ]
        ],
        "C107": [
            true,
            [
                "C127",
                "C102"
            ]
        ],
        "C108": [
            false,
            [
                "C32",
                "C38",
                "C41",
                "C58",
                "C9",
                "C10",
                "C63",
                "C24",
                "C20"
            ]
        ],
        "C109": [
            true,
            []
        ],
        "C110": [
            true,
            [
                "C108",
                "C93"
            ]
        ],
        "C111": [
            false,
            [
                "C32",
                "C16",
                "C77",
                "C97"
            ]
        ],
        "C112": [
            false,
            [
                "C109",
                "C26",
                "C98",
                "C65",
                "C122",
                "C37",
                "C86"
            ]
        ],
        "C113": [
            false,
            [
                "C60",
                "C65",
                "C44"
            ]
        ],
        "C114": [
            false,
            [
                "C73",
                "C14",
                "C9",
                "C128",
                "C122",
                "C20"
            ]
        ],
        "C115": [
            true,
            [
                "C76",
                "C47",
                "C0",
                "C120",
                "C93",
                "C45",
                "C83"
            ]
        ],
        "C116": [
            false,
            [
                "C63",
                "C101",
                "C50",
                "C2",
                "C49",
                "C17"
            ]
        ],
        "C117": [
            false,
            []
        ],
        "C118": [
            true,
            [
                "C47",
                "C23",
                "C56",
                "C14",
                "C106",
                "C100"
            ]
        ],
        "C119": [
            false,
            [
                "C42",
                "C1"
            ]
        ],
        "C120": [
            false,
            [
                "C59",
                "C76",
                "C123",
                "C1",
                "C30",
                "C61"
            ]
        ],
        "C121": [
            true,
            [
                "C59",
                "C89",
                "C40",
                "C126",
                "C105",
                "C70"
            ]
        ],
        "C122": [
            false,
            [
                "C111",
                "C70"
            ]
        ],
        "C123": [
            true,
            [
                "C50",
                "C14",
                "C112",
                "C16",
                "C57",
                "C33",
                "C86",
                "C61",
                "C58"
            ]
        ],
        "C124": [
            false,
            [
                "C53",
                "C97",
                "C30",
                "C12",
                "C95"
            ]
        ],
        "C125": [
            false,
            []
        ],
        "C126": [
            false,
            [
                "C76",
                "C66",
                "C12",
                "C97",
                "C78",
                "C53",
                "C89",
                "C22"
            ]
        ],
        "C127": [
            false,
            []
        ],
        "C128": [
            true,
            [
                "C106",
                "C62",
                "C89",
                "C94",
                "C25",
                "C40",
                "C5",
                "C90"
            ]
        ]
    },
    "ground_truth_fault_paths": [
        [
            "C32",
            "C106",
            "C15",
            "C26",
            "C56",
            "C71",
            "C25",
            "C128"
        ],
        [
            "C50",
            "C46",
            "C56",
            "C71",
            "C25",
            "C128"
        ],
        [
            "C32",
            "C106",
            "C15",
            "C26",
            "C56",
            "C118"
        ],
        [
            "C109",
            "C36",
            "C56",
            "C71",
            "C25",
            "C128"
        ],
        [
            "C53",
            "C26",
            "C56",
            "C71",
            "C25",
            "C128"
        ],
        [
            "C53",
            "C26",
            "C32",
            "C106",
            "C15",
            "C75"
        ],
        [
            "C53",
            "C26",
            "C32",
            "C106",
            "C15",
            "C18"
        ],
        [
            "C106",
            "C15",
            "C26",
            "C32",
            "C69"
        ],
        [
            "C15",
            "C26",
            "C32",
            "C106",
            "C128"
        ],
        [
            "C15",
            "C26",
            "C32",
            "C106",
            "C118"
        ],
        [
            "C53",
            "C26",
            "C32",
            "C106",
            "C128"
        ],
        [
            "C53",
            "C26",
            "C32",
            "C106",
            "C118"
        ],
        [
            "C50",
            "C71",
            "C56",
            "C118"
        ],
        [
            "C50",
            "C71",
            "C25",
            "C128"
        ],
        [
            "C50",
            "C46",
            "C56",
            "C118"
        ],
        [
            "C109",
            "C36",
            "C56",
            "C118"
        ],
        [
            "C53",
            "C26",
            "C56",
            "C118"
        ],
        [
            "C53",
            "C26",
            "C32",
            "C69"
        ],
        [
            "C109",
            "C36",
            "C103"
        ],
        [
            "C109",
            "C36",
            "C69"
        ],
        [
            "C50",
            "C123"
        ],
        [
            "C115",
            "C82"
        ],
        [
            "C77"
        ],
        [
            "C81"
        ],
        [
            "C107"
        ],
        [
            "C110"
        ],
        [
            "C121"
        ]
    ],
    "error_codes": {
        "E0": [
            "FC0",
            [
                "C128",
                "C22"
            ]
        ],
        "E1": [
            "FC1",
            [
                "C128",
                "C25",
                "C42",
                "C111",
                "C15",
                "C87",
                "C96",
                "C44"
            ]
        ],
        "E2": [
            "FC2",
            [
                "C118",
                "C56",
                "C54",
                "C73",
                "C93",
                "C102",
                "C107",
                "C105",
                "C55",
                "C123",
                "C44"
            ]
        ],
        "E3": [
            "FC3",
            [
                "C128",
                "C36",
                "C12",
                "C82",
                "C8",
                "C49",
                "C114",
                "C105",
                "C111",
                "C94",
                "C6"
            ]
        ],
        "E4": [
            "FC4",
            [
                "C128",
                "C25",
                "C78",
                "C62",
                "C65",
                "C50"
            ]
        ],
        "E5": [
            "FC5",
            [
                "C75",
                "C26",
                "C32",
                "C55",
                "C0",
                "C57",
                "C113",
                "C27",
                "C43",
                "C85",
                "C73",
                "C91",
                "C61",
                "C18",
                "C124"
            ]
        ],
        "E6": [
            "FC6",
            [
                "C18",
                "C26",
                "C32"
            ]
        ],
        "E7": [
            "FC7",
            [
                "C69",
                "C20",
                "C9",
                "C78",
                "C60",
                "C62",
                "C44",
                "C23",
                "C48",
                "C36"
            ]
        ],
        "E8": [
            "FC8",
            [
                "C128",
                "C23",
                "C17",
                "C5",
                "C119"
            ]
        ],
        "E9": [
            "FC9",
            [
                "C118",
                "C26",
                "C123",
                "C101",
                "C37",
                "C72",
                "C122",
                "C31",
                "C86",
                "C102",
                "C89",
                "C64",
                "C39",
                "C23"
            ]
        ],
        "E10": [
            "FC10",
            [
                "C128",
                "C26",
                "C9",
                "C40",
                "C25",
                "C53",
                "C81",
                "C21",
                "C43"
            ]
        ],
        "E11": [
            "FC11",
            [
                "C118",
                "C58",
                "C31",
                "C2",
                "C117",
                "C73",
                "C104",
                "C111",
                "C87",
                "C97",
                "C26",
                "C113",
                "C22"
            ]
        ],
        "E12": [
            "FC12",
            [
                "C118",
                "C43",
                "C126",
                "C53",
                "C33"
            ]
        ],
        "E13": [
            "FC13",
            [
                "C128",
                "C25",
                "C62",
                "C112"
            ]
        ],
        "E14": [
            "FC14",
            [
                "C118",
                "C127",
                "C126"
            ]
        ],
        "E15": [
            "FC15",
            [
                "C118",
                "C113",
                "C83",
                "C109",
                "C27",
                "C78",
                "C9",
                "C72"
            ]
        ],
        "E16": [
            "FC16",
            [
                "C118",
                "C56",
                "C34",
                "C29",
                "C17",
                "C40",
                "C79",
                "C70"
            ]
        ],
        "E17": [
            "FC17",
            [
                "C69",
                "C68",
                "C6",
                "C15",
                "C111",
                "C40",
                "C22"
            ]
        ],
        "E18": [
            "FC18",
            [
                "C103",
                "C127",
                "C71",
                "C23",
                "C5",
                "C98",
                "C7",
                "C125",
                "C101",
                "C14",
                "C74",
                "C90"
            ]
        ],
        "E19": [
            "FC19",
            [
                "C69",
                "C91",
                "C15",
                "C28",
                "C99",
                "C62",
                "C88",
                "C120"
            ]
        ],
        "E20": [
            "FC20",
            [
                "C123",
                "C17",
                "C105",
                "C75",
                "C117"
            ]
        ],
        "E21": [
            "FC21",
            [
                "C82",
                "C4",
                "C26",
                "C69",
                "C91",
                "C9",
                "C34",
                "C55",
                "C114",
                "C61",
                "C128",
                "C92",
                "C42"
            ]
        ],
        "E22": [
            "FC22",
            [
                "C77",
                "C52",
                "C92",
                "C50",
                "C41",
                "C88",
                "C111",
                "C87"
            ]
        ],
        "E23": [
            "FC23",
            [
                "C81",
                "C54",
                "C30",
                "C112",
                "C53",
                "C8",
                "C1",
                "C19",
                "C18",
                "C57"
            ]
        ],
        "E24": [
            "FC24",
            [
                "C107",
                "C111",
                "C2",
                "C13",
                "C58",
                "C105"
            ]
        ],
        "E25": [
            "FC25",
            [
                "C110",
                "C23",
                "C93",
                "C87",
                "C70",
                "C37",
                "C109",
                "C14",
                "C40",
                "C111",
                "C125"
            ]
        ],
        "E26": [
            "FC26",
            [
                "C121",
                "C17",
                "C86",
                "C22",
                "C16",
                "C62",
                "C63",
                "C12"
            ]
        ]
    },
    "sim_accuracies": {
        "C0": [
            "0.9609099424574715",
            "False"
        ],
        "C1": [
            "0.9821507605473979",
            "False"
        ],
        "C2": [
            "0.9600028352316207",
            "False"
        ],
        "C3": [
            "0.9610272802083933",
            "False"
        ],
        "C4": [
            "0.9631079833566956",
            "False"
        ],
        "C5": [
            "0.9535192394169633",
            "False"
        ],
        "C6": [
            "0.9846429303928439",
            "False"
        ],
        "C7": [
            "0.9537199996167399",
            "False"
        ],
        "C8": [
            "0.9822495788912571",
            "False"
        ],
        "C9": [
            "0.970332558110266",
            "False"
        ],
        "C10": [
            "0.9536915219360943",
            "False"
        ],
        "C11": [
            "0.9841240017260799",
            "False"
        ],
        "C12": [
            "0.976435565330733",
            "False"
        ],
        "C13": [
            "0.9716705883762539",
            "False"
        ],
        "C14": [
            "0.9884735349040051",
            "False"
        ],
        "C15": [
            "0.9811685607674278",
            "True"
        ],
        "C16": [
            "0.9825354720909213",
            "False"
        ],
        "C17": [
            "0.9714330953359956",
            "False"
        ],
        "C18": [
            "0.9733663282261298",
            "True"
        ],
        "C19": [
            "0.9621554048513636",
            "False"
        ],
        "C20": [
            "0.9740137623299321",
            "False"
        ],
        "C21": [
            "0.9634499853624584",
            "False"
        ],
        "C22": [
            "0.9851953070866386",
            "False"
        ],
        "C23": [
            "0.9826355154101464",
            "False"
        ],
        "C24": [
            "0.9641622649112167",
            "False"
        ],
        "C25": [
            "0.9819338099084637",
            "True"
        ],
        "C26": [
            "0.98074852751872",
            "True"
        ],
        "C27": [
            "0.9735940148109951",
            "False"
        ],
        "C28": [
            "0.9749805883369734",
            "False"
        ],
        "C29": [
            "0.9684150713549365",
            "False"
        ],
        "C30": [
            "0.9798402795912851",
            "False"
        ],
        "C31": [
            "0.9719596060490094",
            "False"
        ],
        "C32": [
            "0.9701481580913497",
            "True"
        ],
        "C33": [
            "0.9764956649450864",
            "False"
        ],
        "C34": [
            "0.9573223708143025",
            "False"
        ],
        "C35": [
            "0.96217990257175",
            "False"
        ],
        "C36": [
            "0.9608424991424921",
            "True"
        ],
        "C37": [
            "0.9716403890899691",
            "False"
        ],
        "C38": [
            "0.9748533876527181",
            "False"
        ],
        "C39": [
            "0.9536150595244003",
            "False"
        ],
        "C40": [
            "0.9741385702739588",
            "False"
        ],
        "C41": [
            "0.9814066713481336",
            "False"
        ],
        "C42": [
            "0.9675562160782867",
            "False"
        ],
        "C43": [
            "0.9787438973448889",
            "False"
        ],
        "C44": [
            "0.9834185254202708",
            "False"
        ],
        "C45": [
            "0.9639736260077845",
            "False"
        ],
        "C46": [
            "0.9819341971475691",
            "True"
        ],
        "C47": [
            "0.9861468512764567",
            "False"
        ],
        "C48": [
            "0.9651411183937725",
            "False"
        ],
        "C49": [
            "0.9692521183966023",
            "False"
        ],
        "C50": [
            "0.9689878912585133",
            "True"
        ],
        "C51": [
            "0.9601209438259428",
            "False"
        ],
        "C52": [
            "0.9512392466930345",
            "False"
        ],
        "C53": [
            "0.960705621114156",
            "True"
        ],
        "C54": [
            "0.9874558764766567",
            "False"
        ],
        "C55": [
            "0.9733933380275653",
            "False"
        ],
        "C56": [
            "0.9898426642482461",
            "True"
        ],
        "C57": [
            "0.9747550306828009",
            "False"
        ],
        "C58": [
            "0.9729877463849117",
            "False"
        ],
        "C59": [
            "0.9757839129241264",
            "False"
        ],
        "C60": [
            "0.9600586087422232",
            "False"
        ],
        "C61": [
            "0.9828017645855118",
            "False"
        ],
        "C62": [
            "0.9813375636454118",
            "False"
        ],
        "C63": [
            "0.9524894456147193",
            "False"
        ],
        "C64": [
            "0.9672796095528016",
            "False"
        ],
        "C65": [
            "0.9645935674548889",
            "False"
        ],
        "C66": [
            "0.9639091824788693",
            "False"
        ],
        "C67": [
            "0.9527901919531148",
            "False"
        ],
        "C68": [
            "0.969730285971216",
            "False"
        ],
        "C69": [
            "0.9833031115269256",
            "True"
        ],
        "C70": [
            "0.9831454865609388",
            "False"
        ],
        "C71": [
            "0.9537510760242237",
            "True"
        ],
        "C72": [
            "0.9857967504157987",
            "False"
        ],
        "C73": [
            "0.9554933530773215",
            "False"
        ],
        "C74": [
            "0.9889396851472321",
            "False"
        ],
        "C75": [
            "0.9549415544251949",
            "True"
        ],
        "C76": [
            "0.9767907077134141",
            "False"
        ],
        "C77": [
            "0.9515811352407703",
            "True"
        ],
        "C78": [
            "0.9713097574908861",
            "False"
        ],
        "C79": [
            "0.9549844893031885",
            "False"
        ],
        "C80": [
            "0.9858475617661762",
            "False"
        ],
        "C81": [
            "0.9779797923980802",
            "True"
        ],
        "C82": [
            "0.9694949348105711",
            "True"
        ],
        "C83": [
            "0.9763443590829849",
            "False"
        ],
        "C84": [
            "0.9825480621974477",
            "False"
        ],
        "C85": [
            "0.969408171409281",
            "False"
        ],
        "C86": [
            "0.9518763334062516",
            "False"
        ],
        "C87": [
            "0.9550049893197621",
            "False"
        ],
        "C88": [
            "0.9757322155613993",
            "False"
        ],
        "C89": [
            "0.9853465496707784",
            "False"
        ],
        "C90": [
            "0.9875149186046323",
            "False"
        ],
        "C91": [
            "0.976057139442519",
            "False"
        ],
        "C92": [
            "0.9611194977333315",
            "False"
        ],
        "C93": [
            "0.9859088674571868",
            "False"
        ],
        "C94": [
            "0.9693947200391914",
            "False"
        ],
        "C95": [
            "0.9867908588441008",
            "False"
        ],
        "C96": [
            "0.9590693488331098",
            "False"
        ],
        "C97": [
            "0.9607153011886586",
            "False"
        ],
        "C98": [
            "0.9778368927871899",
            "False"
        ],
        "C99": [
            "0.9790513971634184",
            "False"
        ],
        "C100": [
            "0.9780784038132079",
            "False"
        ],
        "C101": [
            "0.965291318197524",
            "False"
        ],
        "C102": [
            "0.9562159139233084",
            "False"
        ],
        "C103": [
            "0.972460797450916",
            "True"
        ],
        "C104": [
            "0.9874239464403882",
            "False"
        ],
        "C105": [
            "0.981080957519456",
            "False"
        ],
        "C106": [
            "0.9736912367214965",
            "True"
        ],
        "C107": [
            "0.9881134205930824",
            "True"
        ],
        "C108": [
            "0.9619906142152632",
            "False"
        ],
        "C109": [
            "0.9510986026084468",
            "True"
        ],
        "C110": [
            "0.9690397585906114",
            "True"
        ],
        "C111": [
            "0.9715852479408207",
            "False"
        ],
        "C112": [
            "0.9886319194217906",
            "False"
        ],
        "C113": [
            "0.976923064056608",
            "False"
        ],
        "C114": [
            "0.9721633150537394",
            "False"
        ],
        "C115": [
            "0.965612926376441",
            "True"
        ],
        "C116": [
            "0.9594162436904264",
            "False"
        ],
        "C117": [
            "0.9667865408387374",
            "False"
        ],
        "C118": [
            "0.9625238178774728",
            "True"
        ],
        "C119": [
            "0.9766033416416569",
            "False"
        ],
        "C120": [
            "0.974907440934788",
            "False"
        ],
        "C121": [
            "0.9874095505034772",
            "True"
        ],
        "C122": [
            "0.9608115446276022",
            "False"
        ],
        "C123": [
            "0.9748693304624435",
            "True"
        ],
        "C124": [
            "0.9793559288216016",
            "False"
        ],
        "C125": [
            "0.9670931462867143",
            "False"
        ],
        "C126": [
            "0.9544659519053658",
            "False"
        ],
        "C127": [
            "0.9660950070675306",
            "False"
        ],
        "C128": [
            "0.9712110387157981",
            "True"
        ]
    }
}