{
    "suspect_components": {
        "C0": [
            false,
            [
                "C31",
                "C32",
                "C70",
                "C2",
                "C71",
                "C36",
                "C57"
            ]
        ],
        "C1": [
            false,
            [
                "C64",
                "C43"
            ]
        ],
        "C2": [
            false,
            []
        ],
        "C3": [
            false,
            []
        ],
        "C4": [
            false,
            [
                "C84",
                "C68",
                "C20",
                "C9",
                "C75",
                "C32",
                "C119",
                "C104",
                "C121"
            ]
        ],
        "C5": [
            true,
            [
                "C75",
                "C35",
                "C105",
                "C63",
                "C58",
                "C53"
            ]
        ],
        "C6": [
            false,
            [
                "C51"
            ]
        ],
        "C7": [
            false,
            [
                "C91",
                "C106"
            ]
        ],
        "C8": [
            false,
            [
                "C21",
                "C44"
            ]
        ],
        "C9": [
            true,
            [
                "C119",
                "C70",
                "C21",
                "C79",
                "C3",
                "C85",
                "C94",
                "C25",
                "C111",
                "C32"
            ]
        ],
        "C10": [
            false,
            [
                "C119",
                "C38",
                "C17",
                "C103",
                "C31",
                "C107",
                "C56",
                "C71",
                "C106",
                "C22",
                "C117"
            ]
        ],
        "C11": [
            false,
            [
                "C101",
                "C64",
                "C115",
                "C128"
            ]
        ],
        "C12": [
            false,
            [
                "C14",
                "C120"
            ]
        ],
        "C13": [
            false,
            [
                "C84",
                "C38",
                "C15",
                "C127",
                "C86",
                "C120",
                "C4",
                "C68",
                "C98",
                "C70"
            ]
        ],
        "C14": [
            true,
            [
                "C51",
                "C118",
                "C20",
                "C81",
                "C53",
                "C15",
                "C49",
                "C124"
            ]
        ],
        "C15": [
            false,
            [
                "C48",
                "C28",
                "C124",
                "C71",
                "C26",
                "C104"
            ]
        ],
        "C16": [
            false,
            [
                "C64",
                "C57",
                "C26",
                "C37",
                "C31",
                "C46",
                "C117"
            ]
        ],
        "C17": [
            false,
            [
                "C89",
                "C107"
            ]
        ],
        "C18": [
            false,
            [
                "C57",
                "C75",
                "C127",
                "C81",
                "C48",
                "C26",
                "C122"
            ]
        ],
        "C19": [
            false,
            [
                "C75",
                "C20",
                "C108",
                "C64",
                "C118",
                "C86",
                "C96",
                "C5",
                "C27",
                "C84",
                "C119",
                "C94"
            ]
        ],
        "C20": [
            false,
            [
                "C26",
                "C95",
                "C116",
                "C109"
            ]
        ],
        "C21": [
            false,
            [
                "C66"
            ]
        ],
        "C22": [
            false,
            [
                "C38",
                "C46",
                "C59",
                "C70",
                "C35",
                "C43",
                "C15",
                "C112",
                "C128",
                "C108",
                "C32",
                "C39"
            ]
        ],
        "C23": [
            false,
            [
                "C83",
                "C58",
                "C70"
            ]
        ],
        "C24": [
            false,
            [
                "C45",
                "C38",
                "C30",
                "C57",
                "C39",
                "C107",
                "C126",
                "C127",
                "C55",
                "C42",
                "C83"
            ]
        ],
        "C25": [
            false,
            [
                "C99",
                "C13",
                "C62",
                "C72",
                "C126",
                "C91",
                "C95",
                "C77",
                "C66"
            ]
        ],
        "C26": [
            true,
            [
                "C38",
                "C11",
                "C25"
            ]
        ],
        "C27": [
            false,
            [
                "C65",
                "C3",
                "C72",
                "C93",
                "C18",
                "C112",
                "C116",
                "C5",
                "C125"
            ]
        ],
        "C28": [
            false,
            [
                "C88"
            ]
        ],
        "C29": [
            false,
            [
                "C72",
                "C128",
                "C67",
                "C81",
                "C13",
                "C95",
                "C63",
                "C98",
                "C32",
                "C61",
                "C110",
                "C3"
            ]
        ],
        "C30": [
            false,
            [
                "C106",
                "C41",
                "C110",
                "C58",
                "C113",
                "C72",
                "C4"
            ]
        ],
        "C31": [
            false,
            [
                "C128",
                "C83",
                "C111",
                "C64",
                "C105",
                "C93"
            ]
        ],
        "C32": [
            false,
            [
                "C35",
                "C17",
                "C84",
                "C123",
                "C37",
                "C73",
                "C97",
                "C100",
                "C83",
                "C71",
                "C108",
                "C72"
            ]
        ],
        "C33": [
            false,
            [
                "C120",
                "C55",
                "C1"
            ]
        ],
        "C34": [
            false,
            [
                "C112",
                "C1",
                "C0",
                "C71",
                "C101",
                "C104",
                "C106",
                "C15",
                "C92",
                "C41",
                "C105"
            ]
        ],
        "C35": [
            false,
            [
                "C26",
                "C34",
                "C76",
                "C124",
                "C28",
                "C50",
                "C5",
                "C84",
                "C41",
                "C0",
                "C101"
            ]
        ],
        "C36": [
            false,
            [
                "C6",
                "C16",
                "C20",
                "C115"
            ]
        ],
        "C37": [
            true,
            [
                "C3",
                "C101",
                "C110",
                "C58",
                "C81",
                "C75",
                "C27",
                "C5",
                "C41",
                "C22",
                "C31"
            ]
        ],
        "C38": [
            false,
            [
                "C7",
                "C22",
                "C80",
                "C26"
            ]
        ],
        "C39": [
            false,
            [
                "C125",
                "C49",
                "C55",
                "C59",
                "C116",
                "C0"
            ]
        ],
        "C40": [
            false,
            [
                "C49",
                "C81",
                "C104",
                "C60"
            ]
        ],
        "C41": [
            false,
            [
                "C121",
                "C120"
            ]
        ],
        "C42": [
            false,
            []
        ],
        "C43": [
            false,
            [
                "C103",
                "C17",
                "C56"
            ]
        ],
        "C44": [
            false,
            [
                "C126",
                "C87"
            ]
        ],
        "C45": [
            false,
            [
                "C81",
                "C119"
            ]
        ],
        "C46": [
            false,
            [
                "C120",
                "C89",
                "C103",
                "C68",
                "C63",
                "C112"
            ]
        ],
        "C47": [
            false,
            [
                "C127",
                "C125",
                "C86",
                "C35",
                "C77",
                "C33",
                "C25",
                "C117",
                "C23"
            ]
        ],
        "C48": [
            false,
            [
                "C30",
                "C106",
                "C68",
                "C85",
                "C43",
                "C96",
                "C55",
                "C79",
                "C75",
                "C80",
                "C10",
                "C83"
            ]
        ],
        "C49": [
            false,
            [
                "C54",
                "C118",
                "C93",
                "C69",
                "C14",
                "C70",
                "C86",
                "C30",
                "C16",
                "C65",
                "C28"
            ]
        ],
        "C50": [
            false,
            []
        ],
        "C51": [
            false,
            [
                "C1"
            ]
        ],
        "C52": [
            false,
            [
                "C118",
                "C42",
                "C96",
                "C4",
                "C89",
                "C78",
                "C115",
                "C24"
            ]
        ],
        "C53": [
            false,
            [
                "C126",
                "C49",
                "C32"
            ]
        ],
        "C54": [
            false,
            [
                "C97",
                "C108",
                "C95",
                "C18",
                "C51",
                "C120"
            ]
        ],
        "C55": [
            false,
            [
                "C1",
                "C48",
                "C68",
                "C126",
                "C56",
                "C27",
                "C47",
                "C84",
                "C71",
                "C11",
                "C89"
            ]
        ],
        "C56": [
            false,
            [
                "C75"
            ]
        ],
        "C57": [
            false,
            [
                "C126",
                "C107",
                "C79",
                "C15",
                "C14",
                "C39",
                "C103",
                "C124",
                "C64"
            ]
        ],
        "C58": [
            false,
            [
                "C24",
                "C106",
                "C7",
                "C116",
                "C61",
                "C23",
                "C92",
                "C11",
                "C69",
                "C121",
                "C35"
            ]
        ],
        "C59": [
            false,
            [
                "C92",
                "C98",
                "C107",
                "C26",
                "C47"
            ]
        ],
        "C60": [
            false,
            [
                "C42",
                "C76",
                "C12",
                "C38",
                "C115",
                "C33",
                "C113",
                "C74"
            ]
        ],
        "C61": [
            false,
            []
        ],
        "C62": [
            true,
            [
                "C79",
                "C127",
                "C11",
                "C114",
                "C8",
                "C65"
            ]
        ],
        "C63": [
            false,
            [
                "C20",
                "C104",
                "C5",
                "C123"
            ]
        ],
        "C64": [
            false,
            [
                "C48",
                "C4",
                "C38",
                "C122",
                "C92",
                "C127",
                "C65",
                "C36",
                "C2",
                "C91",
                "C11"
            ]
        ],
        "C65": [
            false,
            []
        ],
        "C66": [
            false,
            []
        ],
        "C67": [
            false,
            [
                "C68",
                "C55",
                "C99",
                "C86",
                "C109",
                "C0",
                "C125",
                "C71",
                "C88",
                "C47",
                "C44",
                "C54"
            ]
        ],
        "C68": [
            false,
            [
                "C111",
                "C2",
                "C106"
            ]
        ],
        "C69": [
            false,
            [
                "C64",
                "C49",
                "C76",
                "C113",
                "C34",
                "C109",
                "C56",
                "C40",
                "C26",
                "C84",
                "C33",
                "C92"
            ]
        ],
        "C70": [
            true,
            [
                "C101",
                "C20",
                "C115",
                "C9",
                "C91",
                "C68",
                "C28",
                "C35",
                "C110"
            ]
        ],
        "C71": [
            false,
            [
                "C3",
                "C64",
                "C21",
                "C46"
            ]
        ],
        "C72": [
            false,
            [
                "C78",
                "C123",
                "C35",
                "C76",
                "C108"
            ]
        ],
        "C73": [
            false,
            [
                "C54",
                "C8",
                "C50"
            ]
        ],
        "C74": [
            false,
            [
                "C86",
                "C73",
                "C1",
                "C70"
            ]
        ],
        "C75": [
            false,
            [
                "C10",
                "C63",
                "C111"
            ]
        ],
        "C76": [
            false,
            [
                "C107",
                "C75",
                "C126",
                "C9",
                "C85",
                "C79"
            ]
        ],
        "C77": [
            false,
            [
                "C121",
                "C24",
                "C102",
                "C30",
                "C57",
                "C11",
                "C111",
                "C92",
                "C123",
                "C13"
            ]
        ],
        "C78": [
            false,
            [
                "C31",
                "C57",
                "C4",
                "C128",
                "C7",
                "C39",
                "C122"
            ]
        ],
        "C79": [
            false,
            [
                "C81",
                "C40",
                "C126",
                "C34",
                "C68",
                "C7",
                "C106",
                "C86"
            ]
        ],
        "C80": [
            false,
            [
                "C94",
                "C18",
                "C127"
            ]
        ],
        "C81": [
            false,
            [
                "C119"
            ]
        ],
        "C82": [
            false,
            [
                "C30"
            ]
        ],
        "C83": [
            false,
            [
                "C32",
                "C36",
                "C19",
                "C63",
                "C30",
                "C113",
                "C37",
                "C59"
            ]
        ],
        "C84": [
            true,
            [
                "C17",
                "C52",
                "C32",
                "C9",
                "C5",
                "C11"
            ]
        ],
        "C85": [
            false,
            [
                "C26",
                "C76",
                "C1",
                "C121",
                "C64",
                "C90",
                "C7",
                "C55",
                "C52",
                "C65",
                "C105",
                "C113"
            ]
        ],
        "C86": [
            false,
            []
        ],
        "C87": [
            false,
            [
                "C117",
                "C114",
                "C51",
                "C100",
                "C68"
            ]
        ],
        "C88": [
            false,
            [
                "C72"
            ]
        ],
        "C89": [
            false,
            []
        ],
        "C90": [
            true,
            [
                "C46",
                "C99"
            ]
        ],
        "C91": [
            false,
            [
                "C89",
                "C108",
                "C44",
                "C1",
                "C69",
                "C72",
                "C100",
                "C20",
                "C14"
            ]
        ],
        "C92": [
            false,
            [
                "C38",
                "C55"
            ]
        ],
        "C93": [
            false,
            [
                "C128",
                "C74",
                "C49",
                "C121",
                "C120",
                "C32",
                "C26",
                "C18",
                "C52"
            ]
        ],
        "C94": [
            false,
            [
                "C17",
                "C87",
                "C21",
                "C123",
                "C80",
                "C61",
                "C8",
                "C122",
                "C42",
                "C4"
            ]
        ],
        "C95": [
            false,
            [
                "C128",
                "C103",
                "C25",
                "C38"
            ]
        ],
        "C96": [
            false,
            []
        ],
        "C97": [
            false,
            [
                "C71",
                "C18",
                "C32",
                "C35",
                "C84",
                "C10",
                "C106",
                "C60",
                "C45",
                "C16",
                "C65",
                "C70"
            ]
        ],
        "C98": [
            false,
            [
                "C107",
                "C108",
                "C55",
                "C21",
                "C79"
            ]
        ],
        "C99": [
            false,
            [
                "C124",
                "C1",
                "C70",
                "C20",
                "C24",
                "C93"
            ]
        ],
        "C100": [
            true,
            [
                "C107"
            ]
        ],
        "C101": [
            false,
            [
                "C107",
                "C86",
                "C80",
                "C50",
                "C34",
                "C21",
                "C25",
                "C27",
                "C73",
                "C100",
                "C64"
            ]
        ],
        "C102": [
            false,
            [
                "C12",
                "C115",
                "C127",
                "C13",
                "C118",
                "C126",
                "C60",
                "C5",
                "C42",
                "C45"
            ]
        ],
        "C103": [
            false,
            [
                "C37",
                "C30"
            ]
        ],
        "C104": [
            false,
            [
                "C1",
                "C35",
                "C30",
                "C89",
                "C38",
                "C50",
                "C68",
                "C78",
                "C31",
                "C117"
            ]
        ],
        "C105": [
            false,
            [
                "C27",
                "C60",
                "C32",
                "C41",
                "C84",
                "C114",
                "C23",
                "C112",
                "C115",
                "C90",
                "C10"
            ]
        ],
        "C106": [
            false,
            [
                "C78",
                "C27",
                "C116",
                "C127",
                "C57",
                "C33"
            ]
        ],
        "C107": [
            false,
            []
        ],
        "C108": [
            false,
            [
                "C101",
                "C3",
                "C122"
            ]
        ],
        "C109": [
            false,
            [
                "C74"
            ]
        ],
        "C110": [
            false,
            [
                "C116",
                "C9",
                "C52",
                "C115",
                "C67",
                "C71",
                "C95",
                "C121",
                "C104"
            ]
        ],
        "C111": [
            false,
            [
                "C119",
                "C54",
                "C30",
                "C72",
                "C53",
                "C25",
                "C44",
                "C47",
                "C45",
                "C58"
            ]
        ],
        "C112": [
            false,
            [
                "C76",
                "C126",
                "C9",
                "C10",
                "C12",
                "C90",
                "C7",
                "C109",
                "C29"
            ]
        ],
        "C113": [
            true,
            [
                "C96",
                "C103",
                "C53",
                "C98",
                "C83"
            ]
        ],
        "C114": [
            true,
            [
                "C15",
                "C16",
                "C9",
                "C125",
                "C52",
                "C67"
            ]
        ],
        "C115": [
            false,
            [
                "C47",
                "C12",
                "C70",
                "C92",
                "C2",
                "C126",
                "C54",
                "C32"
            ]
        ],
        "C116": [
            false,
            [
                "C104",
                "C101",
                "C50",
                "C15",
                "C91",
                "C106",
                "C38",
                "C113",
                "C37",
                "C33",
                "C52"
            ]
        ],
        "C117": [
            false,
            [
                "C6",
                "C24",
                "C68",
                "C79",
                "C40",
                "C64",
                "C86"
            ]
        ],
        "C118": [
            false,
            [
                "C54",
                "C23",
                "C109",
                "C1",
                "C73",
                "C99",
                "C10",
                "C27"
            ]
        ],
        "C119": [
            false,
            [
                "C52",
                "C2",
                "C126"
            ]
        ],
        "C120": [
            false,
            [
                "C43",
                "C100",
                "C35",
                "C37",
                "C116",
                "C89",
                "C13"
            ]
        ],
        "C121": [
            false,
            [
                "C91",
                "C59",
                "C37",
                "C35"
            ]
        ],
        "C122": [
            false,
            [
                "C94",
                "C15",
                "C35",
                "C83"
            ]
        ],
        "C123": [
            false,
            [
                "C103",
                "C95",
                "C49",
                "C122",
                "C39",
                "C88",
                "C26"
            ]
        ],
        "C124": [
            true,
            [
                "C7",
                "C107",
                "C111",
                "C76",
                "C22",
                "C118",
                "C43",
                "C82",
                "C94",
                "C23",
                "C83",
                "C58"
            ]
        ],
        "C125": [
            false,
            [
                "C71",
                "C88",
                "C51",
                "C70",
                "C43",
                "C53",
                "C93",
                "C28",
                "C75"
            ]
        ],
        "C126": [
            false,
            [
                "C31",
                "C19",
                "C20",
                "C14",
                "C94",
                "C88"
            ]
        ],
        "C127": [
            false,
            [
                "C118",
                "C71",
                "C47",
                "C43",
                "C63",
                "C70",
                "C26",
                "C62",
                "C37"
            ]
        ],
        "C128": [
            false,
            [
                "C41",
                "C105",
                "C42",
                "C54"
            ]
        ]
    },
    "ground_truth_fault_paths": [
        [
            "C70",
            "C9",
            "C114",
            "C62"
        ],
        [
            "C70",
            "C9",
            "C84"
        ],
        [
            "C9",
            "C70"
        ],
        [
            "C5",
            "C84"
        ],
        [
            "C5",
            "C37"
        ],
        [
            "C124",
            "C14"
        ],
        [
            "C26"
        ],
        [
            "C90"
        ],
        [
            "C100"
        ],
        [
            "C113"
        ]
    ],
    "error_codes": {
        "E0": [
            "FC0",
            [
                "C62",
                "C114",
                "C89",
                "C105"
            ]
        ],
        "E1": [
            "FC1",
            [
                "C84",
                "C70",
                "C91",
                "C104",
                "C1",
                "C57",
                "C89"
            ]
        ],
        "E2": [
            "FC2",
            [
                "C70",
                "C97",
                "C31",
                "C126",
                "C49",
                "C96",
                "C66",
                "C16"
            ]
        ],
        "E3": [
            "FC3",
            [
                "C84",
                "C101",
                "C86",
                "C119",
                "C1",
                "C123",
                "C114",
                "C67",
                "C24"
            ]
        ],
        "E4": [
            "FC4",
            [
                "C37",
                "C0",
                "C12",
                "C48"
            ]
        ],
        "E5": [
            "FC5",
            [
                "C14",
                "C94",
                "C97",
                "C96"
            ]
        ],
        "E6": [
            "FC6",
            [
                "C26",
                "C123",
                "C7",
                "C45",
                "C20"
            ]
        ],
        "E7": [
            "FC7",
            [
                "C90",
                "C121",
                "C7",
                "C16",
                "C38",
                "C111",
                "C106",
                "C118"
            ]
        ],
        "E8": [
            "FC8",
            [
                "C100",
                "C121",
                "C55"
            ]
        ],
        "E9": [
            "FC9",
            [
                "C113",
                "C34",
                "C55",
                "C52",
                "C120",
                "C125",
                "C24",
                "C54",
                "C6",
                "C40"
            ]
        ]
    },
    "sim_accuracies": {
        "C0": [
            "1.0",
            "False"
        ],
        "C1": [
            "1.0",
            "False"
        ],
        "C2": [
            "1.0",
            "False"
        ],
        "C3": [
            "1.0",
            "False"
        ],
        "C4": [
            "1.0",
            "False"
        ],
        "C5": [
            "1.0",
            "True"
        ],
        "C6": [
            "1.0",
            "False"
        ],
        "C7": [
            "1.0",
            "False"
        ],
        "C8": [
            "1.0",
            "False"
        ],
        "C9": [
            "1.0",
            "True"
        ],
        "C10": [
            "1.0",
            "False"
        ],
        "C11": [
            "1.0",
            "False"
        ],
        "C12": [
            "1.0",
            "False"
        ],
        "C13": [
            "1.0",
            "False"
        ],
        "C14": [
            "1.0",
            "True"
        ],
        "C15": [
            "1.0",
            "False"
        ],
        "C16": [
            "1.0",
            "False"
        ],
        "C17": [
            "1.0",
            "False"
        ],
        "C18": [
            "1.0",
            "False"
        ],
        "C19": [
            "1.0",
            "False"
        ],
        "C20": [
            "1.0",
            "False"
        ],
        "C21": [
            "1.0",
            "False"
        ],
        "C22": [
            "1.0",
            "False"
        ],
        "C23": [
            "1.0",
            "False"
        ],
        "C24": [
            "1.0",
            "False"
        ],
        "C25": [
            "1.0",
            "False"
        ],
        "C26": [
            "1.0",
            "True"
        ],
        "C27": [
            "1.0",
            "False"
        ],
        "C28": [
            "1.0",
            "False"
        ],
        "C29": [
            "1.0",
            "False"
        ],
        "C30": [
            "1.0",
            "False"
        ],
        "C31": [
            "1.0",
            "False"
        ],
        "C32": [
            "1.0",
            "False"
        ],
        "C33": [
            "1.0",
            "False"
        ],
        "C34": [
            "1.0",
            "False"
        ],
        "C35": [
            "1.0",
            "False"
        ],
        "C36": [
            "1.0",
            "False"
        ],
        "C37": [
            "1.0",
            "True"
        ],
        "C38": [
            "1.0",
            "False"
        ],
        "C39": [
            "1.0",
            "False"
        ],
        "C40": [
            "1.0",
            "False"
        ],
        "C41": [
            "1.0",
            "False"
        ],
        "C42": [
            "1.0",
            "False"
        ],
        "C43": [
            "1.0",
            "False"
        ],
        "C44": [
            "1.0",
            "False"
        ],
        "C45": [
            "1.0",
            "False"
        ],
        "C46": [
            "1.0",
            "False"
        ],
        "C47": [
            "1.0",
            "False"
        ],
        "C48": [
            "1.0",
            "False"
        ],
        "C49": [
            "1.0",
            "False"
        ],
        "C50": [
            "1.0",
            "False"
        ],
        "C51": [
            "1.0",
            "False"
        ],
        "C52": [
            "1.0",
            "False"
        ],
        "C53": [
            "1.0",
            "False"
        ],
        "C54": [
            "1.0",
            "False"
        ],
        "C55": [
            "1.0",
            "False"
        ],
        "C56": [
            "1.0",
            "False"
        ],
        "C57": [
            "1.0",
            "False"
        ],
        "C58": [
            "1.0",
            "False"
        ],
        "C59": [
            "1.0",
            "False"
        ],
        "C60": [
            "1.0",
            "False"
        ],
        "C61": [
            "1.0",
            "False"
        ],
        "C62": [
            "1.0",
            "True"
        ],
        "C63": [
            "1.0",
            "False"
        ],
        "C64": [
            "1.0",
            "False"
        ],
        "C65": [
            "1.0",
            "False"
        ],
        "C66": [
            "1.0",
            "False"
        ],
        "C67": [
            "1.0",
            "False"
        ],
        "C68": [
            "1.0",
            "False"
        ],
        "C69": [
            "1.0",
            "False"
        ],
        "C70": [
            "1.0",
            "True"
        ],
        "C71": [
            "1.0",
            "False"
        ],
        "C72": [
            "1.0",
            "False"
        ],
        "C73": [
            "1.0",
            "False"
        ],
        "C74": [
            "1.0",
            "False"
        ],
        "C75": [
            "1.0",
            "False"
        ],
        "C76": [
            "1.0",
            "False"
        ],
        "C77": [
            "1.0",
            "False"
        ],
        "C78": [
            "1.0",
            "False"
        ],
        "C79": [
            "1.0",
            "False"
        ],
        "C80": [
            "1.0",
            "False"
        ],
        "C81": [
            "1.0",
            "False"
        ],
        "C82": [
            "1.0",
            "False"
        ],
        "C83": [
            "1.0",
            "False"
        ],
        "C84": [
            "1.0",
            "True"
        ],
        "C85": [
            "1.0",
            "False"
        ],
        "C86": [
            "1.0",
            "False"
        ],
        "C87": [
            "1.0",
            "False"
        ],
        "C88": [
            "1.0",
            "False"
        ],
        "C89": [
            "1.0",
            "False"
        ],
        "C90": [
            "1.0",
            "True"
        ],
        "C91": [
            "1.0",
            "False"
        ],
        "C92": [
            "1.0",
            "False"
        ],
        "C93": [
            "1.0",
            "False"
        ],
        "C94": [
            "1.0",
            "False"
        ],
        "C95": [
            "1.0",
            "False"
        ],
        "C96": [
            "1.0",
            "False"
        ],
        "C97": [
            "1.0",
            "False"
        ],
        "C98": [
            "1.0",
            "False"
        ],
        "C99": [
            "1.0",
            "False"
        ],
        "C100": [
            "1.0",
            "True"
        ],
        "C101": [
            "1.0",
            "False"
        ],
        "C102": [
            "1.0",
            "False"
        ],
        "C103": [
            "1.0",
            "False"
        ],
        "C104": [
            "1.0",
            "False"
        ],
        "C105": [
            "1.0",
            "False"
        ],
        "C106": [
            "1.0",
            "False"
        ],
        "C107": [
            "1.0",
            "False"
        ],
        "C108": [
            "1.0",
            "False"
        ],
        "C109": [
            "1.0",
            "False"
        ],
        "C110": [
            "1.0",
            "False"
        ],
        "C111": [
            "1.0",
            "False"
        ],
        "C112": [
            "1.0",
            "False"
        ],
        "C113": [
            "1.0",
            "True"
        ],
        "C114": [
            "1.0",
            "True"
        ],
        "C115": [
            "1.0",
            "False"
        ],
        "C116": [
            "1.0",
            "False"
        ],
        "C117": [
            "1.0",
            "False"
        ],
        "C118": [
            "1.0",
            "False"
        ],
        "C119": [
            "1.0",
            "False"
        ],
        "C120": [
            "1.0",
            "False"
        ],
        "C121": [
            "1.0",
            "False"
        ],
        "C122": [
            "1.0",
            "False"
        ],
        "C123": [
            "1.0",
            "False"
        ],
        "C124": [
            "1.0",
            "True"
        ],
        "C125": [
            "1.0",
            "False"
        ],
        "C126": [
            "1.0",
            "False"
        ],
        "C127": [
            "1.0",
            "False"
        ],
        "C128": [
            "1.0",
            "False"
        ]
    }
}