{
    "suspect_components": {
        "C0": [
            false,
            [
                "C34",
                "C51",
                "C50",
                "C64",
                "C125",
                "C112"
            ]
        ],
        "C1": [
            false,
            [
                "C73",
                "C57",
                "C51",
                "C41",
                "C111",
                "C49",
                "C22",
                "C6",
                "C24",
                "C52"
            ]
        ],
        "C2": [
            false,
            []
        ],
        "C3": [
            false,
            [
                "C35",
                "C1",
                "C92",
                "C104",
                "C18",
                "C87",
                "C47",
                "C127",
                "C48",
                "C53",
                "C121",
                "C128"
            ]
        ],
        "C4": [
            false,
            [
                "C91",
                "C35",
                "C17",
                "C112",
                "C109"
            ]
        ],
        "C5": [
            false,
            [
                "C96",
                "C18",
                "C20",
                "C32",
                "C76",
                "C25",
                "C30",
                "C127",
                "C59",
                "C13"
            ]
        ],
        "C6": [
            false,
            [
                "C84",
                "C5",
                "C57",
                "C74",
                "C64",
                "C99",
                "C91",
                "C17",
                "C40"
            ]
        ],
        "C7": [
            true,
            [
                "C19",
                "C61",
                "C128",
                "C79"
            ]
        ],
        "C8": [
            false,
            [
                "C14",
                "C28",
                "C120",
                "C67",
                "C7",
                "C86"
            ]
        ],
        "C9": [
            true,
            [
                "C66",
                "C51",
                "C85",
                "C15",
                "C35",
                "C52"
            ]
        ],
        "C10": [
            false,
            [
                "C84",
                "C15",
                "C60",
                "C126",
                "C18",
                "C9",
                "C88",
                "C106"
            ]
        ],
        "C11": [
            false,
            [
                "C20",
                "C122",
                "C33",
                "C69",
                "C10",
                "C26",
                "C9",
                "C127",
                "C57"
            ]
        ],
        "C12": [
            false,
            [
                "C89",
                "C110",
                "C122",
                "C77",
                "C58",
                "C5",
                "C14",
                "C6",
                "C50",
                "C97"
            ]
        ],
        "C13": [
            false,
            [
                "C4",
                "C123",
                "C99",
                "C96",
                "C32",
                "C110",
                "C109",
                "C35",
                "C29",
                "C112"
            ]
        ],
        "C14": [
            false,
            [
                "C94"
            ]
        ],
        "C15": [
            true,
            [
                "C49",
                "C87",
                "C111",
                "C14",
                "C60"
            ]
        ],
        "C16": [
            true,
            [
                "C23",
                "C2",
                "C58"
            ]
        ],
        "C17": [
            false,
            [
                "C11",
                "C3",
                "C63",
                "C14",
                "C19",
                "C32"
            ]
        ],
        "C18": [
            true,
            [
                "C46",
                "C72",
                "C11",
                "C80",
                "C89",
                "C62",
                "C74"
            ]
        ],
        "C19": [
            false,
            [
                "C101",
                "C122"
            ]
        ],
        "C20": [
            false,
            [
                "C31",
                "C19",
                "C64",
                "C52",
                "C126",
                "C91",
                "C56",
                "C113",
                "C77",
                "C93"
            ]
        ],
        "C21": [
            false,
            [
                "C74",
                "C62",
                "C68",
                "C81",
                "C128",
                "C26",
                "C13",
                "C88",
                "C105",
                "C124",
                "C71",
                "C20"
            ]
        ],
        "C22": [
            false,
            [
                "C35",
                "C59",
                "C78"
            ]
        ],
        "C23": [
            false,
            [
                "C53",
                "C31",
                "C95",
                "C36",
                "C9",
                "C60",
                "C112",
                "C116",
                "C29",
                "C5",
                "C127"
            ]
        ],
        "C24": [
            false,
            []
        ],
        "C25": [
            false,
            [
                "C71",
                "C98",
                "C76",
                "C21"
            ]
        ],
        "C26": [
            false,
            []
        ],
        "C27": [
            true,
            [
                "C98",
                "C126",
                "C4",
                "C97"
            ]
        ],
        "C28": [
            false,
            [
                "C113",
                "C11",
                "C57",
                "C52",
                "C97",
                "C47"
            ]
        ],
        "C29": [
            true,
            [
                "C110",
                "C13",
                "C78",
                "C8",
                "C89",
                "C6",
                "C86",
                "C67",
                "C55",
                "C7"
            ]
        ],
        "C30": [
            false,
            [
                "C111",
                "C109",
                "C14",
                "C27",
                "C99"
            ]
        ],
        "C31": [
            false,
            [
                "C73",
                "C118",
                "C108",
                "C66",
                "C41",
                "C97",
                "C119",
                "C60",
                "C33",
                "C3",
                "C71"
            ]
        ],
        "C32": [
            false,
            [
                "C70",
                "C21",
                "C63",
                "C75",
                "C86",
                "C101",
                "C9",
                "C92",
                "C68",
                "C64",
                "C3",
                "C31"
            ]
        ],
        "C33": [
            false,
            [
                "C82",
                "C67",
                "C45",
                "C113"
            ]
        ],
        "C34": [
            false,
            [
                "C4",
                "C112",
                "C2",
                "C119",
                "C9",
                "C91",
                "C122"
            ]
        ],
        "C35": [
            false,
            [
                "C55",
                "C104",
                "C14",
                "C20",
                "C70",
                "C80",
                "C16",
                "C112",
                "C46",
                "C66"
            ]
        ],
        "C36": [
            false,
            [
                "C70",
                "C66",
                "C126",
                "C32",
                "C58",
                "C44",
                "C37",
                "C12",
                "C59",
                "C29",
                "C9",
                "C47"
            ]
        ],
        "C37": [
            false,
            [
                "C112",
                "C81",
                "C10",
                "C58",
                "C15",
                "C66",
                "C65",
                "C4",
                "C90",
                "C11"
            ]
        ],
        "C38": [
            false,
            [
                "C60",
                "C89",
                "C27",
                "C19",
                "C113",
                "C28",
                "C52",
                "C83",
                "C95"
            ]
        ],
        "C39": [
            false,
            [
                "C106",
                "C18",
                "C109",
                "C72",
                "C36",
                "C6",
                "C83",
                "C92",
                "C85",
                "C104"
            ]
        ],
        "C40": [
            false,
            [
                "C95",
                "C120",
                "C75",
                "C7",
                "C41",
                "C94",
                "C11",
                "C74",
                "C38",
                "C6"
            ]
        ],
        "C41": [
            false,
            [
                "C54"
            ]
        ],
        "C42": [
            false,
            [
                "C80",
                "C88",
                "C55",
                "C96",
                "C8",
                "C38",
                "C97",
                "C20",
                "C19",
                "C57",
                "C128",
                "C107"
            ]
        ],
        "C43": [
            false,
            [
                "C31",
                "C13",
                "C120",
                "C112",
                "C81",
                "C68",
                "C49",
                "C75"
            ]
        ],
        "C44": [
            true,
            [
                "C84",
                "C62",
                "C92"
            ]
        ],
        "C45": [
            false,
            [
                "C116",
                "C80",
                "C29"
            ]
        ],
        "C46": [
            false,
            [
                "C61",
                "C113",
                "C104",
                "C92",
                "C20",
                "C90",
                "C19",
                "C123",
                "C58",
                "C114",
                "C107"
            ]
        ],
        "C47": [
            false,
            [
                "C32",
                "C62",
                "C104"
            ]
        ],
        "C48": [
            false,
            [
                "C35",
                "C66",
                "C73",
                "C87",
                "C80",
                "C30",
                "C20",
                "C104",
                "C107",
                "C37"
            ]
        ],
        "C49": [
            false,
            [
                "C126",
                "C50",
                "C46",
                "C116",
                "C3",
                "C42",
                "C30",
                "C107",
                "C67"
            ]
        ],
        "C50": [
            false,
            [
                "C120",
                "C25",
                "C32",
                "C8",
                "C110",
                "C6",
                "C42",
                "C18",
                "C33",
                "C99",
                "C108",
                "C90"
            ]
        ],
        "C51": [
            false,
            [
                "C102",
                "C61"
            ]
        ],
        "C52": [
            false,
            [
                "C75",
                "C30",
                "C86",
                "C27",
                "C11",
                "C18",
                "C90",
                "C114",
                "C104",
                "C115",
                "C111"
            ]
        ],
        "C53": [
            false,
            [
                "C122",
                "C34",
                "C46",
                "C21"
            ]
        ],
        "C54": [
            false,
            [
                "C1",
                "C94"
            ]
        ],
        "C55": [
            false,
            [
                "C116",
                "C97",
                "C82",
                "C112",
                "C45",
                "C71",
                "C24",
                "C59",
                "C76",
                "C126"
            ]
        ],
        "C56": [
            false,
            [
                "C12",
                "C109",
                "C73",
                "C82",
                "C98"
            ]
        ],
        "C57": [
            false,
            [
                "C45",
                "C36",
                "C10",
                "C53",
                "C110"
            ]
        ],
        "C58": [
            false,
            [
                "C71",
                "C80",
                "C25",
                "C88",
                "C72",
                "C42",
                "C30",
                "C73"
            ]
        ],
        "C59": [
            false,
            [
                "C124",
                "C112",
                "C57",
                "C43"
            ]
        ],
        "C60": [
            false,
            [
                "C66",
                "C27",
                "C59",
                "C71"
            ]
        ],
        "C61": [
            false,
            [
                "C24",
                "C52"
            ]
        ],
        "C62": [
            false,
            [
                "C43",
                "C7",
                "C10",
                "C49",
                "C1",
                "C125",
                "C6",
                "C94"
            ]
        ],
        "C63": [
            false,
            [
                "C72",
                "C109",
                "C113"
            ]
        ],
        "C64": [
            true,
            [
                "C32",
                "C116",
                "C75",
                "C28",
                "C30",
                "C113",
                "C110",
                "C126"
            ]
        ],
        "C65": [
            false,
            [
                "C22",
                "C35",
                "C71",
                "C29"
            ]
        ],
        "C66": [
            false,
            [
                "C20",
                "C56",
                "C19",
                "C83",
                "C40"
            ]
        ],
        "C67": [
            false,
            [
                "C85",
                "C70",
                "C116",
                "C18",
                "C80",
                "C9",
                "C110",
                "C25"
            ]
        ],
        "C68": [
            false,
            [
                "C81",
                "C48",
                "C9",
                "C2",
                "C62",
                "C35",
                "C96",
                "C56",
                "C50",
                "C67",
                "C120"
            ]
        ],
        "C69": [
            false,
            [
                "C124",
                "C47"
            ]
        ],
        "C70": [
            false,
            [
                "C127",
                "C72",
                "C33",
                "C50",
                "C22",
                "C54",
                "C0",
                "C111",
                "C17",
                "C125",
                "C53"
            ]
        ],
        "C71": [
            false,
            [
                "C45",
                "C9",
                "C107",
                "C67",
                "C97",
                "C60",
                "C89",
                "C123",
                "C46",
                "C76",
                "C59"
            ]
        ],
        "C72": [
            false,
            [
                "C124",
                "C125",
                "C100",
                "C91"
            ]
        ],
        "C73": [
            false,
            [
                "C123",
                "C75",
                "C24",
                "C56",
                "C28",
                "C107",
                "C114",
                "C83"
            ]
        ],
        "C74": [
            false,
            [
                "C108",
                "C29",
                "C45"
            ]
        ],
        "C75": [
            false,
            [
                "C81",
                "C29",
                "C88",
                "C101",
                "C32",
                "C123",
                "C125"
            ]
        ],
        "C76": [
            false,
            [
                "C105",
                "C60",
                "C7",
                "C74",
                "C68",
                "C55",
                "C104",
                "C15",
                "C82"
            ]
        ],
        "C77": [
            false,
            [
                "C81",
                "C105",
                "C100",
                "C113"
            ]
        ],
        "C78": [
            false,
            [
                "C102",
                "C66",
                "C13",
                "C68",
                "C124",
                "C56"
            ]
        ],
        "C79": [
            false,
            [
                "C11",
                "C78",
                "C114",
                "C104",
                "C56"
            ]
        ],
        "C80": [
            false,
            [
                "C42",
                "C52",
                "C28",
                "C84",
                "C33",
                "C5",
                "C97",
                "C23",
                "C85"
            ]
        ],
        "C81": [
            false,
            [
                "C16",
                "C12",
                "C53",
                "C92",
                "C50"
            ]
        ],
        "C82": [
            true,
            [
                "C101",
                "C58"
            ]
        ],
        "C83": [
            false,
            [
                "C41",
                "C95",
                "C84",
                "C105"
            ]
        ],
        "C84": [
            false,
            [
                "C63",
                "C3",
                "C9"
            ]
        ],
        "C85": [
            false,
            []
        ],
        "C86": [
            false,
            [
                "C26",
                "C128",
                "C101",
                "C124",
                "C10",
                "C40",
                "C72",
                "C77",
                "C6",
                "C58",
                "C63",
                "C8"
            ]
        ],
        "C87": [
            false,
            [
                "C31",
                "C96",
                "C102",
                "C33"
            ]
        ],
        "C88": [
            false,
            [
                "C69",
                "C21",
                "C19",
                "C18",
                "C106",
                "C5",
                "C3",
                "C38",
                "C24",
                "C100",
                "C49"
            ]
        ],
        "C89": [
            false,
            [
                "C79",
                "C82",
                "C108",
                "C5",
                "C77",
                "C70",
                "C117",
                "C51",
                "C25"
            ]
        ],
        "C90": [
            false,
            [
                "C120",
                "C96",
                "C74",
                "C109"
            ]
        ],
        "C91": [
            false,
            [
                "C56"
            ]
        ],
        "C92": [
            false,
            [
                "C71",
                "C123",
                "C72",
                "C62",
                "C97",
                "C4"
            ]
        ],
        "C93": [
            false,
            [
                "C100",
                "C95",
                "C27",
                "C115",
                "C57",
                "C6",
                "C101"
            ]
        ],
        "C94": [
            false,
            [
                "C59",
                "C114",
                "C122",
                "C27",
                "C79",
                "C85",
                "C36",
                "C21",
                "C24",
                "C43",
                "C53",
                "C125"
            ]
        ],
        "C95": [
            true,
            [
                "C63",
                "C21",
                "C36",
                "C103",
                "C121",
                "C59",
                "C15",
                "C126",
                "C64"
            ]
        ],
        "C96": [
            false,
            [
                "C79",
                "C86",
                "C38",
                "C9",
                "C82",
                "C104"
            ]
        ],
        "C97": [
            false,
            []
        ],
        "C98": [
            false,
            [
                "C53",
                "C125",
                "C127",
                "C80"
            ]
        ],
        "C99": [
            false,
            [
                "C60",
                "C82",
                "C118",
                "C123",
                "C20",
                "C26",
                "C108",
                "C19",
                "C96",
                "C32"
            ]
        ],
        "C100": [
            false,
            [
                "C3",
                "C41",
                "C31",
                "C42",
                "C50",
                "C112",
                "C29",
                "C9",
                "C108",
                "C126",
                "C43",
                "C124"
            ]
        ],
        "C101": [
            false,
            [
                "C107",
                "C102"
            ]
        ],
        "C102": [
            false,
            []
        ],
        "C103": [
            false,
            [
                "C30",
                "C111",
                "C75",
                "C69"
            ]
        ],
        "C104": [
            false,
            [
                "C82",
                "C95",
                "C42",
                "C36",
                "C74",
                "C52",
                "C64",
                "C120"
            ]
        ],
        "C105": [
            false,
            [
                "C53",
                "C84",
                "C34",
                "C42",
                "C121",
                "C2",
                "C81"
            ]
        ],
        "C106": [
            false,
            [
                "C45",
                "C38",
                "C120",
                "C17",
                "C1",
                "C79"
            ]
        ],
        "C107": [
            false,
            [
                "C48",
                "C51",
                "C24",
                "C117",
                "C84",
                "C15",
                "C119",
                "C40",
                "C17",
                "C89",
                "C57"
            ]
        ],
        "C108": [
            false,
            [
                "C3",
                "C49",
                "C70",
                "C72",
                "C109"
            ]
        ],
        "C109": [
            false,
            [
                "C78",
                "C94",
                "C103",
                "C65",
                "C51",
                "C19",
                "C39",
                "C26",
                "C55"
            ]
        ],
        "C110": [
            false,
            [
                "C45",
                "C67",
                "C26",
                "C32"
            ]
        ],
        "C111": [
            false,
            [
                "C98",
                "C84",
                "C70",
                "C121",
                "C53",
                "C43",
                "C0",
                "C59",
                "C55",
                "C23",
                "C37",
                "C36"
            ]
        ],
        "C112": [
            false,
            [
                "C121",
                "C0"
            ]
        ],
        "C113": [
            true,
            [
                "C19",
                "C13",
                "C35",
                "C112",
                "C108"
            ]
        ],
        "C114": [
            false,
            [
                "C120",
                "C83",
                "C77",
                "C128",
                "C30",
                "C61",
                "C100",
                "C96",
                "C98",
                "C121"
            ]
        ],
        "C115": [
            true,
            [
                "C79",
                "C81",
                "C20",
                "C54",
                "C42"
            ]
        ],
        "C116": [
            false,
            [
                "C71",
                "C36",
                "C111",
                "C113",
                "C125",
                "C64",
                "C30",
                "C89",
                "C45",
                "C6"
            ]
        ],
        "C117": [
            false,
            [
                "C119",
                "C88",
                "C108",
                "C54",
                "C48"
            ]
        ],
        "C118": [
            false,
            [
                "C95",
                "C45",
                "C2",
                "C50",
                "C113",
                "C92"
            ]
        ],
        "C119": [
            false,
            [
                "C49",
                "C1",
                "C79",
                "C84",
                "C24",
                "C94",
                "C64",
                "C128"
            ]
        ],
        "C120": [
            false,
            []
        ],
        "C121": [
            false,
            [
                "C69",
                "C8",
                "C70",
                "C122",
                "C101",
                "C11",
                "C64",
                "C14",
                "C7"
            ]
        ],
        "C122": [
            false,
            [
                "C120",
                "C116",
                "C125",
                "C44",
                "C121",
                "C26",
                "C9",
                "C94",
                "C7",
                "C39",
                "C45"
            ]
        ],
        "C123": [
            false,
            [
                "C21",
                "C107"
            ]
        ],
        "C124": [
            false,
            [
                "C14"
            ]
        ],
        "C125": [
            false,
            [
                "C15",
                "C80",
                "C24",
                "C71",
                "C49",
                "C4",
                "C85"
            ]
        ],
        "C126": [
            false,
            [
                "C81",
                "C43",
                "C93",
                "C3",
                "C103",
                "C106",
                "C15",
                "C16",
                "C49",
                "C128"
            ]
        ],
        "C127": [
            false,
            [
                "C68",
                "C21"
            ]
        ],
        "C128": [
            false,
            [
                "C113",
                "C11"
            ]
        ]
    },
    "ground_truth_fault_paths": [
        [
            "C113",
            "C64",
            "C95"
        ],
        [
            "C15",
            "C95"
        ],
        [
            "C15",
            "C9"
        ],
        [
            "C7",
            "C29"
        ],
        [
            "C16"
        ],
        [
            "C18"
        ],
        [
            "C27"
        ],
        [
            "C44"
        ],
        [
            "C82"
        ],
        [
            "C115"
        ]
    ],
    "error_codes": {
        "E0": [
            "FC0",
            [
                "C95",
                "C50",
                "C104",
                "C44",
                "C0",
                "C79"
            ]
        ],
        "E1": [
            "FC1",
            [
                "C95",
                "C89",
                "C30",
                "C87",
                "C119",
                "C22"
            ]
        ],
        "E2": [
            "FC2",
            [
                "C9",
                "C118",
                "C22",
                "C29",
                "C23",
                "C46",
                "C47",
                "C81",
                "C5",
                "C43",
                "C2"
            ]
        ],
        "E3": [
            "FC3",
            [
                "C29",
                "C95",
                "C117",
                "C20",
                "C63"
            ]
        ],
        "E4": [
            "FC4",
            [
                "C16",
                "C48",
                "C33",
                "C79",
                "C13",
                "C97"
            ]
        ],
        "E5": [
            "FC5",
            [
                "C18",
                "C73",
                "C45",
                "C71",
                "C35",
                "C80",
                "C105",
                "C57",
                "C48",
                "C69",
                "C51",
                "C75",
                "C66"
            ]
        ],
        "E6": [
            "FC6",
            [
                "C27",
                "C112",
                "C67",
                "C23",
                "C125",
                "C90",
                "C93",
                "C89",
                "C115",
                "C43",
                "C9",
                "C98",
                "C39"
            ]
        ],
        "E7": [
            "FC7",
            [
                "C44",
                "C53",
                "C111",
                "C88",
                "C73",
                "C87",
                "C128",
                "C68",
                "C23",
                "C66"
            ]
        ],
        "E8": [
            "FC8",
            [
                "C82",
                "C119",
                "C66",
                "C8",
                "C29"
            ]
        ],
        "E9": [
            "FC9",
            [
                "C115",
                "C47",
                "C121",
                "C35",
                "C119",
                "C82",
                "C95",
                "C96",
                "C8",
                "C26"
            ]
        ]
    },
    "sim_accuracies": {
        "C0": [
            "0.9314736039783373",
            "False"
        ],
        "C1": [
            "0.9434664550799966",
            "False"
        ],
        "C2": [
            "0.9003949151034469",
            "False"
        ],
        "C3": [
            "0.9210703881366163",
            "False"
        ],
        "C4": [
            "0.9167356239023328",
            "False"
        ],
        "C5": [
            "0.9323940656717792",
            "False"
        ],
        "C6": [
            "0.9050103843909173",
            "False"
        ],
        "C7": [
            "0.9456574411533789",
            "True"
        ],
        "C8": [
            "0.9153137814859843",
            "False"
        ],
        "C9": [
            "0.9233420616190053",
            "True"
        ],
        "C10": [
            "0.9093080363243987",
            "False"
        ],
        "C11": [
            "0.9010874984558704",
            "False"
        ],
        "C12": [
            "0.940461066594948",
            "False"
        ],
        "C13": [
            "0.922822283802023",
            "False"
        ],
        "C14": [
            "0.9287982600534329",
            "False"
        ],
        "C15": [
            "0.9217484238486569",
            "True"
        ],
        "C16": [
            "0.9199666740274325",
            "True"
        ],
        "C17": [
            "0.9417048205597657",
            "False"
        ],
        "C18": [
            "0.9126287384790824",
            "True"
        ],
        "C19": [
            "0.9186607389155559",
            "False"
        ],
        "C20": [
            "0.9168939130315772",
            "False"
        ],
        "C21": [
            "0.9339277920876269",
            "False"
        ],
        "C22": [
            "0.9150086648911718",
            "False"
        ],
        "C23": [
            "0.948538283604752",
            "False"
        ],
        "C24": [
            "0.9438716356584068",
            "False"
        ],
        "C25": [
            "0.9381586495543847",
            "False"
        ],
        "C26": [
            "0.9450432762231255",
            "False"
        ],
        "C27": [
            "0.9253480378940162",
            "True"
        ],
        "C28": [
            "0.9210492992497586",
            "False"
        ],
        "C29": [
            "0.9387036223967973",
            "True"
        ],
        "C30": [
            "0.9476990970140278",
            "False"
        ],
        "C31": [
            "0.9200375063691572",
            "False"
        ],
        "C32": [
            "0.9014277585461833",
            "False"
        ],
        "C33": [
            "0.9256102175140324",
            "False"
        ],
        "C34": [
            "0.946117679886737",
            "False"
        ],
        "C35": [
            "0.9443297623086165",
            "False"
        ],
        "C36": [
            "0.9482617805516836",
            "False"
        ],
        "C37": [
            "0.9471423165962418",
            "False"
        ],
        "C38": [
            "0.9099231071589492",
            "False"
        ],
        "C39": [
            "0.9486213876187757",
            "False"
        ],
        "C40": [
            "0.9375925045980323",
            "False"
        ],
        "C41": [
            "0.9064945413408453",
            "False"
        ],
        "C42": [
            "0.916657355721507",
            "False"
        ],
        "C43": [
            "0.9479956649444252",
            "False"
        ],
        "C44": [
            "0.9485162563958759",
            "True"
        ],
        "C45": [
            "0.9154636769715188",
            "False"
        ],
        "C46": [
            "0.9382911555996019",
            "False"
        ],
        "C47": [
            "0.9400744811989749",
            "False"
        ],
        "C48": [
            "0.9229356759771682",
            "False"
        ],
        "C49": [
            "0.9082671040522261",
            "False"
        ],
        "C50": [
            "0.9000421604732456",
            "False"
        ],
        "C51": [
            "0.9073745504768217",
            "False"
        ],
        "C52": [
            "0.9441477370158092",
            "False"
        ],
        "C53": [
            "0.9150641166819359",
            "False"
        ],
        "C54": [
            "0.9040187635215349",
            "False"
        ],
        "C55": [
            "0.9118091791338333",
            "False"
        ],
        "C56": [
            "0.9101660990851183",
            "False"
        ],
        "C57": [
            "0.9045083447263146",
            "False"
        ],
        "C58": [
            "0.912236626131139",
            "False"
        ],
        "C59": [
            "0.9342356788200692",
            "False"
        ],
        "C60": [
            "0.9422834198085995",
            "False"
        ],
        "C61": [
            "0.9187128905225339",
            "False"
        ],
        "C62": [
            "0.923867204472173",
            "False"
        ],
        "C63": [
            "0.9172355931624447",
            "False"
        ],
        "C64": [
            "0.9235400347224731",
            "True"
        ],
        "C65": [
            "0.9343393219240186",
            "False"
        ],
        "C66": [
            "0.9349389874236628",
            "False"
        ],
        "C67": [
            "0.9456416522980876",
            "False"
        ],
        "C68": [
            "0.9334218425215377",
            "False"
        ],
        "C69": [
            "0.9415673496065601",
            "False"
        ],
        "C70": [
            "0.935311205030509",
            "False"
        ],
        "C71": [
            "0.9381528086650929",
            "False"
        ],
        "C72": [
            "0.9047912431462012",
            "False"
        ],
        "C73": [
            "0.9064251196825344",
            "False"
        ],
        "C74": [
            "0.9381522148606414",
            "False"
        ],
        "C75": [
            "0.9066763134300275",
            "False"
        ],
        "C76": [
            "0.9386630219694643",
            "False"
        ],
        "C77": [
            "0.9449010645163038",
            "False"
        ],
        "C78": [
            "0.9409895538072099",
            "False"
        ],
        "C79": [
            "0.9365186053785248",
            "False"
        ],
        "C80": [
            "0.9212296219903748",
            "False"
        ],
        "C81": [
            "0.9196925180159938",
            "False"
        ],
        "C82": [
            "0.9035828397970151",
            "True"
        ],
        "C83": [
            "0.9244154664389329",
            "False"
        ],
        "C84": [
            "0.9370214559026903",
            "False"
        ],
        "C85": [
            "0.9293214477698863",
            "False"
        ],
        "C86": [
            "0.9110847021958188",
            "False"
        ],
        "C87": [
            "0.930426116726607",
            "False"
        ],
        "C88": [
            "0.9383921963107428",
            "False"
        ],
        "C89": [
            "0.9184566283085497",
            "False"
        ],
        "C90": [
            "0.9169925475498497",
            "False"
        ],
        "C91": [
            "0.9411619070923296",
            "False"
        ],
        "C92": [
            "0.9305283261832483",
            "False"
        ],
        "C93": [
            "0.9375842230015176",
            "False"
        ],
        "C94": [
            "0.9457293000360092",
            "False"
        ],
        "C95": [
            "0.9322788634263253",
            "True"
        ],
        "C96": [
            "0.9069039950147084",
            "False"
        ],
        "C97": [
            "0.9093985274598926",
            "False"
        ],
        "C98": [
            "0.9105616172037787",
            "False"
        ],
        "C99": [
            "0.9217700314122625",
            "False"
        ],
        "C100": [
            "0.916979332783843",
            "False"
        ],
        "C101": [
            "0.9327022467478646",
            "False"
        ],
        "C102": [
            "0.9212855659986837",
            "False"
        ],
        "C103": [
            "0.9142482062097982",
            "False"
        ],
        "C104": [
            "0.9193407757860694",
            "False"
        ],
        "C105": [
            "0.9410637507143065",
            "False"
        ],
        "C106": [
            "0.901741333030544",
            "False"
        ],
        "C107": [
            "0.9479256372731242",
            "False"
        ],
        "C108": [
            "0.9210868444962493",
            "False"
        ],
        "C109": [
            "0.9081771438562185",
            "False"
        ],
        "C110": [
            "0.93411698882183",
            "False"
        ],
        "C111": [
            "0.9417116247514004",
            "False"
        ],
        "C112": [
            "0.923246135117944",
            "False"
        ],
        "C113": [
            "0.9041320235827144",
            "True"
        ],
        "C114": [
            "0.9343032809841151",
            "False"
        ],
        "C115": [
            "0.9050702548235166",
            "True"
        ],
        "C116": [
            "0.9431233239935612",
            "False"
        ],
        "C117": [
            "0.9401775128420128",
            "False"
        ],
        "C118": [
            "0.9006112244579508",
            "False"
        ],
        "C119": [
            "0.9159512889119757",
            "False"
        ],
        "C120": [
            "0.9287341104846337",
            "False"
        ],
        "C121": [
            "0.9191995142721752",
            "False"
        ],
        "C122": [
            "0.9227346032901066",
            "False"
        ],
        "C123": [
            "0.9243069692156528",
            "False"
        ],
        "C124": [
            "0.9479960526042412",
            "False"
        ],
        "C125": [
            "0.9200851695323203",
            "False"
        ],
        "C126": [
            "0.9385679830068764",
            "False"
        ],
        "C127": [
            "0.9151477256510336",
            "False"
        ],
        "C128": [
            "0.9129324524633828",
            "False"
        ]
    }
}