{
    "suspect_components": {
        "C0": [
            false,
            [
                "C65",
                "C100",
                "C17",
                "C15",
                "C105",
                "C3",
                "C30",
                "C71",
                "C12",
                "C61",
                "C59",
                "C98"
            ]
        ],
        "C1": [
            false,
            [
                "C109",
                "C28",
                "C34",
                "C56",
                "C89",
                "C114",
                "C26"
            ]
        ],
        "C2": [
            true,
            [
                "C7",
                "C48",
                "C50",
                "C24",
                "C101",
                "C115",
                "C95",
                "C45",
                "C8",
                "C125",
                "C99",
                "C85"
            ]
        ],
        "C3": [
            true,
            [
                "C75"
            ]
        ],
        "C4": [
            false,
            [
                "C16",
                "C102",
                "C95"
            ]
        ],
        "C5": [
            false,
            [
                "C128",
                "C92",
                "C81",
                "C126",
                "C113",
                "C89",
                "C77",
                "C70",
                "C31",
                "C96",
                "C10"
            ]
        ],
        "C6": [
            false,
            [
                "C112",
                "C22",
                "C125",
                "C42",
                "C20",
                "C90",
                "C104",
                "C49",
                "C109",
                "C45"
            ]
        ],
        "C7": [
            false,
            [
                "C92",
                "C69",
                "C51",
                "C14",
                "C75",
                "C13",
                "C109"
            ]
        ],
        "C8": [
            false,
            [
                "C73",
                "C114",
                "C19",
                "C2",
                "C36",
                "C120",
                "C0",
                "C68",
                "C53",
                "C97",
                "C69"
            ]
        ],
        "C9": [
            false,
            [
                "C25"
            ]
        ],
        "C10": [
            false,
            [
                "C121",
                "C66",
                "C74",
                "C71",
                "C9",
                "C31",
                "C61"
            ]
        ],
        "C11": [
            false,
            [
                "C21",
                "C105",
                "C10",
                "C117",
                "C81",
                "C29"
            ]
        ],
        "C12": [
            false,
            [
                "C7"
            ]
        ],
        "C13": [
            false,
            []
        ],
        "C14": [
            false,
            [
                "C5",
                "C16",
                "C36",
                "C54",
                "C112",
                "C9",
                "C38",
                "C89",
                "C104",
                "C44",
                "C8"
            ]
        ],
        "C15": [
            false,
            [
                "C59",
                "C93"
            ]
        ],
        "C16": [
            false,
            [
                "C32",
                "C13",
                "C76",
                "C56",
                "C88",
                "C14"
            ]
        ],
        "C17": [
            false,
            [
                "C70",
                "C56",
                "C99",
                "C81",
                "C118"
            ]
        ],
        "C18": [
            false,
            [
                "C30",
                "C38",
                "C11",
                "C90",
                "C13",
                "C28",
                "C33",
                "C37",
                "C52",
                "C34",
                "C123",
                "C20"
            ]
        ],
        "C19": [
            false,
            [
                "C58",
                "C38",
                "C5",
                "C15",
                "C79",
                "C98",
                "C30",
                "C35",
                "C102",
                "C62",
                "C18"
            ]
        ],
        "C20": [
            true,
            [
                "C100",
                "C121",
                "C25",
                "C120",
                "C18"
            ]
        ],
        "C21": [
            false,
            [
                "C33",
                "C106",
                "C127",
                "C20",
                "C69",
                "C90"
            ]
        ],
        "C22": [
            false,
            [
                "C98",
                "C119",
                "C72",
                "C115",
                "C83",
                "C9",
                "C43",
                "C103",
                "C31",
                "C91"
            ]
        ],
        "C23": [
            false,
            [
                "C106",
                "C27",
                "C96",
                "C18",
                "C61",
                "C78",
                "C114",
                "C17"
            ]
        ],
        "C24": [
            false,
            [
                "C102",
                "C23",
                "C49",
                "C115",
                "C106",
                "C118",
                "C75"
            ]
        ],
        "C25": [
            false,
            [
                "C91",
                "C122",
                "C55",
                "C113"
            ]
        ],
        "C26": [
            false,
            [
                "C109",
                "C43",
                "C103",
                "C90",
                "C30",
                "C31",
                "C122",
                "C99"
            ]
        ],
        "C27": [
            false,
            [
                "C21",
                "C17",
                "C124"
            ]
        ],
        "C28": [
            false,
            [
                "C44",
                "C55",
                "C128",
                "C59",
                "C70",
                "C4",
                "C46",
                "C95",
                "C98"
            ]
        ],
        "C29": [
            true,
            [
                "C104",
                "C54"
            ]
        ],
        "C30": [
            false,
            [
                "C7",
                "C97",
                "C42",
                "C116",
                "C60",
                "C32",
                "C29",
                "C3"
            ]
        ],
        "C31": [
            false,
            [
                "C116",
                "C60",
                "C121",
                "C115",
                "C76",
                "C44",
                "C75",
                "C79",
                "C62",
                "C81"
            ]
        ],
        "C32": [
            true,
            [
                "C76",
                "C0",
                "C123",
                "C128",
                "C65",
                "C14"
            ]
        ],
        "C33": [
            false,
            [
                "C112",
                "C56",
                "C11",
                "C86",
                "C119",
                "C99"
            ]
        ],
        "C34": [
            false,
            [
                "C59",
                "C114",
                "C49",
                "C53"
            ]
        ],
        "C35": [
            false,
            [
                "C96",
                "C41",
                "C72",
                "C102"
            ]
        ],
        "C36": [
            false,
            [
                "C69",
                "C32",
                "C116",
                "C42"
            ]
        ],
        "C37": [
            true,
            [
                "C56",
                "C25"
            ]
        ],
        "C38": [
            true,
            [
                "C48",
                "C1",
                "C70",
                "C0",
                "C85",
                "C16",
                "C41",
                "C66",
                "C106",
                "C84",
                "C5"
            ]
        ],
        "C39": [
            false,
            [
                "C91",
                "C50",
                "C111",
                "C73"
            ]
        ],
        "C40": [
            true,
            []
        ],
        "C41": [
            false,
            [
                "C90",
                "C40",
                "C112"
            ]
        ],
        "C42": [
            false,
            []
        ],
        "C43": [
            false,
            [
                "C1",
                "C51",
                "C107"
            ]
        ],
        "C44": [
            false,
            [
                "C19",
                "C57",
                "C97",
                "C35",
                "C102",
                "C56",
                "C60",
                "C128",
                "C70",
                "C47"
            ]
        ],
        "C45": [
            false,
            [
                "C21",
                "C38",
                "C15",
                "C0"
            ]
        ],
        "C46": [
            false,
            [
                "C89",
                "C69",
                "C22",
                "C57",
                "C95",
                "C36",
                "C105",
                "C32"
            ]
        ],
        "C47": [
            false,
            [
                "C23",
                "C4"
            ]
        ],
        "C48": [
            false,
            [
                "C90",
                "C10",
                "C8",
                "C25",
                "C124",
                "C100",
                "C85",
                "C119"
            ]
        ],
        "C49": [
            true,
            [
                "C75",
                "C30",
                "C13",
                "C93",
                "C9",
                "C48",
                "C25",
                "C126",
                "C21"
            ]
        ],
        "C50": [
            false,
            [
                "C20",
                "C29",
                "C116",
                "C1",
                "C124",
                "C36",
                "C39",
                "C59",
                "C85",
                "C75",
                "C126",
                "C105"
            ]
        ],
        "C51": [
            false,
            [
                "C66",
                "C118",
                "C97",
                "C123",
                "C80",
                "C8",
                "C99",
                "C50",
                "C71",
                "C64"
            ]
        ],
        "C52": [
            false,
            [
                "C2",
                "C69",
                "C73",
                "C76",
                "C45",
                "C126",
                "C67"
            ]
        ],
        "C53": [
            false,
            []
        ],
        "C54": [
            true,
            [
                "C103",
                "C107",
                "C71",
                "C76",
                "C73",
                "C29",
                "C12"
            ]
        ],
        "C55": [
            false,
            [
                "C31",
                "C42",
                "C11",
                "C79",
                "C17",
                "C35"
            ]
        ],
        "C56": [
            false,
            [
                "C37",
                "C9"
            ]
        ],
        "C57": [
            false,
            [
                "C60",
                "C126",
                "C110",
                "C115",
                "C53",
                "C77",
                "C35",
                "C16",
                "C78",
                "C97",
                "C24"
            ]
        ],
        "C58": [
            false,
            [
                "C35",
                "C62"
            ]
        ],
        "C59": [
            false,
            [
                "C27",
                "C128",
                "C34",
                "C76",
                "C93",
                "C24",
                "C73",
                "C8",
                "C105"
            ]
        ],
        "C60": [
            false,
            [
                "C94",
                "C75",
                "C10",
                "C42",
                "C46",
                "C100",
                "C98",
                "C127",
                "C55",
                "C27",
                "C108",
                "C115"
            ]
        ],
        "C61": [
            false,
            [
                "C88",
                "C7",
                "C78",
                "C48",
                "C126",
                "C67",
                "C73",
                "C17"
            ]
        ],
        "C62": [
            false,
            [
                "C114",
                "C93",
                "C66",
                "C34",
                "C57",
                "C116",
                "C39",
                "C2",
                "C26",
                "C126",
                "C5"
            ]
        ],
        "C63": [
            false,
            [
                "C44",
                "C65",
                "C90",
                "C59",
                "C23"
            ]
        ],
        "C64": [
            false,
            [
                "C91"
            ]
        ],
        "C65": [
            false,
            [
                "C116",
                "C10",
                "C20",
                "C67",
                "C27",
                "C48",
                "C41",
                "C19",
                "C1",
                "C100",
                "C77",
                "C68"
            ]
        ],
        "C66": [
            false,
            [
                "C25",
                "C88",
                "C57",
                "C84",
                "C13",
                "C18",
                "C17",
                "C71",
                "C96",
                "C106"
            ]
        ],
        "C67": [
            false,
            [
                "C93",
                "C54",
                "C61",
                "C116"
            ]
        ],
        "C68": [
            false,
            [
                "C81"
            ]
        ],
        "C69": [
            false,
            [
                "C120",
                "C67",
                "C58",
                "C48",
                "C76",
                "C53",
                "C18",
                "C31",
                "C45"
            ]
        ],
        "C70": [
            false,
            [
                "C92",
                "C26",
                "C71",
                "C102",
                "C64",
                "C7",
                "C36",
                "C42",
                "C67",
                "C128"
            ]
        ],
        "C71": [
            false,
            [
                "C15",
                "C38",
                "C36"
            ]
        ],
        "C72": [
            false,
            []
        ],
        "C73": [
            false,
            [
                "C77",
                "C112",
                "C43",
                "C114",
                "C78",
                "C57",
                "C72",
                "C48",
                "C89",
                "C99",
                "C34"
            ]
        ],
        "C74": [
            false,
            [
                "C61"
            ]
        ],
        "C75": [
            false,
            [
                "C31",
                "C69",
                "C20",
                "C10",
                "C122",
                "C29",
                "C113",
                "C12",
                "C100",
                "C95"
            ]
        ],
        "C76": [
            false,
            [
                "C90",
                "C77",
                "C18",
                "C126",
                "C52",
                "C45",
                "C49",
                "C75",
                "C40"
            ]
        ],
        "C77": [
            false,
            [
                "C31",
                "C50",
                "C111",
                "C30",
                "C112"
            ]
        ],
        "C78": [
            true,
            [
                "C81",
                "C107",
                "C83",
                "C16",
                "C117"
            ]
        ],
        "C79": [
            false,
            [
                "C66",
                "C43",
                "C102"
            ]
        ],
        "C80": [
            false,
            [
                "C8",
                "C108"
            ]
        ],
        "C81": [
            false,
            [
                "C26",
                "C75",
                "C56",
                "C67",
                "C95",
                "C42",
                "C6",
                "C91",
                "C116",
                "C0",
                "C87",
                "C73"
            ]
        ],
        "C82": [
            false,
            [
                "C18",
                "C33",
                "C73",
                "C69",
                "C124",
                "C54",
                "C13",
                "C4",
                "C86",
                "C118",
                "C49"
            ]
        ],
        "C83": [
            false,
            [
                "C49",
                "C48",
                "C45",
                "C65",
                "C79"
            ]
        ],
        "C84": [
            false,
            [
                "C38",
                "C87",
                "C120",
                "C117"
            ]
        ],
        "C85": [
            true,
            [
                "C98",
                "C29",
                "C34",
                "C103",
                "C1",
                "C14",
                "C54",
                "C65"
            ]
        ],
        "C86": [
            false,
            [
                "C42",
                "C94"
            ]
        ],
        "C87": [
            false,
            [
                "C33",
                "C70",
                "C102",
                "C126",
                "C121",
                "C82"
            ]
        ],
        "C88": [
            false,
            [
                "C101"
            ]
        ],
        "C89": [
            false,
            [
                "C104",
                "C58",
                "C0",
                "C62",
                "C19",
                "C126"
            ]
        ],
        "C90": [
            true,
            [
                "C38",
                "C29",
                "C25",
                "C108",
                "C41",
                "C77",
                "C71",
                "C43",
                "C17",
                "C106"
            ]
        ],
        "C91": [
            false,
            [
                "C97",
                "C17",
                "C113",
                "C110",
                "C10",
                "C0",
                "C1",
                "C76",
                "C14",
                "C48",
                "C49"
            ]
        ],
        "C92": [
            false,
            [
                "C101",
                "C104",
                "C98",
                "C34",
                "C100",
                "C8"
            ]
        ],
        "C93": [
            false,
            [
                "C86",
                "C84",
                "C50",
                "C121",
                "C30",
                "C11",
                "C53",
                "C69"
            ]
        ],
        "C94": [
            false,
            [
                "C53",
                "C127",
                "C122",
                "C60",
                "C73"
            ]
        ],
        "C95": [
            false,
            [
                "C119"
            ]
        ],
        "C96": [
            false,
            [
                "C2",
                "C64",
                "C127",
                "C21"
            ]
        ],
        "C97": [
            false,
            [
                "C35",
                "C28",
                "C30",
                "C63",
                "C88"
            ]
        ],
        "C98": [
            false,
            [
                "C128",
                "C126",
                "C7",
                "C64",
                "C52",
                "C36",
                "C9",
                "C4",
                "C67",
                "C107",
                "C15",
                "C13"
            ]
        ],
        "C99": [
            false,
            [
                "C128",
                "C110",
                "C83",
                "C122",
                "C50",
                "C69",
                "C94",
                "C64",
                "C10",
                "C123",
                "C27",
                "C118"
            ]
        ],
        "C100": [
            false,
            [
                "C43",
                "C75",
                "C114",
                "C109",
                "C59"
            ]
        ],
        "C101": [
            false,
            [
                "C84",
                "C4",
                "C38",
                "C1",
                "C2",
                "C82",
                "C47",
                "C87"
            ]
        ],
        "C102": [
            false,
            [
                "C70",
                "C40",
                "C100",
                "C41",
                "C75",
                "C86"
            ]
        ],
        "C103": [
            false,
            [
                "C111",
                "C29",
                "C48",
                "C71",
                "C117",
                "C97",
                "C19",
                "C80"
            ]
        ],
        "C104": [
            false,
            [
                "C1",
                "C0",
                "C27",
                "C47"
            ]
        ],
        "C105": [
            false,
            [
                "C0",
                "C23",
                "C74",
                "C61",
                "C77",
                "C31",
                "C44",
                "C72"
            ]
        ],
        "C106": [
            false,
            [
                "C48",
                "C0",
                "C103",
                "C118",
                "C122"
            ]
        ],
        "C107": [
            false,
            [
                "C40",
                "C76"
            ]
        ],
        "C108": [
            false,
            [
                "C59",
                "C3",
                "C101"
            ]
        ],
        "C109": [
            false,
            [
                "C80",
                "C78",
                "C40",
                "C42",
                "C57",
                "C24",
                "C5",
                "C22",
                "C44"
            ]
        ],
        "C110": [
            false,
            [
                "C80",
                "C16",
                "C32",
                "C56",
                "C121",
                "C4",
                "C112",
                "C15",
                "C8",
                "C53",
                "C40"
            ]
        ],
        "C111": [
            false,
            [
                "C71",
                "C42"
            ]
        ],
        "C112": [
            false,
            [
                "C54",
                "C24",
                "C101",
                "C100",
                "C60",
                "C36",
                "C71"
            ]
        ],
        "C113": [
            false,
            [
                "C128"
            ]
        ],
        "C114": [
            false,
            []
        ],
        "C115": [
            false,
            [
                "C22",
                "C70",
                "C123",
                "C79",
                "C16",
                "C91",
                "C35",
                "C60"
            ]
        ],
        "C116": [
            false,
            [
                "C39",
                "C128",
                "C1",
                "C50",
                "C18"
            ]
        ],
        "C117": [
            false,
            [
                "C65",
                "C52"
            ]
        ],
        "C118": [
            false,
            [
                "C120",
                "C14",
                "C20",
                "C114",
                "C101",
                "C52",
                "C28",
                "C73"
            ]
        ],
        "C119": [
            false,
            []
        ],
        "C120": [
            false,
            [
                "C118",
                "C64"
            ]
        ],
        "C121": [
            false,
            [
                "C20",
                "C37",
                "C48",
                "C54",
                "C123",
                "C43",
                "C114",
                "C76",
                "C90"
            ]
        ],
        "C122": [
            false,
            [
                "C58",
                "C89",
                "C88",
                "C4",
                "C110",
                "C37",
                "C76",
                "C33",
                "C9",
                "C68"
            ]
        ],
        "C123": [
            false,
            [
                "C125",
                "C105",
                "C53",
                "C59",
                "C2",
                "C22",
                "C18",
                "C43",
                "C6",
                "C81"
            ]
        ],
        "C124": [
            false,
            [
                "C71"
            ]
        ],
        "C125": [
            false,
            [
                "C71",
                "C33",
                "C119",
                "C126"
            ]
        ],
        "C126": [
            false,
            [
                "C95",
                "C113",
                "C18",
                "C7",
                "C30",
                "C32",
                "C115",
                "C55"
            ]
        ],
        "C127": [
            false,
            [
                "C122",
                "C105",
                "C67",
                "C84",
                "C30",
                "C102",
                "C124",
                "C94",
                "C4"
            ]
        ],
        "C128": [
            false,
            [
                "C29",
                "C0",
                "C113",
                "C12",
                "C21"
            ]
        ]
    },
    "ground_truth_fault_paths": [
        [
            "C29",
            "C54",
            "C85",
            "C38",
            "C90"
        ],
        [
            "C54",
            "C29",
            "C85",
            "C38",
            "C90"
        ],
        [
            "C29",
            "C54",
            "C85",
            "C2"
        ],
        [
            "C54",
            "C29",
            "C85",
            "C2"
        ],
        [
            "C54",
            "C29",
            "C90"
        ],
        [
            "C3"
        ],
        [
            "C20"
        ],
        [
            "C32"
        ],
        [
            "C37"
        ],
        [
            "C40"
        ],
        [
            "C49"
        ],
        [
            "C78"
        ]
    ],
    "error_codes": {
        "E0": [
            "FC0",
            [
                "C90",
                "C20",
                "C95",
                "C7",
                "C8",
                "C108",
                "C41",
                "C115",
                "C43",
                "C121",
                "C76",
                "C18"
            ]
        ],
        "E1": [
            "FC1",
            [
                "C90",
                "C38",
                "C47",
                "C43",
                "C49",
                "C73",
                "C46",
                "C58",
                "C42"
            ]
        ],
        "E2": [
            "FC2",
            [
                "C2",
                "C52",
                "C9",
                "C117",
                "C14",
                "C23",
                "C46",
                "C98",
                "C34",
                "C26",
                "C60",
                "C51",
                "C68"
            ]
        ],
        "E3": [
            "FC3",
            [
                "C2",
                "C115",
                "C64",
                "C57",
                "C106"
            ]
        ],
        "E4": [
            "FC4",
            [
                "C90",
                "C37",
                "C34",
                "C50",
                "C47",
                "C123",
                "C14",
                "C4",
                "C98",
                "C108",
                "C36",
                "C70",
                "C48"
            ]
        ],
        "E5": [
            "FC5",
            [
                "C3",
                "C123",
                "C43",
                "C67",
                "C34",
                "C46",
                "C112",
                "C48",
                "C75",
                "C108",
                "C40"
            ]
        ],
        "E6": [
            "FC6",
            [
                "C20",
                "C10",
                "C121",
                "C87",
                "C39",
                "C42",
                "C112",
                "C122",
                "C115",
                "C31",
                "C72",
                "C59"
            ]
        ],
        "E7": [
            "FC7",
            [
                "C32",
                "C101",
                "C86",
                "C63",
                "C50",
                "C67",
                "C118",
                "C120",
                "C13",
                "C51",
                "C75",
                "C12",
                "C68"
            ]
        ],
        "E8": [
            "FC8",
            [
                "C37",
                "C110",
                "C92",
                "C87",
                "C79",
                "C61"
            ]
        ],
        "E9": [
            "FC9",
            [
                "C40",
                "C122",
                "C33",
                "C15",
                "C75",
                "C91",
                "C103",
                "C27"
            ]
        ],
        "E10": [
            "FC10",
            [
                "C49",
                "C38",
                "C30",
                "C5",
                "C121",
                "C85",
                "C122",
                "C16",
                "C39",
                "C108",
                "C109",
                "C15",
                "C22"
            ]
        ],
        "E11": [
            "FC11",
            [
                "C78",
                "C57",
                "C107",
                "C60",
                "C88",
                "C7",
                "C0",
                "C66",
                "C110",
                "C91",
                "C40",
                "C114"
            ]
        ]
    },
    "sim_accuracies": {
        "C0": [
            "0.9258744575725034",
            "False"
        ],
        "C1": [
            "0.9278937745923735",
            "False"
        ],
        "C2": [
            "0.9230735674334319",
            "True"
        ],
        "C3": [
            "0.9157244783755198",
            "True"
        ],
        "C4": [
            "0.9177461016324703",
            "False"
        ],
        "C5": [
            "0.9427899456679771",
            "False"
        ],
        "C6": [
            "0.9394621286488206",
            "False"
        ],
        "C7": [
            "0.933464212566292",
            "False"
        ],
        "C8": [
            "0.9135605936907919",
            "False"
        ],
        "C9": [
            "0.9084214731990604",
            "False"
        ],
        "C10": [
            "0.924956054640478",
            "False"
        ],
        "C11": [
            "0.9379894360068105",
            "False"
        ],
        "C12": [
            "0.9402353669121343",
            "False"
        ],
        "C13": [
            "0.9478375168071844",
            "False"
        ],
        "C14": [
            "0.9277401953357408",
            "False"
        ],
        "C15": [
            "0.9063259080288166",
            "False"
        ],
        "C16": [
            "0.9115190275865204",
            "False"
        ],
        "C17": [
            "0.9274038696120015",
            "False"
        ],
        "C18": [
            "0.9047658849402309",
            "False"
        ],
        "C19": [
            "0.9190763825302766",
            "False"
        ],
        "C20": [
            "0.9098975951925674",
            "True"
        ],
        "C21": [
            "0.9055491799538029",
            "False"
        ],
        "C22": [
            "0.9131912892975096",
            "False"
        ],
        "C23": [
            "0.9277440250775796",
            "False"
        ],
        "C24": [
            "0.914283525616633",
            "False"
        ],
        "C25": [
            "0.9096736719078502",
            "False"
        ],
        "C26": [
            "0.9185286100283573",
            "False"
        ],
        "C27": [
            "0.9446811394696193",
            "False"
        ],
        "C28": [
            "0.9419358580658483",
            "False"
        ],
        "C29": [
            "0.9025239015230054",
            "True"
        ],
        "C30": [
            "0.9488975767425266",
            "False"
        ],
        "C31": [
            "0.9434010611825825",
            "False"
        ],
        "C32": [
            "0.9236621649250659",
            "True"
        ],
        "C33": [
            "0.9339919200872244",
            "False"
        ],
        "C34": [
            "0.9109036446703201",
            "False"
        ],
        "C35": [
            "0.9104540240839295",
            "False"
        ],
        "C36": [
            "0.9236687825186691",
            "False"
        ],
        "C37": [
            "0.9442620368580867",
            "True"
        ],
        "C38": [
            "0.945391022332078",
            "True"
        ],
        "C39": [
            "0.9311133034507492",
            "False"
        ],
        "C40": [
            "0.9332479877978471",
            "True"
        ],
        "C41": [
            "0.9362377072045269",
            "False"
        ],
        "C42": [
            "0.9434166043053712",
            "False"
        ],
        "C43": [
            "0.9139402328990529",
            "False"
        ],
        "C44": [
            "0.9424278649910314",
            "False"
        ],
        "C45": [
            "0.915919650108648",
            "False"
        ],
        "C46": [
            "0.9387067769555641",
            "False"
        ],
        "C47": [
            "0.9013290169029348",
            "False"
        ],
        "C48": [
            "0.9184887048391088",
            "False"
        ],
        "C49": [
            "0.9315581915806128",
            "True"
        ],
        "C50": [
            "0.9208362594627408",
            "False"
        ],
        "C51": [
            "0.9342425500007459",
            "False"
        ],
        "C52": [
            "0.9275728426881404",
            "False"
        ],
        "C53": [
            "0.941170927160226",
            "False"
        ],
        "C54": [
            "0.9354399891098522",
            "True"
        ],
        "C55": [
            "0.9204427962146691",
            "False"
        ],
        "C56": [
            "0.9128980981009097",
            "False"
        ],
        "C57": [
            "0.913770357882088",
            "False"
        ],
        "C58": [
            "0.9345120112553496",
            "False"
        ],
        "C59": [
            "0.9348272358020364",
            "False"
        ],
        "C60": [
            "0.9267885528000528",
            "False"
        ],
        "C61": [
            "0.9458256338363071",
            "False"
        ],
        "C62": [
            "0.9278746812513258",
            "False"
        ],
        "C63": [
            "0.9250256628310615",
            "False"
        ],
        "C64": [
            "0.9166580962274518",
            "False"
        ],
        "C65": [
            "0.9303523758322794",
            "False"
        ],
        "C66": [
            "0.9269461700193257",
            "False"
        ],
        "C67": [
            "0.9151892581402026",
            "False"
        ],
        "C68": [
            "0.9397208311955012",
            "False"
        ],
        "C69": [
            "0.9158609721876619",
            "False"
        ],
        "C70": [
            "0.9468517084829473",
            "False"
        ],
        "C71": [
            "0.9474952488533569",
            "False"
        ],
        "C72": [
            "0.9462565474618465",
            "False"
        ],
        "C73": [
            "0.9386014708559166",
            "False"
        ],
        "C74": [
            "0.9273902027911243",
            "False"
        ],
        "C75": [
            "0.9243067233434924",
            "False"
        ],
        "C76": [
            "0.9300421773602616",
            "False"
        ],
        "C77": [
            "0.9457846682624187",
            "False"
        ],
        "C78": [
            "0.9391761829256428",
            "True"
        ],
        "C79": [
            "0.9252554427106475",
            "False"
        ],
        "C80": [
            "0.9026101994888697",
            "False"
        ],
        "C81": [
            "0.9190209336726541",
            "False"
        ],
        "C82": [
            "0.93880866333845",
            "False"
        ],
        "C83": [
            "0.9234088788986661",
            "False"
        ],
        "C84": [
            "0.9328331753421459",
            "False"
        ],
        "C85": [
            "0.9297841794753817",
            "True"
        ],
        "C86": [
            "0.9364086978805001",
            "False"
        ],
        "C87": [
            "0.9442701910734531",
            "False"
        ],
        "C88": [
            "0.9354287845123695",
            "False"
        ],
        "C89": [
            "0.9302187863626279",
            "False"
        ],
        "C90": [
            "0.9346290384332292",
            "True"
        ],
        "C91": [
            "0.9470873529499618",
            "False"
        ],
        "C92": [
            "0.9064230450217405",
            "False"
        ],
        "C93": [
            "0.9043464185875179",
            "False"
        ],
        "C94": [
            "0.906711698698704",
            "False"
        ],
        "C95": [
            "0.9164738609946449",
            "False"
        ],
        "C96": [
            "0.9426912276450644",
            "False"
        ],
        "C97": [
            "0.902590770758585",
            "False"
        ],
        "C98": [
            "0.9469060899311273",
            "False"
        ],
        "C99": [
            "0.9272598497120571",
            "False"
        ],
        "C100": [
            "0.936694261542048",
            "False"
        ],
        "C101": [
            "0.9412140831516687",
            "False"
        ],
        "C102": [
            "0.9391707684650672",
            "False"
        ],
        "C103": [
            "0.9253038417419605",
            "False"
        ],
        "C104": [
            "0.9345652460751837",
            "False"
        ],
        "C105": [
            "0.9288511254988887",
            "False"
        ],
        "C106": [
            "0.9396722644575077",
            "False"
        ],
        "C107": [
            "0.9309540883667559",
            "False"
        ],
        "C108": [
            "0.9440960820433846",
            "False"
        ],
        "C109": [
            "0.9098737798623832",
            "False"
        ],
        "C110": [
            "0.943298475170398",
            "False"
        ],
        "C111": [
            "0.9247046160745852",
            "False"
        ],
        "C112": [
            "0.9133624154719203",
            "False"
        ],
        "C113": [
            "0.9466952900806195",
            "False"
        ],
        "C114": [
            "0.9425859017254994",
            "False"
        ],
        "C115": [
            "0.93113197936488",
            "False"
        ],
        "C116": [
            "0.9368524806518254",
            "False"
        ],
        "C117": [
            "0.9283077573345715",
            "False"
        ],
        "C118": [
            "0.9257829588467384",
            "False"
        ],
        "C119": [
            "0.921021187122971",
            "False"
        ],
        "C120": [
            "0.9433225555065935",
            "False"
        ],
        "C121": [
            "0.9077830289660893",
            "False"
        ],
        "C122": [
            "0.9161801062227224",
            "False"
        ],
        "C123": [
            "0.9433804581012708",
            "False"
        ],
        "C124": [
            "0.9097107216984812",
            "False"
        ],
        "C125": [
            "0.9342169878244951",
            "False"
        ],
        "C126": [
            "0.9017525872504597",
            "False"
        ],
        "C127": [
            "0.9058482377549842",
            "False"
        ],
        "C128": [
            "0.9319738132663762",
            "False"
        ]
    }
}