{
    "suspect_components": {
        "C0": [
            false,
            [
                "C8",
                "C87",
                "C55",
                "C47",
                "C28",
                "C91",
                "C98",
                "C50",
                "C106"
            ]
        ],
        "C1": [
            false,
            []
        ],
        "C2": [
            false,
            [
                "C74",
                "C0",
                "C33",
                "C73",
                "C89",
                "C21",
                "C123",
                "C76",
                "C70",
                "C81",
                "C128",
                "C60"
            ]
        ],
        "C3": [
            false,
            [
                "C19",
                "C84",
                "C58",
                "C61",
                "C128",
                "C105",
                "C2",
                "C26",
                "C8",
                "C95",
                "C44"
            ]
        ],
        "C4": [
            false,
            [
                "C32",
                "C47",
                "C112",
                "C82",
                "C51",
                "C70",
                "C83",
                "C123"
            ]
        ],
        "C5": [
            false,
            [
                "C106",
                "C119",
                "C79",
                "C78",
                "C55"
            ]
        ],
        "C6": [
            true,
            [
                "C53",
                "C40",
                "C46",
                "C82",
                "C5",
                "C57"
            ]
        ],
        "C7": [
            false,
            [
                "C74",
                "C101"
            ]
        ],
        "C8": [
            false,
            [
                "C122",
                "C31",
                "C127",
                "C57",
                "C32",
                "C101",
                "C94"
            ]
        ],
        "C9": [
            false,
            [
                "C20",
                "C75",
                "C123",
                "C53",
                "C126",
                "C116",
                "C119"
            ]
        ],
        "C10": [
            false,
            [
                "C78",
                "C38",
                "C97",
                "C80",
                "C118",
                "C79",
                "C58",
                "C45"
            ]
        ],
        "C11": [
            false,
            []
        ],
        "C12": [
            false,
            [
                "C122"
            ]
        ],
        "C13": [
            false,
            [
                "C28"
            ]
        ],
        "C14": [
            true,
            [
                "C65"
            ]
        ],
        "C15": [
            false,
            [
                "C63",
                "C14"
            ]
        ],
        "C16": [
            false,
            [
                "C17",
                "C58",
                "C115",
                "C37",
                "C97",
                "C15",
                "C59",
                "C77",
                "C102",
                "C50",
                "C31"
            ]
        ],
        "C17": [
            false,
            [
                "C0",
                "C46",
                "C63",
                "C103",
                "C125",
                "C62",
                "C108"
            ]
        ],
        "C18": [
            false,
            [
                "C56",
                "C111",
                "C109",
                "C31",
                "C112",
                "C115",
                "C9",
                "C4",
                "C26",
                "C117",
                "C68",
                "C85"
            ]
        ],
        "C19": [
            false,
            [
                "C62",
                "C33",
                "C38"
            ]
        ],
        "C20": [
            false,
            [
                "C121"
            ]
        ],
        "C21": [
            false,
            [
                "C0",
                "C39",
                "C37",
                "C62"
            ]
        ],
        "C22": [
            false,
            [
                "C103"
            ]
        ],
        "C23": [
            false,
            [
                "C63",
                "C7",
                "C56",
                "C90"
            ]
        ],
        "C24": [
            false,
            [
                "C15",
                "C19",
                "C18",
                "C4",
                "C40",
                "C31",
                "C12",
                "C89",
                "C46",
                "C82",
                "C63"
            ]
        ],
        "C25": [
            false,
            [
                "C17",
                "C42",
                "C2",
                "C78",
                "C73",
                "C106",
                "C112",
                "C90"
            ]
        ],
        "C26": [
            false,
            [
                "C84",
                "C63",
                "C101",
                "C86",
                "C66",
                "C90",
                "C82",
                "C42",
                "C17",
                "C2"
            ]
        ],
        "C27": [
            false,
            [
                "C80",
                "C86",
                "C75",
                "C67",
                "C111",
                "C60",
                "C76",
                "C123"
            ]
        ],
        "C28": [
            false,
            [
                "C56"
            ]
        ],
        "C29": [
            false,
            [
                "C85",
                "C8"
            ]
        ],
        "C30": [
            true,
            [
                "C6",
                "C27",
                "C12",
                "C128",
                "C79",
                "C83"
            ]
        ],
        "C31": [
            false,
            [
                "C122",
                "C106"
            ]
        ],
        "C32": [
            false,
            [
                "C2"
            ]
        ],
        "C33": [
            false,
            [
                "C67",
                "C39"
            ]
        ],
        "C34": [
            false,
            [
                "C68",
                "C54",
                "C70",
                "C20",
                "C67",
                "C32",
                "C55"
            ]
        ],
        "C35": [
            true,
            [
                "C4",
                "C66",
                "C28",
                "C74",
                "C89"
            ]
        ],
        "C36": [
            false,
            [
                "C101",
                "C50",
                "C21"
            ]
        ],
        "C37": [
            false,
            [
                "C93",
                "C43",
                "C71",
                "C61",
                "C119",
                "C57",
                "C124",
                "C33"
            ]
        ],
        "C38": [
            false,
            [
                "C115",
                "C113",
                "C50",
                "C4",
                "C111"
            ]
        ],
        "C39": [
            false,
            [
                "C95",
                "C92",
                "C97"
            ]
        ],
        "C40": [
            false,
            [
                "C10"
            ]
        ],
        "C41": [
            false,
            [
                "C14",
                "C99",
                "C60",
                "C78",
                "C87",
                "C121",
                "C120",
                "C112"
            ]
        ],
        "C42": [
            false,
            [
                "C96",
                "C45"
            ]
        ],
        "C43": [
            false,
            [
                "C125",
                "C106",
                "C39",
                "C33",
                "C127"
            ]
        ],
        "C44": [
            false,
            [
                "C41",
                "C71",
                "C23",
                "C35",
                "C76",
                "C82",
                "C92",
                "C58"
            ]
        ],
        "C45": [
            false,
            [
                "C113",
                "C43",
                "C71",
                "C39",
                "C9",
                "C14",
                "C42",
                "C105",
                "C88",
                "C1",
                "C127"
            ]
        ],
        "C46": [
            false,
            []
        ],
        "C47": [
            false,
            [
                "C117",
                "C17",
                "C23",
                "C87",
                "C80",
                "C42",
                "C37"
            ]
        ],
        "C48": [
            false,
            [
                "C52",
                "C92",
                "C101",
                "C36",
                "C85",
                "C91",
                "C23"
            ]
        ],
        "C49": [
            false,
            [
                "C84",
                "C79",
                "C67",
                "C104",
                "C118",
                "C14"
            ]
        ],
        "C50": [
            false,
            [
                "C125",
                "C58",
                "C52",
                "C24",
                "C23",
                "C38",
                "C26",
                "C4",
                "C28"
            ]
        ],
        "C51": [
            true,
            [
                "C8",
                "C22",
                "C59",
                "C10",
                "C92",
                "C36",
                "C3",
                "C106"
            ]
        ],
        "C52": [
            false,
            [
                "C87",
                "C126",
                "C35"
            ]
        ],
        "C53": [
            false,
            [
                "C69",
                "C63",
                "C75",
                "C68",
                "C8",
                "C64",
                "C7",
                "C45",
                "C22",
                "C115"
            ]
        ],
        "C54": [
            false,
            [
                "C113",
                "C45",
                "C15",
                "C117",
                "C72",
                "C76",
                "C123",
                "C33",
                "C35",
                "C121",
                "C111",
                "C66"
            ]
        ],
        "C55": [
            false,
            [
                "C16",
                "C28",
                "C120"
            ]
        ],
        "C56": [
            false,
            [
                "C42",
                "C59"
            ]
        ],
        "C57": [
            false,
            [
                "C114",
                "C83",
                "C30",
                "C34",
                "C115",
                "C2",
                "C65",
                "C88",
                "C50",
                "C127",
                "C122",
                "C38"
            ]
        ],
        "C58": [
            false,
            [
                "C96",
                "C26",
                "C110",
                "C123",
                "C18",
                "C102",
                "C114",
                "C127",
                "C88",
                "C67",
                "C30",
                "C21"
            ]
        ],
        "C59": [
            false,
            [
                "C75",
                "C127",
                "C101",
                "C42",
                "C113",
                "C66",
                "C64",
                "C114"
            ]
        ],
        "C60": [
            false,
            [
                "C23",
                "C103",
                "C29",
                "C123",
                "C20",
                "C0",
                "C45",
                "C112",
                "C110",
                "C62",
                "C3"
            ]
        ],
        "C61": [
            true,
            [
                "C12",
                "C28",
                "C91",
                "C124",
                "C57",
                "C2",
                "C75",
                "C37",
                "C48"
            ]
        ],
        "C62": [
            false,
            [
                "C25"
            ]
        ],
        "C63": [
            false,
            [
                "C65",
                "C53",
                "C124"
            ]
        ],
        "C64": [
            false,
            [
                "C123",
                "C74",
                "C104",
                "C125",
                "C96"
            ]
        ],
        "C65": [
            false,
            [
                "C81",
                "C76",
                "C37",
                "C15",
                "C102",
                "C96"
            ]
        ],
        "C66": [
            false,
            [
                "C72",
                "C88",
                "C15",
                "C112",
                "C9",
                "C126"
            ]
        ],
        "C67": [
            false,
            [
                "C29",
                "C16",
                "C78"
            ]
        ],
        "C68": [
            false,
            [
                "C41",
                "C18",
                "C6",
                "C40"
            ]
        ],
        "C69": [
            false,
            [
                "C0",
                "C9",
                "C23",
                "C101",
                "C121",
                "C73",
                "C78",
                "C53",
                "C97",
                "C22"
            ]
        ],
        "C70": [
            false,
            [
                "C57",
                "C83",
                "C50",
                "C82",
                "C32",
                "C75",
                "C3",
                "C110",
                "C87"
            ]
        ],
        "C71": [
            false,
            [
                "C53",
                "C22",
                "C51",
                "C85",
                "C35",
                "C64",
                "C102",
                "C47"
            ]
        ],
        "C72": [
            false,
            [
                "C69",
                "C112",
                "C10",
                "C47",
                "C17",
                "C123",
                "C114",
                "C14",
                "C32",
                "C84",
                "C51"
            ]
        ],
        "C73": [
            false,
            [
                "C61",
                "C109",
                "C127",
                "C115",
                "C25",
                "C4",
                "C46",
                "C33"
            ]
        ],
        "C74": [
            false,
            []
        ],
        "C75": [
            false,
            [
                "C100",
                "C93",
                "C41",
                "C16",
                "C120",
                "C72",
                "C26",
                "C68"
            ]
        ],
        "C76": [
            true,
            [
                "C93",
                "C43",
                "C91",
                "C48",
                "C106"
            ]
        ],
        "C77": [
            false,
            []
        ],
        "C78": [
            false,
            [
                "C25",
                "C24",
                "C80",
                "C35",
                "C56"
            ]
        ],
        "C79": [
            false,
            [
                "C105",
                "C27",
                "C60",
                "C125",
                "C112",
                "C80",
                "C61",
                "C76",
                "C46",
                "C65",
                "C90"
            ]
        ],
        "C80": [
            false,
            [
                "C21",
                "C37",
                "C91",
                "C63",
                "C97",
                "C88",
                "C108",
                "C68",
                "C50"
            ]
        ],
        "C81": [
            false,
            [
                "C29",
                "C30",
                "C68"
            ]
        ],
        "C82": [
            false,
            [
                "C55",
                "C36",
                "C14",
                "C126",
                "C122"
            ]
        ],
        "C83": [
            true,
            []
        ],
        "C84": [
            false,
            [
                "C50",
                "C93",
                "C70",
                "C1",
                "C110",
                "C63",
                "C82",
                "C24"
            ]
        ],
        "C85": [
            false,
            [
                "C7",
                "C79",
                "C23",
                "C64",
                "C93",
                "C48"
            ]
        ],
        "C86": [
            false,
            []
        ],
        "C87": [
            false,
            [
                "C50",
                "C111",
                "C15",
                "C108",
                "C83",
                "C95",
                "C22",
                "C36",
                "C30",
                "C33",
                "C17"
            ]
        ],
        "C88": [
            false,
            [
                "C69",
                "C14",
                "C124",
                "C99",
                "C103",
                "C126",
                "C63",
                "C8"
            ]
        ],
        "C89": [
            false,
            [
                "C3",
                "C114",
                "C45",
                "C78"
            ]
        ],
        "C90": [
            false,
            [
                "C49",
                "C102",
                "C31"
            ]
        ],
        "C91": [
            false,
            [
                "C0",
                "C108",
                "C51",
                "C15",
                "C44",
                "C92"
            ]
        ],
        "C92": [
            false,
            [
                "C60",
                "C99",
                "C97",
                "C38",
                "C72",
                "C14",
                "C98",
                "C53"
            ]
        ],
        "C93": [
            true,
            [
                "C59",
                "C73",
                "C111",
                "C108",
                "C16",
                "C27",
                "C125",
                "C92",
                "C58",
                "C113",
                "C103"
            ]
        ],
        "C94": [
            false,
            [
                "C115",
                "C105",
                "C77",
                "C72",
                "C53",
                "C59",
                "C22"
            ]
        ],
        "C95": [
            false,
            [
                "C42",
                "C80",
                "C70",
                "C125",
                "C97",
                "C4",
                "C5",
                "C116",
                "C57",
                "C120",
                "C101"
            ]
        ],
        "C96": [
            false,
            [
                "C46",
                "C72"
            ]
        ],
        "C97": [
            false,
            [
                "C78"
            ]
        ],
        "C98": [
            false,
            [
                "C18",
                "C26",
                "C13",
                "C37",
                "C80",
                "C4",
                "C126",
                "C82",
                "C48",
                "C112"
            ]
        ],
        "C99": [
            false,
            [
                "C61",
                "C83",
                "C1"
            ]
        ],
        "C100": [
            false,
            [
                "C46",
                "C3",
                "C110",
                "C122",
                "C39",
                "C51",
                "C33",
                "C116",
                "C26",
                "C65",
                "C106",
                "C99"
            ]
        ],
        "C101": [
            false,
            [
                "C125",
                "C96",
                "C120",
                "C20",
                "C76",
                "C62",
                "C78",
                "C121",
                "C123",
                "C50",
                "C16",
                "C39"
            ]
        ],
        "C102": [
            false,
            [
                "C68",
                "C96",
                "C94",
                "C125",
                "C106",
                "C8",
                "C34",
                "C69",
                "C24"
            ]
        ],
        "C103": [
            false,
            [
                "C78",
                "C104"
            ]
        ],
        "C104": [
            true,
            [
                "C5",
                "C41",
                "C93",
                "C97",
                "C22",
                "C111",
                "C108",
                "C77",
                "C2"
            ]
        ],
        "C105": [
            false,
            [
                "C124"
            ]
        ],
        "C106": [
            false,
            [
                "C14",
                "C10",
                "C29",
                "C56"
            ]
        ],
        "C107": [
            false,
            []
        ],
        "C108": [
            false,
            [
                "C47",
                "C123",
                "C57",
                "C50",
                "C41",
                "C15",
                "C109",
                "C112",
                "C22",
                "C78"
            ]
        ],
        "C109": [
            true,
            [
                "C122",
                "C15",
                "C49",
                "C23",
                "C33",
                "C105"
            ]
        ],
        "C110": [
            true,
            [
                "C21",
                "C63",
                "C36",
                "C31",
                "C71",
                "C126",
                "C87",
                "C42",
                "C88",
                "C46",
                "C77",
                "C57"
            ]
        ],
        "C111": [
            false,
            [
                "C109",
                "C49",
                "C47",
                "C36",
                "C42",
                "C18",
                "C123",
                "C14",
                "C89",
                "C12",
                "C113"
            ]
        ],
        "C112": [
            false,
            [
                "C117",
                "C2",
                "C68",
                "C123",
                "C69"
            ]
        ],
        "C113": [
            false,
            [
                "C40"
            ]
        ],
        "C114": [
            false,
            [
                "C96",
                "C68",
                "C32",
                "C112",
                "C115",
                "C13",
                "C94",
                "C60",
                "C36",
                "C107",
                "C98",
                "C106"
            ]
        ],
        "C115": [
            false,
            [
                "C15",
                "C28",
                "C106",
                "C98",
                "C27",
                "C25",
                "C68"
            ]
        ],
        "C116": [
            false,
            [
                "C97",
                "C35",
                "C34",
                "C43",
                "C22",
                "C66",
                "C20"
            ]
        ],
        "C117": [
            true,
            [
                "C91"
            ]
        ],
        "C118": [
            false,
            [
                "C104",
                "C101"
            ]
        ],
        "C119": [
            false,
            [
                "C48",
                "C51",
                "C6",
                "C100",
                "C112"
            ]
        ],
        "C120": [
            false,
            [
                "C56",
                "C82",
                "C72",
                "C65",
                "C121",
                "C85",
                "C90"
            ]
        ],
        "C121": [
            false,
            [
                "C35",
                "C83",
                "C66",
                "C40",
                "C119",
                "C124"
            ]
        ],
        "C122": [
            false,
            [
                "C85"
            ]
        ],
        "C123": [
            false,
            [
                "C80",
                "C19",
                "C110",
                "C119",
                "C124",
                "C10",
                "C4",
                "C16",
                "C69",
                "C71"
            ]
        ],
        "C124": [
            false,
            [
                "C110",
                "C75",
                "C9",
                "C57",
                "C94"
            ]
        ],
        "C125": [
            false,
            [
                "C112",
                "C108",
                "C29",
                "C18",
                "C88",
                "C106"
            ]
        ],
        "C126": [
            false,
            [
                "C14",
                "C81",
                "C54",
                "C79"
            ]
        ],
        "C127": [
            false,
            [
                "C41",
                "C46"
            ]
        ],
        "C128": [
            false,
            [
                "C48",
                "C100",
                "C29",
                "C31",
                "C113"
            ]
        ]
    },
    "ground_truth_fault_paths": [
        [
            "C93",
            "C104"
        ],
        [
            "C93",
            "C76"
        ],
        [
            "C83",
            "C30"
        ],
        [
            "C6",
            "C30"
        ],
        [
            "C14"
        ],
        [
            "C35"
        ],
        [
            "C51"
        ],
        [
            "C61"
        ],
        [
            "C109"
        ],
        [
            "C110"
        ],
        [
            "C117"
        ]
    ],
    "error_codes": {
        "E0": [
            "FC0",
            [
                "C104",
                "C31",
                "C64",
                "C58",
                "C13"
            ]
        ],
        "E1": [
            "FC1",
            [
                "C76",
                "C8",
                "C44",
                "C12",
                "C102",
                "C19",
                "C55",
                "C109",
                "C30",
                "C33",
                "C64"
            ]
        ],
        "E2": [
            "FC2",
            [
                "C30",
                "C117",
                "C25",
                "C62",
                "C126",
                "C54",
                "C125",
                "C39",
                "C64",
                "C11"
            ]
        ],
        "E3": [
            "FC3",
            [
                "C30",
                "C8",
                "C35",
                "C76",
                "C61",
                "C39",
                "C65",
                "C1",
                "C87",
                "C9",
                "C68",
                "C22",
                "C25"
            ]
        ],
        "E4": [
            "FC4",
            [
                "C14",
                "C12",
                "C18",
                "C20",
                "C59"
            ]
        ],
        "E5": [
            "FC5",
            [
                "C35",
                "C119",
                "C38",
                "C71",
                "C17",
                "C114",
                "C65",
                "C46",
                "C33"
            ]
        ],
        "E6": [
            "FC6",
            [
                "C51",
                "C105",
                "C81",
                "C64",
                "C87",
                "C28",
                "C13",
                "C27",
                "C0",
                "C32",
                "C16",
                "C29"
            ]
        ],
        "E7": [
            "FC7",
            [
                "C61",
                "C51",
                "C68",
                "C10",
                "C115"
            ]
        ],
        "E8": [
            "FC8",
            [
                "C109",
                "C16",
                "C67",
                "C45",
                "C101",
                "C63",
                "C44",
                "C125",
                "C80",
                "C48"
            ]
        ],
        "E9": [
            "FC9",
            [
                "C110",
                "C121",
                "C82",
                "C93",
                "C61",
                "C83"
            ]
        ],
        "E10": [
            "FC10",
            [
                "C117",
                "C87",
                "C126",
                "C114",
                "C111",
                "C62",
                "C40",
                "C60",
                "C109",
                "C76",
                "C44",
                "C116"
            ]
        ]
    },
    "sim_accuracies": {
        "C0": [
            "0.9331286172858761",
            "False"
        ],
        "C1": [
            "0.9130449450127722",
            "False"
        ],
        "C2": [
            "0.9077780548277751",
            "False"
        ],
        "C3": [
            "0.9077451338174385",
            "False"
        ],
        "C4": [
            "0.9155406281685907",
            "False"
        ],
        "C5": [
            "0.9432178601184643",
            "False"
        ],
        "C6": [
            "0.93607318045328",
            "True"
        ],
        "C7": [
            "0.9486592703872045",
            "False"
        ],
        "C8": [
            "0.9103545315255417",
            "False"
        ],
        "C9": [
            "0.9498877602627135",
            "False"
        ],
        "C10": [
            "0.9476884394411096",
            "False"
        ],
        "C11": [
            "0.9371910790345253",
            "False"
        ],
        "C12": [
            "0.9348094160846308",
            "False"
        ],
        "C13": [
            "0.949199362629793",
            "False"
        ],
        "C14": [
            "0.9426755061308385",
            "True"
        ],
        "C15": [
            "0.9233249214895177",
            "False"
        ],
        "C16": [
            "0.910977363740187",
            "False"
        ],
        "C17": [
            "0.9476359978169424",
            "False"
        ],
        "C18": [
            "0.9069238233778844",
            "False"
        ],
        "C19": [
            "0.9059583398519583",
            "False"
        ],
        "C20": [
            "0.9003876161358089",
            "False"
        ],
        "C21": [
            "0.9495079610174788",
            "False"
        ],
        "C22": [
            "0.9242547214880263",
            "False"
        ],
        "C23": [
            "0.9373529211936021",
            "False"
        ],
        "C24": [
            "0.9275495375453994",
            "False"
        ],
        "C25": [
            "0.9031554687993163",
            "False"
        ],
        "C26": [
            "0.9220416831991077",
            "False"
        ],
        "C27": [
            "0.9346669217915128",
            "False"
        ],
        "C28": [
            "0.9030175608208095",
            "False"
        ],
        "C29": [
            "0.9146685769723573",
            "False"
        ],
        "C30": [
            "0.9430617065612773",
            "True"
        ],
        "C31": [
            "0.9204510239799315",
            "False"
        ],
        "C32": [
            "0.9422913077651153",
            "False"
        ],
        "C33": [
            "0.931368657121119",
            "False"
        ],
        "C34": [
            "0.9002750385253904",
            "False"
        ],
        "C35": [
            "0.9349704047550002",
            "True"
        ],
        "C36": [
            "0.9437092124162957",
            "False"
        ],
        "C37": [
            "0.9241843834654677",
            "False"
        ],
        "C38": [
            "0.9092490210300747",
            "False"
        ],
        "C39": [
            "0.9034099631990108",
            "False"
        ],
        "C40": [
            "0.9240924212738053",
            "False"
        ],
        "C41": [
            "0.9406816282344383",
            "False"
        ],
        "C42": [
            "0.9377866541448352",
            "False"
        ],
        "C43": [
            "0.9425150034263322",
            "False"
        ],
        "C44": [
            "0.9421470344194423",
            "False"
        ],
        "C45": [
            "0.945287247031994",
            "False"
        ],
        "C46": [
            "0.9324691896411188",
            "False"
        ],
        "C47": [
            "0.9370814869377398",
            "False"
        ],
        "C48": [
            "0.9317284516172756",
            "False"
        ],
        "C49": [
            "0.9070111443121879",
            "False"
        ],
        "C50": [
            "0.9400410083216076",
            "False"
        ],
        "C51": [
            "0.9328452022546181",
            "True"
        ],
        "C52": [
            "0.9382203160251233",
            "False"
        ],
        "C53": [
            "0.9282002531827535",
            "False"
        ],
        "C54": [
            "0.9061460556587521",
            "False"
        ],
        "C55": [
            "0.9134713623560757",
            "False"
        ],
        "C56": [
            "0.9166632971413076",
            "False"
        ],
        "C57": [
            "0.9347308868322124",
            "False"
        ],
        "C58": [
            "0.9162124836007173",
            "False"
        ],
        "C59": [
            "0.9094149750050716",
            "False"
        ],
        "C60": [
            "0.9224097281903091",
            "False"
        ],
        "C61": [
            "0.947349645729886",
            "True"
        ],
        "C62": [
            "0.9247641763803484",
            "False"
        ],
        "C63": [
            "0.9277879697073707",
            "False"
        ],
        "C64": [
            "0.9494814222256259",
            "False"
        ],
        "C65": [
            "0.9242561328597496",
            "False"
        ],
        "C66": [
            "0.9465945394432028",
            "False"
        ],
        "C67": [
            "0.9440596811536339",
            "False"
        ],
        "C68": [
            "0.934034767147811",
            "False"
        ],
        "C69": [
            "0.9285926850247862",
            "False"
        ],
        "C70": [
            "0.9259976349384225",
            "False"
        ],
        "C71": [
            "0.9489447711914192",
            "False"
        ],
        "C72": [
            "0.937314269861241",
            "False"
        ],
        "C73": [
            "0.9287446612926138",
            "False"
        ],
        "C74": [
            "0.9360016695227107",
            "False"
        ],
        "C75": [
            "0.9397319924555598",
            "False"
        ],
        "C76": [
            "0.9390043096679256",
            "True"
        ],
        "C77": [
            "0.9190964844979027",
            "False"
        ],
        "C78": [
            "0.9356414418858017",
            "False"
        ],
        "C79": [
            "0.9267135631930563",
            "False"
        ],
        "C80": [
            "0.9160948193743594",
            "False"
        ],
        "C81": [
            "0.9414582457041233",
            "False"
        ],
        "C82": [
            "0.9478645541598937",
            "False"
        ],
        "C83": [
            "0.9323355624901362",
            "True"
        ],
        "C84": [
            "0.9396403230142013",
            "False"
        ],
        "C85": [
            "0.9017594229499367",
            "False"
        ],
        "C86": [
            "0.9175533180183972",
            "False"
        ],
        "C87": [
            "0.9110367764023705",
            "False"
        ],
        "C88": [
            "0.9188936318530688",
            "False"
        ],
        "C89": [
            "0.9411092361995523",
            "False"
        ],
        "C90": [
            "0.9222449368577783",
            "False"
        ],
        "C91": [
            "0.9460278723416363",
            "False"
        ],
        "C92": [
            "0.9134715065546738",
            "False"
        ],
        "C93": [
            "0.9132268946090376",
            "True"
        ],
        "C94": [
            "0.9281346407320201",
            "False"
        ],
        "C95": [
            "0.9083109840256307",
            "False"
        ],
        "C96": [
            "0.9082136412161143",
            "False"
        ],
        "C97": [
            "0.9023902281596953",
            "False"
        ],
        "C98": [
            "0.9457429545588775",
            "False"
        ],
        "C99": [
            "0.9397887091552334",
            "False"
        ],
        "C100": [
            "0.9440532268717466",
            "False"
        ],
        "C101": [
            "0.94224854519009",
            "False"
        ],
        "C102": [
            "0.9217413182235358",
            "False"
        ],
        "C103": [
            "0.9210100375192106",
            "False"
        ],
        "C104": [
            "0.9389247625601206",
            "True"
        ],
        "C105": [
            "0.9410217866297579",
            "False"
        ],
        "C106": [
            "0.9399760456401524",
            "False"
        ],
        "C107": [
            "0.912635952996057",
            "False"
        ],
        "C108": [
            "0.9475956545681821",
            "False"
        ],
        "C109": [
            "0.9131944620546362",
            "True"
        ],
        "C110": [
            "0.908017353142003",
            "True"
        ],
        "C111": [
            "0.9263449507037352",
            "False"
        ],
        "C112": [
            "0.9422335787691387",
            "False"
        ],
        "C113": [
            "0.9355212991778542",
            "False"
        ],
        "C114": [
            "0.9203539834176325",
            "False"
        ],
        "C115": [
            "0.9257977671962073",
            "False"
        ],
        "C116": [
            "0.9002224729225201",
            "False"
        ],
        "C117": [
            "0.9097840503245161",
            "True"
        ],
        "C118": [
            "0.9096489894586157",
            "False"
        ],
        "C119": [
            "0.9385188031040202",
            "False"
        ],
        "C120": [
            "0.9235725828883183",
            "False"
        ],
        "C121": [
            "0.9265621813716831",
            "False"
        ],
        "C122": [
            "0.9228531124085958",
            "False"
        ],
        "C123": [
            "0.9023816803325413",
            "False"
        ],
        "C124": [
            "0.9226274461996999",
            "False"
        ],
        "C125": [
            "0.9222282288374111",
            "False"
        ],
        "C126": [
            "0.9332374361723539",
            "False"
        ],
        "C127": [
            "0.9269942560199037",
            "False"
        ],
        "C128": [
            "0.948844236176461",
            "False"
        ]
    }
}