{
    "suspect_components": {
        "C0": [
            true,
            [
                "C80",
                "C57",
                "C47",
                "C3",
                "C94"
            ]
        ],
        "C1": [
            false,
            [
                "C35",
                "C92",
                "C18",
                "C81",
                "C94",
                "C14",
                "C29",
                "C48",
                "C84",
                "C40",
                "C64"
            ]
        ],
        "C2": [
            false,
            [
                "C20",
                "C23",
                "C112",
                "C121",
                "C88",
                "C3",
                "C92"
            ]
        ],
        "C3": [
            false,
            [
                "C53"
            ]
        ],
        "C4": [
            false,
            [
                "C30",
                "C68",
                "C22",
                "C6",
                "C91",
                "C23",
                "C74",
                "C26",
                "C32"
            ]
        ],
        "C5": [
            false,
            []
        ],
        "C6": [
            true,
            [
                "C0",
                "C126",
                "C66",
                "C10",
                "C70",
                "C95",
                "C17",
                "C84",
                "C109",
                "C54",
                "C55"
            ]
        ],
        "C7": [
            false,
            [
                "C39",
                "C121",
                "C104",
                "C37",
                "C97",
                "C67",
                "C114",
                "C57",
                "C119",
                "C51",
                "C10",
                "C38"
            ]
        ],
        "C8": [
            false,
            [
                "C94",
                "C45",
                "C52",
                "C12",
                "C96",
                "C13",
                "C93",
                "C105",
                "C50",
                "C11"
            ]
        ],
        "C9": [
            false,
            [
                "C20",
                "C38",
                "C77",
                "C31",
                "C52",
                "C122",
                "C76"
            ]
        ],
        "C10": [
            false,
            [
                "C22",
                "C35",
                "C80",
                "C17",
                "C56",
                "C110",
                "C99",
                "C73",
                "C48"
            ]
        ],
        "C11": [
            false,
            [
                "C76",
                "C53",
                "C109",
                "C89",
                "C49",
                "C21"
            ]
        ],
        "C12": [
            false,
            [
                "C78",
                "C80",
                "C71",
                "C95",
                "C107",
                "C30",
                "C94",
                "C8",
                "C81",
                "C27"
            ]
        ],
        "C13": [
            false,
            [
                "C97",
                "C59",
                "C27",
                "C114"
            ]
        ],
        "C14": [
            false,
            [
                "C122",
                "C105",
                "C58",
                "C61",
                "C11",
                "C32",
                "C50",
                "C2",
                "C71"
            ]
        ],
        "C15": [
            false,
            [
                "C53",
                "C61"
            ]
        ],
        "C16": [
            false,
            [
                "C61",
                "C26",
                "C98"
            ]
        ],
        "C17": [
            false,
            []
        ],
        "C18": [
            false,
            [
                "C37",
                "C83",
                "C6",
                "C39",
                "C126",
                "C4",
                "C66",
                "C1",
                "C79",
                "C62",
                "C111",
                "C97"
            ]
        ],
        "C19": [
            false,
            [
                "C77",
                "C119",
                "C10",
                "C127",
                "C39",
                "C99"
            ]
        ],
        "C20": [
            false,
            []
        ],
        "C21": [
            false,
            [
                "C41",
                "C118",
                "C80",
                "C122",
                "C107",
                "C109",
                "C51",
                "C105",
                "C128",
                "C7",
                "C91"
            ]
        ],
        "C22": [
            false,
            [
                "C124",
                "C49",
                "C14"
            ]
        ],
        "C23": [
            false,
            [
                "C37",
                "C51",
                "C48",
                "C11",
                "C117",
                "C7",
                "C43",
                "C75"
            ]
        ],
        "C24": [
            false,
            [
                "C127",
                "C12",
                "C119",
                "C92",
                "C25",
                "C101",
                "C35"
            ]
        ],
        "C25": [
            false,
            [
                "C0"
            ]
        ],
        "C26": [
            false,
            [
                "C105",
                "C48",
                "C103",
                "C117",
                "C44",
                "C17",
                "C108",
                "C99",
                "C2"
            ]
        ],
        "C27": [
            false,
            []
        ],
        "C28": [
            false,
            [
                "C102",
                "C16",
                "C40",
                "C124",
                "C12",
                "C79"
            ]
        ],
        "C29": [
            false,
            [
                "C41",
                "C94",
                "C43",
                "C68",
                "C96",
                "C82",
                "C128",
                "C5",
                "C108",
                "C19",
                "C115"
            ]
        ],
        "C30": [
            false,
            [
                "C34",
                "C40",
                "C73",
                "C25",
                "C116",
                "C113",
                "C2",
                "C55",
                "C31"
            ]
        ],
        "C31": [
            false,
            []
        ],
        "C32": [
            false,
            [
                "C15",
                "C54",
                "C67",
                "C1",
                "C88",
                "C66",
                "C65",
                "C116"
            ]
        ],
        "C33": [
            false,
            [
                "C11",
                "C69",
                "C63",
                "C49",
                "C65",
                "C106",
                "C81",
                "C96"
            ]
        ],
        "C34": [
            false,
            [
                "C117",
                "C99",
                "C15",
                "C46",
                "C25",
                "C55",
                "C17",
                "C7",
                "C108",
                "C106",
                "C76"
            ]
        ],
        "C35": [
            false,
            []
        ],
        "C36": [
            false,
            [
                "C121",
                "C77",
                "C56",
                "C6",
                "C127"
            ]
        ],
        "C37": [
            false,
            [
                "C2",
                "C54",
                "C113",
                "C44",
                "C85",
                "C61",
                "C112",
                "C27",
                "C32",
                "C107",
                "C127"
            ]
        ],
        "C38": [
            false,
            []
        ],
        "C39": [
            false,
            [
                "C20",
                "C85",
                "C81",
                "C124"
            ]
        ],
        "C40": [
            true,
            [
                "C25",
                "C60",
                "C112",
                "C51",
                "C19",
                "C72",
                "C42",
                "C30"
            ]
        ],
        "C41": [
            true,
            [
                "C86",
                "C99",
                "C35",
                "C69",
                "C123",
                "C70",
                "C64"
            ]
        ],
        "C42": [
            true,
            [
                "C50",
                "C28",
                "C127"
            ]
        ],
        "C43": [
            false,
            [
                "C40",
                "C115",
                "C57",
                "C9",
                "C90",
                "C122",
                "C104",
                "C111"
            ]
        ],
        "C44": [
            false,
            [
                "C8",
                "C79"
            ]
        ],
        "C45": [
            false,
            []
        ],
        "C46": [
            true,
            [
                "C70",
                "C102",
                "C64",
                "C3",
                "C29",
                "C85",
                "C113"
            ]
        ],
        "C47": [
            false,
            [
                "C75",
                "C104",
                "C98",
                "C35",
                "C29",
                "C124",
                "C81"
            ]
        ],
        "C48": [
            false,
            [
                "C87",
                "C32",
                "C80",
                "C76",
                "C38",
                "C67"
            ]
        ],
        "C49": [
            false,
            [
                "C108",
                "C102",
                "C116",
                "C44",
                "C45"
            ]
        ],
        "C50": [
            false,
            [
                "C14",
                "C118",
                "C41",
                "C34",
                "C107",
                "C120",
                "C69",
                "C11",
                "C110"
            ]
        ],
        "C51": [
            false,
            [
                "C6",
                "C25",
                "C80",
                "C66",
                "C26",
                "C58",
                "C41",
                "C112",
                "C59",
                "C104"
            ]
        ],
        "C52": [
            false,
            [
                "C55",
                "C60",
                "C34",
                "C51",
                "C99",
                "C35",
                "C39",
                "C91",
                "C64",
                "C108"
            ]
        ],
        "C53": [
            false,
            [
                "C128",
                "C107",
                "C47",
                "C105",
                "C110",
                "C22",
                "C15",
                "C58",
                "C92",
                "C102"
            ]
        ],
        "C54": [
            false,
            [
                "C127",
                "C68",
                "C13",
                "C79",
                "C51"
            ]
        ],
        "C55": [
            false,
            [
                "C20",
                "C78",
                "C41",
                "C105",
                "C37",
                "C123",
                "C59"
            ]
        ],
        "C56": [
            false,
            [
                "C93",
                "C1",
                "C102",
                "C8",
                "C13",
                "C19",
                "C38",
                "C109",
                "C105",
                "C73"
            ]
        ],
        "C57": [
            false,
            [
                "C9",
                "C111",
                "C19",
                "C72",
                "C21",
                "C1"
            ]
        ],
        "C58": [
            false,
            []
        ],
        "C59": [
            false,
            [
                "C27",
                "C110",
                "C100",
                "C91",
                "C82",
                "C79",
                "C86",
                "C63",
                "C9"
            ]
        ],
        "C60": [
            false,
            []
        ],
        "C61": [
            false,
            [
                "C121"
            ]
        ],
        "C62": [
            false,
            [
                "C68",
                "C102",
                "C33",
                "C125",
                "C76",
                "C40",
                "C1",
                "C80"
            ]
        ],
        "C63": [
            false,
            [
                "C33",
                "C87"
            ]
        ],
        "C64": [
            false,
            [
                "C117",
                "C50",
                "C14",
                "C127",
                "C40",
                "C27",
                "C105",
                "C101",
                "C95",
                "C102"
            ]
        ],
        "C65": [
            false,
            [
                "C27",
                "C11",
                "C114",
                "C15",
                "C103",
                "C16",
                "C30",
                "C126",
                "C23"
            ]
        ],
        "C66": [
            false,
            [
                "C64",
                "C0",
                "C37"
            ]
        ],
        "C67": [
            false,
            [
                "C8",
                "C5",
                "C104",
                "C69",
                "C45"
            ]
        ],
        "C68": [
            false,
            [
                "C117",
                "C107"
            ]
        ],
        "C69": [
            false,
            [
                "C65",
                "C62",
                "C79",
                "C78",
                "C105",
                "C86",
                "C35",
                "C110",
                "C91",
                "C15",
                "C81",
                "C49"
            ]
        ],
        "C70": [
            false,
            [
                "C127",
                "C125",
                "C67",
                "C20"
            ]
        ],
        "C71": [
            false,
            [
                "C105"
            ]
        ],
        "C72": [
            true,
            []
        ],
        "C73": [
            false,
            [
                "C95",
                "C90"
            ]
        ],
        "C74": [
            false,
            [
                "C127",
                "C87",
                "C91"
            ]
        ],
        "C75": [
            false,
            [
                "C126",
                "C81",
                "C47",
                "C15",
                "C66",
                "C17",
                "C88",
                "C82",
                "C41"
            ]
        ],
        "C76": [
            false,
            [
                "C42",
                "C58",
                "C12",
                "C25",
                "C102",
                "C70",
                "C59",
                "C5",
                "C63",
                "C34",
                "C126",
                "C117"
            ]
        ],
        "C77": [
            false,
            [
                "C71",
                "C75",
                "C73",
                "C58",
                "C37",
                "C79",
                "C88",
                "C116",
                "C109",
                "C127",
                "C72"
            ]
        ],
        "C78": [
            true,
            [
                "C13",
                "C75",
                "C120",
                "C116",
                "C33",
                "C67",
                "C100",
                "C70",
                "C123",
                "C38",
                "C54"
            ]
        ],
        "C79": [
            false,
            [
                "C75",
                "C26",
                "C2",
                "C104",
                "C115",
                "C19",
                "C5",
                "C8",
                "C113",
                "C74"
            ]
        ],
        "C80": [
            false,
            [
                "C44",
                "C42",
                "C63",
                "C16"
            ]
        ],
        "C81": [
            false,
            [
                "C66",
                "C33",
                "C31",
                "C32",
                "C128",
                "C108"
            ]
        ],
        "C82": [
            false,
            [
                "C89",
                "C120",
                "C12",
                "C46",
                "C72"
            ]
        ],
        "C83": [
            true,
            [
                "C18",
                "C0",
                "C87",
                "C93",
                "C120",
                "C22",
                "C92",
                "C66"
            ]
        ],
        "C84": [
            false,
            [
                "C67",
                "C89",
                "C96"
            ]
        ],
        "C85": [
            false,
            [
                "C29",
                "C37",
                "C57",
                "C73",
                "C52"
            ]
        ],
        "C86": [
            false,
            [
                "C70",
                "C14",
                "C119",
                "C6"
            ]
        ],
        "C87": [
            false,
            [
                "C5",
                "C106",
                "C55",
                "C18",
                "C61",
                "C84",
                "C74",
                "C82"
            ]
        ],
        "C88": [
            false,
            [
                "C68",
                "C83",
                "C5",
                "C120",
                "C53",
                "C31",
                "C39"
            ]
        ],
        "C89": [
            false,
            [
                "C41",
                "C18",
                "C25",
                "C46",
                "C100",
                "C78",
                "C38",
                "C24"
            ]
        ],
        "C90": [
            false,
            [
                "C20",
                "C81",
                "C65",
                "C67",
                "C126",
                "C55",
                "C118",
                "C116",
                "C13",
                "C124"
            ]
        ],
        "C91": [
            false,
            []
        ],
        "C92": [
            false,
            [
                "C7",
                "C113",
                "C6",
                "C94",
                "C5"
            ]
        ],
        "C93": [
            false,
            [
                "C102",
                "C33",
                "C98",
                "C55",
                "C47",
                "C113",
                "C103",
                "C45",
                "C65",
                "C51"
            ]
        ],
        "C94": [
            false,
            [
                "C109",
                "C85"
            ]
        ],
        "C95": [
            false,
            [
                "C39",
                "C0",
                "C126",
                "C13",
                "C65",
                "C125",
                "C10"
            ]
        ],
        "C96": [
            false,
            [
                "C61",
                "C112",
                "C127",
                "C126",
                "C84",
                "C41",
                "C48"
            ]
        ],
        "C97": [
            true,
            [
                "C111",
                "C49",
                "C99",
                "C27",
                "C76",
                "C92",
                "C70",
                "C68",
                "C57"
            ]
        ],
        "C98": [
            false,
            [
                "C92",
                "C115",
                "C39",
                "C42",
                "C102",
                "C37",
                "C4",
                "C25"
            ]
        ],
        "C99": [
            false,
            [
                "C90",
                "C26",
                "C80",
                "C42",
                "C123",
                "C72"
            ]
        ],
        "C100": [
            false,
            [
                "C126",
                "C25",
                "C92",
                "C84",
                "C57",
                "C49",
                "C52"
            ]
        ],
        "C101": [
            false,
            [
                "C114"
            ]
        ],
        "C102": [
            false,
            [
                "C58",
                "C18",
                "C54",
                "C76",
                "C126",
                "C84",
                "C98",
                "C16",
                "C108"
            ]
        ],
        "C103": [
            false,
            [
                "C24",
                "C118",
                "C97",
                "C92",
                "C12",
                "C36",
                "C28",
                "C5",
                "C11",
                "C43",
                "C127"
            ]
        ],
        "C104": [
            false,
            [
                "C108",
                "C78",
                "C91",
                "C118",
                "C14",
                "C1",
                "C89",
                "C30"
            ]
        ],
        "C105": [
            false,
            [
                "C32",
                "C83",
                "C58",
                "C13",
                "C107",
                "C49",
                "C24",
                "C0",
                "C84",
                "C55"
            ]
        ],
        "C106": [
            false,
            [
                "C98",
                "C53",
                "C43",
                "C119",
                "C42",
                "C127",
                "C73"
            ]
        ],
        "C107": [
            false,
            [
                "C98",
                "C47",
                "C45",
                "C101",
                "C121",
                "C81",
                "C49",
                "C22",
                "C19",
                "C89"
            ]
        ],
        "C108": [
            false,
            [
                "C66",
                "C52"
            ]
        ],
        "C109": [
            false,
            [
                "C125",
                "C34",
                "C6",
                "C113",
                "C83",
                "C114",
                "C49",
                "C24"
            ]
        ],
        "C110": [
            false,
            [
                "C76",
                "C64",
                "C68",
                "C29"
            ]
        ],
        "C111": [
            false,
            [
                "C96",
                "C69",
                "C80",
                "C98",
                "C45",
                "C67",
                "C51",
                "C71",
                "C1"
            ]
        ],
        "C112": [
            false,
            [
                "C36",
                "C126",
                "C114",
                "C19",
                "C90",
                "C115",
                "C58",
                "C105",
                "C84"
            ]
        ],
        "C113": [
            true,
            []
        ],
        "C114": [
            false,
            [
                "C113",
                "C15",
                "C82",
                "C28",
                "C39",
                "C89",
                "C22",
                "C30",
                "C7",
                "C49"
            ]
        ],
        "C115": [
            false,
            [
                "C111"
            ]
        ],
        "C116": [
            false,
            [
                "C33",
                "C4",
                "C122",
                "C90",
                "C26",
                "C70",
                "C71"
            ]
        ],
        "C117": [
            false,
            [
                "C95",
                "C106",
                "C109",
                "C19",
                "C104",
                "C103",
                "C96",
                "C2",
                "C23",
                "C85",
                "C13"
            ]
        ],
        "C118": [
            false,
            [
                "C69",
                "C60",
                "C0",
                "C20",
                "C47",
                "C100",
                "C95",
                "C87",
                "C116",
                "C96",
                "C77"
            ]
        ],
        "C119": [
            false,
            [
                "C94",
                "C107",
                "C101",
                "C92",
                "C117",
                "C49",
                "C35"
            ]
        ],
        "C120": [
            false,
            [
                "C122",
                "C77",
                "C21",
                "C15",
                "C86",
                "C0",
                "C110",
                "C83",
                "C5"
            ]
        ],
        "C121": [
            false,
            [
                "C38",
                "C61",
                "C62",
                "C13",
                "C76",
                "C109",
                "C47",
                "C30",
                "C79",
                "C124",
                "C5",
                "C107"
            ]
        ],
        "C122": [
            false,
            [
                "C96"
            ]
        ],
        "C123": [
            false,
            [
                "C56",
                "C118",
                "C3",
                "C82",
                "C52"
            ]
        ],
        "C124": [
            true,
            [
                "C75",
                "C42",
                "C0",
                "C125",
                "C17",
                "C106",
                "C38",
                "C51",
                "C15",
                "C96",
                "C28",
                "C90"
            ]
        ],
        "C125": [
            false,
            []
        ],
        "C126": [
            false,
            [
                "C28",
                "C12",
                "C110",
                "C101",
                "C31",
                "C13",
                "C56"
            ]
        ],
        "C127": [
            false,
            [
                "C117",
                "C14",
                "C84",
                "C15",
                "C68",
                "C30"
            ]
        ],
        "C128": [
            true,
            [
                "C117"
            ]
        ]
    },
    "ground_truth_fault_paths": [
        [
            "C0",
            "C124"
        ],
        [
            "C0",
            "C83"
        ],
        [
            "C0",
            "C6"
        ],
        [
            "C42",
            "C124"
        ],
        [
            "C42",
            "C40"
        ],
        [
            "C113",
            "C46"
        ],
        [
            "C72",
            "C40"
        ],
        [
            "C41"
        ],
        [
            "C78"
        ],
        [
            "C97"
        ],
        [
            "C128"
        ]
    ],
    "error_codes": {
        "E0": [
            "FC0",
            [
                "C124",
                "C120",
                "C113",
                "C110",
                "C51",
                "C26",
                "C72",
                "C105",
                "C8",
                "C99",
                "C12",
                "C118"
            ]
        ],
        "E1": [
            "FC1",
            [
                "C83",
                "C107",
                "C17",
                "C38",
                "C56",
                "C4"
            ]
        ],
        "E2": [
            "FC2",
            [
                "C6",
                "C125",
                "C79",
                "C120",
                "C115",
                "C39",
                "C65",
                "C55",
                "C116",
                "C89"
            ]
        ],
        "E3": [
            "FC3",
            [
                "C124",
                "C103",
                "C100",
                "C110",
                "C45",
                "C114",
                "C64",
                "C128",
                "C47",
                "C59",
                "C3"
            ]
        ],
        "E4": [
            "FC4",
            [
                "C40",
                "C112"
            ]
        ],
        "E5": [
            "FC5",
            [
                "C46",
                "C83",
                "C65"
            ]
        ],
        "E6": [
            "FC6",
            [
                "C40",
                "C85",
                "C90",
                "C4",
                "C29",
                "C49",
                "C55",
                "C98",
                "C115"
            ]
        ],
        "E7": [
            "FC7",
            [
                "C41",
                "C22",
                "C16",
                "C83"
            ]
        ],
        "E8": [
            "FC8",
            [
                "C78",
                "C114",
                "C16",
                "C70",
                "C4",
                "C40",
                "C46",
                "C75"
            ]
        ],
        "E9": [
            "FC9",
            [
                "C97",
                "C78",
                "C30",
                "C61",
                "C115",
                "C20",
                "C107",
                "C83"
            ]
        ],
        "E10": [
            "FC10",
            [
                "C128",
                "C71"
            ]
        ]
    },
    "sim_accuracies": {
        "C0": [
            "0.9335053938030731",
            "True"
        ],
        "C1": [
            "0.9083835287630224",
            "False"
        ],
        "C2": [
            "0.9405120766843182",
            "False"
        ],
        "C3": [
            "0.9108307926582778",
            "False"
        ],
        "C4": [
            "0.9052916405251995",
            "False"
        ],
        "C5": [
            "0.9453159274794383",
            "False"
        ],
        "C6": [
            "0.9204156583691708",
            "True"
        ],
        "C7": [
            "0.9117904914428232",
            "False"
        ],
        "C8": [
            "0.9491696296403871",
            "False"
        ],
        "C9": [
            "0.904289630352075",
            "False"
        ],
        "C10": [
            "0.9111355770819493",
            "False"
        ],
        "C11": [
            "0.9440993326357237",
            "False"
        ],
        "C12": [
            "0.9414839255106646",
            "False"
        ],
        "C13": [
            "0.903136733682669",
            "False"
        ],
        "C14": [
            "0.9053104037466114",
            "False"
        ],
        "C15": [
            "0.9363562856147292",
            "False"
        ],
        "C16": [
            "0.935458137557398",
            "False"
        ],
        "C17": [
            "0.9190603624310899",
            "False"
        ],
        "C18": [
            "0.9290107379866127",
            "False"
        ],
        "C19": [
            "0.9011716570803274",
            "False"
        ],
        "C20": [
            "0.9137884124751032",
            "False"
        ],
        "C21": [
            "0.9220048969962229",
            "False"
        ],
        "C22": [
            "0.9024079480409115",
            "False"
        ],
        "C23": [
            "0.9216104431948288",
            "False"
        ],
        "C24": [
            "0.9152637933497958",
            "False"
        ],
        "C25": [
            "0.9299212568483202",
            "False"
        ],
        "C26": [
            "0.9029991610981477",
            "False"
        ],
        "C27": [
            "0.9173558345743842",
            "False"
        ],
        "C28": [
            "0.9402705004611354",
            "False"
        ],
        "C29": [
            "0.9032455073031074",
            "False"
        ],
        "C30": [
            "0.9049120577442825",
            "False"
        ],
        "C31": [
            "0.9380292457426856",
            "False"
        ],
        "C32": [
            "0.9308113646712002",
            "False"
        ],
        "C33": [
            "0.9453892529590852",
            "False"
        ],
        "C34": [
            "0.9247256918101477",
            "False"
        ],
        "C35": [
            "0.9282316650772964",
            "False"
        ],
        "C36": [
            "0.9046561703084626",
            "False"
        ],
        "C37": [
            "0.9432686622080665",
            "False"
        ],
        "C38": [
            "0.931298680594947",
            "False"
        ],
        "C39": [
            "0.9036322279357352",
            "False"
        ],
        "C40": [
            "0.9488699282279922",
            "True"
        ],
        "C41": [
            "0.9080267125494834",
            "True"
        ],
        "C42": [
            "0.939480321795436",
            "True"
        ],
        "C43": [
            "0.9267452506708077",
            "False"
        ],
        "C44": [
            "0.9027173593718963",
            "False"
        ],
        "C45": [
            "0.9311815449969965",
            "False"
        ],
        "C46": [
            "0.942194512484023",
            "True"
        ],
        "C47": [
            "0.9212976023395414",
            "False"
        ],
        "C48": [
            "0.9339078188128696",
            "False"
        ],
        "C49": [
            "0.9320246042395928",
            "False"
        ],
        "C50": [
            "0.9413432549395313",
            "False"
        ],
        "C51": [
            "0.9261318110200073",
            "False"
        ],
        "C52": [
            "0.9446269526933722",
            "False"
        ],
        "C53": [
            "0.941629706059211",
            "False"
        ],
        "C54": [
            "0.9154150351360943",
            "False"
        ],
        "C55": [
            "0.9040360124516857",
            "False"
        ],
        "C56": [
            "0.9448239939803951",
            "False"
        ],
        "C57": [
            "0.9213320467140849",
            "False"
        ],
        "C58": [
            "0.9361257360833657",
            "False"
        ],
        "C59": [
            "0.9048008546616236",
            "False"
        ],
        "C60": [
            "0.9238453662988693",
            "False"
        ],
        "C61": [
            "0.9233298088181153",
            "False"
        ],
        "C62": [
            "0.9076056178045495",
            "False"
        ],
        "C63": [
            "0.9304660690122493",
            "False"
        ],
        "C64": [
            "0.9081596121081521",
            "False"
        ],
        "C65": [
            "0.9000979317014025",
            "False"
        ],
        "C66": [
            "0.9444288044666614",
            "False"
        ],
        "C67": [
            "0.9234394852258835",
            "False"
        ],
        "C68": [
            "0.9278559982661422",
            "False"
        ],
        "C69": [
            "0.9014899564319425",
            "False"
        ],
        "C70": [
            "0.9370189687307471",
            "False"
        ],
        "C71": [
            "0.9372018638918764",
            "False"
        ],
        "C72": [
            "0.9172319716045153",
            "True"
        ],
        "C73": [
            "0.9076788538247833",
            "False"
        ],
        "C74": [
            "0.9499464693212292",
            "False"
        ],
        "C75": [
            "0.9005824581738358",
            "False"
        ],
        "C76": [
            "0.9311538080303122",
            "False"
        ],
        "C77": [
            "0.9239809820370851",
            "False"
        ],
        "C78": [
            "0.9355844336316604",
            "True"
        ],
        "C79": [
            "0.9294704332854485",
            "False"
        ],
        "C80": [
            "0.935111534343026",
            "False"
        ],
        "C81": [
            "0.9350832423136244",
            "False"
        ],
        "C82": [
            "0.908831976087716",
            "False"
        ],
        "C83": [
            "0.9499232593949",
            "True"
        ],
        "C84": [
            "0.9016740900391611",
            "False"
        ],
        "C85": [
            "0.9029359918822706",
            "False"
        ],
        "C86": [
            "0.9041756422689186",
            "False"
        ],
        "C87": [
            "0.9032250034609491",
            "False"
        ],
        "C88": [
            "0.939318845242234",
            "False"
        ],
        "C89": [
            "0.9432423324933745",
            "False"
        ],
        "C90": [
            "0.9046181997088057",
            "False"
        ],
        "C91": [
            "0.9173774557521488",
            "False"
        ],
        "C92": [
            "0.9279192997548212",
            "False"
        ],
        "C93": [
            "0.9217601903446292",
            "False"
        ],
        "C94": [
            "0.9386587877394001",
            "False"
        ],
        "C95": [
            "0.934312978874935",
            "False"
        ],
        "C96": [
            "0.930538642892148",
            "False"
        ],
        "C97": [
            "0.9316833864636358",
            "True"
        ],
        "C98": [
            "0.9234123138410393",
            "False"
        ],
        "C99": [
            "0.9131984187831238",
            "False"
        ],
        "C100": [
            "0.947984975241326",
            "False"
        ],
        "C101": [
            "0.9305010729545655",
            "False"
        ],
        "C102": [
            "0.929489798458392",
            "False"
        ],
        "C103": [
            "0.942140407616733",
            "False"
        ],
        "C104": [
            "0.9431922519602086",
            "False"
        ],
        "C105": [
            "0.9466101829751835",
            "False"
        ],
        "C106": [
            "0.9090574856830405",
            "False"
        ],
        "C107": [
            "0.9181448396575761",
            "False"
        ],
        "C108": [
            "0.9299541855501342",
            "False"
        ],
        "C109": [
            "0.901894936741423",
            "False"
        ],
        "C110": [
            "0.9005011152983776",
            "False"
        ],
        "C111": [
            "0.9430439575989552",
            "False"
        ],
        "C112": [
            "0.9404904676241858",
            "False"
        ],
        "C113": [
            "0.911620270912443",
            "True"
        ],
        "C114": [
            "0.9131178736434372",
            "False"
        ],
        "C115": [
            "0.9311381715666729",
            "False"
        ],
        "C116": [
            "0.9066946517613942",
            "False"
        ],
        "C117": [
            "0.9072461528491478",
            "False"
        ],
        "C118": [
            "0.945967211109368",
            "False"
        ],
        "C119": [
            "0.9243163495128447",
            "False"
        ],
        "C120": [
            "0.9379895580833685",
            "False"
        ],
        "C121": [
            "0.902743253682369",
            "False"
        ],
        "C122": [
            "0.9163686925833133",
            "False"
        ],
        "C123": [
            "0.9152971948870771",
            "False"
        ],
        "C124": [
            "0.9339496620615664",
            "True"
        ],
        "C125": [
            "0.9211322164185919",
            "False"
        ],
        "C126": [
            "0.9086151693890945",
            "False"
        ],
        "C127": [
            "0.930850068725169",
            "False"
        ],
        "C128": [
            "0.9371768505723812",
            "True"
        ]
    }
}