{
    "suspect_components": {
        "C0": [
            false,
            []
        ],
        "C1": [
            false,
            [
                "C118"
            ]
        ],
        "C2": [
            false,
            [
                "C11",
                "C79"
            ]
        ],
        "C3": [
            false,
            [
                "C1",
                "C60",
                "C12",
                "C38"
            ]
        ],
        "C4": [
            false,
            []
        ],
        "C5": [
            false,
            [
                "C90",
                "C72",
                "C35",
                "C28",
                "C79"
            ]
        ],
        "C6": [
            false,
            [
                "C2"
            ]
        ],
        "C7": [
            false,
            [
                "C120",
                "C65",
                "C57",
                "C49",
                "C34",
                "C14"
            ]
        ],
        "C8": [
            false,
            [
                "C31",
                "C2",
                "C4"
            ]
        ],
        "C9": [
            false,
            [
                "C100",
                "C83",
                "C39",
                "C49",
                "C16",
                "C24",
                "C58",
                "C41",
                "C63",
                "C3",
                "C72"
            ]
        ],
        "C10": [
            false,
            [
                "C42",
                "C78",
                "C18",
                "C71",
                "C26",
                "C115",
                "C28",
                "C126",
                "C47",
                "C51",
                "C61"
            ]
        ],
        "C11": [
            false,
            [
                "C57",
                "C33",
                "C94",
                "C51",
                "C26",
                "C100",
                "C24",
                "C42",
                "C4",
                "C49"
            ]
        ],
        "C12": [
            false,
            [
                "C92",
                "C70",
                "C29",
                "C14",
                "C117",
                "C91"
            ]
        ],
        "C13": [
            false,
            [
                "C21",
                "C16"
            ]
        ],
        "C14": [
            false,
            [
                "C110",
                "C37",
                "C103",
                "C29",
                "C28",
                "C123",
                "C22",
                "C56",
                "C35",
                "C42"
            ]
        ],
        "C15": [
            false,
            [
                "C49",
                "C51",
                "C20",
                "C109",
                "C128",
                "C93",
                "C30",
                "C102",
                "C37",
                "C119",
                "C25"
            ]
        ],
        "C16": [
            false,
            [
                "C77",
                "C34",
                "C122",
                "C104",
                "C80"
            ]
        ],
        "C17": [
            false,
            [
                "C100"
            ]
        ],
        "C18": [
            false,
            [
                "C10",
                "C54",
                "C91",
                "C7",
                "C14",
                "C102",
                "C121",
                "C78",
                "C76",
                "C111",
                "C34",
                "C94"
            ]
        ],
        "C19": [
            false,
            [
                "C83",
                "C48",
                "C34",
                "C8",
                "C55",
                "C71"
            ]
        ],
        "C20": [
            false,
            [
                "C87",
                "C68",
                "C4"
            ]
        ],
        "C21": [
            false,
            [
                "C112",
                "C69",
                "C60",
                "C72",
                "C77",
                "C22",
                "C117",
                "C3",
                "C12"
            ]
        ],
        "C22": [
            false,
            [
                "C17",
                "C47",
                "C5",
                "C115",
                "C26",
                "C64",
                "C19"
            ]
        ],
        "C23": [
            false,
            [
                "C38",
                "C52",
                "C106",
                "C10",
                "C67",
                "C39",
                "C14",
                "C17",
                "C13",
                "C5",
                "C82",
                "C77"
            ]
        ],
        "C24": [
            false,
            [
                "C60",
                "C78",
                "C15",
                "C97",
                "C22",
                "C111",
                "C77"
            ]
        ],
        "C25": [
            false,
            [
                "C28",
                "C128",
                "C117",
                "C70",
                "C57",
                "C26",
                "C80",
                "C120"
            ]
        ],
        "C26": [
            false,
            [
                "C40",
                "C51",
                "C91",
                "C35",
                "C21",
                "C50",
                "C45"
            ]
        ],
        "C27": [
            false,
            [
                "C17",
                "C9",
                "C103",
                "C102",
                "C77",
                "C121",
                "C85",
                "C62",
                "C115"
            ]
        ],
        "C28": [
            false,
            [
                "C120",
                "C88",
                "C116",
                "C48",
                "C14",
                "C92",
                "C99"
            ]
        ],
        "C29": [
            false,
            [
                "C36",
                "C19",
                "C2",
                "C64",
                "C123",
                "C122",
                "C26",
                "C109",
                "C124",
                "C42",
                "C104",
                "C58"
            ]
        ],
        "C30": [
            false,
            [
                "C35",
                "C76",
                "C41"
            ]
        ],
        "C31": [
            false,
            [
                "C33",
                "C30",
                "C8",
                "C85",
                "C100",
                "C49",
                "C12"
            ]
        ],
        "C32": [
            false,
            [
                "C101",
                "C9",
                "C25",
                "C88",
                "C89",
                "C92",
                "C8",
                "C22"
            ]
        ],
        "C33": [
            false,
            [
                "C82",
                "C54",
                "C80",
                "C53",
                "C28"
            ]
        ],
        "C34": [
            false,
            [
                "C49",
                "C77",
                "C96",
                "C78",
                "C125",
                "C103",
                "C62",
                "C70",
                "C31",
                "C113"
            ]
        ],
        "C35": [
            false,
            [
                "C27",
                "C18"
            ]
        ],
        "C36": [
            false,
            [
                "C113",
                "C46",
                "C1",
                "C3",
                "C111"
            ]
        ],
        "C37": [
            false,
            [
                "C115",
                "C41",
                "C101",
                "C64",
                "C31",
                "C66",
                "C30",
                "C117"
            ]
        ],
        "C38": [
            false,
            [
                "C78",
                "C55",
                "C111",
                "C44",
                "C115",
                "C21",
                "C18",
                "C60",
                "C121",
                "C26",
                "C76"
            ]
        ],
        "C39": [
            false,
            [
                "C22",
                "C51",
                "C36",
                "C47",
                "C117"
            ]
        ],
        "C40": [
            false,
            [
                "C128",
                "C80",
                "C72",
                "C18",
                "C103",
                "C16",
                "C43",
                "C17",
                "C85"
            ]
        ],
        "C41": [
            true,
            [
                "C105",
                "C27",
                "C11",
                "C85",
                "C25",
                "C21",
                "C113",
                "C108",
                "C71",
                "C102"
            ]
        ],
        "C42": [
            false,
            [
                "C30",
                "C21",
                "C106",
                "C19",
                "C75",
                "C9",
                "C12"
            ]
        ],
        "C43": [
            false,
            [
                "C81",
                "C97",
                "C23",
                "C86"
            ]
        ],
        "C44": [
            false,
            [
                "C76",
                "C58",
                "C100",
                "C116",
                "C28",
                "C84",
                "C34"
            ]
        ],
        "C45": [
            false,
            [
                "C52",
                "C38",
                "C109",
                "C72",
                "C40",
                "C110",
                "C39",
                "C46"
            ]
        ],
        "C46": [
            false,
            [
                "C106",
                "C76",
                "C1",
                "C8",
                "C17",
                "C66"
            ]
        ],
        "C47": [
            false,
            [
                "C122"
            ]
        ],
        "C48": [
            false,
            [
                "C44",
                "C89",
                "C110",
                "C49",
                "C39",
                "C0"
            ]
        ],
        "C49": [
            false,
            [
                "C4"
            ]
        ],
        "C50": [
            false,
            [
                "C11"
            ]
        ],
        "C51": [
            false,
            [
                "C70",
                "C84",
                "C97",
                "C125",
                "C99",
                "C92",
                "C39",
                "C101",
                "C103"
            ]
        ],
        "C52": [
            false,
            [
                "C27",
                "C69",
                "C100",
                "C48",
                "C112",
                "C111",
                "C78"
            ]
        ],
        "C53": [
            false,
            [
                "C124",
                "C72",
                "C66",
                "C31",
                "C33"
            ]
        ],
        "C54": [
            false,
            [
                "C88",
                "C28",
                "C117",
                "C56",
                "C2",
                "C123",
                "C20",
                "C126",
                "C91",
                "C57",
                "C89"
            ]
        ],
        "C55": [
            false,
            [
                "C100",
                "C62",
                "C52",
                "C2",
                "C10",
                "C3",
                "C47",
                "C98",
                "C92",
                "C8"
            ]
        ],
        "C56": [
            false,
            [
                "C9"
            ]
        ],
        "C57": [
            false,
            [
                "C14",
                "C82",
                "C80",
                "C106",
                "C56",
                "C91",
                "C90",
                "C48",
                "C115"
            ]
        ],
        "C58": [
            false,
            [
                "C46",
                "C24",
                "C72",
                "C116",
                "C115",
                "C4",
                "C7",
                "C34",
                "C104",
                "C54"
            ]
        ],
        "C59": [
            true,
            [
                "C3",
                "C5",
                "C0",
                "C52",
                "C104",
                "C109",
                "C64",
                "C118",
                "C68"
            ]
        ],
        "C60": [
            false,
            [
                "C43",
                "C19",
                "C35",
                "C37",
                "C125",
                "C118"
            ]
        ],
        "C61": [
            false,
            [
                "C80",
                "C53",
                "C10",
                "C29",
                "C124",
                "C121"
            ]
        ],
        "C62": [
            false,
            []
        ],
        "C63": [
            false,
            []
        ],
        "C64": [
            true,
            [
                "C59",
                "C68",
                "C92",
                "C120",
                "C70",
                "C111",
                "C81",
                "C43",
                "C62",
                "C40"
            ]
        ],
        "C65": [
            false,
            []
        ],
        "C66": [
            false,
            [
                "C8",
                "C45",
                "C89",
                "C111",
                "C30",
                "C57",
                "C56",
                "C50"
            ]
        ],
        "C67": [
            true,
            [
                "C98",
                "C94",
                "C123"
            ]
        ],
        "C68": [
            false,
            [
                "C19",
                "C10",
                "C70",
                "C7",
                "C87",
                "C122"
            ]
        ],
        "C69": [
            false,
            [
                "C87"
            ]
        ],
        "C70": [
            false,
            [
                "C31",
                "C56",
                "C34",
                "C50",
                "C77",
                "C19",
                "C108",
                "C111",
                "C114",
                "C69"
            ]
        ],
        "C71": [
            false,
            [
                "C65",
                "C83"
            ]
        ],
        "C72": [
            true,
            [
                "C15",
                "C80",
                "C101",
                "C74",
                "C16",
                "C110",
                "C14",
                "C92",
                "C112"
            ]
        ],
        "C73": [
            true,
            [
                "C76"
            ]
        ],
        "C74": [
            false,
            [
                "C121",
                "C66",
                "C48"
            ]
        ],
        "C75": [
            false,
            [
                "C39",
                "C84"
            ]
        ],
        "C76": [
            false,
            [
                "C87",
                "C58",
                "C0",
                "C1"
            ]
        ],
        "C77": [
            true,
            [
                "C105",
                "C97",
                "C103",
                "C124",
                "C3",
                "C76"
            ]
        ],
        "C78": [
            false,
            []
        ],
        "C79": [
            false,
            [
                "C116",
                "C22",
                "C108",
                "C103",
                "C38"
            ]
        ],
        "C80": [
            false,
            [
                "C109",
                "C88",
                "C86",
                "C23",
                "C125",
                "C42",
                "C82",
                "C34",
                "C8",
                "C47"
            ]
        ],
        "C81": [
            true,
            [
                "C98",
                "C109",
                "C26"
            ]
        ],
        "C82": [
            false,
            [
                "C25",
                "C45",
                "C36",
                "C111",
                "C104",
                "C44",
                "C108",
                "C66",
                "C49"
            ]
        ],
        "C83": [
            true,
            [
                "C12",
                "C43",
                "C53",
                "C124",
                "C32",
                "C23",
                "C120",
                "C22",
                "C44",
                "C115",
                "C61"
            ]
        ],
        "C84": [
            false,
            [
                "C99",
                "C66",
                "C118"
            ]
        ],
        "C85": [
            false,
            [
                "C38",
                "C59"
            ]
        ],
        "C86": [
            false,
            [
                "C50",
                "C57",
                "C40",
                "C33",
                "C52"
            ]
        ],
        "C87": [
            false,
            [
                "C82",
                "C48",
                "C121",
                "C103"
            ]
        ],
        "C88": [
            false,
            []
        ],
        "C89": [
            false,
            [
                "C35",
                "C27",
                "C65"
            ]
        ],
        "C90": [
            false,
            [
                "C12",
                "C37",
                "C71",
                "C38",
                "C52",
                "C81",
                "C47",
                "C128"
            ]
        ],
        "C91": [
            false,
            [
                "C97",
                "C98",
                "C81",
                "C94",
                "C27",
                "C52",
                "C37",
                "C69",
                "C58"
            ]
        ],
        "C92": [
            false,
            [
                "C99",
                "C86",
                "C126"
            ]
        ],
        "C93": [
            false,
            [
                "C101"
            ]
        ],
        "C94": [
            false,
            [
                "C122",
                "C54",
                "C9",
                "C60",
                "C43",
                "C124",
                "C58",
                "C63",
                "C21",
                "C118",
                "C72"
            ]
        ],
        "C95": [
            true,
            [
                "C20",
                "C46",
                "C101",
                "C4",
                "C76",
                "C87",
                "C26",
                "C56",
                "C24",
                "C63",
                "C11"
            ]
        ],
        "C96": [
            false,
            [
                "C104",
                "C84",
                "C88"
            ]
        ],
        "C97": [
            false,
            [
                "C115",
                "C105",
                "C113",
                "C31",
                "C10",
                "C98",
                "C45",
                "C7",
                "C62"
            ]
        ],
        "C98": [
            false,
            [
                "C73",
                "C102",
                "C8",
                "C9",
                "C118",
                "C122"
            ]
        ],
        "C99": [
            false,
            [
                "C60",
                "C91",
                "C104",
                "C69",
                "C66",
                "C67",
                "C114"
            ]
        ],
        "C100": [
            false,
            [
                "C94",
                "C128",
                "C106",
                "C14",
                "C60",
                "C113",
                "C11",
                "C111",
                "C68",
                "C66",
                "C103"
            ]
        ],
        "C101": [
            false,
            [
                "C2",
                "C110",
                "C65",
                "C64",
                "C122",
                "C71"
            ]
        ],
        "C102": [
            false,
            [
                "C80",
                "C30",
                "C95",
                "C104",
                "C106",
                "C14",
                "C126",
                "C127",
                "C49",
                "C117",
                "C63",
                "C90"
            ]
        ],
        "C103": [
            false,
            [
                "C14",
                "C82",
                "C116",
                "C96",
                "C67",
                "C31",
                "C6",
                "C123",
                "C53",
                "C127"
            ]
        ],
        "C104": [
            true,
            [
                "C59",
                "C97",
                "C17",
                "C4",
                "C9",
                "C87",
                "C116",
                "C111",
                "C75",
                "C58"
            ]
        ],
        "C105": [
            false,
            [
                "C79",
                "C18",
                "C29",
                "C70"
            ]
        ],
        "C106": [
            true,
            [
                "C58",
                "C60",
                "C120",
                "C111",
                "C108",
                "C22",
                "C109",
                "C114",
                "C34",
                "C35",
                "C71",
                "C48"
            ]
        ],
        "C107": [
            false,
            [
                "C123",
                "C104",
                "C41",
                "C60",
                "C121",
                "C62",
                "C20",
                "C18",
                "C29"
            ]
        ],
        "C108": [
            false,
            [
                "C4",
                "C34",
                "C62",
                "C20",
                "C79"
            ]
        ],
        "C109": [
            false,
            [
                "C97",
                "C115",
                "C93",
                "C61"
            ]
        ],
        "C110": [
            false,
            [
                "C64",
                "C8",
                "C75"
            ]
        ],
        "C111": [
            false,
            [
                "C14",
                "C24",
                "C31",
                "C43"
            ]
        ],
        "C112": [
            false,
            [
                "C83",
                "C11",
                "C125",
                "C103",
                "C23",
                "C68",
                "C114",
                "C106",
                "C6",
                "C73"
            ]
        ],
        "C113": [
            false,
            [
                "C46",
                "C74",
                "C96",
                "C17",
                "C124",
                "C7",
                "C79",
                "C27",
                "C60",
                "C52",
                "C121",
                "C12"
            ]
        ],
        "C114": [
            false,
            [
                "C66"
            ]
        ],
        "C115": [
            false,
            [
                "C92",
                "C84",
                "C85"
            ]
        ],
        "C116": [
            false,
            []
        ],
        "C117": [
            false,
            [
                "C85",
                "C68",
                "C77",
                "C86",
                "C37",
                "C82",
                "C99",
                "C74",
                "C33"
            ]
        ],
        "C118": [
            false,
            [
                "C67",
                "C51",
                "C33",
                "C55"
            ]
        ],
        "C119": [
            false,
            [
                "C67",
                "C102",
                "C105",
                "C66",
                "C113",
                "C80",
                "C9"
            ]
        ],
        "C120": [
            true,
            [
                "C47",
                "C93",
                "C79"
            ]
        ],
        "C121": [
            false,
            [
                "C66"
            ]
        ],
        "C122": [
            false,
            []
        ],
        "C123": [
            false,
            [
                "C88",
                "C120",
                "C89",
                "C80",
                "C100",
                "C27",
                "C48",
                "C31",
                "C44",
                "C8",
                "C24",
                "C28"
            ]
        ],
        "C124": [
            false,
            [
                "C80"
            ]
        ],
        "C125": [
            false,
            [
                "C93",
                "C48",
                "C100"
            ]
        ],
        "C126": [
            false,
            []
        ],
        "C127": [
            false,
            [
                "C75",
                "C106",
                "C121"
            ]
        ],
        "C128": [
            false,
            [
                "C115",
                "C70",
                "C31",
                "C45",
                "C67"
            ]
        ]
    },
    "ground_truth_fault_paths": [
        [
            "C120",
            "C64",
            "C59",
            "C104"
        ],
        [
            "C81",
            "C64",
            "C59",
            "C104"
        ],
        [
            "C104",
            "C59",
            "C64"
        ],
        [
            "C120",
            "C106"
        ],
        [
            "C120",
            "C83"
        ],
        [
            "C41"
        ],
        [
            "C67"
        ],
        [
            "C72"
        ],
        [
            "C73"
        ],
        [
            "C77"
        ],
        [
            "C95"
        ]
    ],
    "error_codes": {
        "E0": [
            "FC0",
            [
                "C104",
                "C59",
                "C67",
                "C16",
                "C83",
                "C19",
                "C37",
                "C36",
                "C43",
                "C35",
                "C15",
                "C87"
            ]
        ],
        "E1": [
            "FC1",
            [
                "C104",
                "C59",
                "C43"
            ]
        ],
        "E2": [
            "FC2",
            [
                "C64",
                "C115",
                "C18",
                "C125"
            ]
        ],
        "E3": [
            "FC3",
            [
                "C106",
                "C3",
                "C53",
                "C49",
                "C115",
                "C114",
                "C63"
            ]
        ],
        "E4": [
            "FC4",
            [
                "C83",
                "C128",
                "C104",
                "C78"
            ]
        ],
        "E5": [
            "FC5",
            [
                "C41",
                "C96",
                "C44",
                "C113",
                "C18",
                "C45",
                "C66",
                "C5",
                "C83"
            ]
        ],
        "E6": [
            "FC6",
            [
                "C67",
                "C87",
                "C39",
                "C60",
                "C33",
                "C120",
                "C40"
            ]
        ],
        "E7": [
            "FC7",
            [
                "C72",
                "C120",
                "C2",
                "C47",
                "C102",
                "C69",
                "C28",
                "C58",
                "C29",
                "C101",
                "C18"
            ]
        ],
        "E8": [
            "FC8",
            [
                "C73",
                "C91",
                "C51",
                "C112",
                "C66",
                "C124",
                "C28",
                "C81",
                "C84",
                "C128",
                "C47",
                "C90",
                "C70"
            ]
        ],
        "E9": [
            "FC9",
            [
                "C77",
                "C47"
            ]
        ],
        "E10": [
            "FC10",
            [
                "C95",
                "C72",
                "C36",
                "C117",
                "C23",
                "C108",
                "C67",
                "C28"
            ]
        ]
    },
    "sim_accuracies": {
        "C0": [
            "0.9141579776634479",
            "False"
        ],
        "C1": [
            "0.9488964603716041",
            "False"
        ],
        "C2": [
            "0.9124323285202776",
            "False"
        ],
        "C3": [
            "0.9243889268110739",
            "False"
        ],
        "C4": [
            "0.9097298351025698",
            "False"
        ],
        "C5": [
            "0.9218604894458308",
            "False"
        ],
        "C6": [
            "0.9188293550345454",
            "False"
        ],
        "C7": [
            "0.9078913483897576",
            "False"
        ],
        "C8": [
            "0.9344336908222185",
            "False"
        ],
        "C9": [
            "0.9126031015070432",
            "False"
        ],
        "C10": [
            "0.9370649489793934",
            "False"
        ],
        "C11": [
            "0.9062564236487175",
            "False"
        ],
        "C12": [
            "0.903505808203371",
            "False"
        ],
        "C13": [
            "0.9134875830139331",
            "False"
        ],
        "C14": [
            "0.9172219542656808",
            "False"
        ],
        "C15": [
            "0.9347792020372284",
            "False"
        ],
        "C16": [
            "0.9404453215656663",
            "False"
        ],
        "C17": [
            "0.9449216996425244",
            "False"
        ],
        "C18": [
            "0.9271760625813931",
            "False"
        ],
        "C19": [
            "0.9254852628212289",
            "False"
        ],
        "C20": [
            "0.9052994175328919",
            "False"
        ],
        "C21": [
            "0.9303679842881649",
            "False"
        ],
        "C22": [
            "0.9307798898978163",
            "False"
        ],
        "C23": [
            "0.9130016182027888",
            "False"
        ],
        "C24": [
            "0.9480795566347501",
            "False"
        ],
        "C25": [
            "0.901555171968126",
            "False"
        ],
        "C26": [
            "0.9372620154510889",
            "False"
        ],
        "C27": [
            "0.9375912969059766",
            "False"
        ],
        "C28": [
            "0.9159438651108445",
            "False"
        ],
        "C29": [
            "0.921663656116642",
            "False"
        ],
        "C30": [
            "0.9200489762458475",
            "False"
        ],
        "C31": [
            "0.9403672441457837",
            "False"
        ],
        "C32": [
            "0.9356444122842564",
            "False"
        ],
        "C33": [
            "0.9037701514852786",
            "False"
        ],
        "C34": [
            "0.9021670388050607",
            "False"
        ],
        "C35": [
            "0.9092117272135521",
            "False"
        ],
        "C36": [
            "0.9354199154561676",
            "False"
        ],
        "C37": [
            "0.9052001393927112",
            "False"
        ],
        "C38": [
            "0.9302742784544336",
            "False"
        ],
        "C39": [
            "0.9030931992985167",
            "False"
        ],
        "C40": [
            "0.9482102108800717",
            "False"
        ],
        "C41": [
            "0.9460619774122371",
            "True"
        ],
        "C42": [
            "0.9134788997218058",
            "False"
        ],
        "C43": [
            "0.9145694731201612",
            "False"
        ],
        "C44": [
            "0.9145862239225492",
            "False"
        ],
        "C45": [
            "0.9257028077303221",
            "False"
        ],
        "C46": [
            "0.9072957783985321",
            "False"
        ],
        "C47": [
            "0.9076772715778555",
            "False"
        ],
        "C48": [
            "0.9235534360484863",
            "False"
        ],
        "C49": [
            "0.9182985455736705",
            "False"
        ],
        "C50": [
            "0.9133468161257629",
            "False"
        ],
        "C51": [
            "0.9050819873129827",
            "False"
        ],
        "C52": [
            "0.901582418597565",
            "False"
        ],
        "C53": [
            "0.928862798675973",
            "False"
        ],
        "C54": [
            "0.9449652775987609",
            "False"
        ],
        "C55": [
            "0.9170424284502482",
            "False"
        ],
        "C56": [
            "0.9180964198537652",
            "False"
        ],
        "C57": [
            "0.9065667753856175",
            "False"
        ],
        "C58": [
            "0.91400905023181",
            "False"
        ],
        "C59": [
            "0.9426229365618891",
            "True"
        ],
        "C60": [
            "0.942061168478622",
            "False"
        ],
        "C61": [
            "0.9125894836554161",
            "False"
        ],
        "C62": [
            "0.9241587642837042",
            "False"
        ],
        "C63": [
            "0.9474458722640071",
            "False"
        ],
        "C64": [
            "0.9365916386083241",
            "True"
        ],
        "C65": [
            "0.9433707764732464",
            "False"
        ],
        "C66": [
            "0.9088155567946348",
            "False"
        ],
        "C67": [
            "0.9068216043392241",
            "True"
        ],
        "C68": [
            "0.9257585481061145",
            "False"
        ],
        "C69": [
            "0.9316226823908085",
            "False"
        ],
        "C70": [
            "0.9264705831834367",
            "False"
        ],
        "C71": [
            "0.9478463072135366",
            "False"
        ],
        "C72": [
            "0.9166371429337196",
            "True"
        ],
        "C73": [
            "0.9453270397391726",
            "True"
        ],
        "C74": [
            "0.9046336473470433",
            "False"
        ],
        "C75": [
            "0.9461705242199462",
            "False"
        ],
        "C76": [
            "0.9423521880337506",
            "False"
        ],
        "C77": [
            "0.902119954758346",
            "True"
        ],
        "C78": [
            "0.9009756178015722",
            "False"
        ],
        "C79": [
            "0.9020477134040321",
            "False"
        ],
        "C80": [
            "0.9377286766515459",
            "False"
        ],
        "C81": [
            "0.909707021956072",
            "True"
        ],
        "C82": [
            "0.9281591553142554",
            "False"
        ],
        "C83": [
            "0.9424369315266854",
            "True"
        ],
        "C84": [
            "0.9384963931854965",
            "False"
        ],
        "C85": [
            "0.9244100134824866",
            "False"
        ],
        "C86": [
            "0.9109497613876002",
            "False"
        ],
        "C87": [
            "0.9164472634945386",
            "False"
        ],
        "C88": [
            "0.9052705511376824",
            "False"
        ],
        "C89": [
            "0.9453905013848485",
            "False"
        ],
        "C90": [
            "0.9182855242807578",
            "False"
        ],
        "C91": [
            "0.9308014932254471",
            "False"
        ],
        "C92": [
            "0.91696262927074",
            "False"
        ],
        "C93": [
            "0.9344780779614532",
            "False"
        ],
        "C94": [
            "0.9201710802552056",
            "False"
        ],
        "C95": [
            "0.936899537276623",
            "True"
        ],
        "C96": [
            "0.94316905590437",
            "False"
        ],
        "C97": [
            "0.9364968244761517",
            "False"
        ],
        "C98": [
            "0.9339418405618541",
            "False"
        ],
        "C99": [
            "0.9308350667604378",
            "False"
        ],
        "C100": [
            "0.9054968210784705",
            "False"
        ],
        "C101": [
            "0.9402408368812251",
            "False"
        ],
        "C102": [
            "0.9157729690481369",
            "False"
        ],
        "C103": [
            "0.947169486044473",
            "False"
        ],
        "C104": [
            "0.9499385180248419",
            "True"
        ],
        "C105": [
            "0.9302493694693608",
            "False"
        ],
        "C106": [
            "0.9224718995119219",
            "True"
        ],
        "C107": [
            "0.9042085211655033",
            "False"
        ],
        "C108": [
            "0.9179750229920123",
            "False"
        ],
        "C109": [
            "0.9496227357665049",
            "False"
        ],
        "C110": [
            "0.943684005201544",
            "False"
        ],
        "C111": [
            "0.9465370643048081",
            "False"
        ],
        "C112": [
            "0.9129006419456015",
            "False"
        ],
        "C113": [
            "0.9223022827530816",
            "False"
        ],
        "C114": [
            "0.9209655656724343",
            "False"
        ],
        "C115": [
            "0.9309009840587401",
            "False"
        ],
        "C116": [
            "0.9303616153874388",
            "False"
        ],
        "C117": [
            "0.9400355104759069",
            "False"
        ],
        "C118": [
            "0.9461053498021439",
            "False"
        ],
        "C119": [
            "0.9483495242255864",
            "False"
        ],
        "C120": [
            "0.9239135632407746",
            "True"
        ],
        "C121": [
            "0.9113009689144721",
            "False"
        ],
        "C122": [
            "0.9153244820965575",
            "False"
        ],
        "C123": [
            "0.9335041291238163",
            "False"
        ],
        "C124": [
            "0.9155988700471092",
            "False"
        ],
        "C125": [
            "0.9121581600986852",
            "False"
        ],
        "C126": [
            "0.9364806904443996",
            "False"
        ],
        "C127": [
            "0.9407706266880584",
            "False"
        ],
        "C128": [
            "0.9404074578922212",
            "False"
        ]
    }
}