{
    "suspect_components": {
        "C0": [
            false,
            [
                "C91",
                "C82",
                "C69"
            ]
        ],
        "C1": [
            false,
            [
                "C73",
                "C14",
                "C83"
            ]
        ],
        "C2": [
            false,
            [
                "C20",
                "C102",
                "C47",
                "C83"
            ]
        ],
        "C3": [
            false,
            [
                "C14",
                "C18",
                "C126",
                "C102",
                "C124"
            ]
        ],
        "C4": [
            false,
            [
                "C38",
                "C116",
                "C57",
                "C110",
                "C7",
                "C93",
                "C26"
            ]
        ],
        "C5": [
            false,
            [
                "C19",
                "C0",
                "C51",
                "C90",
                "C54",
                "C91",
                "C60",
                "C83",
                "C34",
                "C82",
                "C128",
                "C15"
            ]
        ],
        "C6": [
            false,
            []
        ],
        "C7": [
            false,
            []
        ],
        "C8": [
            false,
            [
                "C110",
                "C49",
                "C21",
                "C10",
                "C103",
                "C62",
                "C50",
                "C19",
                "C99"
            ]
        ],
        "C9": [
            false,
            [
                "C88",
                "C57",
                "C115",
                "C55",
                "C81",
                "C12",
                "C23",
                "C8",
                "C53",
                "C10",
                "C2",
                "C102"
            ]
        ],
        "C10": [
            false,
            [
                "C85"
            ]
        ],
        "C11": [
            false,
            [
                "C121",
                "C51",
                "C1",
                "C31",
                "C46",
                "C76",
                "C71",
                "C40"
            ]
        ],
        "C12": [
            false,
            [
                "C71",
                "C44",
                "C38"
            ]
        ],
        "C13": [
            false,
            [
                "C75",
                "C118"
            ]
        ],
        "C14": [
            false,
            [
                "C89"
            ]
        ],
        "C15": [
            false,
            [
                "C83",
                "C30",
                "C81",
                "C23",
                "C86",
                "C40",
                "C92",
                "C72",
                "C90",
                "C112"
            ]
        ],
        "C16": [
            false,
            [
                "C23",
                "C22",
                "C104",
                "C7",
                "C32",
                "C30",
                "C56",
                "C108",
                "C101",
                "C17",
                "C26"
            ]
        ],
        "C17": [
            false,
            [
                "C59",
                "C78",
                "C127",
                "C82",
                "C37",
                "C125",
                "C25",
                "C36",
                "C2",
                "C71",
                "C40"
            ]
        ],
        "C18": [
            false,
            [
                "C4",
                "C44",
                "C127",
                "C72"
            ]
        ],
        "C19": [
            false,
            [
                "C26",
                "C31",
                "C108",
                "C79",
                "C76",
                "C59"
            ]
        ],
        "C20": [
            false,
            [
                "C121",
                "C51",
                "C6"
            ]
        ],
        "C21": [
            false,
            [
                "C12",
                "C8",
                "C102",
                "C44",
                "C57",
                "C66",
                "C25",
                "C3",
                "C71"
            ]
        ],
        "C22": [
            false,
            []
        ],
        "C23": [
            true,
            [
                "C59",
                "C55",
                "C28",
                "C71",
                "C119",
                "C100"
            ]
        ],
        "C24": [
            false,
            [
                "C51",
                "C5",
                "C12",
                "C26",
                "C103",
                "C74",
                "C97"
            ]
        ],
        "C25": [
            false,
            [
                "C19"
            ]
        ],
        "C26": [
            false,
            [
                "C91",
                "C54",
                "C9",
                "C107",
                "C119"
            ]
        ],
        "C27": [
            false,
            [
                "C100",
                "C62",
                "C19",
                "C74"
            ]
        ],
        "C28": [
            false,
            [
                "C39",
                "C51",
                "C109",
                "C32",
                "C26"
            ]
        ],
        "C29": [
            true,
            [
                "C2",
                "C48",
                "C104",
                "C19",
                "C99",
                "C85",
                "C68",
                "C57",
                "C75"
            ]
        ],
        "C30": [
            false,
            [
                "C33",
                "C111",
                "C57",
                "C41"
            ]
        ],
        "C31": [
            true,
            [
                "C107",
                "C46",
                "C59",
                "C122",
                "C106",
                "C52",
                "C68",
                "C83",
                "C99",
                "C41"
            ]
        ],
        "C32": [
            false,
            [
                "C52",
                "C94",
                "C53",
                "C85",
                "C42",
                "C117"
            ]
        ],
        "C33": [
            false,
            [
                "C117",
                "C67",
                "C9",
                "C124",
                "C108",
                "C101",
                "C105",
                "C11",
                "C104",
                "C81",
                "C78"
            ]
        ],
        "C34": [
            false,
            [
                "C42",
                "C81",
                "C68",
                "C72",
                "C86"
            ]
        ],
        "C35": [
            false,
            [
                "C17",
                "C115",
                "C110",
                "C76",
                "C42",
                "C61",
                "C46",
                "C122",
                "C65",
                "C121",
                "C107"
            ]
        ],
        "C36": [
            true,
            [
                "C1"
            ]
        ],
        "C37": [
            false,
            []
        ],
        "C38": [
            false,
            [
                "C80",
                "C64",
                "C36",
                "C121",
                "C10",
                "C107",
                "C9",
                "C117",
                "C28",
                "C54"
            ]
        ],
        "C39": [
            true,
            [
                "C118"
            ]
        ],
        "C40": [
            false,
            [
                "C88",
                "C13"
            ]
        ],
        "C41": [
            false,
            [
                "C0",
                "C40"
            ]
        ],
        "C42": [
            false,
            []
        ],
        "C43": [
            false,
            [
                "C103",
                "C74",
                "C99",
                "C5",
                "C33",
                "C50",
                "C104",
                "C92",
                "C124",
                "C105",
                "C9",
                "C22"
            ]
        ],
        "C44": [
            false,
            [
                "C2",
                "C65",
                "C62",
                "C55",
                "C21"
            ]
        ],
        "C45": [
            false,
            [
                "C110",
                "C106",
                "C120",
                "C85",
                "C1",
                "C76",
                "C107",
                "C69",
                "C53",
                "C13"
            ]
        ],
        "C46": [
            false,
            [
                "C127",
                "C12",
                "C119",
                "C47",
                "C40",
                "C117",
                "C57"
            ]
        ],
        "C47": [
            false,
            [
                "C11",
                "C85",
                "C57",
                "C122",
                "C117",
                "C79",
                "C114",
                "C99",
                "C53"
            ]
        ],
        "C48": [
            false,
            []
        ],
        "C49": [
            false,
            [
                "C86",
                "C18",
                "C9",
                "C92"
            ]
        ],
        "C50": [
            false,
            [
                "C55",
                "C124",
                "C79",
                "C109",
                "C10",
                "C15",
                "C95",
                "C76"
            ]
        ],
        "C51": [
            false,
            [
                "C92",
                "C18"
            ]
        ],
        "C52": [
            true,
            [
                "C111",
                "C12",
                "C89",
                "C4",
                "C125",
                "C120",
                "C67",
                "C58"
            ]
        ],
        "C53": [
            false,
            [
                "C94",
                "C5",
                "C25",
                "C20",
                "C74",
                "C54",
                "C84",
                "C11",
                "C43"
            ]
        ],
        "C54": [
            false,
            [
                "C90",
                "C39",
                "C122",
                "C9",
                "C82",
                "C114"
            ]
        ],
        "C55": [
            true,
            [
                "C1",
                "C114",
                "C113"
            ]
        ],
        "C56": [
            false,
            [
                "C28",
                "C12",
                "C27",
                "C62",
                "C10",
                "C95",
                "C112"
            ]
        ],
        "C57": [
            false,
            [
                "C69",
                "C25",
                "C5",
                "C2",
                "C51"
            ]
        ],
        "C58": [
            false,
            [
                "C105"
            ]
        ],
        "C59": [
            false,
            [
                "C99",
                "C39",
                "C19",
                "C52",
                "C45",
                "C50",
                "C30",
                "C102",
                "C92"
            ]
        ],
        "C60": [
            false,
            [
                "C66"
            ]
        ],
        "C61": [
            false,
            [
                "C64",
                "C54"
            ]
        ],
        "C62": [
            false,
            [
                "C70",
                "C40"
            ]
        ],
        "C63": [
            false,
            [
                "C39",
                "C78",
                "C2",
                "C108",
                "C75",
                "C84",
                "C52",
                "C59",
                "C92",
                "C41"
            ]
        ],
        "C64": [
            false,
            [
                "C115",
                "C67",
                "C27",
                "C118"
            ]
        ],
        "C65": [
            false,
            [
                "C85",
                "C114",
                "C27"
            ]
        ],
        "C66": [
            false,
            [
                "C46",
                "C94",
                "C52",
                "C60",
                "C35",
                "C51",
                "C26",
                "C89"
            ]
        ],
        "C67": [
            true,
            [
                "C40"
            ]
        ],
        "C68": [
            false,
            [
                "C84"
            ]
        ],
        "C69": [
            false,
            [
                "C112",
                "C124",
                "C10",
                "C113"
            ]
        ],
        "C70": [
            false,
            [
                "C98",
                "C124",
                "C67",
                "C15"
            ]
        ],
        "C71": [
            false,
            [
                "C2",
                "C97",
                "C27",
                "C68",
                "C55",
                "C81",
                "C63",
                "C16",
                "C6"
            ]
        ],
        "C72": [
            false,
            [
                "C39",
                "C60",
                "C46",
                "C18",
                "C28",
                "C31",
                "C85",
                "C3"
            ]
        ],
        "C73": [
            false,
            [
                "C47",
                "C75",
                "C107",
                "C22",
                "C25",
                "C76",
                "C20",
                "C104"
            ]
        ],
        "C74": [
            false,
            [
                "C91",
                "C85",
                "C88"
            ]
        ],
        "C75": [
            false,
            [
                "C128",
                "C69",
                "C22",
                "C72",
                "C88",
                "C116",
                "C73"
            ]
        ],
        "C76": [
            false,
            [
                "C61",
                "C88",
                "C116",
                "C81",
                "C127",
                "C98",
                "C122"
            ]
        ],
        "C77": [
            false,
            [
                "C19",
                "C98",
                "C57",
                "C68",
                "C127",
                "C117",
                "C114",
                "C60",
                "C51",
                "C21",
                "C112",
                "C88"
            ]
        ],
        "C78": [
            false,
            [
                "C94",
                "C63",
                "C15",
                "C75",
                "C83",
                "C51",
                "C119"
            ]
        ],
        "C79": [
            false,
            []
        ],
        "C80": [
            false,
            [
                "C69",
                "C127",
                "C25",
                "C54",
                "C19",
                "C64",
                "C55"
            ]
        ],
        "C81": [
            false,
            [
                "C105",
                "C38",
                "C21",
                "C32",
                "C43",
                "C119",
                "C59",
                "C9",
                "C113"
            ]
        ],
        "C82": [
            false,
            [
                "C94",
                "C11",
                "C66",
                "C112",
                "C85",
                "C119",
                "C15",
                "C78",
                "C31",
                "C67"
            ]
        ],
        "C83": [
            false,
            [
                "C126"
            ]
        ],
        "C84": [
            false,
            [
                "C83",
                "C7",
                "C24",
                "C25"
            ]
        ],
        "C85": [
            true,
            [
                "C91",
                "C63",
                "C18",
                "C95",
                "C123",
                "C113",
                "C81",
                "C22",
                "C102",
                "C68"
            ]
        ],
        "C86": [
            false,
            [
                "C114",
                "C83",
                "C77",
                "C65"
            ]
        ],
        "C87": [
            false,
            [
                "C118",
                "C96",
                "C40"
            ]
        ],
        "C88": [
            false,
            [
                "C5"
            ]
        ],
        "C89": [
            false,
            [
                "C124",
                "C66",
                "C90",
                "C79",
                "C42",
                "C11",
                "C128",
                "C76"
            ]
        ],
        "C90": [
            false,
            [
                "C30",
                "C59",
                "C85",
                "C27",
                "C3",
                "C71",
                "C125",
                "C113",
                "C31",
                "C110",
                "C121"
            ]
        ],
        "C91": [
            false,
            [
                "C1",
                "C98",
                "C44"
            ]
        ],
        "C92": [
            true,
            [
                "C45",
                "C57",
                "C46",
                "C68",
                "C22",
                "C91"
            ]
        ],
        "C93": [
            false,
            [
                "C61"
            ]
        ],
        "C94": [
            false,
            [
                "C72",
                "C10",
                "C21",
                "C118",
                "C70",
                "C26",
                "C52",
                "C110",
                "C66",
                "C19",
                "C32",
                "C82"
            ]
        ],
        "C95": [
            false,
            [
                "C68",
                "C30",
                "C87",
                "C4",
                "C28",
                "C102",
                "C69",
                "C122",
                "C121",
                "C51",
                "C97"
            ]
        ],
        "C96": [
            false,
            [
                "C26",
                "C115",
                "C53",
                "C90",
                "C35"
            ]
        ],
        "C97": [
            false,
            [
                "C36",
                "C117",
                "C75",
                "C115",
                "C2"
            ]
        ],
        "C98": [
            false,
            [
                "C97",
                "C84",
                "C115",
                "C23"
            ]
        ],
        "C99": [
            false,
            [
                "C117",
                "C57",
                "C112",
                "C17",
                "C92",
                "C116",
                "C113",
                "C45",
                "C59",
                "C0"
            ]
        ],
        "C100": [
            false,
            [
                "C1",
                "C20",
                "C45",
                "C4",
                "C48",
                "C43"
            ]
        ],
        "C101": [
            false,
            [
                "C108",
                "C53",
                "C95",
                "C80",
                "C59",
                "C43",
                "C85",
                "C128",
                "C124"
            ]
        ],
        "C102": [
            false,
            [
                "C127",
                "C3",
                "C35",
                "C34",
                "C17",
                "C36",
                "C67",
                "C65"
            ]
        ],
        "C103": [
            false,
            [
                "C105",
                "C79",
                "C26",
                "C108",
                "C28",
                "C97",
                "C68",
                "C86",
                "C53",
                "C7",
                "C122",
                "C70"
            ]
        ],
        "C104": [
            true,
            [
                "C55"
            ]
        ],
        "C105": [
            false,
            [
                "C30",
                "C75",
                "C90",
                "C66",
                "C33",
                "C37",
                "C120",
                "C67",
                "C53"
            ]
        ],
        "C106": [
            false,
            [
                "C65",
                "C123",
                "C102",
                "C39",
                "C108",
                "C24",
                "C18",
                "C112",
                "C30",
                "C60",
                "C100"
            ]
        ],
        "C107": [
            false,
            []
        ],
        "C108": [
            false,
            [
                "C49",
                "C32",
                "C17",
                "C111",
                "C109",
                "C39",
                "C33",
                "C71"
            ]
        ],
        "C109": [
            true,
            [
                "C97"
            ]
        ],
        "C110": [
            false,
            [
                "C103",
                "C121",
                "C50",
                "C109",
                "C3"
            ]
        ],
        "C111": [
            false,
            [
                "C17",
                "C2",
                "C97",
                "C42",
                "C31"
            ]
        ],
        "C112": [
            false,
            [
                "C84",
                "C107",
                "C47",
                "C109",
                "C37",
                "C52",
                "C57"
            ]
        ],
        "C113": [
            false,
            [
                "C56",
                "C63",
                "C16",
                "C37",
                "C78",
                "C107",
                "C123",
                "C96",
                "C127",
                "C49",
                "C112",
                "C5"
            ]
        ],
        "C114": [
            false,
            [
                "C0",
                "C128",
                "C77",
                "C53",
                "C71",
                "C95",
                "C30",
                "C94",
                "C96",
                "C26",
                "C33",
                "C42"
            ]
        ],
        "C115": [
            false,
            [
                "C16",
                "C43",
                "C72",
                "C92",
                "C70",
                "C49",
                "C42",
                "C6",
                "C48",
                "C39"
            ]
        ],
        "C116": [
            false,
            [
                "C54",
                "C107",
                "C27",
                "C79",
                "C71"
            ]
        ],
        "C117": [
            false,
            [
                "C2",
                "C88",
                "C18"
            ]
        ],
        "C118": [
            false,
            [
                "C84",
                "C46",
                "C114",
                "C123",
                "C56"
            ]
        ],
        "C119": [
            false,
            [
                "C74",
                "C15",
                "C73",
                "C104",
                "C107",
                "C90",
                "C14",
                "C111",
                "C62",
                "C44",
                "C45",
                "C58"
            ]
        ],
        "C120": [
            false,
            [
                "C105",
                "C106"
            ]
        ],
        "C121": [
            false,
            [
                "C9",
                "C96",
                "C100",
                "C51",
                "C21",
                "C91",
                "C40",
                "C124"
            ]
        ],
        "C122": [
            false,
            [
                "C113"
            ]
        ],
        "C123": [
            false,
            [
                "C105",
                "C116",
                "C73",
                "C110",
                "C99",
                "C43",
                "C9"
            ]
        ],
        "C124": [
            false,
            [
                "C86",
                "C105",
                "C97"
            ]
        ],
        "C125": [
            true,
            []
        ],
        "C126": [
            false,
            [
                "C67",
                "C69",
                "C97",
                "C125",
                "C94",
                "C89",
                "C12",
                "C65",
                "C121"
            ]
        ],
        "C127": [
            false,
            [
                "C105",
                "C38",
                "C104",
                "C34",
                "C93",
                "C114",
                "C124",
                "C30",
                "C96"
            ]
        ],
        "C128": [
            false,
            [
                "C37",
                "C103",
                "C19",
                "C36",
                "C17",
                "C0",
                "C115",
                "C27",
                "C124",
                "C101"
            ]
        ]
    },
    "ground_truth_fault_paths": [
        [
            "C55",
            "C104",
            "C29"
        ],
        [
            "C67",
            "C52",
            "C31"
        ],
        [
            "C125",
            "C52",
            "C31"
        ],
        [
            "C55",
            "C23"
        ],
        [
            "C85",
            "C29"
        ],
        [
            "C36"
        ],
        [
            "C39"
        ],
        [
            "C92"
        ],
        [
            "C109"
        ]
    ],
    "error_codes": {
        "E0": [
            "FC0",
            [
                "C29",
                "C39",
                "C89",
                "C101",
                "C82",
                "C96",
                "C5",
                "C40",
                "C43",
                "C108",
                "C58",
                "C71"
            ]
        ],
        "E1": [
            "FC1",
            [
                "C31",
                "C27",
                "C70",
                "C29",
                "C20",
                "C59",
                "C101",
                "C62",
                "C126"
            ]
        ],
        "E2": [
            "FC2",
            [
                "C31",
                "C110",
                "C46",
                "C99",
                "C1",
                "C24",
                "C58",
                "C92",
                "C121"
            ]
        ],
        "E3": [
            "FC3",
            [
                "C23",
                "C70",
                "C31",
                "C117",
                "C4",
                "C123",
                "C15",
                "C17",
                "C66",
                "C93"
            ]
        ],
        "E4": [
            "FC4",
            [
                "C29",
                "C104"
            ]
        ],
        "E5": [
            "FC5",
            [
                "C36",
                "C1",
                "C72",
                "C101",
                "C81",
                "C121",
                "C84"
            ]
        ],
        "E6": [
            "FC6",
            [
                "C39",
                "C81",
                "C45",
                "C97",
                "C111",
                "C101",
                "C65"
            ]
        ],
        "E7": [
            "FC7",
            [
                "C92",
                "C17",
                "C83",
                "C91",
                "C117",
                "C3",
                "C13",
                "C71",
                "C88",
                "C19",
                "C118",
                "C68",
                "C53"
            ]
        ],
        "E8": [
            "FC8",
            [
                "C109",
                "C19",
                "C7",
                "C64",
                "C11",
                "C3",
                "C84",
                "C102",
                "C52",
                "C76"
            ]
        ]
    },
    "sim_accuracies": {
        "C0": [
            "0.9403137550732957",
            "False"
        ],
        "C1": [
            "0.9355568842335197",
            "False"
        ],
        "C2": [
            "0.911087217982965",
            "False"
        ],
        "C3": [
            "0.932644467859441",
            "False"
        ],
        "C4": [
            "0.9405651368523517",
            "False"
        ],
        "C5": [
            "0.9484277015527511",
            "False"
        ],
        "C6": [
            "0.9418626314631303",
            "False"
        ],
        "C7": [
            "0.9261641585300384",
            "False"
        ],
        "C8": [
            "0.9425621711049319",
            "False"
        ],
        "C9": [
            "0.9170399159513871",
            "False"
        ],
        "C10": [
            "0.9325624502972802",
            "False"
        ],
        "C11": [
            "0.92013851233257",
            "False"
        ],
        "C12": [
            "0.9435805349964759",
            "False"
        ],
        "C13": [
            "0.9047345298359065",
            "False"
        ],
        "C14": [
            "0.9399384437085411",
            "False"
        ],
        "C15": [
            "0.9418367404439737",
            "False"
        ],
        "C16": [
            "0.9181606700902789",
            "False"
        ],
        "C17": [
            "0.9214945699666155",
            "False"
        ],
        "C18": [
            "0.90939761584465",
            "False"
        ],
        "C19": [
            "0.9427408095766023",
            "False"
        ],
        "C20": [
            "0.9330079928807117",
            "False"
        ],
        "C21": [
            "0.9204592357343016",
            "False"
        ],
        "C22": [
            "0.9137347229572993",
            "False"
        ],
        "C23": [
            "0.9347522916856765",
            "True"
        ],
        "C24": [
            "0.9289917420204304",
            "False"
        ],
        "C25": [
            "0.919812786847314",
            "False"
        ],
        "C26": [
            "0.909253612521491",
            "False"
        ],
        "C27": [
            "0.9053189943129081",
            "False"
        ],
        "C28": [
            "0.930311714830932",
            "False"
        ],
        "C29": [
            "0.9246225824130963",
            "True"
        ],
        "C30": [
            "0.9131384704458303",
            "False"
        ],
        "C31": [
            "0.909721910061259",
            "True"
        ],
        "C32": [
            "0.9483323462066932",
            "False"
        ],
        "C33": [
            "0.9424576468018391",
            "False"
        ],
        "C34": [
            "0.9444946099931302",
            "False"
        ],
        "C35": [
            "0.9073180412752669",
            "False"
        ],
        "C36": [
            "0.9346181411763878",
            "True"
        ],
        "C37": [
            "0.9220673247040867",
            "False"
        ],
        "C38": [
            "0.9317650304638447",
            "False"
        ],
        "C39": [
            "0.9392101999618744",
            "True"
        ],
        "C40": [
            "0.914196375653257",
            "False"
        ],
        "C41": [
            "0.93604835091033",
            "False"
        ],
        "C42": [
            "0.9047547686271822",
            "False"
        ],
        "C43": [
            "0.912721175822975",
            "False"
        ],
        "C44": [
            "0.9143416395187335",
            "False"
        ],
        "C45": [
            "0.9260663330793352",
            "False"
        ],
        "C46": [
            "0.9212883297226999",
            "False"
        ],
        "C47": [
            "0.9264125610114371",
            "False"
        ],
        "C48": [
            "0.9367309962963941",
            "False"
        ],
        "C49": [
            "0.9340895858987873",
            "False"
        ],
        "C50": [
            "0.9174853850704645",
            "False"
        ],
        "C51": [
            "0.901965036443406",
            "False"
        ],
        "C52": [
            "0.9196927745559785",
            "True"
        ],
        "C53": [
            "0.9018487008097631",
            "False"
        ],
        "C54": [
            "0.9190133234238373",
            "False"
        ],
        "C55": [
            "0.92874437301991",
            "True"
        ],
        "C56": [
            "0.9134698253625482",
            "False"
        ],
        "C57": [
            "0.946708527606921",
            "False"
        ],
        "C58": [
            "0.9222919412068755",
            "False"
        ],
        "C59": [
            "0.9005724752957196",
            "False"
        ],
        "C60": [
            "0.9026026714943135",
            "False"
        ],
        "C61": [
            "0.9395311230957873",
            "False"
        ],
        "C62": [
            "0.9393922565616886",
            "False"
        ],
        "C63": [
            "0.9428897826246143",
            "False"
        ],
        "C64": [
            "0.9454221894122583",
            "False"
        ],
        "C65": [
            "0.9230866844591277",
            "False"
        ],
        "C66": [
            "0.9384629550617378",
            "False"
        ],
        "C67": [
            "0.9172814084031827",
            "True"
        ],
        "C68": [
            "0.9460787186626404",
            "False"
        ],
        "C69": [
            "0.91983196331649",
            "False"
        ],
        "C70": [
            "0.9031508175678896",
            "False"
        ],
        "C71": [
            "0.9432025323956674",
            "False"
        ],
        "C72": [
            "0.9327973600566358",
            "False"
        ],
        "C73": [
            "0.9264591612327945",
            "False"
        ],
        "C74": [
            "0.9412767934204639",
            "False"
        ],
        "C75": [
            "0.9204448432619072",
            "False"
        ],
        "C76": [
            "0.9378407073739291",
            "False"
        ],
        "C77": [
            "0.9018725515049695",
            "False"
        ],
        "C78": [
            "0.90033517687526",
            "False"
        ],
        "C79": [
            "0.9359657486562593",
            "False"
        ],
        "C80": [
            "0.906259109786797",
            "False"
        ],
        "C81": [
            "0.92744689599518",
            "False"
        ],
        "C82": [
            "0.927692305546259",
            "False"
        ],
        "C83": [
            "0.9353823912993647",
            "False"
        ],
        "C84": [
            "0.9025016076612202",
            "False"
        ],
        "C85": [
            "0.9128232925474817",
            "True"
        ],
        "C86": [
            "0.9136913448586078",
            "False"
        ],
        "C87": [
            "0.9360726072550314",
            "False"
        ],
        "C88": [
            "0.9429390396341503",
            "False"
        ],
        "C89": [
            "0.9300969171022321",
            "False"
        ],
        "C90": [
            "0.9299826640420975",
            "False"
        ],
        "C91": [
            "0.9293712474251586",
            "False"
        ],
        "C92": [
            "0.9454983602624175",
            "True"
        ],
        "C93": [
            "0.924835520368039",
            "False"
        ],
        "C94": [
            "0.9418626542254663",
            "False"
        ],
        "C95": [
            "0.9225437413453168",
            "False"
        ],
        "C96": [
            "0.9413794543826358",
            "False"
        ],
        "C97": [
            "0.9216741316455623",
            "False"
        ],
        "C98": [
            "0.9494285661355619",
            "False"
        ],
        "C99": [
            "0.9280044910963524",
            "False"
        ],
        "C100": [
            "0.904829989514661",
            "False"
        ],
        "C101": [
            "0.925519202463881",
            "False"
        ],
        "C102": [
            "0.9313347577352821",
            "False"
        ],
        "C103": [
            "0.9209090714065437",
            "False"
        ],
        "C104": [
            "0.9023608987435643",
            "True"
        ],
        "C105": [
            "0.9106243200547497",
            "False"
        ],
        "C106": [
            "0.9319363867686182",
            "False"
        ],
        "C107": [
            "0.9257050680054656",
            "False"
        ],
        "C108": [
            "0.9395196553655407",
            "False"
        ],
        "C109": [
            "0.939954044543149",
            "True"
        ],
        "C110": [
            "0.940067041783255",
            "False"
        ],
        "C111": [
            "0.9265141200624901",
            "False"
        ],
        "C112": [
            "0.914763407433349",
            "False"
        ],
        "C113": [
            "0.9479845281761784",
            "False"
        ],
        "C114": [
            "0.9269440932926175",
            "False"
        ],
        "C115": [
            "0.9274174292335328",
            "False"
        ],
        "C116": [
            "0.947548520709765",
            "False"
        ],
        "C117": [
            "0.937628064051673",
            "False"
        ],
        "C118": [
            "0.9071016150471849",
            "False"
        ],
        "C119": [
            "0.9491023992605417",
            "False"
        ],
        "C120": [
            "0.9222873394781552",
            "False"
        ],
        "C121": [
            "0.93287247751218",
            "False"
        ],
        "C122": [
            "0.9360252672520533",
            "False"
        ],
        "C123": [
            "0.9298446130140838",
            "False"
        ],
        "C124": [
            "0.9221958959661642",
            "False"
        ],
        "C125": [
            "0.9336572725961879",
            "True"
        ],
        "C126": [
            "0.9099146018066091",
            "False"
        ],
        "C127": [
            "0.9373476450386787",
            "False"
        ],
        "C128": [
            "0.9149953610146092",
            "False"
        ]
    }
}