{
    "suspect_components": {
        "C0": [
            true,
            [
                "C3",
                "C105",
                "C1",
                "C24",
                "C87",
                "C73",
                "C40",
                "C115",
                "C46",
                "C2"
            ]
        ],
        "C1": [
            false,
            []
        ],
        "C2": [
            false,
            [
                "C119",
                "C128",
                "C124",
                "C72",
                "C13",
                "C14"
            ]
        ],
        "C3": [
            false,
            [
                "C102",
                "C64",
                "C109",
                "C122",
                "C91",
                "C46",
                "C9",
                "C117",
                "C81",
                "C72"
            ]
        ],
        "C4": [
            false,
            [
                "C7",
                "C26"
            ]
        ],
        "C5": [
            false,
            [
                "C79",
                "C44",
                "C105",
                "C87",
                "C118",
                "C55",
                "C57",
                "C69",
                "C31",
                "C58",
                "C30"
            ]
        ],
        "C6": [
            false,
            [
                "C28",
                "C73",
                "C93"
            ]
        ],
        "C7": [
            false,
            [
                "C90",
                "C110",
                "C24",
                "C40"
            ]
        ],
        "C8": [
            false,
            [
                "C83",
                "C67",
                "C12",
                "C31",
                "C5",
                "C95",
                "C54",
                "C36",
                "C124",
                "C34",
                "C53"
            ]
        ],
        "C9": [
            false,
            [
                "C20",
                "C30",
                "C84",
                "C116",
                "C126",
                "C124"
            ]
        ],
        "C10": [
            true,
            [
                "C82",
                "C24",
                "C40",
                "C75",
                "C22",
                "C123",
                "C67",
                "C55",
                "C45"
            ]
        ],
        "C11": [
            false,
            [
                "C9"
            ]
        ],
        "C12": [
            false,
            [
                "C28",
                "C42",
                "C43",
                "C71"
            ]
        ],
        "C13": [
            false,
            [
                "C92",
                "C3",
                "C100",
                "C65",
                "C68",
                "C46",
                "C61",
                "C79",
                "C31",
                "C107",
                "C115"
            ]
        ],
        "C14": [
            false,
            []
        ],
        "C15": [
            true,
            [
                "C128",
                "C25"
            ]
        ],
        "C16": [
            false,
            [
                "C100"
            ]
        ],
        "C17": [
            false,
            [
                "C85",
                "C9",
                "C32",
                "C37",
                "C3",
                "C45",
                "C65"
            ]
        ],
        "C18": [
            false,
            [
                "C13",
                "C118",
                "C106",
                "C46",
                "C109",
                "C52"
            ]
        ],
        "C19": [
            false,
            [
                "C115",
                "C64"
            ]
        ],
        "C20": [
            false,
            [
                "C35",
                "C88",
                "C96",
                "C30",
                "C43",
                "C82",
                "C60",
                "C62",
                "C52"
            ]
        ],
        "C21": [
            false,
            [
                "C25"
            ]
        ],
        "C22": [
            false,
            [
                "C44",
                "C12",
                "C10"
            ]
        ],
        "C23": [
            false,
            [
                "C33",
                "C10",
                "C94",
                "C26",
                "C7",
                "C113",
                "C96",
                "C59"
            ]
        ],
        "C24": [
            false,
            [
                "C22",
                "C63",
                "C97",
                "C14",
                "C32",
                "C26",
                "C108",
                "C29"
            ]
        ],
        "C25": [
            false,
            [
                "C82",
                "C119",
                "C99",
                "C39",
                "C77",
                "C126"
            ]
        ],
        "C26": [
            false,
            [
                "C38",
                "C121",
                "C84",
                "C20",
                "C9",
                "C22",
                "C75",
                "C87",
                "C12",
                "C7",
                "C53",
                "C19"
            ]
        ],
        "C27": [
            true,
            []
        ],
        "C28": [
            false,
            [
                "C40",
                "C112",
                "C114",
                "C62",
                "C99",
                "C73",
                "C4",
                "C127"
            ]
        ],
        "C29": [
            false,
            [
                "C94",
                "C96",
                "C54",
                "C76",
                "C5"
            ]
        ],
        "C30": [
            false,
            []
        ],
        "C31": [
            false,
            []
        ],
        "C32": [
            false,
            [
                "C72",
                "C4",
                "C68"
            ]
        ],
        "C33": [
            false,
            [
                "C77",
                "C78",
                "C67",
                "C112",
                "C57",
                "C20",
                "C120",
                "C117"
            ]
        ],
        "C34": [
            false,
            [
                "C82",
                "C53",
                "C50",
                "C88",
                "C110",
                "C47",
                "C58",
                "C114"
            ]
        ],
        "C35": [
            false,
            [
                "C19"
            ]
        ],
        "C36": [
            true,
            [
                "C122",
                "C95",
                "C100",
                "C56",
                "C92",
                "C53",
                "C38",
                "C22",
                "C26",
                "C80"
            ]
        ],
        "C37": [
            false,
            [
                "C23",
                "C54",
                "C8",
                "C36",
                "C122",
                "C77",
                "C108",
                "C100",
                "C83",
                "C81",
                "C107"
            ]
        ],
        "C38": [
            false,
            [
                "C116",
                "C95"
            ]
        ],
        "C39": [
            false,
            [
                "C67"
            ]
        ],
        "C40": [
            false,
            [
                "C71",
                "C38",
                "C110"
            ]
        ],
        "C41": [
            false,
            [
                "C106",
                "C16",
                "C39",
                "C28",
                "C2",
                "C44",
                "C80",
                "C125",
                "C34",
                "C37",
                "C49"
            ]
        ],
        "C42": [
            false,
            [
                "C84",
                "C51",
                "C106",
                "C3",
                "C85"
            ]
        ],
        "C43": [
            false,
            [
                "C101",
                "C89",
                "C127"
            ]
        ],
        "C44": [
            false,
            []
        ],
        "C45": [
            false,
            [
                "C62",
                "C1",
                "C34",
                "C53"
            ]
        ],
        "C46": [
            false,
            [
                "C91",
                "C76",
                "C81",
                "C16",
                "C78",
                "C27",
                "C73",
                "C116",
                "C34",
                "C33",
                "C30",
                "C108"
            ]
        ],
        "C47": [
            false,
            [
                "C0",
                "C8",
                "C11",
                "C13",
                "C14",
                "C54",
                "C119",
                "C127",
                "C63",
                "C5",
                "C113",
                "C17"
            ]
        ],
        "C48": [
            false,
            [
                "C69"
            ]
        ],
        "C49": [
            true,
            [
                "C46"
            ]
        ],
        "C50": [
            false,
            [
                "C60",
                "C53",
                "C126",
                "C71",
                "C109"
            ]
        ],
        "C51": [
            false,
            [
                "C93",
                "C110",
                "C32",
                "C63",
                "C126",
                "C82",
                "C92",
                "C35",
                "C42",
                "C9",
                "C70"
            ]
        ],
        "C52": [
            false,
            [
                "C78",
                "C61",
                "C96"
            ]
        ],
        "C53": [
            false,
            [
                "C57",
                "C4",
                "C38",
                "C75"
            ]
        ],
        "C54": [
            false,
            [
                "C10",
                "C55",
                "C4"
            ]
        ],
        "C55": [
            true,
            [
                "C36",
                "C112",
                "C56",
                "C67",
                "C114"
            ]
        ],
        "C56": [
            false,
            [
                "C24",
                "C128",
                "C7",
                "C44",
                "C33",
                "C74",
                "C58",
                "C124",
                "C117"
            ]
        ],
        "C57": [
            false,
            [
                "C127",
                "C70",
                "C68",
                "C35",
                "C7",
                "C69",
                "C74",
                "C8",
                "C50",
                "C116",
                "C21",
                "C14"
            ]
        ],
        "C58": [
            false,
            [
                "C56",
                "C127",
                "C86",
                "C116",
                "C21",
                "C42",
                "C39",
                "C17",
                "C120",
                "C52",
                "C92"
            ]
        ],
        "C59": [
            false,
            [
                "C67",
                "C93",
                "C20"
            ]
        ],
        "C60": [
            false,
            [
                "C98"
            ]
        ],
        "C61": [
            false,
            [
                "C85",
                "C116",
                "C44",
                "C124",
                "C12",
                "C30"
            ]
        ],
        "C62": [
            false,
            []
        ],
        "C63": [
            false,
            [
                "C77",
                "C59",
                "C80",
                "C85",
                "C26",
                "C33"
            ]
        ],
        "C64": [
            true,
            [
                "C58",
                "C105",
                "C110",
                "C42",
                "C124",
                "C69",
                "C14",
                "C8",
                "C102",
                "C78",
                "C82"
            ]
        ],
        "C65": [
            false,
            [
                "C87",
                "C116",
                "C18",
                "C91",
                "C118",
                "C119",
                "C4"
            ]
        ],
        "C66": [
            false,
            [
                "C9",
                "C96",
                "C52",
                "C88",
                "C25",
                "C117",
                "C65",
                "C45",
                "C103",
                "C62",
                "C17",
                "C47"
            ]
        ],
        "C67": [
            false,
            [
                "C61",
                "C86"
            ]
        ],
        "C68": [
            false,
            [
                "C43"
            ]
        ],
        "C69": [
            false,
            [
                "C55",
                "C90",
                "C52",
                "C21",
                "C80",
                "C87",
                "C127",
                "C112",
                "C93",
                "C18",
                "C84"
            ]
        ],
        "C70": [
            false,
            [
                "C114",
                "C52",
                "C128",
                "C32"
            ]
        ],
        "C71": [
            false,
            [
                "C69",
                "C53",
                "C91",
                "C8"
            ]
        ],
        "C72": [
            false,
            [
                "C36",
                "C58",
                "C20",
                "C126",
                "C88",
                "C2",
                "C64"
            ]
        ],
        "C73": [
            false,
            []
        ],
        "C74": [
            false,
            [
                "C27",
                "C37",
                "C12",
                "C76",
                "C123",
                "C56",
                "C65",
                "C1",
                "C89",
                "C16",
                "C125",
                "C115"
            ]
        ],
        "C75": [
            false,
            [
                "C80",
                "C45",
                "C98",
                "C51",
                "C118",
                "C61",
                "C15",
                "C36"
            ]
        ],
        "C76": [
            false,
            [
                "C85",
                "C87",
                "C49"
            ]
        ],
        "C77": [
            false,
            [
                "C126",
                "C34",
                "C49"
            ]
        ],
        "C78": [
            false,
            [
                "C81"
            ]
        ],
        "C79": [
            false,
            [
                "C11",
                "C47",
                "C65",
                "C21",
                "C82",
                "C1",
                "C25"
            ]
        ],
        "C80": [
            false,
            [
                "C34",
                "C104",
                "C24",
                "C30",
                "C63",
                "C52",
                "C125",
                "C59",
                "C36",
                "C0",
                "C26"
            ]
        ],
        "C81": [
            false,
            [
                "C4",
                "C26",
                "C65",
                "C5",
                "C76",
                "C57"
            ]
        ],
        "C82": [
            false,
            []
        ],
        "C83": [
            false,
            [
                "C65",
                "C89",
                "C114",
                "C96"
            ]
        ],
        "C84": [
            false,
            [
                "C34",
                "C52",
                "C33",
                "C40",
                "C99",
                "C7",
                "C16",
                "C113",
                "C61",
                "C29"
            ]
        ],
        "C85": [
            false,
            [
                "C14",
                "C12",
                "C72",
                "C94",
                "C15",
                "C33",
                "C95",
                "C68",
                "C42",
                "C120",
                "C74",
                "C111"
            ]
        ],
        "C86": [
            true,
            [
                "C22",
                "C95",
                "C81",
                "C59",
                "C113",
                "C79",
                "C30",
                "C15",
                "C2",
                "C24"
            ]
        ],
        "C87": [
            false,
            [
                "C55",
                "C81",
                "C38",
                "C36",
                "C119",
                "C16",
                "C95",
                "C88",
                "C124",
                "C100"
            ]
        ],
        "C88": [
            false,
            [
                "C106",
                "C51",
                "C84",
                "C72",
                "C1",
                "C57",
                "C103",
                "C47",
                "C75"
            ]
        ],
        "C89": [
            false,
            []
        ],
        "C90": [
            false,
            [
                "C108",
                "C40",
                "C58",
                "C5",
                "C47",
                "C117",
                "C22",
                "C70"
            ]
        ],
        "C91": [
            false,
            [
                "C27",
                "C8",
                "C9"
            ]
        ],
        "C92": [
            false,
            [
                "C34",
                "C38",
                "C70",
                "C90",
                "C6",
                "C44",
                "C86",
                "C23"
            ]
        ],
        "C93": [
            false,
            [
                "C121",
                "C55"
            ]
        ],
        "C94": [
            false,
            [
                "C69",
                "C75",
                "C87",
                "C20",
                "C63",
                "C26",
                "C86",
                "C109"
            ]
        ],
        "C95": [
            false,
            [
                "C98"
            ]
        ],
        "C96": [
            true,
            [
                "C122",
                "C25",
                "C45",
                "C78",
                "C66",
                "C73",
                "C59",
                "C57",
                "C34",
                "C84",
                "C72"
            ]
        ],
        "C97": [
            false,
            [
                "C44",
                "C102",
                "C47",
                "C118",
                "C19"
            ]
        ],
        "C98": [
            false,
            [
                "C39",
                "C104",
                "C29",
                "C23",
                "C88"
            ]
        ],
        "C99": [
            false,
            []
        ],
        "C100": [
            false,
            [
                "C28",
                "C119"
            ]
        ],
        "C101": [
            false,
            [
                "C15",
                "C57",
                "C13",
                "C89",
                "C68",
                "C64",
                "C73"
            ]
        ],
        "C102": [
            false,
            []
        ],
        "C103": [
            false,
            [
                "C73",
                "C95",
                "C31",
                "C35",
                "C83",
                "C26"
            ]
        ],
        "C104": [
            false,
            [
                "C76",
                "C72",
                "C86",
                "C66",
                "C37",
                "C45",
                "C12",
                "C63",
                "C5",
                "C77"
            ]
        ],
        "C105": [
            false,
            []
        ],
        "C106": [
            false,
            [
                "C16"
            ]
        ],
        "C107": [
            true,
            [
                "C55",
                "C79",
                "C124",
                "C100",
                "C40",
                "C35",
                "C65",
                "C89",
                "C97",
                "C125"
            ]
        ],
        "C108": [
            false,
            [
                "C25",
                "C6",
                "C81",
                "C72",
                "C112",
                "C128",
                "C78",
                "C49"
            ]
        ],
        "C109": [
            false,
            [
                "C45",
                "C128",
                "C48",
                "C33",
                "C84",
                "C57",
                "C121",
                "C1",
                "C55"
            ]
        ],
        "C110": [
            false,
            [
                "C80",
                "C3",
                "C116",
                "C123",
                "C42",
                "C125",
                "C128"
            ]
        ],
        "C111": [
            false,
            [
                "C24",
                "C3",
                "C27",
                "C29",
                "C112",
                "C103",
                "C32",
                "C98",
                "C61",
                "C121"
            ]
        ],
        "C112": [
            false,
            [
                "C46",
                "C2",
                "C10",
                "C24",
                "C3",
                "C23",
                "C78",
                "C4"
            ]
        ],
        "C113": [
            false,
            [
                "C48",
                "C105",
                "C128",
                "C83",
                "C28",
                "C61",
                "C71",
                "C41",
                "C126"
            ]
        ],
        "C114": [
            false,
            [
                "C69",
                "C33",
                "C79"
            ]
        ],
        "C115": [
            false,
            [
                "C106",
                "C67",
                "C52",
                "C69"
            ]
        ],
        "C116": [
            false,
            [
                "C121",
                "C8",
                "C73",
                "C17"
            ]
        ],
        "C117": [
            false,
            []
        ],
        "C118": [
            true,
            [
                "C12",
                "C88",
                "C108",
                "C76",
                "C96",
                "C59",
                "C106",
                "C65",
                "C21"
            ]
        ],
        "C119": [
            true,
            [
                "C104",
                "C75",
                "C95",
                "C93",
                "C70",
                "C57",
                "C107",
                "C124",
                "C28"
            ]
        ],
        "C120": [
            false,
            []
        ],
        "C121": [
            false,
            [
                "C122",
                "C2",
                "C31",
                "C114",
                "C15",
                "C20",
                "C25"
            ]
        ],
        "C122": [
            false,
            [
                "C46",
                "C57",
                "C68",
                "C77",
                "C106",
                "C97",
                "C85",
                "C17",
                "C45",
                "C51",
                "C121"
            ]
        ],
        "C123": [
            false,
            [
                "C116"
            ]
        ],
        "C124": [
            false,
            [
                "C116",
                "C101"
            ]
        ],
        "C125": [
            false,
            [
                "C118",
                "C102",
                "C120",
                "C71",
                "C28",
                "C39",
                "C63",
                "C86",
                "C96",
                "C27",
                "C17",
                "C57"
            ]
        ],
        "C126": [
            false,
            [
                "C71",
                "C78",
                "C102"
            ]
        ],
        "C127": [
            false,
            [
                "C115",
                "C14",
                "C10"
            ]
        ],
        "C128": [
            false,
            [
                "C67",
                "C105",
                "C69",
                "C24"
            ]
        ]
    },
    "ground_truth_fault_paths": [
        [
            "C36",
            "C55",
            "C107",
            "C119"
        ],
        [
            "C36",
            "C55",
            "C10"
        ],
        [
            "C96",
            "C118"
        ],
        [
            "C15",
            "C86"
        ],
        [
            "C0"
        ],
        [
            "C27"
        ],
        [
            "C49"
        ],
        [
            "C64"
        ]
    ],
    "error_codes": {
        "E0": [
            "FC0",
            [
                "C119",
                "C18",
                "C92",
                "C98",
                "C79",
                "C60",
                "C43",
                "C24",
                "C26",
                "C47"
            ]
        ],
        "E1": [
            "FC1",
            [
                "C10",
                "C52",
                "C56"
            ]
        ],
        "E2": [
            "FC2",
            [
                "C118",
                "C28"
            ]
        ],
        "E3": [
            "FC3",
            [
                "C86",
                "C13",
                "C98",
                "C125",
                "C113",
                "C65",
                "C96",
                "C128",
                "C51",
                "C0",
                "C121"
            ]
        ],
        "E4": [
            "FC4",
            [
                "C0",
                "C89",
                "C104",
                "C31",
                "C23",
                "C56",
                "C10",
                "C78",
                "C15",
                "C37",
                "C106",
                "C124"
            ]
        ],
        "E5": [
            "FC5",
            [
                "C27",
                "C20",
                "C113",
                "C71",
                "C92",
                "C82"
            ]
        ],
        "E6": [
            "FC6",
            [
                "C49",
                "C105",
                "C20",
                "C86",
                "C83",
                "C112"
            ]
        ],
        "E7": [
            "FC7",
            [
                "C64",
                "C105",
                "C41",
                "C90",
                "C96",
                "C107",
                "C49",
                "C8"
            ]
        ]
    },
    "sim_accuracies": {
        "C0": [
            "0.9125920268633495",
            "True"
        ],
        "C1": [
            "0.9290274003268854",
            "False"
        ],
        "C2": [
            "0.9395784216691865",
            "False"
        ],
        "C3": [
            "0.9468003196212615",
            "False"
        ],
        "C4": [
            "0.9361288506898807",
            "False"
        ],
        "C5": [
            "0.9265785543743894",
            "False"
        ],
        "C6": [
            "0.9457479245250779",
            "False"
        ],
        "C7": [
            "0.9457168974199838",
            "False"
        ],
        "C8": [
            "0.9113884872939033",
            "False"
        ],
        "C9": [
            "0.9075015283839016",
            "False"
        ],
        "C10": [
            "0.901419500937789",
            "True"
        ],
        "C11": [
            "0.9177506540770092",
            "False"
        ],
        "C12": [
            "0.9363342251807636",
            "False"
        ],
        "C13": [
            "0.9191844574770748",
            "False"
        ],
        "C14": [
            "0.9153349126000445",
            "False"
        ],
        "C15": [
            "0.9015847673644364",
            "True"
        ],
        "C16": [
            "0.917135709339965",
            "False"
        ],
        "C17": [
            "0.9349664150682068",
            "False"
        ],
        "C18": [
            "0.9228743678232274",
            "False"
        ],
        "C19": [
            "0.912931428066534",
            "False"
        ],
        "C20": [
            "0.904557486903702",
            "False"
        ],
        "C21": [
            "0.9149094885244564",
            "False"
        ],
        "C22": [
            "0.902045746903642",
            "False"
        ],
        "C23": [
            "0.925800102656836",
            "False"
        ],
        "C24": [
            "0.9015270989930602",
            "False"
        ],
        "C25": [
            "0.9362475460908545",
            "False"
        ],
        "C26": [
            "0.9135441452018109",
            "False"
        ],
        "C27": [
            "0.9276242560492007",
            "True"
        ],
        "C28": [
            "0.9461756428830748",
            "False"
        ],
        "C29": [
            "0.9493553700894451",
            "False"
        ],
        "C30": [
            "0.9435726310538558",
            "False"
        ],
        "C31": [
            "0.9229448264168435",
            "False"
        ],
        "C32": [
            "0.9147463306198039",
            "False"
        ],
        "C33": [
            "0.9193281706769874",
            "False"
        ],
        "C34": [
            "0.9042366952562519",
            "False"
        ],
        "C35": [
            "0.9081763312124201",
            "False"
        ],
        "C36": [
            "0.9285196749556348",
            "True"
        ],
        "C37": [
            "0.9276270118398852",
            "False"
        ],
        "C38": [
            "0.9101909101824973",
            "False"
        ],
        "C39": [
            "0.9468344200182355",
            "False"
        ],
        "C40": [
            "0.9213260653923452",
            "False"
        ],
        "C41": [
            "0.9061429766595612",
            "False"
        ],
        "C42": [
            "0.9220963946534604",
            "False"
        ],
        "C43": [
            "0.9294278830508955",
            "False"
        ],
        "C44": [
            "0.9010041884631826",
            "False"
        ],
        "C45": [
            "0.9237013552144931",
            "False"
        ],
        "C46": [
            "0.9472466806423006",
            "False"
        ],
        "C47": [
            "0.9372710135071387",
            "False"
        ],
        "C48": [
            "0.9461275719399677",
            "False"
        ],
        "C49": [
            "0.9369073237749634",
            "True"
        ],
        "C50": [
            "0.9239605648231699",
            "False"
        ],
        "C51": [
            "0.9353602839033748",
            "False"
        ],
        "C52": [
            "0.9413225660137352",
            "False"
        ],
        "C53": [
            "0.9013300429521865",
            "False"
        ],
        "C54": [
            "0.9079908850851119",
            "False"
        ],
        "C55": [
            "0.9488908006695302",
            "True"
        ],
        "C56": [
            "0.9052294904497853",
            "False"
        ],
        "C57": [
            "0.9439937988393691",
            "False"
        ],
        "C58": [
            "0.9383444235478928",
            "False"
        ],
        "C59": [
            "0.9135819364994278",
            "False"
        ],
        "C60": [
            "0.9331989653219888",
            "False"
        ],
        "C61": [
            "0.9284635219848765",
            "False"
        ],
        "C62": [
            "0.9413827859660827",
            "False"
        ],
        "C63": [
            "0.9266145762099958",
            "False"
        ],
        "C64": [
            "0.920361642383168",
            "True"
        ],
        "C65": [
            "0.9404708980913226",
            "False"
        ],
        "C66": [
            "0.9183931465429878",
            "False"
        ],
        "C67": [
            "0.9045453631137002",
            "False"
        ],
        "C68": [
            "0.9045168656578769",
            "False"
        ],
        "C69": [
            "0.930444623786463",
            "False"
        ],
        "C70": [
            "0.9055863160314888",
            "False"
        ],
        "C71": [
            "0.9044104585391408",
            "False"
        ],
        "C72": [
            "0.9394801558550736",
            "False"
        ],
        "C73": [
            "0.9300385873494074",
            "False"
        ],
        "C74": [
            "0.9111496769289654",
            "False"
        ],
        "C75": [
            "0.9435346126982709",
            "False"
        ],
        "C76": [
            "0.9016769618639865",
            "False"
        ],
        "C77": [
            "0.9054551634526746",
            "False"
        ],
        "C78": [
            "0.9316481631303659",
            "False"
        ],
        "C79": [
            "0.9009435490402617",
            "False"
        ],
        "C80": [
            "0.9440719356352267",
            "False"
        ],
        "C81": [
            "0.9237235250309211",
            "False"
        ],
        "C82": [
            "0.9283906017247369",
            "False"
        ],
        "C83": [
            "0.9157344716394502",
            "False"
        ],
        "C84": [
            "0.9231525249895887",
            "False"
        ],
        "C85": [
            "0.9055411896365619",
            "False"
        ],
        "C86": [
            "0.933685930985051",
            "True"
        ],
        "C87": [
            "0.9216976892117298",
            "False"
        ],
        "C88": [
            "0.9347743057491279",
            "False"
        ],
        "C89": [
            "0.9040439072705382",
            "False"
        ],
        "C90": [
            "0.9339170063220462",
            "False"
        ],
        "C91": [
            "0.9237210847258206",
            "False"
        ],
        "C92": [
            "0.9205979775906088",
            "False"
        ],
        "C93": [
            "0.9098649351012258",
            "False"
        ],
        "C94": [
            "0.9196419111679727",
            "False"
        ],
        "C95": [
            "0.9331898218283454",
            "False"
        ],
        "C96": [
            "0.9437566947420971",
            "True"
        ],
        "C97": [
            "0.9488789285760014",
            "False"
        ],
        "C98": [
            "0.9369194505283185",
            "False"
        ],
        "C99": [
            "0.9009970076815372",
            "False"
        ],
        "C100": [
            "0.9249554137904362",
            "False"
        ],
        "C101": [
            "0.9408052309506703",
            "False"
        ],
        "C102": [
            "0.9151718564938126",
            "False"
        ],
        "C103": [
            "0.9302488830090766",
            "False"
        ],
        "C104": [
            "0.9474071065801802",
            "False"
        ],
        "C105": [
            "0.9416474176154381",
            "False"
        ],
        "C106": [
            "0.906494124078917",
            "False"
        ],
        "C107": [
            "0.9267094813632287",
            "True"
        ],
        "C108": [
            "0.9126985512489971",
            "False"
        ],
        "C109": [
            "0.9161261365163285",
            "False"
        ],
        "C110": [
            "0.902116368456954",
            "False"
        ],
        "C111": [
            "0.9292496988096897",
            "False"
        ],
        "C112": [
            "0.9401226535916684",
            "False"
        ],
        "C113": [
            "0.9173183304318605",
            "False"
        ],
        "C114": [
            "0.9331531481077429",
            "False"
        ],
        "C115": [
            "0.945171418629109",
            "False"
        ],
        "C116": [
            "0.9014748821215608",
            "False"
        ],
        "C117": [
            "0.9318855201760906",
            "False"
        ],
        "C118": [
            "0.927832867594268",
            "True"
        ],
        "C119": [
            "0.9035605364729367",
            "True"
        ],
        "C120": [
            "0.9251179164313118",
            "False"
        ],
        "C121": [
            "0.9131178412556462",
            "False"
        ],
        "C122": [
            "0.9273499764586239",
            "False"
        ],
        "C123": [
            "0.9436806466821124",
            "False"
        ],
        "C124": [
            "0.912638530899938",
            "False"
        ],
        "C125": [
            "0.9253275644127362",
            "False"
        ],
        "C126": [
            "0.9295792313634481",
            "False"
        ],
        "C127": [
            "0.9385143674542136",
            "False"
        ],
        "C128": [
            "0.9034117773685063",
            "False"
        ]
    }
}