{
    "suspect_components": {
        "C0": [
            false,
            [
                "C45",
                "C14",
                "C91",
                "C46",
                "C68",
                "C81",
                "C85",
                "C3",
                "C48",
                "C24",
                "C110"
            ]
        ],
        "C1": [
            false,
            [
                "C60",
                "C11",
                "C123",
                "C53",
                "C88",
                "C82",
                "C116",
                "C18",
                "C33",
                "C45",
                "C89",
                "C51"
            ]
        ],
        "C2": [
            false,
            [
                "C107",
                "C79",
                "C36",
                "C37",
                "C66",
                "C23",
                "C15"
            ]
        ],
        "C3": [
            false,
            [
                "C69",
                "C33",
                "C4",
                "C114",
                "C23",
                "C10",
                "C22",
                "C88",
                "C107",
                "C56",
                "C25"
            ]
        ],
        "C4": [
            false,
            [
                "C10",
                "C121",
                "C89",
                "C127",
                "C97",
                "C71",
                "C73",
                "C52"
            ]
        ],
        "C5": [
            false,
            [
                "C44",
                "C37",
                "C50",
                "C48",
                "C8",
                "C127",
                "C79",
                "C41",
                "C38",
                "C62"
            ]
        ],
        "C6": [
            false,
            [
                "C10"
            ]
        ],
        "C7": [
            false,
            [
                "C13",
                "C107",
                "C76",
                "C69"
            ]
        ],
        "C8": [
            false,
            []
        ],
        "C9": [
            false,
            [
                "C51",
                "C118",
                "C35",
                "C19",
                "C54",
                "C110"
            ]
        ],
        "C10": [
            false,
            [
                "C30",
                "C95",
                "C44",
                "C41",
                "C46",
                "C69"
            ]
        ],
        "C11": [
            false,
            [
                "C110",
                "C62",
                "C41",
                "C93",
                "C96",
                "C112",
                "C24",
                "C106",
                "C20"
            ]
        ],
        "C12": [
            false,
            [
                "C81",
                "C94",
                "C74",
                "C22",
                "C62",
                "C55",
                "C8"
            ]
        ],
        "C13": [
            false,
            [
                "C27",
                "C94",
                "C17",
                "C58",
                "C7",
                "C9",
                "C20",
                "C10"
            ]
        ],
        "C14": [
            false,
            [
                "C85",
                "C28",
                "C27",
                "C64",
                "C65",
                "C56",
                "C76",
                "C35",
                "C69",
                "C17",
                "C86"
            ]
        ],
        "C15": [
            true,
            [
                "C99",
                "C31",
                "C49",
                "C92",
                "C78",
                "C98",
                "C96",
                "C50",
                "C4",
                "C112",
                "C117"
            ]
        ],
        "C16": [
            false,
            [
                "C111",
                "C80",
                "C107",
                "C30",
                "C18"
            ]
        ],
        "C17": [
            false,
            [
                "C44"
            ]
        ],
        "C18": [
            false,
            [
                "C75",
                "C1",
                "C10",
                "C36",
                "C122",
                "C35",
                "C78",
                "C28",
                "C126"
            ]
        ],
        "C19": [
            false,
            [
                "C7",
                "C38",
                "C117",
                "C50",
                "C62"
            ]
        ],
        "C20": [
            false,
            [
                "C16",
                "C113",
                "C67",
                "C89",
                "C77",
                "C90",
                "C105",
                "C46"
            ]
        ],
        "C21": [
            false,
            [
                "C91",
                "C112",
                "C121",
                "C115",
                "C118",
                "C50",
                "C43"
            ]
        ],
        "C22": [
            false,
            [
                "C98"
            ]
        ],
        "C23": [
            false,
            [
                "C52",
                "C113",
                "C37",
                "C97",
                "C80",
                "C110",
                "C51"
            ]
        ],
        "C24": [
            false,
            [
                "C43",
                "C13",
                "C15",
                "C73",
                "C80",
                "C16",
                "C100"
            ]
        ],
        "C25": [
            false,
            [
                "C94",
                "C91",
                "C16",
                "C83",
                "C17",
                "C120",
                "C37",
                "C112",
                "C59",
                "C56",
                "C86",
                "C13"
            ]
        ],
        "C26": [
            false,
            [
                "C29",
                "C78"
            ]
        ],
        "C27": [
            false,
            [
                "C25",
                "C124"
            ]
        ],
        "C28": [
            false,
            [
                "C22",
                "C33"
            ]
        ],
        "C29": [
            false,
            [
                "C113",
                "C35",
                "C38"
            ]
        ],
        "C30": [
            false,
            [
                "C33",
                "C36",
                "C50",
                "C75"
            ]
        ],
        "C31": [
            false,
            [
                "C36",
                "C14",
                "C112",
                "C30"
            ]
        ],
        "C32": [
            false,
            [
                "C37",
                "C61"
            ]
        ],
        "C33": [
            false,
            []
        ],
        "C34": [
            false,
            [
                "C86",
                "C54"
            ]
        ],
        "C35": [
            true,
            [
                "C3",
                "C0",
                "C120",
                "C39",
                "C57",
                "C37",
                "C72",
                "C70",
                "C68",
                "C65"
            ]
        ],
        "C36": [
            false,
            [
                "C15",
                "C86",
                "C25",
                "C50"
            ]
        ],
        "C37": [
            false,
            [
                "C114",
                "C72",
                "C14",
                "C91",
                "C86",
                "C65",
                "C3",
                "C11",
                "C119",
                "C46"
            ]
        ],
        "C38": [
            false,
            [
                "C39",
                "C64",
                "C78",
                "C58",
                "C13"
            ]
        ],
        "C39": [
            false,
            [
                "C41",
                "C50",
                "C35",
                "C22",
                "C89",
                "C52",
                "C42",
                "C46",
                "C55"
            ]
        ],
        "C40": [
            false,
            [
                "C38",
                "C12",
                "C21"
            ]
        ],
        "C41": [
            false,
            [
                "C106",
                "C27",
                "C96",
                "C43",
                "C101",
                "C73",
                "C89",
                "C98"
            ]
        ],
        "C42": [
            false,
            []
        ],
        "C43": [
            false,
            [
                "C10",
                "C117",
                "C112",
                "C32",
                "C22",
                "C16",
                "C57",
                "C77",
                "C124"
            ]
        ],
        "C44": [
            false,
            [
                "C15",
                "C78",
                "C13",
                "C46",
                "C42",
                "C124",
                "C67",
                "C50",
                "C2",
                "C58"
            ]
        ],
        "C45": [
            true,
            [
                "C41",
                "C94",
                "C57",
                "C97",
                "C20",
                "C88",
                "C118",
                "C60"
            ]
        ],
        "C46": [
            false,
            [
                "C11",
                "C56",
                "C86",
                "C115",
                "C113",
                "C32",
                "C106"
            ]
        ],
        "C47": [
            false,
            []
        ],
        "C48": [
            false,
            [
                "C52",
                "C54",
                "C96",
                "C6",
                "C108",
                "C49",
                "C88",
                "C7",
                "C98",
                "C112",
                "C3",
                "C34"
            ]
        ],
        "C49": [
            false,
            [
                "C25",
                "C117",
                "C84"
            ]
        ],
        "C50": [
            false,
            []
        ],
        "C51": [
            false,
            [
                "C25",
                "C4",
                "C82",
                "C62",
                "C84",
                "C34",
                "C26",
                "C111"
            ]
        ],
        "C52": [
            false,
            [
                "C32",
                "C104"
            ]
        ],
        "C53": [
            false,
            [
                "C33",
                "C40",
                "C26",
                "C28",
                "C107"
            ]
        ],
        "C54": [
            false,
            [
                "C69",
                "C121",
                "C21",
                "C49"
            ]
        ],
        "C55": [
            false,
            [
                "C71",
                "C21",
                "C27"
            ]
        ],
        "C56": [
            false,
            [
                "C25",
                "C96"
            ]
        ],
        "C57": [
            false,
            [
                "C102",
                "C13",
                "C96",
                "C46",
                "C83",
                "C54",
                "C106",
                "C18",
                "C52",
                "C24",
                "C69",
                "C115"
            ]
        ],
        "C58": [
            false,
            [
                "C97",
                "C127",
                "C120",
                "C118",
                "C18",
                "C19",
                "C7",
                "C11"
            ]
        ],
        "C59": [
            true,
            [
                "C62",
                "C50",
                "C41",
                "C2",
                "C115",
                "C101",
                "C46",
                "C93",
                "C123",
                "C54"
            ]
        ],
        "C60": [
            false,
            [
                "C98"
            ]
        ],
        "C61": [
            false,
            [
                "C94",
                "C110",
                "C38",
                "C82",
                "C21",
                "C103",
                "C17",
                "C91",
                "C6"
            ]
        ],
        "C62": [
            false,
            [
                "C23",
                "C4",
                "C2",
                "C60",
                "C109",
                "C110",
                "C119",
                "C83",
                "C10"
            ]
        ],
        "C63": [
            false,
            [
                "C46",
                "C122",
                "C58",
                "C56",
                "C125",
                "C116",
                "C115",
                "C52",
                "C18",
                "C88"
            ]
        ],
        "C64": [
            false,
            [
                "C48",
                "C103",
                "C83",
                "C120",
                "C72",
                "C86",
                "C58",
                "C47"
            ]
        ],
        "C65": [
            false,
            [
                "C121",
                "C75",
                "C79",
                "C58",
                "C56"
            ]
        ],
        "C66": [
            false,
            [
                "C119",
                "C39",
                "C48",
                "C64",
                "C26",
                "C37",
                "C55",
                "C27"
            ]
        ],
        "C67": [
            false,
            [
                "C107"
            ]
        ],
        "C68": [
            false,
            [
                "C128",
                "C107",
                "C47",
                "C28",
                "C24",
                "C60",
                "C125",
                "C93",
                "C109",
                "C72",
                "C115"
            ]
        ],
        "C69": [
            false,
            [
                "C44",
                "C8",
                "C96",
                "C127",
                "C119",
                "C42",
                "C51",
                "C72",
                "C39",
                "C20",
                "C101"
            ]
        ],
        "C70": [
            false,
            [
                "C93",
                "C73",
                "C4",
                "C15",
                "C19",
                "C7",
                "C57",
                "C3",
                "C25",
                "C45"
            ]
        ],
        "C71": [
            true,
            [
                "C34"
            ]
        ],
        "C72": [
            false,
            [
                "C74",
                "C103",
                "C53",
                "C51"
            ]
        ],
        "C73": [
            false,
            []
        ],
        "C74": [
            false,
            [
                "C114",
                "C58"
            ]
        ],
        "C75": [
            false,
            [
                "C87",
                "C39",
                "C125",
                "C78",
                "C11",
                "C51",
                "C58",
                "C40",
                "C18"
            ]
        ],
        "C76": [
            false,
            [
                "C38",
                "C53",
                "C10"
            ]
        ],
        "C77": [
            true,
            [
                "C66",
                "C10",
                "C14",
                "C81",
                "C23",
                "C83"
            ]
        ],
        "C78": [
            false,
            [
                "C52",
                "C56",
                "C93",
                "C31",
                "C60",
                "C0"
            ]
        ],
        "C79": [
            false,
            [
                "C78",
                "C35",
                "C10"
            ]
        ],
        "C80": [
            false,
            [
                "C17",
                "C48",
                "C12",
                "C52",
                "C79",
                "C38",
                "C43",
                "C85",
                "C24",
                "C41",
                "C74"
            ]
        ],
        "C81": [
            false,
            [
                "C32",
                "C94",
                "C98"
            ]
        ],
        "C82": [
            false,
            [
                "C3",
                "C73",
                "C75",
                "C104",
                "C92"
            ]
        ],
        "C83": [
            false,
            [
                "C107",
                "C1",
                "C54",
                "C49",
                "C102"
            ]
        ],
        "C84": [
            false,
            [
                "C71",
                "C81",
                "C62",
                "C31",
                "C87"
            ]
        ],
        "C85": [
            false,
            [
                "C78",
                "C62",
                "C76",
                "C119",
                "C122",
                "C94",
                "C107"
            ]
        ],
        "C86": [
            false,
            [
                "C62",
                "C39",
                "C121",
                "C52"
            ]
        ],
        "C87": [
            false,
            [
                "C39",
                "C97",
                "C14"
            ]
        ],
        "C88": [
            false,
            [
                "C61",
                "C44",
                "C15",
                "C108"
            ]
        ],
        "C89": [
            false,
            [
                "C23"
            ]
        ],
        "C90": [
            true,
            [
                "C30",
                "C116"
            ]
        ],
        "C91": [
            false,
            [
                "C2",
                "C69",
                "C54",
                "C121",
                "C107",
                "C89",
                "C6",
                "C72",
                "C51",
                "C48",
                "C118"
            ]
        ],
        "C92": [
            false,
            [
                "C64",
                "C27"
            ]
        ],
        "C93": [
            true,
            [
                "C115",
                "C78",
                "C11",
                "C112",
                "C41",
                "C123",
                "C105",
                "C25",
                "C28",
                "C107"
            ]
        ],
        "C94": [
            true,
            [
                "C37",
                "C13",
                "C124",
                "C64"
            ]
        ],
        "C95": [
            false,
            [
                "C119",
                "C80",
                "C18"
            ]
        ],
        "C96": [
            false,
            [
                "C117",
                "C121",
                "C125",
                "C78",
                "C33",
                "C93",
                "C30",
                "C11",
                "C22",
                "C110"
            ]
        ],
        "C97": [
            false,
            [
                "C128",
                "C123",
                "C113",
                "C19",
                "C17"
            ]
        ],
        "C98": [
            true,
            [
                "C100",
                "C122",
                "C66",
                "C125",
                "C116",
                "C87",
                "C55",
                "C20",
                "C37"
            ]
        ],
        "C99": [
            false,
            [
                "C119",
                "C122",
                "C10",
                "C110",
                "C97",
                "C94",
                "C89",
                "C21",
                "C86",
                "C73"
            ]
        ],
        "C100": [
            false,
            []
        ],
        "C101": [
            false,
            [
                "C38",
                "C111",
                "C74"
            ]
        ],
        "C102": [
            false,
            [
                "C85",
                "C61",
                "C104",
                "C105",
                "C103",
                "C2",
                "C41"
            ]
        ],
        "C103": [
            false,
            [
                "C78",
                "C104",
                "C25",
                "C73",
                "C93",
                "C81",
                "C69",
                "C95"
            ]
        ],
        "C104": [
            false,
            [
                "C28"
            ]
        ],
        "C105": [
            false,
            [
                "C124",
                "C87",
                "C81",
                "C94",
                "C55",
                "C38",
                "C23",
                "C89",
                "C112",
                "C4",
                "C92",
                "C107"
            ]
        ],
        "C106": [
            false,
            [
                "C97",
                "C35",
                "C90",
                "C103"
            ]
        ],
        "C107": [
            false,
            [
                "C47",
                "C54",
                "C0",
                "C83",
                "C82",
                "C70",
                "C75"
            ]
        ],
        "C108": [
            false,
            [
                "C105",
                "C76",
                "C71"
            ]
        ],
        "C109": [
            false,
            [
                "C57",
                "C122",
                "C78",
                "C123",
                "C3",
                "C121",
                "C52",
                "C69",
                "C25"
            ]
        ],
        "C110": [
            false,
            [
                "C124",
                "C30",
                "C93",
                "C112",
                "C101",
                "C36"
            ]
        ],
        "C111": [
            false,
            [
                "C77",
                "C7",
                "C101",
                "C63",
                "C55",
                "C86",
                "C22",
                "C107"
            ]
        ],
        "C112": [
            false,
            [
                "C103",
                "C66"
            ]
        ],
        "C113": [
            false,
            [
                "C125",
                "C13",
                "C52",
                "C111",
                "C116",
                "C97",
                "C106"
            ]
        ],
        "C114": [
            false,
            [
                "C117"
            ]
        ],
        "C115": [
            false,
            [
                "C44",
                "C15",
                "C6",
                "C42",
                "C58",
                "C28",
                "C60"
            ]
        ],
        "C116": [
            false,
            [
                "C11",
                "C41",
                "C12",
                "C5",
                "C23",
                "C71",
                "C80",
                "C8",
                "C19"
            ]
        ],
        "C117": [
            true,
            [
                "C110",
                "C34",
                "C72",
                "C76",
                "C78",
                "C0",
                "C6",
                "C8",
                "C58",
                "C119",
                "C32",
                "C33"
            ]
        ],
        "C118": [
            false,
            [
                "C117",
                "C41",
                "C77",
                "C38"
            ]
        ],
        "C119": [
            false,
            [
                "C57",
                "C13",
                "C90",
                "C102"
            ]
        ],
        "C120": [
            false,
            [
                "C106",
                "C5",
                "C81",
                "C15",
                "C36",
                "C51",
                "C14",
                "C7",
                "C102"
            ]
        ],
        "C121": [
            false,
            [
                "C44",
                "C128",
                "C73",
                "C100",
                "C51",
                "C84",
                "C86"
            ]
        ],
        "C122": [
            false,
            [
                "C97",
                "C64",
                "C44",
                "C37",
                "C100"
            ]
        ],
        "C123": [
            false,
            []
        ],
        "C124": [
            false,
            [
                "C29",
                "C114",
                "C94",
                "C118",
                "C0",
                "C23",
                "C1",
                "C10",
                "C71",
                "C117"
            ]
        ],
        "C125": [
            true,
            [
                "C76",
                "C11",
                "C90",
                "C22",
                "C95",
                "C72",
                "C33",
                "C17",
                "C47"
            ]
        ],
        "C126": [
            false,
            [
                "C14",
                "C47",
                "C119",
                "C41",
                "C83",
                "C31",
                "C18",
                "C70",
                "C27",
                "C110",
                "C87",
                "C9"
            ]
        ],
        "C127": [
            false,
            [
                "C103",
                "C89",
                "C113",
                "C48",
                "C27",
                "C58",
                "C44",
                "C86",
                "C22",
                "C84",
                "C95",
                "C35"
            ]
        ],
        "C128": [
            true,
            [
                "C119",
                "C67",
                "C33",
                "C100",
                "C105",
                "C121",
                "C29",
                "C11",
                "C44"
            ]
        ]
    },
    "ground_truth_fault_paths": [
        [
            "C90",
            "C125",
            "C98",
            "C15"
        ],
        [
            "C93",
            "C59"
        ],
        [
            "C94",
            "C45"
        ],
        [
            "C117",
            "C15"
        ],
        [
            "C35"
        ],
        [
            "C71"
        ],
        [
            "C77"
        ],
        [
            "C128"
        ]
    ],
    "error_codes": {
        "E0": [
            "FC0",
            [
                "C15",
                "C96",
                "C38",
                "C114",
                "C117"
            ]
        ],
        "E1": [
            "FC1",
            [
                "C59",
                "C127"
            ]
        ],
        "E2": [
            "FC2",
            [
                "C45",
                "C79",
                "C125",
                "C40",
                "C13",
                "C87",
                "C34",
                "C22",
                "C126",
                "C118",
                "C90",
                "C8"
            ]
        ],
        "E3": [
            "FC3",
            [
                "C15",
                "C98",
                "C58",
                "C36",
                "C127",
                "C117",
                "C101",
                "C64",
                "C48",
                "C31"
            ]
        ],
        "E4": [
            "FC4",
            [
                "C35",
                "C42",
                "C73"
            ]
        ],
        "E5": [
            "FC5",
            [
                "C71",
                "C11",
                "C99",
                "C1",
                "C64",
                "C62",
                "C102",
                "C106",
                "C82",
                "C126",
                "C4",
                "C72"
            ]
        ],
        "E6": [
            "FC6",
            [
                "C77",
                "C26",
                "C94"
            ]
        ],
        "E7": [
            "FC7",
            [
                "C128",
                "C83",
                "C108",
                "C64",
                "C32"
            ]
        ]
    },
    "sim_accuracies": {
        "C0": [
            "0.9114181664110338",
            "False"
        ],
        "C1": [
            "0.9496498636286586",
            "False"
        ],
        "C2": [
            "0.9196999717033252",
            "False"
        ],
        "C3": [
            "0.949585555216994",
            "False"
        ],
        "C4": [
            "0.908839531498977",
            "False"
        ],
        "C5": [
            "0.9385742858507613",
            "False"
        ],
        "C6": [
            "0.9308157041046691",
            "False"
        ],
        "C7": [
            "0.9217984271208334",
            "False"
        ],
        "C8": [
            "0.9384534121700059",
            "False"
        ],
        "C9": [
            "0.9199007334866465",
            "False"
        ],
        "C10": [
            "0.9373866137411366",
            "False"
        ],
        "C11": [
            "0.9378326170182447",
            "False"
        ],
        "C12": [
            "0.9338164861007711",
            "False"
        ],
        "C13": [
            "0.9272490489620515",
            "False"
        ],
        "C14": [
            "0.9223412064162638",
            "False"
        ],
        "C15": [
            "0.9342886766665998",
            "True"
        ],
        "C16": [
            "0.9260542796531421",
            "False"
        ],
        "C17": [
            "0.9012070411612894",
            "False"
        ],
        "C18": [
            "0.926854947128488",
            "False"
        ],
        "C19": [
            "0.9464704887630706",
            "False"
        ],
        "C20": [
            "0.9467500229316952",
            "False"
        ],
        "C21": [
            "0.9499946033741085",
            "False"
        ],
        "C22": [
            "0.9402875215132536",
            "False"
        ],
        "C23": [
            "0.90832480314494",
            "False"
        ],
        "C24": [
            "0.9017690741719107",
            "False"
        ],
        "C25": [
            "0.9239977381054884",
            "False"
        ],
        "C26": [
            "0.9383185572350093",
            "False"
        ],
        "C27": [
            "0.9336307853166043",
            "False"
        ],
        "C28": [
            "0.9292742054710367",
            "False"
        ],
        "C29": [
            "0.9076599124331886",
            "False"
        ],
        "C30": [
            "0.9192803910192814",
            "False"
        ],
        "C31": [
            "0.9069777781853542",
            "False"
        ],
        "C32": [
            "0.9457052438540109",
            "False"
        ],
        "C33": [
            "0.9334676865372464",
            "False"
        ],
        "C34": [
            "0.9356439047564487",
            "False"
        ],
        "C35": [
            "0.9254373763639379",
            "True"
        ],
        "C36": [
            "0.9236213362920452",
            "False"
        ],
        "C37": [
            "0.9167041410086292",
            "False"
        ],
        "C38": [
            "0.9198848549471037",
            "False"
        ],
        "C39": [
            "0.9197238753387477",
            "False"
        ],
        "C40": [
            "0.9032893530521233",
            "False"
        ],
        "C41": [
            "0.932174147526048",
            "False"
        ],
        "C42": [
            "0.9143165983432181",
            "False"
        ],
        "C43": [
            "0.9434954862936836",
            "False"
        ],
        "C44": [
            "0.9328905013249312",
            "False"
        ],
        "C45": [
            "0.9430497277290704",
            "True"
        ],
        "C46": [
            "0.9163860913671162",
            "False"
        ],
        "C47": [
            "0.92935907419144",
            "False"
        ],
        "C48": [
            "0.917526517231307",
            "False"
        ],
        "C49": [
            "0.9110912777623837",
            "False"
        ],
        "C50": [
            "0.9000453258374929",
            "False"
        ],
        "C51": [
            "0.9236853112625122",
            "False"
        ],
        "C52": [
            "0.9205917830728807",
            "False"
        ],
        "C53": [
            "0.9495610622180689",
            "False"
        ],
        "C54": [
            "0.9066364915217177",
            "False"
        ],
        "C55": [
            "0.9260149841129587",
            "False"
        ],
        "C56": [
            "0.9149620192278847",
            "False"
        ],
        "C57": [
            "0.909604348577467",
            "False"
        ],
        "C58": [
            "0.9328253772427921",
            "False"
        ],
        "C59": [
            "0.9040498006669406",
            "True"
        ],
        "C60": [
            "0.9154744551966729",
            "False"
        ],
        "C61": [
            "0.900830834350141",
            "False"
        ],
        "C62": [
            "0.9200341836771847",
            "False"
        ],
        "C63": [
            "0.9157595057909772",
            "False"
        ],
        "C64": [
            "0.9106511616332553",
            "False"
        ],
        "C65": [
            "0.9352267310010172",
            "False"
        ],
        "C66": [
            "0.9430950436157156",
            "False"
        ],
        "C67": [
            "0.9297268613128311",
            "False"
        ],
        "C68": [
            "0.9455597841470585",
            "False"
        ],
        "C69": [
            "0.9203807613209695",
            "False"
        ],
        "C70": [
            "0.949647736606091",
            "False"
        ],
        "C71": [
            "0.9472339836046166",
            "True"
        ],
        "C72": [
            "0.9006409801925778",
            "False"
        ],
        "C73": [
            "0.9112727167148216",
            "False"
        ],
        "C74": [
            "0.9480918694168474",
            "False"
        ],
        "C75": [
            "0.9435700352083741",
            "False"
        ],
        "C76": [
            "0.9169803982973024",
            "False"
        ],
        "C77": [
            "0.9416154164568254",
            "True"
        ],
        "C78": [
            "0.9279683109209951",
            "False"
        ],
        "C79": [
            "0.9216579235752378",
            "False"
        ],
        "C80": [
            "0.9431618551906731",
            "False"
        ],
        "C81": [
            "0.9131361758039289",
            "False"
        ],
        "C82": [
            "0.9263884596142847",
            "False"
        ],
        "C83": [
            "0.9447162632965288",
            "False"
        ],
        "C84": [
            "0.9260455306176377",
            "False"
        ],
        "C85": [
            "0.9392569724518397",
            "False"
        ],
        "C86": [
            "0.9350899247481036",
            "False"
        ],
        "C87": [
            "0.9367977420643475",
            "False"
        ],
        "C88": [
            "0.9179377577854739",
            "False"
        ],
        "C89": [
            "0.9332276445392744",
            "False"
        ],
        "C90": [
            "0.9465672276273883",
            "True"
        ],
        "C91": [
            "0.9077090529888597",
            "False"
        ],
        "C92": [
            "0.9461080022773509",
            "False"
        ],
        "C93": [
            "0.9150642765738507",
            "True"
        ],
        "C94": [
            "0.9240406786251849",
            "True"
        ],
        "C95": [
            "0.9318007066077463",
            "False"
        ],
        "C96": [
            "0.9445074078401743",
            "False"
        ],
        "C97": [
            "0.9071103759944884",
            "False"
        ],
        "C98": [
            "0.9206134523727375",
            "True"
        ],
        "C99": [
            "0.9082609049761246",
            "False"
        ],
        "C100": [
            "0.9326168658673093",
            "False"
        ],
        "C101": [
            "0.9253559472574527",
            "False"
        ],
        "C102": [
            "0.9082636450653291",
            "False"
        ],
        "C103": [
            "0.9298074229150415",
            "False"
        ],
        "C104": [
            "0.9165494273024865",
            "False"
        ],
        "C105": [
            "0.9164490063056403",
            "False"
        ],
        "C106": [
            "0.9048183247274239",
            "False"
        ],
        "C107": [
            "0.9380680256619959",
            "False"
        ],
        "C108": [
            "0.9353649451931678",
            "False"
        ],
        "C109": [
            "0.9417537618547704",
            "False"
        ],
        "C110": [
            "0.9188099471934698",
            "False"
        ],
        "C111": [
            "0.9362648781178224",
            "False"
        ],
        "C112": [
            "0.9441457952836166",
            "False"
        ],
        "C113": [
            "0.9136370210916431",
            "False"
        ],
        "C114": [
            "0.9413941681580742",
            "False"
        ],
        "C115": [
            "0.9006903192996112",
            "False"
        ],
        "C116": [
            "0.933964994178972",
            "False"
        ],
        "C117": [
            "0.9195215525008423",
            "True"
        ],
        "C118": [
            "0.9298719660508297",
            "False"
        ],
        "C119": [
            "0.9233415390168981",
            "False"
        ],
        "C120": [
            "0.9467471602672778",
            "False"
        ],
        "C121": [
            "0.9047825129974565",
            "False"
        ],
        "C122": [
            "0.9305124428385632",
            "False"
        ],
        "C123": [
            "0.9476326797052164",
            "False"
        ],
        "C124": [
            "0.9075410138946559",
            "False"
        ],
        "C125": [
            "0.9413217617809093",
            "True"
        ],
        "C126": [
            "0.9491589773848365",
            "False"
        ],
        "C127": [
            "0.9033454987237151",
            "False"
        ],
        "C128": [
            "0.9053944140118607",
            "True"
        ]
    }
}