{
    "suspect_components": {
        "C0": [
            false,
            [
                "C12",
                "C50",
                "C65",
                "C125"
            ]
        ],
        "C1": [
            false,
            [
                "C74",
                "C121",
                "C116",
                "C96",
                "C71",
                "C103",
                "C56",
                "C126",
                "C122"
            ]
        ],
        "C2": [
            false,
            [
                "C34",
                "C126"
            ]
        ],
        "C3": [
            true,
            [
                "C81",
                "C21",
                "C119",
                "C115"
            ]
        ],
        "C4": [
            false,
            [
                "C61",
                "C10",
                "C73",
                "C60",
                "C16",
                "C86"
            ]
        ],
        "C5": [
            false,
            [
                "C29",
                "C21",
                "C64"
            ]
        ],
        "C6": [
            false,
            [
                "C34"
            ]
        ],
        "C7": [
            false,
            [
                "C62",
                "C60",
                "C28",
                "C120",
                "C54",
                "C55",
                "C101",
                "C75",
                "C32",
                "C83"
            ]
        ],
        "C8": [
            false,
            [
                "C20",
                "C81",
                "C57",
                "C14",
                "C108"
            ]
        ],
        "C9": [
            false,
            [
                "C49",
                "C121",
                "C127"
            ]
        ],
        "C10": [
            false,
            [
                "C26",
                "C2",
                "C50"
            ]
        ],
        "C11": [
            true,
            [
                "C51",
                "C39",
                "C20",
                "C57",
                "C77",
                "C7",
                "C55",
                "C54",
                "C108",
                "C78"
            ]
        ],
        "C12": [
            false,
            [
                "C90",
                "C16"
            ]
        ],
        "C13": [
            false,
            [
                "C114"
            ]
        ],
        "C14": [
            true,
            [
                "C2",
                "C117",
                "C83",
                "C125",
                "C118",
                "C126",
                "C76",
                "C78",
                "C98",
                "C43"
            ]
        ],
        "C15": [
            false,
            [
                "C1",
                "C98",
                "C0",
                "C11",
                "C20",
                "C14",
                "C90",
                "C94",
                "C22",
                "C27"
            ]
        ],
        "C16": [
            false,
            [
                "C51",
                "C38",
                "C36",
                "C122",
                "C98"
            ]
        ],
        "C17": [
            false,
            [
                "C10",
                "C53",
                "C78",
                "C69",
                "C115",
                "C12",
                "C3",
                "C67",
                "C117",
                "C44"
            ]
        ],
        "C18": [
            false,
            [
                "C65",
                "C94",
                "C122",
                "C44",
                "C101",
                "C126",
                "C119",
                "C43",
                "C1",
                "C113"
            ]
        ],
        "C19": [
            false,
            [
                "C43",
                "C13",
                "C12",
                "C16",
                "C88",
                "C71",
                "C110",
                "C96",
                "C9",
                "C124",
                "C116"
            ]
        ],
        "C20": [
            false,
            [
                "C67",
                "C45",
                "C92",
                "C80",
                "C53",
                "C101",
                "C22",
                "C21"
            ]
        ],
        "C21": [
            false,
            [
                "C72",
                "C112",
                "C10",
                "C79",
                "C1",
                "C90"
            ]
        ],
        "C22": [
            true,
            [
                "C46",
                "C73",
                "C86",
                "C127",
                "C77",
                "C24",
                "C101"
            ]
        ],
        "C23": [
            false,
            [
                "C68",
                "C85",
                "C50",
                "C120",
                "C81",
                "C124",
                "C51",
                "C65",
                "C34",
                "C96"
            ]
        ],
        "C24": [
            false,
            [
                "C17",
                "C10",
                "C92",
                "C56",
                "C61",
                "C1"
            ]
        ],
        "C25": [
            false,
            [
                "C60",
                "C22",
                "C50",
                "C115",
                "C31"
            ]
        ],
        "C26": [
            false,
            [
                "C90",
                "C39",
                "C125",
                "C16",
                "C19",
                "C77",
                "C115"
            ]
        ],
        "C27": [
            true,
            [
                "C49",
                "C74",
                "C78",
                "C40",
                "C53",
                "C100",
                "C105",
                "C92",
                "C79",
                "C41",
                "C56",
                "C34"
            ]
        ],
        "C28": [
            false,
            [
                "C98",
                "C16",
                "C114"
            ]
        ],
        "C29": [
            false,
            [
                "C96",
                "C22",
                "C64",
                "C20",
                "C70",
                "C72",
                "C111",
                "C110",
                "C73",
                "C78",
                "C84"
            ]
        ],
        "C30": [
            false,
            [
                "C116",
                "C6",
                "C124"
            ]
        ],
        "C31": [
            false,
            [
                "C42",
                "C34",
                "C28",
                "C89",
                "C10"
            ]
        ],
        "C32": [
            false,
            [
                "C56",
                "C47",
                "C5",
                "C97",
                "C85",
                "C98",
                "C116",
                "C6",
                "C41"
            ]
        ],
        "C33": [
            false,
            [
                "C62",
                "C127",
                "C102",
                "C20",
                "C66",
                "C23",
                "C41"
            ]
        ],
        "C34": [
            false,
            [
                "C22",
                "C123",
                "C11",
                "C61",
                "C14",
                "C107",
                "C124",
                "C111",
                "C113"
            ]
        ],
        "C35": [
            false,
            [
                "C126",
                "C10"
            ]
        ],
        "C36": [
            false,
            [
                "C42",
                "C19",
                "C114",
                "C23",
                "C99",
                "C16"
            ]
        ],
        "C37": [
            false,
            []
        ],
        "C38": [
            false,
            [
                "C11",
                "C16"
            ]
        ],
        "C39": [
            false,
            [
                "C81",
                "C3",
                "C93",
                "C22"
            ]
        ],
        "C40": [
            false,
            [
                "C70",
                "C43",
                "C33",
                "C20",
                "C69",
                "C21",
                "C93",
                "C90",
                "C77",
                "C29",
                "C50",
                "C27"
            ]
        ],
        "C41": [
            false,
            [
                "C117",
                "C69",
                "C123",
                "C2",
                "C91",
                "C5",
                "C88",
                "C105",
                "C79",
                "C19"
            ]
        ],
        "C42": [
            false,
            [
                "C88",
                "C5",
                "C73",
                "C110",
                "C93",
                "C70",
                "C117"
            ]
        ],
        "C43": [
            false,
            [
                "C23",
                "C78",
                "C33",
                "C2",
                "C35"
            ]
        ],
        "C44": [
            false,
            [
                "C45"
            ]
        ],
        "C45": [
            false,
            [
                "C14",
                "C122",
                "C81",
                "C107",
                "C25",
                "C104",
                "C43",
                "C105",
                "C92",
                "C117"
            ]
        ],
        "C46": [
            false,
            [
                "C18",
                "C39",
                "C42",
                "C11",
                "C120",
                "C7",
                "C14"
            ]
        ],
        "C47": [
            false,
            [
                "C88",
                "C86"
            ]
        ],
        "C48": [
            false,
            [
                "C128",
                "C34",
                "C63",
                "C43",
                "C58",
                "C86",
                "C31",
                "C102",
                "C14",
                "C28"
            ]
        ],
        "C49": [
            false,
            [
                "C1",
                "C63",
                "C60",
                "C34",
                "C121",
                "C23",
                "C113",
                "C98",
                "C109"
            ]
        ],
        "C50": [
            false,
            [
                "C71",
                "C22",
                "C109",
                "C53",
                "C76",
                "C35"
            ]
        ],
        "C51": [
            false,
            [
                "C8",
                "C115",
                "C31"
            ]
        ],
        "C52": [
            false,
            [
                "C66"
            ]
        ],
        "C53": [
            false,
            [
                "C66",
                "C69",
                "C10",
                "C123",
                "C58"
            ]
        ],
        "C54": [
            false,
            [
                "C99",
                "C16",
                "C46",
                "C107",
                "C26",
                "C45",
                "C103",
                "C49",
                "C50",
                "C95",
                "C15"
            ]
        ],
        "C55": [
            false,
            [
                "C56",
                "C99",
                "C121",
                "C114"
            ]
        ],
        "C56": [
            false,
            [
                "C109",
                "C54",
                "C85",
                "C120",
                "C33",
                "C111",
                "C38"
            ]
        ],
        "C57": [
            true,
            [
                "C12",
                "C95",
                "C108",
                "C17",
                "C69",
                "C30"
            ]
        ],
        "C58": [
            false,
            [
                "C38",
                "C56",
                "C77",
                "C16",
                "C22",
                "C104",
                "C42",
                "C79"
            ]
        ],
        "C59": [
            false,
            [
                "C85",
                "C12"
            ]
        ],
        "C60": [
            false,
            [
                "C123",
                "C107",
                "C59",
                "C114",
                "C24",
                "C29",
                "C8",
                "C61"
            ]
        ],
        "C61": [
            false,
            [
                "C128",
                "C41",
                "C3"
            ]
        ],
        "C62": [
            false,
            [
                "C71",
                "C31",
                "C119",
                "C20",
                "C6",
                "C39",
                "C74"
            ]
        ],
        "C63": [
            false,
            [
                "C85",
                "C18",
                "C28",
                "C122",
                "C59",
                "C61",
                "C17",
                "C106",
                "C117",
                "C67",
                "C43",
                "C118"
            ]
        ],
        "C64": [
            false,
            [
                "C114",
                "C118",
                "C9",
                "C22",
                "C128",
                "C43",
                "C74",
                "C8",
                "C98",
                "C115",
                "C99"
            ]
        ],
        "C65": [
            false,
            [
                "C85",
                "C52",
                "C60",
                "C102",
                "C57",
                "C62",
                "C5",
                "C23",
                "C109",
                "C92",
                "C112"
            ]
        ],
        "C66": [
            false,
            [
                "C77",
                "C107"
            ]
        ],
        "C67": [
            false,
            [
                "C118",
                "C71",
                "C97",
                "C93",
                "C8",
                "C25",
                "C111",
                "C45",
                "C106",
                "C17",
                "C70"
            ]
        ],
        "C68": [
            false,
            [
                "C28",
                "C80",
                "C34",
                "C30",
                "C63",
                "C12",
                "C44",
                "C45",
                "C85",
                "C18",
                "C124",
                "C91"
            ]
        ],
        "C69": [
            false,
            [
                "C12",
                "C70",
                "C45",
                "C34",
                "C20",
                "C85",
                "C0",
                "C86",
                "C127",
                "C64",
                "C68",
                "C84"
            ]
        ],
        "C70": [
            false,
            []
        ],
        "C71": [
            false,
            [
                "C13",
                "C96",
                "C25",
                "C16",
                "C9",
                "C35",
                "C80",
                "C70",
                "C5",
                "C85"
            ]
        ],
        "C72": [
            false,
            [
                "C117",
                "C123",
                "C0",
                "C83",
                "C82",
                "C79",
                "C102"
            ]
        ],
        "C73": [
            false,
            []
        ],
        "C74": [
            false,
            [
                "C28",
                "C81",
                "C80",
                "C40",
                "C126",
                "C8",
                "C91",
                "C124",
                "C67",
                "C62",
                "C58",
                "C49"
            ]
        ],
        "C75": [
            false,
            [
                "C106",
                "C81",
                "C93",
                "C74",
                "C71"
            ]
        ],
        "C76": [
            true,
            [
                "C88",
                "C84",
                "C94",
                "C66",
                "C24",
                "C62",
                "C47"
            ]
        ],
        "C77": [
            false,
            [
                "C4",
                "C75",
                "C74",
                "C58",
                "C80",
                "C39"
            ]
        ],
        "C78": [
            false,
            [
                "C37",
                "C63",
                "C14",
                "C81",
                "C103",
                "C16",
                "C25",
                "C90",
                "C45"
            ]
        ],
        "C79": [
            false,
            [
                "C36",
                "C124",
                "C115",
                "C53",
                "C44",
                "C0",
                "C37"
            ]
        ],
        "C80": [
            true,
            [
                "C102",
                "C65",
                "C6",
                "C119",
                "C105",
                "C90",
                "C88",
                "C9",
                "C59",
                "C84",
                "C112"
            ]
        ],
        "C81": [
            false,
            [
                "C2",
                "C15"
            ]
        ],
        "C82": [
            false,
            []
        ],
        "C83": [
            false,
            []
        ],
        "C84": [
            true,
            [
                "C52",
                "C73"
            ]
        ],
        "C85": [
            true,
            [
                "C73"
            ]
        ],
        "C86": [
            false,
            [
                "C37",
                "C51",
                "C88"
            ]
        ],
        "C87": [
            true,
            [
                "C94",
                "C90",
                "C113"
            ]
        ],
        "C88": [
            false,
            [
                "C90",
                "C27",
                "C74",
                "C35",
                "C4"
            ]
        ],
        "C89": [
            false,
            [
                "C58",
                "C61",
                "C60",
                "C123",
                "C3",
                "C68",
                "C97",
                "C106",
                "C113",
                "C80",
                "C72",
                "C81"
            ]
        ],
        "C90": [
            false,
            [
                "C126",
                "C110",
                "C78",
                "C20",
                "C80",
                "C105",
                "C118",
                "C107",
                "C27",
                "C25",
                "C21",
                "C124"
            ]
        ],
        "C91": [
            false,
            [
                "C27"
            ]
        ],
        "C92": [
            false,
            [
                "C20",
                "C44",
                "C127",
                "C17",
                "C97",
                "C71",
                "C87",
                "C24"
            ]
        ],
        "C93": [
            false,
            [
                "C73",
                "C72"
            ]
        ],
        "C94": [
            true,
            [
                "C35",
                "C41",
                "C42"
            ]
        ],
        "C95": [
            false,
            [
                "C5",
                "C124",
                "C115",
                "C88",
                "C74",
                "C102",
                "C32",
                "C96",
                "C55",
                "C75",
                "C44"
            ]
        ],
        "C96": [
            false,
            [
                "C85"
            ]
        ],
        "C97": [
            false,
            [
                "C7",
                "C69",
                "C37",
                "C28",
                "C64",
                "C88",
                "C18",
                "C12",
                "C9",
                "C125",
                "C53",
                "C83"
            ]
        ],
        "C98": [
            false,
            [
                "C3",
                "C9"
            ]
        ],
        "C99": [
            false,
            []
        ],
        "C100": [
            false,
            [
                "C49",
                "C50",
                "C62",
                "C120",
                "C2",
                "C14"
            ]
        ],
        "C101": [
            false,
            []
        ],
        "C102": [
            false,
            [
                "C13",
                "C21",
                "C54",
                "C29",
                "C95",
                "C15",
                "C71"
            ]
        ],
        "C103": [
            false,
            [
                "C35",
                "C4",
                "C88",
                "C105",
                "C25"
            ]
        ],
        "C104": [
            false,
            [
                "C118",
                "C73",
                "C23",
                "C90",
                "C31",
                "C75",
                "C127",
                "C78"
            ]
        ],
        "C105": [
            false,
            [
                "C67",
                "C124",
                "C63",
                "C127",
                "C89",
                "C7"
            ]
        ],
        "C106": [
            false,
            [
                "C122",
                "C17",
                "C14",
                "C79",
                "C35",
                "C52",
                "C33",
                "C43",
                "C44"
            ]
        ],
        "C107": [
            false,
            [
                "C119",
                "C72",
                "C117",
                "C118",
                "C38",
                "C13",
                "C58",
                "C57",
                "C79",
                "C128",
                "C44"
            ]
        ],
        "C108": [
            false,
            [
                "C16",
                "C24",
                "C41",
                "C124",
                "C111",
                "C118",
                "C44",
                "C42"
            ]
        ],
        "C109": [
            false,
            [
                "C106",
                "C5",
                "C28",
                "C63"
            ]
        ],
        "C110": [
            false,
            []
        ],
        "C111": [
            false,
            [
                "C65",
                "C67",
                "C118",
                "C2",
                "C77",
                "C95",
                "C35",
                "C38"
            ]
        ],
        "C112": [
            false,
            [
                "C59",
                "C107",
                "C29",
                "C70",
                "C126"
            ]
        ],
        "C113": [
            false,
            [
                "C73",
                "C42",
                "C54",
                "C49",
                "C5",
                "C19"
            ]
        ],
        "C114": [
            false,
            [
                "C75",
                "C61",
                "C56",
                "C72",
                "C118"
            ]
        ],
        "C115": [
            false,
            []
        ],
        "C116": [
            false,
            [
                "C34",
                "C77",
                "C56",
                "C64",
                "C84"
            ]
        ],
        "C117": [
            false,
            [
                "C42",
                "C120",
                "C99",
                "C56",
                "C38",
                "C16",
                "C85",
                "C17",
                "C60",
                "C55"
            ]
        ],
        "C118": [
            false,
            [
                "C49",
                "C66",
                "C51",
                "C122",
                "C68",
                "C81",
                "C63",
                "C123",
                "C76"
            ]
        ],
        "C119": [
            true,
            [
                "C55",
                "C75",
                "C51",
                "C74",
                "C87",
                "C105",
                "C24",
                "C79"
            ]
        ],
        "C120": [
            false,
            [
                "C0",
                "C62",
                "C112",
                "C60",
                "C15",
                "C118",
                "C38",
                "C26",
                "C12",
                "C41",
                "C108"
            ]
        ],
        "C121": [
            false,
            [
                "C64",
                "C94",
                "C1",
                "C97",
                "C95",
                "C81",
                "C7",
                "C84",
                "C116"
            ]
        ],
        "C122": [
            false,
            [
                "C83",
                "C62",
                "C68",
                "C75",
                "C52",
                "C76"
            ]
        ],
        "C123": [
            false,
            [
                "C120",
                "C64",
                "C11",
                "C39",
                "C47",
                "C88"
            ]
        ],
        "C124": [
            false,
            [
                "C96",
                "C41",
                "C86",
                "C100",
                "C23",
                "C77",
                "C120",
                "C99",
                "C36",
                "C65",
                "C47",
                "C107"
            ]
        ],
        "C125": [
            false,
            [
                "C123",
                "C95",
                "C53",
                "C50",
                "C3",
                "C54",
                "C77"
            ]
        ],
        "C126": [
            false,
            [
                "C100",
                "C69",
                "C29",
                "C25"
            ]
        ],
        "C127": [
            false,
            [
                "C75",
                "C39",
                "C71",
                "C111",
                "C64",
                "C119",
                "C65",
                "C9",
                "C15",
                "C4"
            ]
        ],
        "C128": [
            false,
            [
                "C104",
                "C25",
                "C103",
                "C27",
                "C73"
            ]
        ]
    },
    "ground_truth_fault_paths": [
        [
            "C94",
            "C87",
            "C119",
            "C80"
        ],
        [
            "C94",
            "C87",
            "C119",
            "C3"
        ],
        [
            "C94",
            "C76",
            "C14"
        ],
        [
            "C84",
            "C76",
            "C14"
        ],
        [
            "C84",
            "C80"
        ],
        [
            "C57",
            "C11"
        ],
        [
            "C22"
        ],
        [
            "C27"
        ],
        [
            "C85"
        ]
    ],
    "error_codes": {
        "E0": [
            "FC0",
            [
                "C80",
                "C119",
                "C112",
                "C2",
                "C13",
                "C118",
                "C104",
                "C11",
                "C95",
                "C40",
                "C39"
            ]
        ],
        "E1": [
            "FC1",
            [
                "C3",
                "C109",
                "C46",
                "C56"
            ]
        ],
        "E2": [
            "FC2",
            [
                "C14",
                "C28",
                "C3",
                "C66",
                "C102",
                "C42"
            ]
        ],
        "E3": [
            "FC3",
            [
                "C14",
                "C93",
                "C7",
                "C98",
                "C89"
            ]
        ],
        "E4": [
            "FC4",
            [
                "C80",
                "C74"
            ]
        ],
        "E5": [
            "FC5",
            [
                "C11",
                "C16",
                "C7",
                "C98",
                "C8"
            ]
        ],
        "E6": [
            "FC6",
            [
                "C22",
                "C103",
                "C49",
                "C88",
                "C123",
                "C46"
            ]
        ],
        "E7": [
            "FC7",
            [
                "C27",
                "C78",
                "C117",
                "C102",
                "C73"
            ]
        ],
        "E8": [
            "FC8",
            [
                "C85",
                "C3",
                "C1",
                "C67",
                "C127",
                "C83",
                "C29",
                "C25"
            ]
        ]
    },
    "sim_accuracies": {
        "C0": [
            "0.9109257723664823",
            "False"
        ],
        "C1": [
            "0.9196406623652197",
            "False"
        ],
        "C2": [
            "0.921132368372018",
            "False"
        ],
        "C3": [
            "0.9068828703497299",
            "True"
        ],
        "C4": [
            "0.9335014816416121",
            "False"
        ],
        "C5": [
            "0.929666272625215",
            "False"
        ],
        "C6": [
            "0.9322903887137314",
            "False"
        ],
        "C7": [
            "0.9107594870429006",
            "False"
        ],
        "C8": [
            "0.922008738364973",
            "False"
        ],
        "C9": [
            "0.9201310627617323",
            "False"
        ],
        "C10": [
            "0.9404065805521766",
            "False"
        ],
        "C11": [
            "0.9092393779054743",
            "True"
        ],
        "C12": [
            "0.9242690438201526",
            "False"
        ],
        "C13": [
            "0.9254033243256315",
            "False"
        ],
        "C14": [
            "0.913127316086229",
            "True"
        ],
        "C15": [
            "0.9209749909954947",
            "False"
        ],
        "C16": [
            "0.904253415626238",
            "False"
        ],
        "C17": [
            "0.9398792380579541",
            "False"
        ],
        "C18": [
            "0.9469711027215202",
            "False"
        ],
        "C19": [
            "0.9247857083157106",
            "False"
        ],
        "C20": [
            "0.9377344343594703",
            "False"
        ],
        "C21": [
            "0.9083747992806798",
            "False"
        ],
        "C22": [
            "0.9130394071313749",
            "True"
        ],
        "C23": [
            "0.9285354304061152",
            "False"
        ],
        "C24": [
            "0.9222111648262599",
            "False"
        ],
        "C25": [
            "0.9169258896074145",
            "False"
        ],
        "C26": [
            "0.9277410644630555",
            "False"
        ],
        "C27": [
            "0.9145570461390445",
            "True"
        ],
        "C28": [
            "0.9358908271919204",
            "False"
        ],
        "C29": [
            "0.9393976929759972",
            "False"
        ],
        "C30": [
            "0.9120655404489475",
            "False"
        ],
        "C31": [
            "0.9360568289367581",
            "False"
        ],
        "C32": [
            "0.9100960502132808",
            "False"
        ],
        "C33": [
            "0.9495871379440685",
            "False"
        ],
        "C34": [
            "0.9169615344721905",
            "False"
        ],
        "C35": [
            "0.9245872701222416",
            "False"
        ],
        "C36": [
            "0.9323738624620724",
            "False"
        ],
        "C37": [
            "0.9430068466505256",
            "False"
        ],
        "C38": [
            "0.9142184385043174",
            "False"
        ],
        "C39": [
            "0.9002395454278874",
            "False"
        ],
        "C40": [
            "0.9008280136866763",
            "False"
        ],
        "C41": [
            "0.9341286749381161",
            "False"
        ],
        "C42": [
            "0.9191248504548183",
            "False"
        ],
        "C43": [
            "0.9179018694060798",
            "False"
        ],
        "C44": [
            "0.9372875173600799",
            "False"
        ],
        "C45": [
            "0.9182882099898223",
            "False"
        ],
        "C46": [
            "0.9047486682175783",
            "False"
        ],
        "C47": [
            "0.9438722866298912",
            "False"
        ],
        "C48": [
            "0.9292716349326617",
            "False"
        ],
        "C49": [
            "0.9438928415885139",
            "False"
        ],
        "C50": [
            "0.9224977840224367",
            "False"
        ],
        "C51": [
            "0.9146402871243836",
            "False"
        ],
        "C52": [
            "0.9111865051251644",
            "False"
        ],
        "C53": [
            "0.9103091410843842",
            "False"
        ],
        "C54": [
            "0.924105506888676",
            "False"
        ],
        "C55": [
            "0.9420819940301433",
            "False"
        ],
        "C56": [
            "0.9241067094036933",
            "False"
        ],
        "C57": [
            "0.9172891572911512",
            "True"
        ],
        "C58": [
            "0.9313961547912533",
            "False"
        ],
        "C59": [
            "0.9042436052659327",
            "False"
        ],
        "C60": [
            "0.9044406936290746",
            "False"
        ],
        "C61": [
            "0.9087337835537702",
            "False"
        ],
        "C62": [
            "0.9477175770698498",
            "False"
        ],
        "C63": [
            "0.9454404983332899",
            "False"
        ],
        "C64": [
            "0.9420853745488907",
            "False"
        ],
        "C65": [
            "0.913005991602834",
            "False"
        ],
        "C66": [
            "0.9494039725681442",
            "False"
        ],
        "C67": [
            "0.9106276674008061",
            "False"
        ],
        "C68": [
            "0.9086364556751843",
            "False"
        ],
        "C69": [
            "0.9294504422943721",
            "False"
        ],
        "C70": [
            "0.9349758935242327",
            "False"
        ],
        "C71": [
            "0.9196184621998971",
            "False"
        ],
        "C72": [
            "0.9038083453963521",
            "False"
        ],
        "C73": [
            "0.9214906939643227",
            "False"
        ],
        "C74": [
            "0.9253914853144279",
            "False"
        ],
        "C75": [
            "0.9486644101682179",
            "False"
        ],
        "C76": [
            "0.9314585424258335",
            "True"
        ],
        "C77": [
            "0.9425306436580164",
            "False"
        ],
        "C78": [
            "0.9140166541163113",
            "False"
        ],
        "C79": [
            "0.9298441670430262",
            "False"
        ],
        "C80": [
            "0.9122449631414404",
            "True"
        ],
        "C81": [
            "0.9073605129590605",
            "False"
        ],
        "C82": [
            "0.9414272526718815",
            "False"
        ],
        "C83": [
            "0.9462648658178464",
            "False"
        ],
        "C84": [
            "0.9394930560839752",
            "True"
        ],
        "C85": [
            "0.9272680588522383",
            "True"
        ],
        "C86": [
            "0.9116932885306535",
            "False"
        ],
        "C87": [
            "0.925196741606608",
            "True"
        ],
        "C88": [
            "0.9113722993711345",
            "False"
        ],
        "C89": [
            "0.919470744517848",
            "False"
        ],
        "C90": [
            "0.9157407288077786",
            "False"
        ],
        "C91": [
            "0.944325915915642",
            "False"
        ],
        "C92": [
            "0.9000736421045588",
            "False"
        ],
        "C93": [
            "0.9126095892803664",
            "False"
        ],
        "C94": [
            "0.9447364545852851",
            "True"
        ],
        "C95": [
            "0.9186058738425518",
            "False"
        ],
        "C96": [
            "0.9465716990252102",
            "False"
        ],
        "C97": [
            "0.9012289423826048",
            "False"
        ],
        "C98": [
            "0.9488658672100578",
            "False"
        ],
        "C99": [
            "0.9089748570311377",
            "False"
        ],
        "C100": [
            "0.9109114391550878",
            "False"
        ],
        "C101": [
            "0.9008504095284425",
            "False"
        ],
        "C102": [
            "0.908569259506644",
            "False"
        ],
        "C103": [
            "0.9234316619968704",
            "False"
        ],
        "C104": [
            "0.9497377421498736",
            "False"
        ],
        "C105": [
            "0.9122696656256702",
            "False"
        ],
        "C106": [
            "0.9374977678399147",
            "False"
        ],
        "C107": [
            "0.9426759294228411",
            "False"
        ],
        "C108": [
            "0.9450294314670481",
            "False"
        ],
        "C109": [
            "0.9055003360817382",
            "False"
        ],
        "C110": [
            "0.9219810013871378",
            "False"
        ],
        "C111": [
            "0.9286684667066112",
            "False"
        ],
        "C112": [
            "0.9310349112009608",
            "False"
        ],
        "C113": [
            "0.9199726781546137",
            "False"
        ],
        "C114": [
            "0.9078045516399843",
            "False"
        ],
        "C115": [
            "0.9144558546046301",
            "False"
        ],
        "C116": [
            "0.9070645007276608",
            "False"
        ],
        "C117": [
            "0.9366151845837039",
            "False"
        ],
        "C118": [
            "0.9471221049423719",
            "False"
        ],
        "C119": [
            "0.9152439846510392",
            "True"
        ],
        "C120": [
            "0.9311142957095143",
            "False"
        ],
        "C121": [
            "0.9186115218624047",
            "False"
        ],
        "C122": [
            "0.9198466512606167",
            "False"
        ],
        "C123": [
            "0.9391271656302224",
            "False"
        ],
        "C124": [
            "0.9222984860589537",
            "False"
        ],
        "C125": [
            "0.9320423124084962",
            "False"
        ],
        "C126": [
            "0.9055657381852593",
            "False"
        ],
        "C127": [
            "0.9413364059507845",
            "False"
        ],
        "C128": [
            "0.9218090053011445",
            "False"
        ]
    }
}