{
    "suspect_components": {
        "C0": [
            false,
            [
                "C12",
                "C69",
                "C71",
                "C87",
                "C29",
                "C96",
                "C73"
            ]
        ],
        "C1": [
            false,
            [
                "C46",
                "C61",
                "C6",
                "C97",
                "C108",
                "C16",
                "C3",
                "C29",
                "C122"
            ]
        ],
        "C2": [
            false,
            [
                "C69",
                "C75",
                "C41",
                "C81",
                "C68",
                "C104",
                "C118",
                "C30",
                "C55",
                "C15"
            ]
        ],
        "C3": [
            false,
            [
                "C75",
                "C124",
                "C50",
                "C6",
                "C122",
                "C90"
            ]
        ],
        "C4": [
            true,
            [
                "C87",
                "C52",
                "C41"
            ]
        ],
        "C5": [
            false,
            [
                "C69",
                "C53",
                "C84",
                "C92",
                "C29",
                "C60",
                "C48",
                "C57",
                "C17",
                "C104",
                "C95"
            ]
        ],
        "C6": [
            false,
            [
                "C50",
                "C34",
                "C62",
                "C46"
            ]
        ],
        "C7": [
            false,
            [
                "C106",
                "C56",
                "C89",
                "C91"
            ]
        ],
        "C8": [
            false,
            [
                "C107"
            ]
        ],
        "C9": [
            false,
            [
                "C127",
                "C49",
                "C121",
                "C123",
                "C40",
                "C13",
                "C78",
                "C58",
                "C30"
            ]
        ],
        "C10": [
            false,
            [
                "C69",
                "C36",
                "C119",
                "C28",
                "C96",
                "C108",
                "C80",
                "C106"
            ]
        ],
        "C11": [
            false,
            [
                "C90",
                "C92",
                "C55",
                "C41"
            ]
        ],
        "C12": [
            false,
            [
                "C66",
                "C4",
                "C52",
                "C68",
                "C124",
                "C110",
                "C102",
                "C76"
            ]
        ],
        "C13": [
            false,
            [
                "C94",
                "C68",
                "C78",
                "C0",
                "C106",
                "C100",
                "C76",
                "C38",
                "C87",
                "C55",
                "C41"
            ]
        ],
        "C14": [
            false,
            [
                "C48",
                "C101",
                "C59",
                "C1",
                "C7",
                "C18",
                "C25",
                "C125"
            ]
        ],
        "C15": [
            false,
            [
                "C29",
                "C48"
            ]
        ],
        "C16": [
            false,
            [
                "C48",
                "C4",
                "C42",
                "C9",
                "C7",
                "C90",
                "C109",
                "C87",
                "C114"
            ]
        ],
        "C17": [
            false,
            [
                "C51",
                "C109"
            ]
        ],
        "C18": [
            true,
            [
                "C31",
                "C104",
                "C12",
                "C19",
                "C109",
                "C17",
                "C27",
                "C62",
                "C110",
                "C69"
            ]
        ],
        "C19": [
            false,
            []
        ],
        "C20": [
            false,
            [
                "C105",
                "C85",
                "C8",
                "C92",
                "C19",
                "C79",
                "C11",
                "C75",
                "C126",
                "C124",
                "C61"
            ]
        ],
        "C21": [
            false,
            [
                "C9",
                "C60",
                "C30",
                "C77",
                "C117"
            ]
        ],
        "C22": [
            true,
            [
                "C16",
                "C99",
                "C57",
                "C46"
            ]
        ],
        "C23": [
            true,
            [
                "C80",
                "C90"
            ]
        ],
        "C24": [
            false,
            [
                "C57",
                "C58",
                "C108",
                "C104",
                "C1",
                "C47"
            ]
        ],
        "C25": [
            false,
            [
                "C85",
                "C37",
                "C23"
            ]
        ],
        "C26": [
            false,
            [
                "C34",
                "C27",
                "C30",
                "C44",
                "C17",
                "C63",
                "C7"
            ]
        ],
        "C27": [
            false,
            [
                "C82",
                "C18",
                "C5",
                "C39",
                "C116",
                "C21",
                "C4",
                "C90",
                "C22",
                "C67",
                "C117"
            ]
        ],
        "C28": [
            false,
            [
                "C107",
                "C13",
                "C85",
                "C96",
                "C35",
                "C62",
                "C55",
                "C9",
                "C65",
                "C117"
            ]
        ],
        "C29": [
            true,
            [
                "C115",
                "C103",
                "C86",
                "C68",
                "C50",
                "C66",
                "C98",
                "C70",
                "C83"
            ]
        ],
        "C30": [
            false,
            [
                "C39",
                "C82",
                "C66",
                "C103",
                "C52",
                "C122",
                "C53",
                "C63"
            ]
        ],
        "C31": [
            false,
            [
                "C2",
                "C10",
                "C57"
            ]
        ],
        "C32": [
            false,
            [
                "C1",
                "C69",
                "C116",
                "C25",
                "C97",
                "C103",
                "C38",
                "C60",
                "C72",
                "C45",
                "C93"
            ]
        ],
        "C33": [
            false,
            [
                "C11",
                "C30",
                "C32"
            ]
        ],
        "C34": [
            false,
            [
                "C22",
                "C73",
                "C3",
                "C0",
                "C27",
                "C88",
                "C13",
                "C124",
                "C128",
                "C26"
            ]
        ],
        "C35": [
            false,
            [
                "C126",
                "C74",
                "C25",
                "C77",
                "C98",
                "C89",
                "C106",
                "C60"
            ]
        ],
        "C36": [
            false,
            [
                "C11",
                "C126",
                "C9",
                "C66",
                "C60",
                "C121",
                "C49"
            ]
        ],
        "C37": [
            false,
            [
                "C116",
                "C94",
                "C20",
                "C65",
                "C60",
                "C95",
                "C61",
                "C82",
                "C89",
                "C67",
                "C109",
                "C42"
            ]
        ],
        "C38": [
            false,
            [
                "C39",
                "C76"
            ]
        ],
        "C39": [
            false,
            [
                "C103",
                "C99",
                "C9",
                "C14",
                "C124",
                "C78",
                "C0"
            ]
        ],
        "C40": [
            false,
            [
                "C23",
                "C39",
                "C97",
                "C27",
                "C57",
                "C95",
                "C25",
                "C94",
                "C76"
            ]
        ],
        "C41": [
            false,
            [
                "C94"
            ]
        ],
        "C42": [
            false,
            [
                "C76",
                "C14",
                "C79",
                "C102",
                "C85",
                "C111",
                "C1",
                "C64",
                "C98"
            ]
        ],
        "C43": [
            false,
            [
                "C94",
                "C69",
                "C80",
                "C96",
                "C119",
                "C118",
                "C92",
                "C109",
                "C17"
            ]
        ],
        "C44": [
            false,
            [
                "C62",
                "C74"
            ]
        ],
        "C45": [
            false,
            []
        ],
        "C46": [
            false,
            []
        ],
        "C47": [
            false,
            [
                "C83"
            ]
        ],
        "C48": [
            false,
            [
                "C45",
                "C6"
            ]
        ],
        "C49": [
            false,
            [
                "C6",
                "C22",
                "C91",
                "C123"
            ]
        ],
        "C50": [
            false,
            [
                "C42",
                "C69",
                "C43",
                "C5",
                "C25",
                "C37"
            ]
        ],
        "C51": [
            true,
            [
                "C27",
                "C117",
                "C34",
                "C47",
                "C10",
                "C76",
                "C56",
                "C65",
                "C44",
                "C6",
                "C35"
            ]
        ],
        "C52": [
            false,
            [
                "C21",
                "C92",
                "C118",
                "C116"
            ]
        ],
        "C53": [
            false,
            [
                "C121",
                "C54",
                "C73",
                "C28",
                "C61",
                "C114",
                "C38",
                "C10",
                "C116",
                "C57",
                "C80"
            ]
        ],
        "C54": [
            false,
            [
                "C25",
                "C99",
                "C17",
                "C128",
                "C113",
                "C119",
                "C65"
            ]
        ],
        "C55": [
            false,
            [
                "C127",
                "C92",
                "C53",
                "C93",
                "C41",
                "C82",
                "C81",
                "C63",
                "C87"
            ]
        ],
        "C56": [
            false,
            [
                "C80"
            ]
        ],
        "C57": [
            false,
            [
                "C26",
                "C74",
                "C63",
                "C107"
            ]
        ],
        "C58": [
            false,
            []
        ],
        "C59": [
            false,
            [
                "C61",
                "C126",
                "C32",
                "C73"
            ]
        ],
        "C60": [
            false,
            [
                "C0",
                "C75",
                "C103"
            ]
        ],
        "C61": [
            false,
            [
                "C8",
                "C109",
                "C67",
                "C30",
                "C76",
                "C39",
                "C92",
                "C12",
                "C97",
                "C49",
                "C63"
            ]
        ],
        "C62": [
            false,
            [
                "C127",
                "C84",
                "C124",
                "C12",
                "C25",
                "C83",
                "C91",
                "C4",
                "C0",
                "C109",
                "C51",
                "C86"
            ]
        ],
        "C63": [
            false,
            [
                "C73",
                "C85",
                "C69",
                "C88",
                "C1",
                "C82",
                "C46",
                "C99"
            ]
        ],
        "C64": [
            false,
            [
                "C61",
                "C123",
                "C11",
                "C65",
                "C121"
            ]
        ],
        "C65": [
            true,
            [
                "C128",
                "C15",
                "C90",
                "C101",
                "C60",
                "C80"
            ]
        ],
        "C66": [
            false,
            []
        ],
        "C67": [
            false,
            [
                "C25",
                "C60",
                "C70",
                "C78",
                "C7"
            ]
        ],
        "C68": [
            false,
            [
                "C117",
                "C92"
            ]
        ],
        "C69": [
            false,
            [
                "C67",
                "C125",
                "C13",
                "C31",
                "C70"
            ]
        ],
        "C70": [
            false,
            [
                "C86",
                "C5"
            ]
        ],
        "C71": [
            false,
            [
                "C51",
                "C109",
                "C62"
            ]
        ],
        "C72": [
            true,
            [
                "C57",
                "C76",
                "C9",
                "C39",
                "C26",
                "C31"
            ]
        ],
        "C73": [
            true,
            []
        ],
        "C74": [
            false,
            [
                "C88",
                "C76",
                "C10",
                "C73"
            ]
        ],
        "C75": [
            false,
            [
                "C6",
                "C101",
                "C92",
                "C48",
                "C78",
                "C54"
            ]
        ],
        "C76": [
            false,
            []
        ],
        "C77": [
            false,
            [
                "C108",
                "C105",
                "C111",
                "C50",
                "C79",
                "C31",
                "C106",
                "C96",
                "C13"
            ]
        ],
        "C78": [
            false,
            [
                "C82",
                "C126",
                "C115",
                "C48",
                "C10"
            ]
        ],
        "C79": [
            false,
            [
                "C91",
                "C86",
                "C75",
                "C49"
            ]
        ],
        "C80": [
            false,
            [
                "C47",
                "C56",
                "C49",
                "C20",
                "C54",
                "C18"
            ]
        ],
        "C81": [
            false,
            [
                "C39",
                "C19",
                "C11",
                "C31",
                "C30",
                "C10",
                "C55",
                "C125",
                "C120",
                "C48",
                "C6"
            ]
        ],
        "C82": [
            false,
            []
        ],
        "C83": [
            false,
            [
                "C127",
                "C24",
                "C103",
                "C115",
                "C2",
                "C106",
                "C98"
            ]
        ],
        "C84": [
            false,
            [
                "C76",
                "C51",
                "C50",
                "C22",
                "C110",
                "C82"
            ]
        ],
        "C85": [
            false,
            []
        ],
        "C86": [
            false,
            [
                "C54",
                "C57",
                "C16",
                "C46",
                "C125",
                "C35",
                "C75",
                "C11",
                "C27"
            ]
        ],
        "C87": [
            false,
            [
                "C13",
                "C92",
                "C78",
                "C51"
            ]
        ],
        "C88": [
            true,
            [
                "C58",
                "C71",
                "C96",
                "C67",
                "C122",
                "C62",
                "C72",
                "C63",
                "C81"
            ]
        ],
        "C89": [
            false,
            [
                "C124",
                "C45",
                "C94"
            ]
        ],
        "C90": [
            false,
            [
                "C3",
                "C23",
                "C86",
                "C59",
                "C94",
                "C72",
                "C105",
                "C39",
                "C4",
                "C9",
                "C52"
            ]
        ],
        "C91": [
            false,
            [
                "C57",
                "C9"
            ]
        ],
        "C92": [
            false,
            [
                "C2",
                "C28"
            ]
        ],
        "C93": [
            false,
            [
                "C34",
                "C97",
                "C102",
                "C15",
                "C28",
                "C125",
                "C58",
                "C90",
                "C82",
                "C12",
                "C88"
            ]
        ],
        "C94": [
            false,
            [
                "C23"
            ]
        ],
        "C95": [
            false,
            [
                "C119",
                "C96",
                "C23",
                "C77",
                "C40",
                "C98",
                "C107",
                "C35",
                "C75",
                "C78",
                "C58"
            ]
        ],
        "C96": [
            false,
            [
                "C126",
                "C122",
                "C0",
                "C65",
                "C22",
                "C4"
            ]
        ],
        "C97": [
            false,
            [
                "C10",
                "C13",
                "C45",
                "C100",
                "C70",
                "C26",
                "C51",
                "C82"
            ]
        ],
        "C98": [
            false,
            [
                "C122",
                "C66",
                "C91",
                "C103",
                "C68",
                "C35",
                "C95",
                "C38",
                "C125",
                "C86"
            ]
        ],
        "C99": [
            true,
            [
                "C54",
                "C23",
                "C113",
                "C125",
                "C17",
                "C1",
                "C92",
                "C59",
                "C44",
                "C91",
                "C104"
            ]
        ],
        "C100": [
            false,
            [
                "C98",
                "C57",
                "C53",
                "C127",
                "C50"
            ]
        ],
        "C101": [
            false,
            [
                "C49",
                "C78",
                "C18",
                "C15"
            ]
        ],
        "C102": [
            false,
            []
        ],
        "C103": [
            false,
            [
                "C7",
                "C6",
                "C43",
                "C64",
                "C45",
                "C5",
                "C18",
                "C33",
                "C115",
                "C118",
                "C96",
                "C99"
            ]
        ],
        "C104": [
            false,
            [
                "C34",
                "C95",
                "C94",
                "C120",
                "C75",
                "C76"
            ]
        ],
        "C105": [
            false,
            [
                "C24"
            ]
        ],
        "C106": [
            false,
            [
                "C128",
                "C79"
            ]
        ],
        "C107": [
            true,
            [
                "C73",
                "C44",
                "C23",
                "C123",
                "C124",
                "C64",
                "C38",
                "C19"
            ]
        ],
        "C108": [
            false,
            [
                "C65",
                "C14",
                "C73",
                "C121",
                "C22",
                "C51",
                "C110",
                "C122",
                "C28",
                "C111",
                "C17"
            ]
        ],
        "C109": [
            false,
            [
                "C106",
                "C75",
                "C128",
                "C19",
                "C39",
                "C98",
                "C60",
                "C32",
                "C115",
                "C78"
            ]
        ],
        "C110": [
            false,
            [
                "C78"
            ]
        ],
        "C111": [
            false,
            [
                "C88",
                "C0",
                "C119",
                "C61",
                "C54"
            ]
        ],
        "C112": [
            false,
            [
                "C11",
                "C122",
                "C56"
            ]
        ],
        "C113": [
            false,
            [
                "C41",
                "C70",
                "C43",
                "C92",
                "C39",
                "C127",
                "C15",
                "C74"
            ]
        ],
        "C114": [
            false,
            [
                "C59",
                "C71",
                "C78",
                "C99",
                "C53",
                "C75",
                "C98",
                "C66",
                "C123"
            ]
        ],
        "C115": [
            false,
            [
                "C110",
                "C86",
                "C31",
                "C63"
            ]
        ],
        "C116": [
            false,
            [
                "C21"
            ]
        ],
        "C117": [
            false,
            []
        ],
        "C118": [
            false,
            [
                "C95"
            ]
        ],
        "C119": [
            false,
            [
                "C42",
                "C18"
            ]
        ],
        "C120": [
            false,
            [
                "C23",
                "C89",
                "C90",
                "C18",
                "C41",
                "C50",
                "C108",
                "C105",
                "C98",
                "C8"
            ]
        ],
        "C121": [
            false,
            [
                "C44",
                "C59",
                "C37",
                "C60",
                "C95",
                "C25",
                "C18",
                "C63"
            ]
        ],
        "C122": [
            true,
            [
                "C84",
                "C42",
                "C44",
                "C82",
                "C67",
                "C73",
                "C92",
                "C115",
                "C4",
                "C53"
            ]
        ],
        "C123": [
            false,
            [
                "C120"
            ]
        ],
        "C124": [
            false,
            [
                "C26",
                "C14",
                "C22",
                "C54",
                "C40",
                "C71"
            ]
        ],
        "C125": [
            false,
            [
                "C13",
                "C123",
                "C48",
                "C14",
                "C25",
                "C74",
                "C20"
            ]
        ],
        "C126": [
            false,
            [
                "C46",
                "C57",
                "C112",
                "C91"
            ]
        ],
        "C127": [
            false,
            [
                "C70",
                "C87",
                "C95",
                "C31",
                "C113",
                "C59",
                "C49"
            ]
        ],
        "C128": [
            false,
            []
        ]
    },
    "ground_truth_fault_paths": [
        [
            "C4",
            "C122",
            "C88"
        ],
        [
            "C73",
            "C122",
            "C88"
        ],
        [
            "C23",
            "C99",
            "C22"
        ],
        [
            "C73",
            "C107"
        ],
        [
            "C23",
            "C107"
        ],
        [
            "C72",
            "C88"
        ],
        [
            "C65",
            "C51"
        ],
        [
            "C18"
        ],
        [
            "C29"
        ]
    ],
    "error_codes": {
        "E0": [
            "FC0",
            [
                "C88",
                "C104",
                "C86"
            ]
        ],
        "E1": [
            "FC1",
            [
                "C88",
                "C67",
                "C116",
                "C100",
                "C94",
                "C114",
                "C23",
                "C95",
                "C18",
                "C107",
                "C90",
                "C85",
                "C112"
            ]
        ],
        "E2": [
            "FC2",
            [
                "C22",
                "C99",
                "C64",
                "C39"
            ]
        ],
        "E3": [
            "FC3",
            [
                "C107",
                "C55",
                "C111"
            ]
        ],
        "E4": [
            "FC4",
            [
                "C107",
                "C29"
            ]
        ],
        "E5": [
            "FC5",
            [
                "C88",
                "C23",
                "C77",
                "C123",
                "C40",
                "C44",
                "C32",
                "C72",
                "C84"
            ]
        ],
        "E6": [
            "FC6",
            [
                "C51",
                "C25",
                "C103",
                "C81",
                "C20"
            ]
        ],
        "E7": [
            "FC7",
            [
                "C18",
                "C72",
                "C74",
                "C25",
                "C3",
                "C85",
                "C68",
                "C2"
            ]
        ],
        "E8": [
            "FC8",
            [
                "C29",
                "C83"
            ]
        ]
    },
    "sim_accuracies": {
        "C0": [
            "0.9363170896562715",
            "False"
        ],
        "C1": [
            "0.9258864077686136",
            "False"
        ],
        "C2": [
            "0.9404051116871126",
            "False"
        ],
        "C3": [
            "0.9006777300181796",
            "False"
        ],
        "C4": [
            "0.9331553141047774",
            "True"
        ],
        "C5": [
            "0.9136605135237015",
            "False"
        ],
        "C6": [
            "0.907975196100402",
            "False"
        ],
        "C7": [
            "0.9390597604151737",
            "False"
        ],
        "C8": [
            "0.9437864290424421",
            "False"
        ],
        "C9": [
            "0.938046628466198",
            "False"
        ],
        "C10": [
            "0.919893786569396",
            "False"
        ],
        "C11": [
            "0.9053505639344672",
            "False"
        ],
        "C12": [
            "0.9306654578414559",
            "False"
        ],
        "C13": [
            "0.9018648113535798",
            "False"
        ],
        "C14": [
            "0.9314721359370538",
            "False"
        ],
        "C15": [
            "0.9231521377679096",
            "False"
        ],
        "C16": [
            "0.9270968201732618",
            "False"
        ],
        "C17": [
            "0.9295779278226027",
            "False"
        ],
        "C18": [
            "0.9164570863315654",
            "True"
        ],
        "C19": [
            "0.9288077655045044",
            "False"
        ],
        "C20": [
            "0.9039879516609607",
            "False"
        ],
        "C21": [
            "0.9050351549332212",
            "False"
        ],
        "C22": [
            "0.927799403996961",
            "True"
        ],
        "C23": [
            "0.9249786846421797",
            "True"
        ],
        "C24": [
            "0.9488237380409237",
            "False"
        ],
        "C25": [
            "0.9331770285677983",
            "False"
        ],
        "C26": [
            "0.9261696973663802",
            "False"
        ],
        "C27": [
            "0.9259660842795292",
            "False"
        ],
        "C28": [
            "0.9038247150680025",
            "False"
        ],
        "C29": [
            "0.9223829678849452",
            "True"
        ],
        "C30": [
            "0.9130462257914562",
            "False"
        ],
        "C31": [
            "0.9292275387535142",
            "False"
        ],
        "C32": [
            "0.9340592340083373",
            "False"
        ],
        "C33": [
            "0.9211135748206037",
            "False"
        ],
        "C34": [
            "0.9242998808873224",
            "False"
        ],
        "C35": [
            "0.9211803178791855",
            "False"
        ],
        "C36": [
            "0.9160275252288479",
            "False"
        ],
        "C37": [
            "0.9236061003242151",
            "False"
        ],
        "C38": [
            "0.9337756408658962",
            "False"
        ],
        "C39": [
            "0.9262981135023335",
            "False"
        ],
        "C40": [
            "0.9215082110577867",
            "False"
        ],
        "C41": [
            "0.9246130830839542",
            "False"
        ],
        "C42": [
            "0.9415077893237876",
            "False"
        ],
        "C43": [
            "0.9267481026537188",
            "False"
        ],
        "C44": [
            "0.9059123742325133",
            "False"
        ],
        "C45": [
            "0.9212730167621431",
            "False"
        ],
        "C46": [
            "0.9088949069466891",
            "False"
        ],
        "C47": [
            "0.9100653450806918",
            "False"
        ],
        "C48": [
            "0.9278335992223038",
            "False"
        ],
        "C49": [
            "0.9465684886386628",
            "False"
        ],
        "C50": [
            "0.9183835931666023",
            "False"
        ],
        "C51": [
            "0.9327372456028621",
            "True"
        ],
        "C52": [
            "0.9182954439774555",
            "False"
        ],
        "C53": [
            "0.9305980988960388",
            "False"
        ],
        "C54": [
            "0.9404158644603026",
            "False"
        ],
        "C55": [
            "0.9032993759475226",
            "False"
        ],
        "C56": [
            "0.9430651286010322",
            "False"
        ],
        "C57": [
            "0.9473955131768872",
            "False"
        ],
        "C58": [
            "0.9144224989911836",
            "False"
        ],
        "C59": [
            "0.9349767156255945",
            "False"
        ],
        "C60": [
            "0.9333239079891519",
            "False"
        ],
        "C61": [
            "0.9470086097784802",
            "False"
        ],
        "C62": [
            "0.9199482860096525",
            "False"
        ],
        "C63": [
            "0.9392574264053846",
            "False"
        ],
        "C64": [
            "0.9278779813423496",
            "False"
        ],
        "C65": [
            "0.9044721324390493",
            "True"
        ],
        "C66": [
            "0.9271608373348078",
            "False"
        ],
        "C67": [
            "0.9320512596857293",
            "False"
        ],
        "C68": [
            "0.9040239473359735",
            "False"
        ],
        "C69": [
            "0.933920404979377",
            "False"
        ],
        "C70": [
            "0.9384367826758016",
            "False"
        ],
        "C71": [
            "0.9245086867303307",
            "False"
        ],
        "C72": [
            "0.9422023704406203",
            "True"
        ],
        "C73": [
            "0.9244963676481347",
            "True"
        ],
        "C74": [
            "0.9135917885271173",
            "False"
        ],
        "C75": [
            "0.9494147565423023",
            "False"
        ],
        "C76": [
            "0.9279748003090444",
            "False"
        ],
        "C77": [
            "0.9160191234636055",
            "False"
        ],
        "C78": [
            "0.9348843161956907",
            "False"
        ],
        "C79": [
            "0.930740619784366",
            "False"
        ],
        "C80": [
            "0.9201888516040065",
            "False"
        ],
        "C81": [
            "0.9205661585378689",
            "False"
        ],
        "C82": [
            "0.9187253722764642",
            "False"
        ],
        "C83": [
            "0.9329426080361491",
            "False"
        ],
        "C84": [
            "0.9347913414061502",
            "False"
        ],
        "C85": [
            "0.9190321808946679",
            "False"
        ],
        "C86": [
            "0.915823130790302",
            "False"
        ],
        "C87": [
            "0.9012143303232623",
            "False"
        ],
        "C88": [
            "0.9096007645479812",
            "True"
        ],
        "C89": [
            "0.9493868789753966",
            "False"
        ],
        "C90": [
            "0.9486787647756941",
            "False"
        ],
        "C91": [
            "0.9380379660919469",
            "False"
        ],
        "C92": [
            "0.9143613792822449",
            "False"
        ],
        "C93": [
            "0.9092175247841929",
            "False"
        ],
        "C94": [
            "0.9192488545776093",
            "False"
        ],
        "C95": [
            "0.9098186916161447",
            "False"
        ],
        "C96": [
            "0.9327043711316331",
            "False"
        ],
        "C97": [
            "0.9335508701885592",
            "False"
        ],
        "C98": [
            "0.9293905510077742",
            "False"
        ],
        "C99": [
            "0.917204424910952",
            "True"
        ],
        "C100": [
            "0.9047544598451394",
            "False"
        ],
        "C101": [
            "0.9109933293659868",
            "False"
        ],
        "C102": [
            "0.9448608579617287",
            "False"
        ],
        "C103": [
            "0.9317127013995294",
            "False"
        ],
        "C104": [
            "0.9409560551320023",
            "False"
        ],
        "C105": [
            "0.9231990687630719",
            "False"
        ],
        "C106": [
            "0.9022718303301649",
            "False"
        ],
        "C107": [
            "0.9211215755146046",
            "True"
        ],
        "C108": [
            "0.9489467286662302",
            "False"
        ],
        "C109": [
            "0.917382087582992",
            "False"
        ],
        "C110": [
            "0.9312821962482677",
            "False"
        ],
        "C111": [
            "0.9084179161982004",
            "False"
        ],
        "C112": [
            "0.913545295180577",
            "False"
        ],
        "C113": [
            "0.9315067421428601",
            "False"
        ],
        "C114": [
            "0.9031009149455081",
            "False"
        ],
        "C115": [
            "0.9110589003261819",
            "False"
        ],
        "C116": [
            "0.9380125874449029",
            "False"
        ],
        "C117": [
            "0.9404276430361705",
            "False"
        ],
        "C118": [
            "0.9268019767903387",
            "False"
        ],
        "C119": [
            "0.9338449373677",
            "False"
        ],
        "C120": [
            "0.9094549976454082",
            "False"
        ],
        "C121": [
            "0.910150177231897",
            "False"
        ],
        "C122": [
            "0.9057644702129822",
            "True"
        ],
        "C123": [
            "0.9147747038790864",
            "False"
        ],
        "C124": [
            "0.9232705449284846",
            "False"
        ],
        "C125": [
            "0.9473716310502638",
            "False"
        ],
        "C126": [
            "0.9025668424647119",
            "False"
        ],
        "C127": [
            "0.9001307538054119",
            "False"
        ],
        "C128": [
            "0.9198063931891336",
            "False"
        ]
    }
}