{
    "suspect_components": {
        "C0": [
            false,
            []
        ],
        "C1": [
            false,
            [
                "C75",
                "C78",
                "C11",
                "C24",
                "C70",
                "C48",
                "C102"
            ]
        ],
        "C2": [
            false,
            [
                "C64",
                "C65",
                "C109",
                "C3",
                "C41",
                "C70"
            ]
        ],
        "C3": [
            false,
            [
                "C109",
                "C102",
                "C107",
                "C71",
                "C90",
                "C11",
                "C32",
                "C117",
                "C19",
                "C58"
            ]
        ],
        "C4": [
            false,
            [
                "C31",
                "C66",
                "C112"
            ]
        ],
        "C5": [
            false,
            [
                "C32",
                "C61",
                "C85",
                "C42",
                "C65",
                "C11",
                "C122",
                "C24",
                "C103",
                "C58"
            ]
        ],
        "C6": [
            false,
            [
                "C77"
            ]
        ],
        "C7": [
            false,
            [
                "C16",
                "C85"
            ]
        ],
        "C8": [
            false,
            [
                "C99"
            ]
        ],
        "C9": [
            false,
            [
                "C98",
                "C39",
                "C28",
                "C38",
                "C77",
                "C58",
                "C13",
                "C29"
            ]
        ],
        "C10": [
            false,
            [
                "C119",
                "C48",
                "C38",
                "C68",
                "C28"
            ]
        ],
        "C11": [
            false,
            [
                "C21",
                "C82",
                "C66",
                "C47",
                "C100",
                "C72",
                "C91",
                "C126",
                "C32"
            ]
        ],
        "C12": [
            false,
            [
                "C113",
                "C43",
                "C103",
                "C4",
                "C125",
                "C27",
                "C126",
                "C5",
                "C87"
            ]
        ],
        "C13": [
            false,
            [
                "C83",
                "C16"
            ]
        ],
        "C14": [
            false,
            [
                "C50",
                "C32",
                "C4",
                "C118",
                "C29",
                "C61",
                "C112",
                "C54",
                "C71",
                "C81",
                "C48"
            ]
        ],
        "C15": [
            false,
            [
                "C65",
                "C61",
                "C82",
                "C75",
                "C126",
                "C44",
                "C123",
                "C119",
                "C23",
                "C54"
            ]
        ],
        "C16": [
            false,
            [
                "C91",
                "C12",
                "C72",
                "C62"
            ]
        ],
        "C17": [
            false,
            [
                "C98",
                "C19"
            ]
        ],
        "C18": [
            false,
            [
                "C122",
                "C97",
                "C67",
                "C86",
                "C104",
                "C78"
            ]
        ],
        "C19": [
            false,
            [
                "C95",
                "C113",
                "C99",
                "C119",
                "C101",
                "C62"
            ]
        ],
        "C20": [
            false,
            [
                "C8",
                "C90",
                "C36",
                "C9"
            ]
        ],
        "C21": [
            false,
            [
                "C119",
                "C12",
                "C77",
                "C108",
                "C53",
                "C46",
                "C38",
                "C118",
                "C54"
            ]
        ],
        "C22": [
            false,
            [
                "C92",
                "C72",
                "C126",
                "C21",
                "C78",
                "C91",
                "C86",
                "C61",
                "C8",
                "C28"
            ]
        ],
        "C23": [
            false,
            []
        ],
        "C24": [
            false,
            [
                "C100",
                "C106",
                "C66",
                "C113",
                "C3",
                "C116",
                "C49",
                "C120",
                "C4"
            ]
        ],
        "C25": [
            false,
            [
                "C113",
                "C69",
                "C51",
                "C128",
                "C88",
                "C10",
                "C5",
                "C45",
                "C13",
                "C105",
                "C83"
            ]
        ],
        "C26": [
            false,
            [
                "C8",
                "C73",
                "C45",
                "C16",
                "C98"
            ]
        ],
        "C27": [
            false,
            [
                "C83",
                "C21",
                "C110",
                "C50",
                "C89",
                "C125",
                "C127",
                "C39"
            ]
        ],
        "C28": [
            false,
            []
        ],
        "C29": [
            true,
            [
                "C118",
                "C26",
                "C62",
                "C104",
                "C20",
                "C110",
                "C77",
                "C95"
            ]
        ],
        "C30": [
            false,
            [
                "C100",
                "C57",
                "C33",
                "C18",
                "C101",
                "C21",
                "C31",
                "C86",
                "C41",
                "C70"
            ]
        ],
        "C31": [
            false,
            [
                "C112",
                "C17"
            ]
        ],
        "C32": [
            false,
            [
                "C8",
                "C63",
                "C14",
                "C7",
                "C122",
                "C92",
                "C61",
                "C123",
                "C22",
                "C72",
                "C42"
            ]
        ],
        "C33": [
            false,
            [
                "C120",
                "C102"
            ]
        ],
        "C34": [
            true,
            [
                "C11",
                "C62",
                "C111",
                "C42",
                "C100",
                "C70",
                "C56",
                "C58",
                "C33"
            ]
        ],
        "C35": [
            false,
            [
                "C87",
                "C91",
                "C123",
                "C65",
                "C32",
                "C97",
                "C36"
            ]
        ],
        "C36": [
            false,
            [
                "C117",
                "C114",
                "C52",
                "C4",
                "C34",
                "C51",
                "C109"
            ]
        ],
        "C37": [
            true,
            []
        ],
        "C38": [
            false,
            [
                "C26",
                "C108",
                "C92"
            ]
        ],
        "C39": [
            false,
            []
        ],
        "C40": [
            false,
            [
                "C115",
                "C95",
                "C88",
                "C19",
                "C127",
                "C56",
                "C34",
                "C9"
            ]
        ],
        "C41": [
            false,
            [
                "C80",
                "C18",
                "C124",
                "C119",
                "C21",
                "C116",
                "C64",
                "C65",
                "C66",
                "C45",
                "C55",
                "C30"
            ]
        ],
        "C42": [
            false,
            [
                "C31",
                "C17",
                "C71",
                "C14",
                "C123",
                "C62",
                "C24",
                "C25"
            ]
        ],
        "C43": [
            false,
            [
                "C113",
                "C89",
                "C106",
                "C56",
                "C44",
                "C102",
                "C122",
                "C4",
                "C68",
                "C88",
                "C111"
            ]
        ],
        "C44": [
            false,
            [
                "C114",
                "C107",
                "C54",
                "C75",
                "C101",
                "C85",
                "C64",
                "C118",
                "C33"
            ]
        ],
        "C45": [
            false,
            [
                "C53",
                "C13"
            ]
        ],
        "C46": [
            false,
            [
                "C7",
                "C84",
                "C57"
            ]
        ],
        "C47": [
            false,
            [
                "C127",
                "C9",
                "C91",
                "C109",
                "C124",
                "C110",
                "C14",
                "C40"
            ]
        ],
        "C48": [
            false,
            [
                "C4",
                "C51",
                "C65",
                "C113",
                "C44",
                "C62",
                "C22",
                "C34",
                "C41",
                "C112",
                "C14",
                "C20"
            ]
        ],
        "C49": [
            true,
            []
        ],
        "C50": [
            false,
            [
                "C118",
                "C15",
                "C51",
                "C78",
                "C70",
                "C79",
                "C10",
                "C121"
            ]
        ],
        "C51": [
            false,
            [
                "C128",
                "C57",
                "C74"
            ]
        ],
        "C52": [
            false,
            [
                "C48",
                "C100",
                "C83",
                "C56",
                "C80"
            ]
        ],
        "C53": [
            false,
            [
                "C103",
                "C81",
                "C101",
                "C128",
                "C49",
                "C3",
                "C89",
                "C11",
                "C40"
            ]
        ],
        "C54": [
            false,
            [
                "C105",
                "C124",
                "C97",
                "C94",
                "C104",
                "C68"
            ]
        ],
        "C55": [
            false,
            []
        ],
        "C56": [
            false,
            [
                "C1",
                "C2",
                "C53",
                "C7",
                "C62",
                "C119"
            ]
        ],
        "C57": [
            false,
            [
                "C11",
                "C7",
                "C111",
                "C35"
            ]
        ],
        "C58": [
            false,
            [
                "C70",
                "C68",
                "C14",
                "C59"
            ]
        ],
        "C59": [
            false,
            [
                "C58"
            ]
        ],
        "C60": [
            false,
            [
                "C63",
                "C48",
                "C121",
                "C119",
                "C69",
                "C42",
                "C68",
                "C43",
                "C83",
                "C22"
            ]
        ],
        "C61": [
            false,
            [
                "C126",
                "C92",
                "C109",
                "C84",
                "C101",
                "C64",
                "C104"
            ]
        ],
        "C62": [
            false,
            [
                "C31",
                "C21",
                "C99",
                "C84",
                "C66",
                "C111",
                "C60",
                "C96",
                "C15"
            ]
        ],
        "C63": [
            true,
            [
                "C42",
                "C65",
                "C83",
                "C115",
                "C86"
            ]
        ],
        "C64": [
            false,
            [
                "C112"
            ]
        ],
        "C65": [
            false,
            []
        ],
        "C66": [
            false,
            [
                "C73",
                "C92",
                "C38",
                "C127",
                "C96",
                "C21"
            ]
        ],
        "C67": [
            false,
            [
                "C89",
                "C62",
                "C35",
                "C46",
                "C103",
                "C111"
            ]
        ],
        "C68": [
            false,
            [
                "C44",
                "C108",
                "C84",
                "C18"
            ]
        ],
        "C69": [
            false,
            [
                "C119",
                "C110",
                "C35",
                "C24",
                "C33",
                "C100",
                "C106",
                "C61",
                "C80"
            ]
        ],
        "C70": [
            false,
            []
        ],
        "C71": [
            false,
            [
                "C122",
                "C0",
                "C84",
                "C26",
                "C121"
            ]
        ],
        "C72": [
            false,
            [
                "C124",
                "C104",
                "C54",
                "C76",
                "C46",
                "C57",
                "C51",
                "C35"
            ]
        ],
        "C73": [
            false,
            [
                "C61",
                "C91",
                "C111"
            ]
        ],
        "C74": [
            false,
            [
                "C124",
                "C54"
            ]
        ],
        "C75": [
            false,
            [
                "C24",
                "C22",
                "C21",
                "C39",
                "C1",
                "C102",
                "C0"
            ]
        ],
        "C76": [
            false,
            [
                "C90",
                "C7",
                "C110",
                "C45"
            ]
        ],
        "C77": [
            false,
            [
                "C15",
                "C16",
                "C20"
            ]
        ],
        "C78": [
            false,
            [
                "C72",
                "C43",
                "C107"
            ]
        ],
        "C79": [
            false,
            [
                "C85",
                "C21",
                "C34",
                "C112",
                "C49"
            ]
        ],
        "C80": [
            false,
            [
                "C18",
                "C86",
                "C122",
                "C25"
            ]
        ],
        "C81": [
            false,
            [
                "C102",
                "C59",
                "C121",
                "C7"
            ]
        ],
        "C82": [
            false,
            [
                "C3",
                "C50",
                "C84",
                "C89",
                "C42",
                "C116",
                "C13",
                "C103",
                "C7"
            ]
        ],
        "C83": [
            false,
            [
                "C118"
            ]
        ],
        "C84": [
            false,
            [
                "C38",
                "C124",
                "C61",
                "C54",
                "C52",
                "C43",
                "C121"
            ]
        ],
        "C85": [
            false,
            [
                "C107",
                "C24",
                "C28",
                "C62",
                "C63",
                "C58",
                "C97",
                "C89",
                "C70",
                "C39"
            ]
        ],
        "C86": [
            false,
            [
                "C60",
                "C20",
                "C107",
                "C77",
                "C91",
                "C58",
                "C120"
            ]
        ],
        "C87": [
            false,
            [
                "C111",
                "C28",
                "C65",
                "C27",
                "C14",
                "C22"
            ]
        ],
        "C88": [
            false,
            [
                "C125",
                "C77",
                "C47"
            ]
        ],
        "C89": [
            false,
            [
                "C127",
                "C20",
                "C25",
                "C105",
                "C24"
            ]
        ],
        "C90": [
            false,
            [
                "C33",
                "C43",
                "C114",
                "C93"
            ]
        ],
        "C91": [
            false,
            [
                "C24",
                "C12",
                "C81",
                "C115"
            ]
        ],
        "C92": [
            true,
            [
                "C104",
                "C85",
                "C76",
                "C37",
                "C6"
            ]
        ],
        "C93": [
            false,
            [
                "C96",
                "C113",
                "C27",
                "C46",
                "C68",
                "C69"
            ]
        ],
        "C94": [
            true,
            [
                "C59",
                "C77",
                "C82",
                "C67"
            ]
        ],
        "C95": [
            false,
            [
                "C7",
                "C108"
            ]
        ],
        "C96": [
            false,
            []
        ],
        "C97": [
            false,
            [
                "C125",
                "C65",
                "C49",
                "C50",
                "C47",
                "C77",
                "C40",
                "C17",
                "C22",
                "C34",
                "C48",
                "C106"
            ]
        ],
        "C98": [
            false,
            [
                "C55",
                "C38"
            ]
        ],
        "C99": [
            false,
            [
                "C116",
                "C114",
                "C124",
                "C127",
                "C51",
                "C31",
                "C57",
                "C80"
            ]
        ],
        "C100": [
            false,
            []
        ],
        "C101": [
            true,
            [
                "C89",
                "C122",
                "C66"
            ]
        ],
        "C102": [
            false,
            [
                "C62",
                "C87",
                "C6"
            ]
        ],
        "C103": [
            false,
            [
                "C48",
                "C112",
                "C57",
                "C0",
                "C67",
                "C6",
                "C118",
                "C74",
                "C26",
                "C128"
            ]
        ],
        "C104": [
            false,
            [
                "C101",
                "C103",
                "C61",
                "C25",
                "C52",
                "C100",
                "C121",
                "C74"
            ]
        ],
        "C105": [
            true,
            [
                "C51",
                "C62",
                "C13",
                "C63",
                "C74",
                "C69"
            ]
        ],
        "C106": [
            false,
            [
                "C118",
                "C10",
                "C33",
                "C125",
                "C96",
                "C2"
            ]
        ],
        "C107": [
            false,
            [
                "C106",
                "C120",
                "C8",
                "C67",
                "C12",
                "C50",
                "C53",
                "C74",
                "C48",
                "C3"
            ]
        ],
        "C108": [
            true,
            [
                "C7",
                "C63",
                "C81",
                "C90",
                "C96",
                "C68"
            ]
        ],
        "C109": [
            false,
            [
                "C19",
                "C98",
                "C115",
                "C47",
                "C13",
                "C2",
                "C111",
                "C30",
                "C37",
                "C43",
                "C26"
            ]
        ],
        "C110": [
            false,
            [
                "C4",
                "C54",
                "C36",
                "C111",
                "C55",
                "C16",
                "C3",
                "C21"
            ]
        ],
        "C111": [
            false,
            [
                "C63",
                "C12",
                "C104",
                "C41",
                "C96",
                "C43",
                "C38",
                "C49",
                "C30",
                "C26",
                "C42",
                "C45"
            ]
        ],
        "C112": [
            false,
            [
                "C107",
                "C113",
                "C90",
                "C95",
                "C88",
                "C56"
            ]
        ],
        "C113": [
            false,
            [
                "C49",
                "C120",
                "C53",
                "C82",
                "C122",
                "C126",
                "C60",
                "C76"
            ]
        ],
        "C114": [
            false,
            [
                "C101",
                "C61",
                "C25",
                "C87",
                "C35",
                "C29",
                "C65",
                "C116",
                "C80",
                "C50",
                "C107",
                "C54"
            ]
        ],
        "C115": [
            false,
            [
                "C52",
                "C9",
                "C62",
                "C94",
                "C66",
                "C116",
                "C39",
                "C95"
            ]
        ],
        "C116": [
            false,
            [
                "C64",
                "C35",
                "C30",
                "C31",
                "C69",
                "C87",
                "C88",
                "C96",
                "C124"
            ]
        ],
        "C117": [
            false,
            [
                "C6",
                "C75",
                "C25",
                "C128",
                "C2",
                "C39",
                "C10",
                "C24"
            ]
        ],
        "C118": [
            false,
            [
                "C20",
                "C21",
                "C65",
                "C9",
                "C117",
                "C34",
                "C68",
                "C52"
            ]
        ],
        "C119": [
            true,
            [
                "C16"
            ]
        ],
        "C120": [
            false,
            []
        ],
        "C121": [
            false,
            []
        ],
        "C122": [
            false,
            [
                "C6",
                "C92",
                "C125",
                "C63",
                "C126",
                "C51",
                "C128"
            ]
        ],
        "C123": [
            false,
            [
                "C25",
                "C71",
                "C10",
                "C101",
                "C18",
                "C73",
                "C62"
            ]
        ],
        "C124": [
            false,
            [
                "C46",
                "C44",
                "C7",
                "C50",
                "C41",
                "C93",
                "C76",
                "C72",
                "C9",
                "C30",
                "C63",
                "C126"
            ]
        ],
        "C125": [
            false,
            [
                "C42",
                "C124",
                "C120",
                "C111",
                "C63",
                "C25",
                "C24",
                "C81",
                "C16",
                "C104",
                "C100",
                "C93"
            ]
        ],
        "C126": [
            true,
            [
                "C60"
            ]
        ],
        "C127": [
            false,
            []
        ],
        "C128": [
            true,
            [
                "C121",
                "C20",
                "C53",
                "C58",
                "C65",
                "C72"
            ]
        ]
    },
    "ground_truth_fault_paths": [
        [
            "C63",
            "C108"
        ],
        [
            "C63",
            "C105"
        ],
        [
            "C37",
            "C92"
        ],
        [
            "C29"
        ],
        [
            "C34"
        ],
        [
            "C49"
        ],
        [
            "C94"
        ],
        [
            "C101"
        ],
        [
            "C119"
        ],
        [
            "C126"
        ],
        [
            "C128"
        ]
    ],
    "error_codes": {
        "E0": [
            "FC0",
            [
                "C108",
                "C101",
                "C57",
                "C18",
                "C73",
                "C113",
                "C99",
                "C28",
                "C42",
                "C79",
                "C8",
                "C37",
                "C52"
            ]
        ],
        "E1": [
            "FC1",
            [
                "C105",
                "C84",
                "C75",
                "C13",
                "C69",
                "C124",
                "C125",
                "C123",
                "C63"
            ]
        ],
        "E2": [
            "FC2",
            [
                "C92",
                "C14",
                "C33",
                "C77"
            ]
        ],
        "E3": [
            "FC3",
            [
                "C29",
                "C70",
                "C105"
            ]
        ],
        "E4": [
            "FC4",
            [
                "C34",
                "C82",
                "C68",
                "C126",
                "C31",
                "C52",
                "C103",
                "C107",
                "C65",
                "C48",
                "C105"
            ]
        ],
        "E5": [
            "FC5",
            [
                "C49",
                "C29",
                "C37",
                "C17",
                "C20",
                "C123",
                "C55",
                "C19",
                "C0",
                "C81"
            ]
        ],
        "E6": [
            "FC6",
            [
                "C94",
                "C20",
                "C84",
                "C105"
            ]
        ],
        "E7": [
            "FC7",
            [
                "C101",
                "C127",
                "C53",
                "C18"
            ]
        ],
        "E8": [
            "FC8",
            [
                "C119",
                "C58",
                "C70",
                "C37"
            ]
        ],
        "E9": [
            "FC9",
            [
                "C126",
                "C42",
                "C98",
                "C65",
                "C122",
                "C106",
                "C82",
                "C13",
                "C62",
                "C3",
                "C16"
            ]
        ],
        "E10": [
            "FC10",
            [
                "C128",
                "C86",
                "C4",
                "C115",
                "C124",
                "C48",
                "C7",
                "C95",
                "C87",
                "C126"
            ]
        ]
    },
    "sim_accuracies": {
        "C0": [
            "0.9224407146229064",
            "False"
        ],
        "C1": [
            "0.9057291087748807",
            "False"
        ],
        "C2": [
            "0.9106544049935823",
            "False"
        ],
        "C3": [
            "0.9465006340240678",
            "False"
        ],
        "C4": [
            "0.9398975031990152",
            "False"
        ],
        "C5": [
            "0.9452289416242461",
            "False"
        ],
        "C6": [
            "0.9216513468192752",
            "False"
        ],
        "C7": [
            "0.9370883234202102",
            "False"
        ],
        "C8": [
            "0.9461050094830565",
            "False"
        ],
        "C9": [
            "0.9033525751237323",
            "False"
        ],
        "C10": [
            "0.9304249304053129",
            "False"
        ],
        "C11": [
            "0.904279933794442",
            "False"
        ],
        "C12": [
            "0.9065092127981504",
            "False"
        ],
        "C13": [
            "0.9141081023795076",
            "False"
        ],
        "C14": [
            "0.9189510540316028",
            "False"
        ],
        "C15": [
            "0.9147444126361445",
            "False"
        ],
        "C16": [
            "0.9202526145163403",
            "False"
        ],
        "C17": [
            "0.9234913417187895",
            "False"
        ],
        "C18": [
            "0.903392791082049",
            "False"
        ],
        "C19": [
            "0.9465123935323279",
            "False"
        ],
        "C20": [
            "0.9475084098452359",
            "False"
        ],
        "C21": [
            "0.924281969620749",
            "False"
        ],
        "C22": [
            "0.9152187304266383",
            "False"
        ],
        "C23": [
            "0.9474213597944995",
            "False"
        ],
        "C24": [
            "0.9306986274448792",
            "False"
        ],
        "C25": [
            "0.9392922137791975",
            "False"
        ],
        "C26": [
            "0.9151946867681943",
            "False"
        ],
        "C27": [
            "0.9216752155785752",
            "False"
        ],
        "C28": [
            "0.9150175975992955",
            "False"
        ],
        "C29": [
            "0.9029414641843675",
            "True"
        ],
        "C30": [
            "0.9177919349400534",
            "False"
        ],
        "C31": [
            "0.9230889172532601",
            "False"
        ],
        "C32": [
            "0.9081450458625806",
            "False"
        ],
        "C33": [
            "0.9226839303571643",
            "False"
        ],
        "C34": [
            "0.9086170106226417",
            "True"
        ],
        "C35": [
            "0.9154912831466812",
            "False"
        ],
        "C36": [
            "0.9324800010670561",
            "False"
        ],
        "C37": [
            "0.9207752560078604",
            "True"
        ],
        "C38": [
            "0.9053407466643305",
            "False"
        ],
        "C39": [
            "0.945413127194314",
            "False"
        ],
        "C40": [
            "0.9119338535790875",
            "False"
        ],
        "C41": [
            "0.9101008583685887",
            "False"
        ],
        "C42": [
            "0.9419320190841767",
            "False"
        ],
        "C43": [
            "0.9280491341253397",
            "False"
        ],
        "C44": [
            "0.909430118707091",
            "False"
        ],
        "C45": [
            "0.9005559882704741",
            "False"
        ],
        "C46": [
            "0.9053242882453845",
            "False"
        ],
        "C47": [
            "0.9011370042250114",
            "False"
        ],
        "C48": [
            "0.9191239160100563",
            "False"
        ],
        "C49": [
            "0.919239885486452",
            "True"
        ],
        "C50": [
            "0.9015003116528377",
            "False"
        ],
        "C51": [
            "0.9156217332394583",
            "False"
        ],
        "C52": [
            "0.9399374495682856",
            "False"
        ],
        "C53": [
            "0.9467533334172443",
            "False"
        ],
        "C54": [
            "0.9365896806226142",
            "False"
        ],
        "C55": [
            "0.910723957751379",
            "False"
        ],
        "C56": [
            "0.9203489607351997",
            "False"
        ],
        "C57": [
            "0.9148922756314303",
            "False"
        ],
        "C58": [
            "0.9364795399474927",
            "False"
        ],
        "C59": [
            "0.939855263974456",
            "False"
        ],
        "C60": [
            "0.9224993967118438",
            "False"
        ],
        "C61": [
            "0.9078785778418847",
            "False"
        ],
        "C62": [
            "0.9339353343332204",
            "False"
        ],
        "C63": [
            "0.909346760155791",
            "True"
        ],
        "C64": [
            "0.9320328448219967",
            "False"
        ],
        "C65": [
            "0.9063039906726483",
            "False"
        ],
        "C66": [
            "0.9018488874474752",
            "False"
        ],
        "C67": [
            "0.9091862185873426",
            "False"
        ],
        "C68": [
            "0.9188972394053503",
            "False"
        ],
        "C69": [
            "0.9403394474931727",
            "False"
        ],
        "C70": [
            "0.9153033033574899",
            "False"
        ],
        "C71": [
            "0.9472080938380713",
            "False"
        ],
        "C72": [
            "0.9244889733144861",
            "False"
        ],
        "C73": [
            "0.9161443934081589",
            "False"
        ],
        "C74": [
            "0.9199479743980701",
            "False"
        ],
        "C75": [
            "0.9385397485197777",
            "False"
        ],
        "C76": [
            "0.9297475199452234",
            "False"
        ],
        "C77": [
            "0.9210290254135919",
            "False"
        ],
        "C78": [
            "0.9230481123508594",
            "False"
        ],
        "C79": [
            "0.9473851371870169",
            "False"
        ],
        "C80": [
            "0.9201898347319016",
            "False"
        ],
        "C81": [
            "0.916373290572015",
            "False"
        ],
        "C82": [
            "0.9174452052552329",
            "False"
        ],
        "C83": [
            "0.9119702301173368",
            "False"
        ],
        "C84": [
            "0.9125639324774111",
            "False"
        ],
        "C85": [
            "0.9297772407381617",
            "False"
        ],
        "C86": [
            "0.9473605676015",
            "False"
        ],
        "C87": [
            "0.9336761039893019",
            "False"
        ],
        "C88": [
            "0.9357698297212413",
            "False"
        ],
        "C89": [
            "0.9007724893562419",
            "False"
        ],
        "C90": [
            "0.9459754815272975",
            "False"
        ],
        "C91": [
            "0.9031348041760092",
            "False"
        ],
        "C92": [
            "0.9257233087296876",
            "True"
        ],
        "C93": [
            "0.9464079080367298",
            "False"
        ],
        "C94": [
            "0.9249366195955908",
            "True"
        ],
        "C95": [
            "0.9462682191585412",
            "False"
        ],
        "C96": [
            "0.94183207284058",
            "False"
        ],
        "C97": [
            "0.9229335889035649",
            "False"
        ],
        "C98": [
            "0.9017536892013998",
            "False"
        ],
        "C99": [
            "0.9241655064347295",
            "False"
        ],
        "C100": [
            "0.9096268643387991",
            "False"
        ],
        "C101": [
            "0.9305988929950925",
            "True"
        ],
        "C102": [
            "0.9361313991802863",
            "False"
        ],
        "C103": [
            "0.9104441256989305",
            "False"
        ],
        "C104": [
            "0.9095880955954113",
            "False"
        ],
        "C105": [
            "0.9399618800593746",
            "True"
        ],
        "C106": [
            "0.9102688701262464",
            "False"
        ],
        "C107": [
            "0.9057839598056484",
            "False"
        ],
        "C108": [
            "0.9143869630167869",
            "True"
        ],
        "C109": [
            "0.9077893952795276",
            "False"
        ],
        "C110": [
            "0.9114369700651995",
            "False"
        ],
        "C111": [
            "0.9353717996621632",
            "False"
        ],
        "C112": [
            "0.9160517036133039",
            "False"
        ],
        "C113": [
            "0.9388844050156395",
            "False"
        ],
        "C114": [
            "0.9149624270553935",
            "False"
        ],
        "C115": [
            "0.9346127019242353",
            "False"
        ],
        "C116": [
            "0.9091736828115476",
            "False"
        ],
        "C117": [
            "0.9005522852844197",
            "False"
        ],
        "C118": [
            "0.9344392412895098",
            "False"
        ],
        "C119": [
            "0.9121845488015972",
            "True"
        ],
        "C120": [
            "0.9258152623476072",
            "False"
        ],
        "C121": [
            "0.9049657778570359",
            "False"
        ],
        "C122": [
            "0.9273498537954256",
            "False"
        ],
        "C123": [
            "0.9077846221471431",
            "False"
        ],
        "C124": [
            "0.9338616212393058",
            "False"
        ],
        "C125": [
            "0.9274173649141214",
            "False"
        ],
        "C126": [
            "0.9476954735800742",
            "True"
        ],
        "C127": [
            "0.9370366133732625",
            "False"
        ],
        "C128": [
            "0.9087770959264019",
            "True"
        ]
    }
}