{
    "suspect_components": {
        "C0": [
            false,
            [
                "C80",
                "C97",
                "C47",
                "C42"
            ]
        ],
        "C1": [
            false,
            [
                "C124",
                "C36",
                "C71"
            ]
        ],
        "C2": [
            false,
            [
                "C67",
                "C55",
                "C109",
                "C12",
                "C97",
                "C13",
                "C117",
                "C48",
                "C20",
                "C1",
                "C89"
            ]
        ],
        "C3": [
            false,
            [
                "C90"
            ]
        ],
        "C4": [
            false,
            [
                "C7",
                "C117",
                "C17",
                "C15",
                "C19",
                "C105",
                "C94",
                "C51",
                "C87",
                "C92"
            ]
        ],
        "C5": [
            false,
            [
                "C16",
                "C93",
                "C51",
                "C39",
                "C15",
                "C43",
                "C58",
                "C95",
                "C60",
                "C69",
                "C38"
            ]
        ],
        "C6": [
            false,
            [
                "C70",
                "C84",
                "C2",
                "C20",
                "C81",
                "C43",
                "C3",
                "C13",
                "C106",
                "C67"
            ]
        ],
        "C7": [
            false,
            [
                "C104",
                "C31",
                "C80",
                "C114",
                "C116",
                "C54",
                "C47",
                "C68"
            ]
        ],
        "C8": [
            false,
            [
                "C102",
                "C68",
                "C43",
                "C110",
                "C51",
                "C105"
            ]
        ],
        "C9": [
            true,
            [
                "C2",
                "C26",
                "C47",
                "C107",
                "C96",
                "C49",
                "C13",
                "C8"
            ]
        ],
        "C10": [
            false,
            [
                "C79",
                "C114",
                "C103",
                "C71",
                "C43"
            ]
        ],
        "C11": [
            false,
            [
                "C73",
                "C69",
                "C78",
                "C36",
                "C45",
                "C23",
                "C49",
                "C39",
                "C86",
                "C93",
                "C21"
            ]
        ],
        "C12": [
            false,
            [
                "C96",
                "C101"
            ]
        ],
        "C13": [
            false,
            [
                "C16",
                "C123",
                "C46",
                "C112",
                "C40",
                "C117",
                "C47",
                "C28",
                "C61",
                "C111",
                "C5",
                "C100"
            ]
        ],
        "C14": [
            false,
            [
                "C4",
                "C43",
                "C33",
                "C102",
                "C58",
                "C18"
            ]
        ],
        "C15": [
            false,
            [
                "C91",
                "C12",
                "C29",
                "C46",
                "C70",
                "C75"
            ]
        ],
        "C16": [
            false,
            [
                "C2",
                "C53",
                "C79",
                "C24",
                "C122",
                "C106",
                "C1",
                "C124",
                "C29",
                "C51"
            ]
        ],
        "C17": [
            false,
            [
                "C122",
                "C55",
                "C96",
                "C76",
                "C5",
                "C67",
                "C119"
            ]
        ],
        "C18": [
            false,
            []
        ],
        "C19": [
            false,
            [
                "C38",
                "C11",
                "C108",
                "C103"
            ]
        ],
        "C20": [
            true,
            [
                "C76",
                "C126",
                "C107",
                "C48",
                "C93",
                "C68",
                "C63",
                "C3",
                "C19",
                "C38",
                "C33"
            ]
        ],
        "C21": [
            false,
            [
                "C77",
                "C30",
                "C83",
                "C62",
                "C82",
                "C64"
            ]
        ],
        "C22": [
            false,
            [
                "C31",
                "C120",
                "C3"
            ]
        ],
        "C23": [
            false,
            [
                "C88",
                "C10",
                "C41",
                "C37",
                "C16",
                "C104",
                "C35",
                "C95",
                "C56",
                "C44"
            ]
        ],
        "C24": [
            false,
            [
                "C70",
                "C2"
            ]
        ],
        "C25": [
            true,
            [
                "C75",
                "C4",
                "C127",
                "C50",
                "C62",
                "C67",
                "C20",
                "C104",
                "C35",
                "C37",
                "C82"
            ]
        ],
        "C26": [
            false,
            [
                "C34",
                "C127",
                "C70",
                "C78",
                "C6",
                "C35",
                "C28",
                "C50",
                "C53",
                "C38"
            ]
        ],
        "C27": [
            false,
            [
                "C108",
                "C5",
                "C52",
                "C46",
                "C31",
                "C26",
                "C105"
            ]
        ],
        "C28": [
            false,
            [
                "C83",
                "C128",
                "C9",
                "C99",
                "C66",
                "C54",
                "C95",
                "C84",
                "C16",
                "C35",
                "C108",
                "C103"
            ]
        ],
        "C29": [
            false,
            [
                "C60",
                "C28",
                "C7",
                "C82",
                "C62",
                "C2",
                "C115",
                "C100",
                "C75",
                "C96",
                "C51"
            ]
        ],
        "C30": [
            false,
            [
                "C5",
                "C127",
                "C121",
                "C59",
                "C27"
            ]
        ],
        "C31": [
            false,
            [
                "C86",
                "C60",
                "C119",
                "C117",
                "C92",
                "C61",
                "C55",
                "C89"
            ]
        ],
        "C32": [
            false,
            [
                "C65",
                "C11",
                "C80",
                "C62",
                "C49",
                "C43",
                "C68",
                "C63",
                "C50"
            ]
        ],
        "C33": [
            false,
            [
                "C83",
                "C4",
                "C100",
                "C74",
                "C77",
                "C62",
                "C55",
                "C5",
                "C41",
                "C82",
                "C68"
            ]
        ],
        "C34": [
            false,
            [
                "C22",
                "C45",
                "C121",
                "C1",
                "C100",
                "C96",
                "C64"
            ]
        ],
        "C35": [
            true,
            [
                "C79",
                "C93",
                "C104",
                "C123",
                "C96",
                "C43",
                "C101",
                "C128",
                "C91",
                "C80",
                "C28",
                "C37"
            ]
        ],
        "C36": [
            false,
            [
                "C13",
                "C24",
                "C26",
                "C52",
                "C107",
                "C14",
                "C101"
            ]
        ],
        "C37": [
            false,
            [
                "C127",
                "C3",
                "C82"
            ]
        ],
        "C38": [
            false,
            [
                "C78",
                "C91",
                "C104",
                "C86",
                "C26"
            ]
        ],
        "C39": [
            false,
            [
                "C69",
                "C22",
                "C71",
                "C45",
                "C56"
            ]
        ],
        "C40": [
            false,
            [
                "C107",
                "C19",
                "C78",
                "C80",
                "C5",
                "C31",
                "C57",
                "C43",
                "C39",
                "C90",
                "C16"
            ]
        ],
        "C41": [
            false,
            [
                "C8",
                "C21",
                "C2",
                "C27"
            ]
        ],
        "C42": [
            true,
            [
                "C31",
                "C6",
                "C88",
                "C8",
                "C77",
                "C78",
                "C43",
                "C26",
                "C107",
                "C81"
            ]
        ],
        "C43": [
            false,
            [
                "C8",
                "C27",
                "C101",
                "C57",
                "C84",
                "C91",
                "C25",
                "C125"
            ]
        ],
        "C44": [
            true,
            [
                "C36",
                "C102",
                "C48",
                "C74",
                "C69",
                "C91",
                "C81",
                "C106",
                "C95",
                "C40",
                "C126",
                "C34"
            ]
        ],
        "C45": [
            false,
            [
                "C80",
                "C64",
                "C91",
                "C127",
                "C34",
                "C38",
                "C12",
                "C94",
                "C11",
                "C30",
                "C21"
            ]
        ],
        "C46": [
            false,
            [
                "C5",
                "C35",
                "C109",
                "C77",
                "C111",
                "C121"
            ]
        ],
        "C47": [
            false,
            [
                "C126",
                "C110",
                "C31",
                "C45",
                "C12",
                "C33",
                "C119"
            ]
        ],
        "C48": [
            false,
            [
                "C63",
                "C112",
                "C114",
                "C87",
                "C88",
                "C92"
            ]
        ],
        "C49": [
            false,
            [
                "C113",
                "C76",
                "C59",
                "C26",
                "C48",
                "C98",
                "C97",
                "C23",
                "C102",
                "C42"
            ]
        ],
        "C50": [
            false,
            [
                "C91",
                "C51",
                "C85",
                "C45",
                "C34",
                "C58",
                "C101",
                "C42",
                "C20",
                "C121",
                "C119",
                "C87"
            ]
        ],
        "C51": [
            false,
            [
                "C63",
                "C116",
                "C33",
                "C122",
                "C90",
                "C25",
                "C55",
                "C19",
                "C83"
            ]
        ],
        "C52": [
            false,
            [
                "C97",
                "C36",
                "C5",
                "C120",
                "C18",
                "C64",
                "C121",
                "C119"
            ]
        ],
        "C53": [
            false,
            [
                "C86",
                "C76",
                "C13",
                "C113",
                "C66",
                "C88",
                "C63",
                "C54",
                "C70",
                "C21"
            ]
        ],
        "C54": [
            false,
            [
                "C47"
            ]
        ],
        "C55": [
            false,
            [
                "C104",
                "C76",
                "C46"
            ]
        ],
        "C56": [
            true,
            [
                "C82",
                "C12",
                "C96",
                "C102",
                "C116",
                "C39",
                "C1",
                "C101",
                "C68",
                "C117"
            ]
        ],
        "C57": [
            false,
            [
                "C1",
                "C87",
                "C94",
                "C4"
            ]
        ],
        "C58": [
            false,
            [
                "C121",
                "C80",
                "C3"
            ]
        ],
        "C59": [
            false,
            [
                "C104"
            ]
        ],
        "C60": [
            false,
            []
        ],
        "C61": [
            false,
            [
                "C93",
                "C125",
                "C11",
                "C71",
                "C122"
            ]
        ],
        "C62": [
            false,
            [
                "C114",
                "C16",
                "C33",
                "C59",
                "C122",
                "C45",
                "C120",
                "C60"
            ]
        ],
        "C63": [
            false,
            [
                "C125",
                "C102",
                "C91",
                "C111",
                "C64"
            ]
        ],
        "C64": [
            false,
            [
                "C105",
                "C88"
            ]
        ],
        "C65": [
            false,
            [
                "C15",
                "C80",
                "C72"
            ]
        ],
        "C66": [
            false,
            [
                "C20",
                "C127",
                "C112",
                "C64",
                "C24",
                "C108",
                "C124"
            ]
        ],
        "C67": [
            false,
            [
                "C71",
                "C100",
                "C30",
                "C86"
            ]
        ],
        "C68": [
            false,
            [
                "C110"
            ]
        ],
        "C69": [
            false,
            []
        ],
        "C70": [
            false,
            []
        ],
        "C71": [
            false,
            [
                "C3",
                "C65",
                "C72",
                "C52",
                "C93",
                "C58",
                "C87",
                "C27"
            ]
        ],
        "C72": [
            false,
            []
        ],
        "C73": [
            false,
            []
        ],
        "C74": [
            false,
            [
                "C120",
                "C8",
                "C114",
                "C110",
                "C6",
                "C63"
            ]
        ],
        "C75": [
            false,
            [
                "C67",
                "C93",
                "C56",
                "C4",
                "C8",
                "C117",
                "C48",
                "C71",
                "C22",
                "C92",
                "C39"
            ]
        ],
        "C76": [
            false,
            [
                "C70",
                "C39",
                "C21",
                "C36",
                "C31",
                "C62",
                "C51"
            ]
        ],
        "C77": [
            false,
            []
        ],
        "C78": [
            false,
            [
                "C75",
                "C61",
                "C14",
                "C30",
                "C125",
                "C90",
                "C48",
                "C116",
                "C76"
            ]
        ],
        "C79": [
            true,
            [
                "C44"
            ]
        ],
        "C80": [
            false,
            [
                "C106",
                "C4",
                "C6",
                "C41",
                "C108",
                "C112",
                "C68",
                "C87",
                "C98",
                "C18",
                "C65"
            ]
        ],
        "C81": [
            false,
            [
                "C7",
                "C98"
            ]
        ],
        "C82": [
            false,
            [
                "C75",
                "C116"
            ]
        ],
        "C83": [
            false,
            [
                "C33",
                "C7",
                "C41",
                "C36",
                "C89",
                "C49",
                "C109",
                "C81"
            ]
        ],
        "C84": [
            false,
            [
                "C39",
                "C5"
            ]
        ],
        "C85": [
            true,
            [
                "C48",
                "C73",
                "C15",
                "C59",
                "C2"
            ]
        ],
        "C86": [
            false,
            [
                "C90",
                "C26"
            ]
        ],
        "C87": [
            false,
            [
                "C119",
                "C29",
                "C100",
                "C16",
                "C86"
            ]
        ],
        "C88": [
            false,
            [
                "C76",
                "C104",
                "C117",
                "C38",
                "C48",
                "C3",
                "C73",
                "C77",
                "C27",
                "C93",
                "C9"
            ]
        ],
        "C89": [
            false,
            [
                "C17",
                "C19",
                "C53",
                "C128",
                "C51",
                "C88",
                "C66"
            ]
        ],
        "C90": [
            false,
            [
                "C63",
                "C92",
                "C74",
                "C118",
                "C102",
                "C94"
            ]
        ],
        "C91": [
            false,
            [
                "C70",
                "C82",
                "C76",
                "C117",
                "C104",
                "C45",
                "C0",
                "C108"
            ]
        ],
        "C92": [
            false,
            [
                "C59",
                "C72",
                "C99",
                "C124",
                "C54",
                "C116",
                "C4",
                "C47",
                "C27"
            ]
        ],
        "C93": [
            false,
            [
                "C122",
                "C100",
                "C30",
                "C66",
                "C51",
                "C35",
                "C107",
                "C77",
                "C21",
                "C123",
                "C40"
            ]
        ],
        "C94": [
            false,
            [
                "C47",
                "C92",
                "C30",
                "C74",
                "C89",
                "C84",
                "C5",
                "C31",
                "C46",
                "C3",
                "C23",
                "C2"
            ]
        ],
        "C95": [
            false,
            [
                "C14"
            ]
        ],
        "C96": [
            false,
            [
                "C62",
                "C10"
            ]
        ],
        "C97": [
            false,
            []
        ],
        "C98": [
            false,
            [
                "C26",
                "C7",
                "C114",
                "C59",
                "C69",
                "C63",
                "C78",
                "C0",
                "C54",
                "C9"
            ]
        ],
        "C99": [
            true,
            [
                "C0",
                "C115",
                "C121",
                "C16",
                "C118",
                "C45"
            ]
        ],
        "C100": [
            false,
            [
                "C124",
                "C12",
                "C48",
                "C66",
                "C80",
                "C14",
                "C95",
                "C128",
                "C43",
                "C11",
                "C64",
                "C102"
            ]
        ],
        "C101": [
            true,
            [
                "C72",
                "C53",
                "C120",
                "C74",
                "C46",
                "C38",
                "C83",
                "C125",
                "C56",
                "C2"
            ]
        ],
        "C102": [
            true,
            [
                "C33",
                "C26",
                "C70",
                "C82"
            ]
        ],
        "C103": [
            false,
            [
                "C41",
                "C50",
                "C61"
            ]
        ],
        "C104": [
            false,
            [
                "C23",
                "C55"
            ]
        ],
        "C105": [
            false,
            [
                "C9",
                "C17",
                "C55",
                "C98",
                "C41",
                "C34",
                "C101",
                "C119",
                "C44",
                "C63",
                "C87"
            ]
        ],
        "C106": [
            false,
            [
                "C25",
                "C16",
                "C73",
                "C49",
                "C105",
                "C72"
            ]
        ],
        "C107": [
            false,
            [
                "C83",
                "C99",
                "C35",
                "C114",
                "C38",
                "C63",
                "C91"
            ]
        ],
        "C108": [
            false,
            [
                "C53",
                "C18",
                "C65",
                "C74",
                "C78"
            ]
        ],
        "C109": [
            false,
            [
                "C99",
                "C10",
                "C76",
                "C51",
                "C85",
                "C100",
                "C72",
                "C125",
                "C25",
                "C110",
                "C14"
            ]
        ],
        "C110": [
            false,
            [
                "C120"
            ]
        ],
        "C111": [
            false,
            [
                "C22",
                "C14",
                "C110",
                "C100",
                "C93",
                "C66",
                "C10"
            ]
        ],
        "C112": [
            false,
            [
                "C92",
                "C6",
                "C13",
                "C37",
                "C50",
                "C94"
            ]
        ],
        "C113": [
            false,
            [
                "C77",
                "C21",
                "C76",
                "C8",
                "C120",
                "C116"
            ]
        ],
        "C114": [
            false,
            [
                "C64"
            ]
        ],
        "C115": [
            false,
            [
                "C20",
                "C5"
            ]
        ],
        "C116": [
            false,
            [
                "C78",
                "C62",
                "C84",
                "C21",
                "C48"
            ]
        ],
        "C117": [
            false,
            [
                "C25",
                "C59",
                "C66",
                "C125",
                "C38",
                "C39",
                "C26"
            ]
        ],
        "C118": [
            false,
            []
        ],
        "C119": [
            false,
            [
                "C10",
                "C112",
                "C114",
                "C95",
                "C82",
                "C21",
                "C44",
                "C38",
                "C30",
                "C118",
                "C111"
            ]
        ],
        "C120": [
            false,
            [
                "C109",
                "C14",
                "C58",
                "C60",
                "C66",
                "C125",
                "C110",
                "C38",
                "C104"
            ]
        ],
        "C121": [
            true,
            [
                "C108",
                "C21",
                "C101",
                "C30"
            ]
        ],
        "C122": [
            false,
            [
                "C13",
                "C17",
                "C105",
                "C5",
                "C86"
            ]
        ],
        "C123": [
            false,
            []
        ],
        "C124": [
            false,
            [
                "C83",
                "C8",
                "C3"
            ]
        ],
        "C125": [
            false,
            [
                "C127",
                "C103",
                "C17",
                "C24",
                "C65",
                "C5",
                "C118",
                "C110",
                "C115",
                "C59"
            ]
        ],
        "C126": [
            false,
            [
                "C118",
                "C5",
                "C8",
                "C33"
            ]
        ],
        "C127": [
            false,
            [
                "C48",
                "C123",
                "C76",
                "C104",
                "C72",
                "C96"
            ]
        ],
        "C128": [
            false,
            [
                "C34",
                "C88"
            ]
        ]
    },
    "ground_truth_fault_paths": [
        [
            "C102",
            "C56",
            "C101",
            "C121",
            "C99"
        ],
        [
            "C102",
            "C56",
            "C101",
            "C35",
            "C25"
        ],
        [
            "C102",
            "C44",
            "C79",
            "C35",
            "C25"
        ],
        [
            "C101",
            "C56"
        ],
        [
            "C20",
            "C25"
        ],
        [
            "C9"
        ],
        [
            "C42"
        ],
        [
            "C85"
        ]
    ],
    "error_codes": {
        "E0": [
            "FC0",
            [
                "C99",
                "C114",
                "C66",
                "C117",
                "C111",
                "C42",
                "C23",
                "C62",
                "C55",
                "C81",
                "C58",
                "C3"
            ]
        ],
        "E1": [
            "FC1",
            [
                "C25",
                "C65",
                "C113",
                "C15",
                "C16",
                "C32",
                "C92",
                "C123"
            ]
        ],
        "E2": [
            "FC2",
            [
                "C25",
                "C102",
                "C117",
                "C19"
            ]
        ],
        "E3": [
            "FC3",
            [
                "C56",
                "C75",
                "C6",
                "C49",
                "C73",
                "C45"
            ]
        ],
        "E4": [
            "FC4",
            [
                "C25",
                "C116",
                "C81",
                "C103",
                "C113",
                "C51",
                "C28",
                "C27",
                "C12",
                "C31"
            ]
        ],
        "E5": [
            "FC5",
            [
                "C9",
                "C98",
                "C0",
                "C46",
                "C112",
                "C23",
                "C33",
                "C106",
                "C19"
            ]
        ],
        "E6": [
            "FC6",
            [
                "C42",
                "C70",
                "C9",
                "C93",
                "C102",
                "C21",
                "C1"
            ]
        ],
        "E7": [
            "FC7",
            [
                "C85",
                "C51",
                "C76",
                "C31",
                "C14"
            ]
        ]
    },
    "sim_accuracies": {
        "C0": [
            "0.902950054869944",
            "False"
        ],
        "C1": [
            "0.9095680301309049",
            "False"
        ],
        "C2": [
            "0.9319664032534563",
            "False"
        ],
        "C3": [
            "0.9105050168069567",
            "False"
        ],
        "C4": [
            "0.9287056126404376",
            "False"
        ],
        "C5": [
            "0.9055328356605408",
            "False"
        ],
        "C6": [
            "0.9237889566681967",
            "False"
        ],
        "C7": [
            "0.9360643204784874",
            "False"
        ],
        "C8": [
            "0.9072215997029109",
            "False"
        ],
        "C9": [
            "0.9216689792878939",
            "True"
        ],
        "C10": [
            "0.9486667407984045",
            "False"
        ],
        "C11": [
            "0.9250500347825125",
            "False"
        ],
        "C12": [
            "0.9042444729660084",
            "False"
        ],
        "C13": [
            "0.9367889820558799",
            "False"
        ],
        "C14": [
            "0.9389446781862213",
            "False"
        ],
        "C15": [
            "0.9388153307085347",
            "False"
        ],
        "C16": [
            "0.9377784339951758",
            "False"
        ],
        "C17": [
            "0.9377781946546931",
            "False"
        ],
        "C18": [
            "0.9469259784364585",
            "False"
        ],
        "C19": [
            "0.9193505539870898",
            "False"
        ],
        "C20": [
            "0.9337337018712395",
            "True"
        ],
        "C21": [
            "0.9333002168605614",
            "False"
        ],
        "C22": [
            "0.9261120142987626",
            "False"
        ],
        "C23": [
            "0.9299317085525469",
            "False"
        ],
        "C24": [
            "0.9123596812886928",
            "False"
        ],
        "C25": [
            "0.9423797275380227",
            "True"
        ],
        "C26": [
            "0.9221253144021542",
            "False"
        ],
        "C27": [
            "0.9072698812872478",
            "False"
        ],
        "C28": [
            "0.9270497340930607",
            "False"
        ],
        "C29": [
            "0.9195071719171868",
            "False"
        ],
        "C30": [
            "0.9120178660817786",
            "False"
        ],
        "C31": [
            "0.9450592347913038",
            "False"
        ],
        "C32": [
            "0.9334814774041303",
            "False"
        ],
        "C33": [
            "0.9066774253774692",
            "False"
        ],
        "C34": [
            "0.9261007413545385",
            "False"
        ],
        "C35": [
            "0.9246097023826853",
            "True"
        ],
        "C36": [
            "0.9377392529087119",
            "False"
        ],
        "C37": [
            "0.9422966819076011",
            "False"
        ],
        "C38": [
            "0.9093031676907598",
            "False"
        ],
        "C39": [
            "0.9246371727823716",
            "False"
        ],
        "C40": [
            "0.9108832653864241",
            "False"
        ],
        "C41": [
            "0.9046188170763189",
            "False"
        ],
        "C42": [
            "0.9163728500691808",
            "True"
        ],
        "C43": [
            "0.9257555990715739",
            "False"
        ],
        "C44": [
            "0.9084264175324671",
            "True"
        ],
        "C45": [
            "0.9024940209607698",
            "False"
        ],
        "C46": [
            "0.9145790039744187",
            "False"
        ],
        "C47": [
            "0.9106429764176358",
            "False"
        ],
        "C48": [
            "0.9332647570162887",
            "False"
        ],
        "C49": [
            "0.9046784430227081",
            "False"
        ],
        "C50": [
            "0.9366680041392459",
            "False"
        ],
        "C51": [
            "0.9486428019255736",
            "False"
        ],
        "C52": [
            "0.9047369147436538",
            "False"
        ],
        "C53": [
            "0.9273151691487233",
            "False"
        ],
        "C54": [
            "0.9485293182475402",
            "False"
        ],
        "C55": [
            "0.9091488210625347",
            "False"
        ],
        "C56": [
            "0.9262526812954944",
            "True"
        ],
        "C57": [
            "0.9391861729951063",
            "False"
        ],
        "C58": [
            "0.9293613944554716",
            "False"
        ],
        "C59": [
            "0.912967639546747",
            "False"
        ],
        "C60": [
            "0.915533101141584",
            "False"
        ],
        "C61": [
            "0.9414121826992105",
            "False"
        ],
        "C62": [
            "0.9021910084952014",
            "False"
        ],
        "C63": [
            "0.9330479645431402",
            "False"
        ],
        "C64": [
            "0.946064854024169",
            "False"
        ],
        "C65": [
            "0.9141185525481648",
            "False"
        ],
        "C66": [
            "0.9124169965122998",
            "False"
        ],
        "C67": [
            "0.9088826138874052",
            "False"
        ],
        "C68": [
            "0.9076922768058953",
            "False"
        ],
        "C69": [
            "0.9294675613576107",
            "False"
        ],
        "C70": [
            "0.9179232339017608",
            "False"
        ],
        "C71": [
            "0.9405642222194452",
            "False"
        ],
        "C72": [
            "0.914670522582638",
            "False"
        ],
        "C73": [
            "0.9070325318395216",
            "False"
        ],
        "C74": [
            "0.9348064501867187",
            "False"
        ],
        "C75": [
            "0.9145997307107608",
            "False"
        ],
        "C76": [
            "0.9107628914489246",
            "False"
        ],
        "C77": [
            "0.9304879036484279",
            "False"
        ],
        "C78": [
            "0.9086926158739641",
            "False"
        ],
        "C79": [
            "0.9494653502354449",
            "True"
        ],
        "C80": [
            "0.9257219791307454",
            "False"
        ],
        "C81": [
            "0.9325546684268189",
            "False"
        ],
        "C82": [
            "0.9054915911767769",
            "False"
        ],
        "C83": [
            "0.9012295623609151",
            "False"
        ],
        "C84": [
            "0.936192689050705",
            "False"
        ],
        "C85": [
            "0.9014850418413296",
            "True"
        ],
        "C86": [
            "0.9274140315442114",
            "False"
        ],
        "C87": [
            "0.927863602598332",
            "False"
        ],
        "C88": [
            "0.9331098197389486",
            "False"
        ],
        "C89": [
            "0.9355190672985987",
            "False"
        ],
        "C90": [
            "0.9365491068869269",
            "False"
        ],
        "C91": [
            "0.9026316302806902",
            "False"
        ],
        "C92": [
            "0.9270298874705755",
            "False"
        ],
        "C93": [
            "0.9369693383882285",
            "False"
        ],
        "C94": [
            "0.9202664854481911",
            "False"
        ],
        "C95": [
            "0.9499738039304753",
            "False"
        ],
        "C96": [
            "0.9080328852847473",
            "False"
        ],
        "C97": [
            "0.9466172932704591",
            "False"
        ],
        "C98": [
            "0.948957986836846",
            "False"
        ],
        "C99": [
            "0.9200932195726239",
            "True"
        ],
        "C100": [
            "0.9122272179917266",
            "False"
        ],
        "C101": [
            "0.9049927077210739",
            "True"
        ],
        "C102": [
            "0.9470767725422076",
            "True"
        ],
        "C103": [
            "0.9232027985963958",
            "False"
        ],
        "C104": [
            "0.9256500692568761",
            "False"
        ],
        "C105": [
            "0.9031468284567192",
            "False"
        ],
        "C106": [
            "0.9404833920260659",
            "False"
        ],
        "C107": [
            "0.9109158863457503",
            "False"
        ],
        "C108": [
            "0.9314237707154429",
            "False"
        ],
        "C109": [
            "0.9180715569944029",
            "False"
        ],
        "C110": [
            "0.9238675839785486",
            "False"
        ],
        "C111": [
            "0.9393166134478235",
            "False"
        ],
        "C112": [
            "0.914273221444859",
            "False"
        ],
        "C113": [
            "0.9172427364765623",
            "False"
        ],
        "C114": [
            "0.9446588231888778",
            "False"
        ],
        "C115": [
            "0.9003025628214806",
            "False"
        ],
        "C116": [
            "0.9307681487134262",
            "False"
        ],
        "C117": [
            "0.9209452499060052",
            "False"
        ],
        "C118": [
            "0.9222192523169823",
            "False"
        ],
        "C119": [
            "0.9183637020435725",
            "False"
        ],
        "C120": [
            "0.9204952363652686",
            "False"
        ],
        "C121": [
            "0.9396952962460734",
            "True"
        ],
        "C122": [
            "0.9277808948467614",
            "False"
        ],
        "C123": [
            "0.9019285820873201",
            "False"
        ],
        "C124": [
            "0.9260147741006423",
            "False"
        ],
        "C125": [
            "0.9485091518973103",
            "False"
        ],
        "C126": [
            "0.9359239553384948",
            "False"
        ],
        "C127": [
            "0.904480432058498",
            "False"
        ],
        "C128": [
            "0.9405702266359874",
            "False"
        ]
    }
}