{
    "suspect_components": {
        "C0": [
            false,
            [
                "C17"
            ]
        ],
        "C1": [
            true,
            [
                "C61",
                "C105",
                "C104",
                "C36",
                "C9",
                "C98",
                "C109",
                "C22",
                "C43",
                "C10",
                "C20",
                "C23"
            ]
        ],
        "C2": [
            false,
            [
                "C115",
                "C69",
                "C93",
                "C29",
                "C62",
                "C67",
                "C114",
                "C117",
                "C56",
                "C18",
                "C14"
            ]
        ],
        "C3": [
            false,
            [
                "C20"
            ]
        ],
        "C4": [
            true,
            [
                "C7",
                "C103",
                "C13",
                "C0",
                "C59",
                "C1",
                "C85",
                "C121",
                "C57",
                "C123",
                "C11"
            ]
        ],
        "C5": [
            false,
            [
                "C29",
                "C44",
                "C71",
                "C83",
                "C94",
                "C90"
            ]
        ],
        "C6": [
            false,
            [
                "C93"
            ]
        ],
        "C7": [
            false,
            [
                "C56"
            ]
        ],
        "C8": [
            false,
            [
                "C32",
                "C41",
                "C34",
                "C107",
                "C110",
                "C85",
                "C10",
                "C6",
                "C31",
                "C122",
                "C13",
                "C90"
            ]
        ],
        "C9": [
            true,
            [
                "C75",
                "C71",
                "C83",
                "C113",
                "C70",
                "C125"
            ]
        ],
        "C10": [
            false,
            [
                "C66"
            ]
        ],
        "C11": [
            false,
            [
                "C53",
                "C90",
                "C18",
                "C44",
                "C3",
                "C71",
                "C88",
                "C31",
                "C80",
                "C45"
            ]
        ],
        "C12": [
            false,
            [
                "C79",
                "C56",
                "C100",
                "C84",
                "C111",
                "C94",
                "C99",
                "C123",
                "C65",
                "C67",
                "C58"
            ]
        ],
        "C13": [
            false,
            []
        ],
        "C14": [
            false,
            [
                "C115",
                "C24"
            ]
        ],
        "C15": [
            true,
            [
                "C117"
            ]
        ],
        "C16": [
            false,
            [
                "C78",
                "C85",
                "C111",
                "C27",
                "C42",
                "C5",
                "C95",
                "C67",
                "C9",
                "C68",
                "C50"
            ]
        ],
        "C17": [
            false,
            [
                "C79",
                "C89",
                "C118",
                "C108",
                "C33",
                "C87",
                "C78",
                "C57",
                "C43",
                "C18",
                "C72",
                "C109"
            ]
        ],
        "C18": [
            false,
            []
        ],
        "C19": [
            false,
            [
                "C121",
                "C72",
                "C52",
                "C57",
                "C94",
                "C112",
                "C66"
            ]
        ],
        "C20": [
            false,
            [
                "C104",
                "C89",
                "C0",
                "C87",
                "C76",
                "C127",
                "C96"
            ]
        ],
        "C21": [
            false,
            [
                "C67",
                "C68",
                "C86",
                "C54",
                "C20",
                "C62",
                "C128"
            ]
        ],
        "C22": [
            false,
            [
                "C106",
                "C122",
                "C32",
                "C51",
                "C109",
                "C45",
                "C126",
                "C69",
                "C37",
                "C121",
                "C75",
                "C10"
            ]
        ],
        "C23": [
            false,
            [
                "C121",
                "C18",
                "C112",
                "C92",
                "C123"
            ]
        ],
        "C24": [
            false,
            [
                "C59",
                "C40",
                "C37",
                "C49",
                "C110",
                "C28",
                "C50",
                "C78",
                "C46",
                "C4"
            ]
        ],
        "C25": [
            false,
            [
                "C13",
                "C33",
                "C123",
                "C62",
                "C72",
                "C1",
                "C51",
                "C104",
                "C46",
                "C85"
            ]
        ],
        "C26": [
            false,
            [
                "C39",
                "C88",
                "C38",
                "C32",
                "C75",
                "C56"
            ]
        ],
        "C27": [
            true,
            [
                "C109",
                "C117"
            ]
        ],
        "C28": [
            true,
            [
                "C84",
                "C39",
                "C13",
                "C34"
            ]
        ],
        "C29": [
            false,
            [
                "C6",
                "C123",
                "C89",
                "C27",
                "C114",
                "C55"
            ]
        ],
        "C30": [
            false,
            [
                "C25"
            ]
        ],
        "C31": [
            false,
            [
                "C6",
                "C20",
                "C32",
                "C73",
                "C3",
                "C48"
            ]
        ],
        "C32": [
            false,
            [
                "C13",
                "C50",
                "C107",
                "C2",
                "C36",
                "C120"
            ]
        ],
        "C33": [
            false,
            [
                "C28",
                "C89",
                "C113",
                "C91",
                "C70",
                "C121",
                "C90",
                "C40"
            ]
        ],
        "C34": [
            false,
            [
                "C17",
                "C11",
                "C53",
                "C27",
                "C57",
                "C102",
                "C93",
                "C95"
            ]
        ],
        "C35": [
            false,
            [
                "C59",
                "C23"
            ]
        ],
        "C36": [
            false,
            [
                "C61",
                "C84",
                "C107"
            ]
        ],
        "C37": [
            false,
            [
                "C102",
                "C88"
            ]
        ],
        "C38": [
            false,
            []
        ],
        "C39": [
            false,
            [
                "C83",
                "C2",
                "C71"
            ]
        ],
        "C40": [
            true,
            [
                "C97",
                "C12",
                "C27",
                "C20"
            ]
        ],
        "C41": [
            false,
            [
                "C52",
                "C37",
                "C14",
                "C0",
                "C12",
                "C79"
            ]
        ],
        "C42": [
            false,
            [
                "C26",
                "C55",
                "C99",
                "C10",
                "C125",
                "C49",
                "C48",
                "C28",
                "C46",
                "C94"
            ]
        ],
        "C43": [
            false,
            [
                "C100",
                "C18",
                "C67",
                "C38",
                "C11",
                "C98"
            ]
        ],
        "C44": [
            false,
            [
                "C28",
                "C67"
            ]
        ],
        "C45": [
            false,
            [
                "C9",
                "C39",
                "C68",
                "C63",
                "C74",
                "C32",
                "C27",
                "C126",
                "C29",
                "C30",
                "C82",
                "C38"
            ]
        ],
        "C46": [
            false,
            [
                "C31",
                "C75",
                "C23"
            ]
        ],
        "C47": [
            false,
            [
                "C93",
                "C46",
                "C117",
                "C122",
                "C96",
                "C91",
                "C92",
                "C63",
                "C39",
                "C68",
                "C42",
                "C81"
            ]
        ],
        "C48": [
            false,
            [
                "C113",
                "C91",
                "C82",
                "C120"
            ]
        ],
        "C49": [
            false,
            [
                "C44",
                "C76",
                "C45",
                "C107",
                "C27",
                "C117"
            ]
        ],
        "C50": [
            false,
            [
                "C42",
                "C46",
                "C31",
                "C113",
                "C10"
            ]
        ],
        "C51": [
            false,
            [
                "C109",
                "C33"
            ]
        ],
        "C52": [
            false,
            [
                "C80",
                "C91",
                "C32",
                "C38"
            ]
        ],
        "C53": [
            false,
            [
                "C57",
                "C20",
                "C110",
                "C114"
            ]
        ],
        "C54": [
            false,
            [
                "C13",
                "C58"
            ]
        ],
        "C55": [
            false,
            [
                "C76",
                "C109",
                "C22",
                "C5",
                "C104",
                "C43",
                "C46",
                "C82",
                "C20",
                "C72",
                "C3"
            ]
        ],
        "C56": [
            false,
            [
                "C106",
                "C111",
                "C65",
                "C34",
                "C83",
                "C8",
                "C94",
                "C85",
                "C97",
                "C38",
                "C114",
                "C86"
            ]
        ],
        "C57": [
            false,
            [
                "C58",
                "C51",
                "C65",
                "C29",
                "C111"
            ]
        ],
        "C58": [
            false,
            [
                "C29",
                "C88"
            ]
        ],
        "C59": [
            false,
            [
                "C30",
                "C86",
                "C95",
                "C48",
                "C73",
                "C110",
                "C115",
                "C89",
                "C61",
                "C75",
                "C118"
            ]
        ],
        "C60": [
            false,
            [
                "C98",
                "C87",
                "C43"
            ]
        ],
        "C61": [
            false,
            [
                "C110",
                "C16",
                "C31",
                "C51",
                "C26",
                "C122",
                "C98"
            ]
        ],
        "C62": [
            false,
            [
                "C31",
                "C84",
                "C128",
                "C106",
                "C93",
                "C0",
                "C69",
                "C120",
                "C14",
                "C114",
                "C41",
                "C73"
            ]
        ],
        "C63": [
            false,
            []
        ],
        "C64": [
            false,
            [
                "C3"
            ]
        ],
        "C65": [
            true,
            [
                "C119",
                "C100",
                "C70",
                "C89",
                "C8",
                "C91"
            ]
        ],
        "C66": [
            false,
            [
                "C11",
                "C42",
                "C14",
                "C16",
                "C113",
                "C52"
            ]
        ],
        "C67": [
            false,
            [
                "C85",
                "C101"
            ]
        ],
        "C68": [
            false,
            [
                "C15",
                "C14",
                "C89",
                "C60",
                "C3"
            ]
        ],
        "C69": [
            true,
            [
                "C56",
                "C68",
                "C107",
                "C84",
                "C7"
            ]
        ],
        "C70": [
            false,
            [
                "C51",
                "C38",
                "C74",
                "C6",
                "C52",
                "C121",
                "C2",
                "C57",
                "C11",
                "C128",
                "C86",
                "C47"
            ]
        ],
        "C71": [
            false,
            [
                "C79",
                "C55",
                "C120"
            ]
        ],
        "C72": [
            false,
            [
                "C105",
                "C60",
                "C128",
                "C84",
                "C106",
                "C12",
                "C125",
                "C48",
                "C101",
                "C87"
            ]
        ],
        "C73": [
            false,
            [
                "C125",
                "C112",
                "C64",
                "C105"
            ]
        ],
        "C74": [
            false,
            [
                "C15",
                "C20",
                "C21",
                "C8",
                "C68",
                "C48",
                "C13",
                "C108",
                "C63",
                "C90",
                "C127"
            ]
        ],
        "C75": [
            false,
            [
                "C26",
                "C65",
                "C101",
                "C5",
                "C13"
            ]
        ],
        "C76": [
            false,
            [
                "C80",
                "C51"
            ]
        ],
        "C77": [
            false,
            []
        ],
        "C78": [
            false,
            []
        ],
        "C79": [
            true,
            [
                "C92",
                "C72",
                "C10",
                "C61",
                "C68",
                "C78",
                "C17",
                "C93",
                "C65"
            ]
        ],
        "C80": [
            false,
            []
        ],
        "C81": [
            false,
            [
                "C115"
            ]
        ],
        "C82": [
            false,
            [
                "C75",
                "C91",
                "C5",
                "C49",
                "C80",
                "C69",
                "C65"
            ]
        ],
        "C83": [
            false,
            [
                "C32",
                "C80",
                "C57",
                "C13",
                "C81",
                "C23",
                "C48",
                "C94",
                "C28"
            ]
        ],
        "C84": [
            false,
            [
                "C106",
                "C70"
            ]
        ],
        "C85": [
            false,
            []
        ],
        "C86": [
            false,
            []
        ],
        "C87": [
            false,
            [
                "C51",
                "C114",
                "C89",
                "C82",
                "C101",
                "C15",
                "C100",
                "C103"
            ]
        ],
        "C88": [
            false,
            [
                "C70",
                "C50",
                "C7",
                "C108",
                "C115",
                "C49"
            ]
        ],
        "C89": [
            false,
            [
                "C124",
                "C80",
                "C10",
                "C38",
                "C122",
                "C112",
                "C49",
                "C99"
            ]
        ],
        "C90": [
            false,
            [
                "C24",
                "C75"
            ]
        ],
        "C91": [
            false,
            [
                "C18",
                "C114",
                "C117",
                "C65",
                "C85",
                "C81",
                "C74",
                "C30"
            ]
        ],
        "C92": [
            true,
            [
                "C107"
            ]
        ],
        "C93": [
            false,
            [
                "C26",
                "C123",
                "C61",
                "C70",
                "C126",
                "C74"
            ]
        ],
        "C94": [
            false,
            [
                "C47",
                "C18"
            ]
        ],
        "C95": [
            false,
            [
                "C17",
                "C73",
                "C50",
                "C25",
                "C91",
                "C0",
                "C112",
                "C11",
                "C123"
            ]
        ],
        "C96": [
            false,
            [
                "C11"
            ]
        ],
        "C97": [
            false,
            [
                "C10",
                "C39"
            ]
        ],
        "C98": [
            false,
            [
                "C55",
                "C72",
                "C45",
                "C93",
                "C10",
                "C103",
                "C21",
                "C58",
                "C4",
                "C59"
            ]
        ],
        "C99": [
            false,
            [
                "C106",
                "C44",
                "C30",
                "C59",
                "C40",
                "C65",
                "C10",
                "C14"
            ]
        ],
        "C100": [
            false,
            [
                "C35",
                "C106",
                "C53",
                "C19",
                "C55",
                "C43",
                "C66"
            ]
        ],
        "C101": [
            false,
            [
                "C26",
                "C24",
                "C15",
                "C13",
                "C45",
                "C32",
                "C88",
                "C106",
                "C57",
                "C54",
                "C66",
                "C86"
            ]
        ],
        "C102": [
            false,
            [
                "C76",
                "C46",
                "C28"
            ]
        ],
        "C103": [
            false,
            []
        ],
        "C104": [
            true,
            [
                "C94",
                "C27",
                "C18",
                "C59",
                "C31"
            ]
        ],
        "C105": [
            false,
            []
        ],
        "C106": [
            false,
            [
                "C13",
                "C91",
                "C38"
            ]
        ],
        "C107": [
            true,
            [
                "C115",
                "C5",
                "C51",
                "C64",
                "C65",
                "C17",
                "C70",
                "C78",
                "C14",
                "C76",
                "C53",
                "C1"
            ]
        ],
        "C108": [
            false,
            [
                "C90",
                "C91",
                "C69",
                "C9",
                "C85",
                "C92",
                "C81"
            ]
        ],
        "C109": [
            false,
            [
                "C96",
                "C77",
                "C67",
                "C80",
                "C36",
                "C102",
                "C73",
                "C100"
            ]
        ],
        "C110": [
            false,
            [
                "C6",
                "C121",
                "C42",
                "C52",
                "C23"
            ]
        ],
        "C111": [
            false,
            [
                "C63",
                "C69",
                "C27",
                "C25",
                "C38",
                "C76",
                "C70",
                "C56",
                "C95",
                "C125",
                "C86",
                "C16"
            ]
        ],
        "C112": [
            false,
            [
                "C1",
                "C25",
                "C12",
                "C40"
            ]
        ],
        "C113": [
            false,
            [
                "C102",
                "C33",
                "C59",
                "C58",
                "C53",
                "C36",
                "C104",
                "C21",
                "C62",
                "C5",
                "C2",
                "C10"
            ]
        ],
        "C114": [
            false,
            [
                "C2",
                "C99",
                "C75",
                "C53",
                "C81",
                "C9",
                "C5"
            ]
        ],
        "C115": [
            false,
            [
                "C25",
                "C121",
                "C67",
                "C78",
                "C18",
                "C23",
                "C119",
                "C10",
                "C40",
                "C61",
                "C6"
            ]
        ],
        "C116": [
            false,
            [
                "C75",
                "C103",
                "C111",
                "C40",
                "C18",
                "C118",
                "C48",
                "C88",
                "C70",
                "C49",
                "C23"
            ]
        ],
        "C117": [
            false,
            [
                "C110",
                "C87",
                "C15",
                "C62",
                "C4",
                "C42",
                "C20"
            ]
        ],
        "C118": [
            false,
            [
                "C55",
                "C5",
                "C89",
                "C30",
                "C39",
                "C119",
                "C16",
                "C19",
                "C15"
            ]
        ],
        "C119": [
            false,
            [
                "C67",
                "C104",
                "C81",
                "C34",
                "C77",
                "C33",
                "C109",
                "C90",
                "C51"
            ]
        ],
        "C120": [
            false,
            [
                "C54",
                "C14",
                "C78",
                "C10"
            ]
        ],
        "C121": [
            false,
            [
                "C56",
                "C32",
                "C89",
                "C37",
                "C94",
                "C98"
            ]
        ],
        "C122": [
            false,
            [
                "C21",
                "C3",
                "C50",
                "C94",
                "C40",
                "C73",
                "C26",
                "C72",
                "C75"
            ]
        ],
        "C123": [
            false,
            [
                "C85",
                "C18",
                "C81",
                "C1",
                "C29",
                "C41",
                "C5"
            ]
        ],
        "C124": [
            false,
            [
                "C52",
                "C43",
                "C25",
                "C17",
                "C105",
                "C49",
                "C68",
                "C126"
            ]
        ],
        "C125": [
            false,
            []
        ],
        "C126": [
            false,
            [
                "C102"
            ]
        ],
        "C127": [
            false,
            [
                "C93",
                "C64",
                "C30",
                "C61",
                "C69",
                "C33",
                "C54",
                "C107",
                "C24",
                "C121",
                "C104",
                "C22"
            ]
        ],
        "C128": [
            false,
            [
                "C121",
                "C55",
                "C2",
                "C28",
                "C78",
                "C17",
                "C24",
                "C11",
                "C75"
            ]
        ]
    },
    "ground_truth_fault_paths": [
        [
            "C27",
            "C104",
            "C1",
            "C107",
            "C92",
            "C79"
        ],
        [
            "C27",
            "C104",
            "C1",
            "C107",
            "C69"
        ],
        [
            "C9",
            "C1",
            "C107",
            "C92",
            "C79"
        ],
        [
            "C65",
            "C107",
            "C92",
            "C79"
        ],
        [
            "C27",
            "C104",
            "C1",
            "C4"
        ],
        [
            "C9",
            "C1",
            "C107",
            "C69"
        ],
        [
            "C65",
            "C107",
            "C69"
        ],
        [
            "C9",
            "C1",
            "C4"
        ],
        [
            "C65",
            "C79"
        ],
        [
            "C27",
            "C40"
        ],
        [
            "C15"
        ],
        [
            "C28"
        ]
    ],
    "error_codes": {
        "E0": [
            "FC0",
            [
                "C79",
                "C92",
                "C27",
                "C84",
                "C105",
                "C121",
                "C85",
                "C66",
                "C15",
                "C127",
                "C99",
                "C30",
                "C13",
                "C69"
            ]
        ],
        "E1": [
            "FC1",
            [
                "C69",
                "C25",
                "C23",
                "C106",
                "C53",
                "C55",
                "C70",
                "C15",
                "C31",
                "C110",
                "C102",
                "C63"
            ]
        ],
        "E2": [
            "FC2",
            [
                "C79",
                "C58",
                "C53"
            ]
        ],
        "E3": [
            "FC3",
            [
                "C79",
                "C49",
                "C102",
                "C19",
                "C126",
                "C74",
                "C67",
                "C128",
                "C51"
            ]
        ],
        "E4": [
            "FC4",
            [
                "C4",
                "C1",
                "C68",
                "C87",
                "C51",
                "C30",
                "C35",
                "C16",
                "C127",
                "C95",
                "C27",
                "C106",
                "C74"
            ]
        ],
        "E5": [
            "FC5",
            [
                "C69",
                "C9",
                "C110",
                "C77",
                "C4",
                "C13",
                "C29"
            ]
        ],
        "E6": [
            "FC6",
            [
                "C69",
                "C70",
                "C20",
                "C51",
                "C63",
                "C124",
                "C12",
                "C68",
                "C119",
                "C42",
                "C101",
                "C35",
                "C28"
            ]
        ],
        "E7": [
            "FC7",
            [
                "C4",
                "C60",
                "C17",
                "C86",
                "C119",
                "C118",
                "C107",
                "C22"
            ]
        ],
        "E8": [
            "FC8",
            [
                "C79",
                "C118",
                "C73",
                "C56",
                "C89",
                "C83",
                "C27"
            ]
        ],
        "E9": [
            "FC9",
            [
                "C40",
                "C97",
                "C65",
                "C61",
                "C4"
            ]
        ],
        "E10": [
            "FC10",
            [
                "C15",
                "C98",
                "C72"
            ]
        ],
        "E11": [
            "FC11",
            [
                "C28",
                "C95",
                "C35",
                "C110",
                "C112",
                "C41",
                "C79",
                "C60",
                "C74",
                "C125",
                "C8",
                "C20",
                "C43"
            ]
        ]
    },
    "sim_accuracies": {
        "C0": [
            "0.9224946895886631",
            "False"
        ],
        "C1": [
            "0.9049567308116503",
            "True"
        ],
        "C2": [
            "0.9025152458939599",
            "False"
        ],
        "C3": [
            "0.9440040957789134",
            "False"
        ],
        "C4": [
            "0.9371455134363158",
            "True"
        ],
        "C5": [
            "0.9308399468084624",
            "False"
        ],
        "C6": [
            "0.9435259191317003",
            "False"
        ],
        "C7": [
            "0.9397365671810438",
            "False"
        ],
        "C8": [
            "0.9440015296149696",
            "False"
        ],
        "C9": [
            "0.9424409397495802",
            "True"
        ],
        "C10": [
            "0.9253607308931371",
            "False"
        ],
        "C11": [
            "0.9415728941645545",
            "False"
        ],
        "C12": [
            "0.9195174989839192",
            "False"
        ],
        "C13": [
            "0.9499111214906314",
            "False"
        ],
        "C14": [
            "0.9016340595751317",
            "False"
        ],
        "C15": [
            "0.9205857467800203",
            "True"
        ],
        "C16": [
            "0.9416094823297342",
            "False"
        ],
        "C17": [
            "0.9216881540730052",
            "False"
        ],
        "C18": [
            "0.9103761639674673",
            "False"
        ],
        "C19": [
            "0.912883314219462",
            "False"
        ],
        "C20": [
            "0.9364685459493792",
            "False"
        ],
        "C21": [
            "0.947003967861613",
            "False"
        ],
        "C22": [
            "0.9381865083461982",
            "False"
        ],
        "C23": [
            "0.9304167961440082",
            "False"
        ],
        "C24": [
            "0.9466372581765815",
            "False"
        ],
        "C25": [
            "0.9311677185811905",
            "False"
        ],
        "C26": [
            "0.9464386518690856",
            "False"
        ],
        "C27": [
            "0.9228365077250297",
            "True"
        ],
        "C28": [
            "0.9409714721035385",
            "True"
        ],
        "C29": [
            "0.9046995140173117",
            "False"
        ],
        "C30": [
            "0.9432671879663883",
            "False"
        ],
        "C31": [
            "0.922055268058843",
            "False"
        ],
        "C32": [
            "0.902274323034183",
            "False"
        ],
        "C33": [
            "0.9244134797864041",
            "False"
        ],
        "C34": [
            "0.9329957019560615",
            "False"
        ],
        "C35": [
            "0.9008814456882248",
            "False"
        ],
        "C36": [
            "0.936886779566235",
            "False"
        ],
        "C37": [
            "0.9045299601458501",
            "False"
        ],
        "C38": [
            "0.9483481148919463",
            "False"
        ],
        "C39": [
            "0.9274890404271913",
            "False"
        ],
        "C40": [
            "0.9010913506684443",
            "True"
        ],
        "C41": [
            "0.9149820306137424",
            "False"
        ],
        "C42": [
            "0.9034551232927304",
            "False"
        ],
        "C43": [
            "0.9427144682244355",
            "False"
        ],
        "C44": [
            "0.9407647878243012",
            "False"
        ],
        "C45": [
            "0.9470079839365382",
            "False"
        ],
        "C46": [
            "0.9007604172873213",
            "False"
        ],
        "C47": [
            "0.9253114070624965",
            "False"
        ],
        "C48": [
            "0.908051412823868",
            "False"
        ],
        "C49": [
            "0.9320947790014982",
            "False"
        ],
        "C50": [
            "0.9348675045702854",
            "False"
        ],
        "C51": [
            "0.949216670996097",
            "False"
        ],
        "C52": [
            "0.9106842608423781",
            "False"
        ],
        "C53": [
            "0.9109881499409631",
            "False"
        ],
        "C54": [
            "0.9169429450911712",
            "False"
        ],
        "C55": [
            "0.9435011453421316",
            "False"
        ],
        "C56": [
            "0.9306329308952106",
            "False"
        ],
        "C57": [
            "0.9143161991415344",
            "False"
        ],
        "C58": [
            "0.9006115329185701",
            "False"
        ],
        "C59": [
            "0.9281108431977302",
            "False"
        ],
        "C60": [
            "0.9321430137032166",
            "False"
        ],
        "C61": [
            "0.9092015660050966",
            "False"
        ],
        "C62": [
            "0.9117019144384719",
            "False"
        ],
        "C63": [
            "0.916580720929333",
            "False"
        ],
        "C64": [
            "0.9284076112232098",
            "False"
        ],
        "C65": [
            "0.9166836550180957",
            "True"
        ],
        "C66": [
            "0.9231073274083593",
            "False"
        ],
        "C67": [
            "0.9312197683652119",
            "False"
        ],
        "C68": [
            "0.9423983542168048",
            "False"
        ],
        "C69": [
            "0.9031634223753856",
            "True"
        ],
        "C70": [
            "0.9354430596046536",
            "False"
        ],
        "C71": [
            "0.9432436712035508",
            "False"
        ],
        "C72": [
            "0.9391306443830822",
            "False"
        ],
        "C73": [
            "0.9380894111229203",
            "False"
        ],
        "C74": [
            "0.9256335179329704",
            "False"
        ],
        "C75": [
            "0.9480085342117712",
            "False"
        ],
        "C76": [
            "0.9185701379363368",
            "False"
        ],
        "C77": [
            "0.9134214869862575",
            "False"
        ],
        "C78": [
            "0.928856934969169",
            "False"
        ],
        "C79": [
            "0.9150373210523308",
            "True"
        ],
        "C80": [
            "0.9081826685064821",
            "False"
        ],
        "C81": [
            "0.9272112741953875",
            "False"
        ],
        "C82": [
            "0.9386411069480597",
            "False"
        ],
        "C83": [
            "0.9079309367833082",
            "False"
        ],
        "C84": [
            "0.9375824145760577",
            "False"
        ],
        "C85": [
            "0.9023728217521374",
            "False"
        ],
        "C86": [
            "0.9272601354045763",
            "False"
        ],
        "C87": [
            "0.9449017364287302",
            "False"
        ],
        "C88": [
            "0.9110392827029898",
            "False"
        ],
        "C89": [
            "0.9101739376641443",
            "False"
        ],
        "C90": [
            "0.9476676734633752",
            "False"
        ],
        "C91": [
            "0.9361061768223592",
            "False"
        ],
        "C92": [
            "0.9232677606932981",
            "True"
        ],
        "C93": [
            "0.9020904178399833",
            "False"
        ],
        "C94": [
            "0.9283584654100089",
            "False"
        ],
        "C95": [
            "0.90775141051609",
            "False"
        ],
        "C96": [
            "0.9428765574341855",
            "False"
        ],
        "C97": [
            "0.9440061707763461",
            "False"
        ],
        "C98": [
            "0.9181428567858475",
            "False"
        ],
        "C99": [
            "0.9269356323235631",
            "False"
        ],
        "C100": [
            "0.9290995946045078",
            "False"
        ],
        "C101": [
            "0.9223404266485409",
            "False"
        ],
        "C102": [
            "0.9468544548822633",
            "False"
        ],
        "C103": [
            "0.9257615047746912",
            "False"
        ],
        "C104": [
            "0.930847136118783",
            "True"
        ],
        "C105": [
            "0.9221913274938718",
            "False"
        ],
        "C106": [
            "0.9169333377523966",
            "False"
        ],
        "C107": [
            "0.9291427760781281",
            "True"
        ],
        "C108": [
            "0.9453473042214203",
            "False"
        ],
        "C109": [
            "0.9094522084322915",
            "False"
        ],
        "C110": [
            "0.9334745435799096",
            "False"
        ],
        "C111": [
            "0.9240392030413356",
            "False"
        ],
        "C112": [
            "0.9206835245860747",
            "False"
        ],
        "C113": [
            "0.9330412761784308",
            "False"
        ],
        "C114": [
            "0.9122688656970385",
            "False"
        ],
        "C115": [
            "0.9424538723464804",
            "False"
        ],
        "C116": [
            "0.9353875944400577",
            "False"
        ],
        "C117": [
            "0.9138658801590097",
            "False"
        ],
        "C118": [
            "0.9018095017832689",
            "False"
        ],
        "C119": [
            "0.915791471753255",
            "False"
        ],
        "C120": [
            "0.9243177016006613",
            "False"
        ],
        "C121": [
            "0.9251879797772873",
            "False"
        ],
        "C122": [
            "0.9263192162723328",
            "False"
        ],
        "C123": [
            "0.9284136117396726",
            "False"
        ],
        "C124": [
            "0.9333515141434333",
            "False"
        ],
        "C125": [
            "0.9456655801141568",
            "False"
        ],
        "C126": [
            "0.9152545954317922",
            "False"
        ],
        "C127": [
            "0.9000333883782703",
            "False"
        ],
        "C128": [
            "0.9348712958329387",
            "False"
        ]
    }
}