{
    "suspect_components": {
        "C0": [
            false,
            [
                "C38",
                "C11",
                "C5",
                "C39",
                "C73",
                "C29",
                "C4",
                "C21",
                "C94",
                "C15"
            ]
        ],
        "C1": [
            false,
            [
                "C119",
                "C77",
                "C62",
                "C29",
                "C103",
                "C97",
                "C3",
                "C30",
                "C109",
                "C22",
                "C87",
                "C93"
            ]
        ],
        "C2": [
            false,
            [
                "C97",
                "C111",
                "C22",
                "C59",
                "C72",
                "C4",
                "C70",
                "C112",
                "C91",
                "C11"
            ]
        ],
        "C3": [
            false,
            []
        ],
        "C4": [
            false,
            []
        ],
        "C5": [
            false,
            [
                "C85",
                "C77",
                "C8",
                "C35"
            ]
        ],
        "C6": [
            true,
            [
                "C122",
                "C5"
            ]
        ],
        "C7": [
            false,
            [
                "C9",
                "C98",
                "C79",
                "C78",
                "C61",
                "C85"
            ]
        ],
        "C8": [
            false,
            [
                "C89",
                "C10",
                "C57",
                "C100",
                "C54",
                "C55"
            ]
        ],
        "C9": [
            false,
            [
                "C74",
                "C124",
                "C35",
                "C42",
                "C77",
                "C92"
            ]
        ],
        "C10": [
            false,
            [
                "C24",
                "C124",
                "C9",
                "C56",
                "C60"
            ]
        ],
        "C11": [
            false,
            [
                "C16",
                "C75",
                "C47",
                "C66",
                "C69"
            ]
        ],
        "C12": [
            false,
            [
                "C104",
                "C102",
                "C63",
                "C9",
                "C10",
                "C8",
                "C66",
                "C91",
                "C54",
                "C4"
            ]
        ],
        "C13": [
            false,
            [
                "C106",
                "C126",
                "C42",
                "C80"
            ]
        ],
        "C14": [
            false,
            [
                "C77"
            ]
        ],
        "C15": [
            false,
            []
        ],
        "C16": [
            true,
            [
                "C96",
                "C28",
                "C112",
                "C13",
                "C128",
                "C114",
                "C53",
                "C18",
                "C127",
                "C3"
            ]
        ],
        "C17": [
            false,
            [
                "C128",
                "C29",
                "C101",
                "C104",
                "C26",
                "C57",
                "C4",
                "C58",
                "C75"
            ]
        ],
        "C18": [
            false,
            [
                "C27",
                "C46",
                "C24",
                "C93",
                "C13",
                "C25"
            ]
        ],
        "C19": [
            false,
            [
                "C64",
                "C83",
                "C66",
                "C104",
                "C98",
                "C39"
            ]
        ],
        "C20": [
            false,
            [
                "C112",
                "C59",
                "C28",
                "C39",
                "C89"
            ]
        ],
        "C21": [
            false,
            [
                "C107",
                "C27",
                "C32"
            ]
        ],
        "C22": [
            false,
            [
                "C103",
                "C128",
                "C115",
                "C101",
                "C44",
                "C41",
                "C90"
            ]
        ],
        "C23": [
            false,
            [
                "C79",
                "C125",
                "C71",
                "C93",
                "C9",
                "C15",
                "C115"
            ]
        ],
        "C24": [
            false,
            [
                "C119"
            ]
        ],
        "C25": [
            false,
            [
                "C56",
                "C22",
                "C86"
            ]
        ],
        "C26": [
            false,
            [
                "C126",
                "C24",
                "C108",
                "C9",
                "C71",
                "C44",
                "C97",
                "C21",
                "C67",
                "C64",
                "C114",
                "C22"
            ]
        ],
        "C27": [
            false,
            [
                "C85",
                "C9",
                "C67",
                "C26",
                "C94",
                "C47"
            ]
        ],
        "C28": [
            false,
            [
                "C66",
                "C72",
                "C88",
                "C128",
                "C36",
                "C106"
            ]
        ],
        "C29": [
            false,
            [
                "C73",
                "C94",
                "C65",
                "C22",
                "C56",
                "C118",
                "C11",
                "C124",
                "C109",
                "C34",
                "C5"
            ]
        ],
        "C30": [
            false,
            [
                "C48",
                "C49",
                "C113",
                "C63",
                "C100",
                "C83",
                "C42",
                "C79",
                "C44"
            ]
        ],
        "C31": [
            false,
            [
                "C106",
                "C0",
                "C124",
                "C72",
                "C30",
                "C79",
                "C111"
            ]
        ],
        "C32": [
            false,
            [
                "C69",
                "C0",
                "C43",
                "C111"
            ]
        ],
        "C33": [
            false,
            [
                "C31",
                "C48",
                "C90",
                "C72",
                "C39",
                "C83",
                "C87",
                "C98",
                "C22",
                "C50",
                "C36"
            ]
        ],
        "C34": [
            false,
            [
                "C39",
                "C22",
                "C53",
                "C65",
                "C31",
                "C92"
            ]
        ],
        "C35": [
            false,
            [
                "C18",
                "C2",
                "C90",
                "C69",
                "C33"
            ]
        ],
        "C36": [
            false,
            [
                "C92",
                "C123",
                "C86",
                "C1",
                "C94",
                "C102",
                "C128",
                "C15",
                "C70",
                "C44"
            ]
        ],
        "C37": [
            false,
            [
                "C3",
                "C112",
                "C40",
                "C120",
                "C18",
                "C38",
                "C100",
                "C48",
                "C52",
                "C78",
                "C8"
            ]
        ],
        "C38": [
            true,
            [
                "C47",
                "C54",
                "C125",
                "C26",
                "C63",
                "C104",
                "C120",
                "C40",
                "C115",
                "C62",
                "C39"
            ]
        ],
        "C39": [
            false,
            [
                "C32",
                "C114",
                "C109",
                "C112",
                "C74",
                "C111"
            ]
        ],
        "C40": [
            false,
            [
                "C85",
                "C31",
                "C74",
                "C98",
                "C114",
                "C117",
                "C75",
                "C38",
                "C68"
            ]
        ],
        "C41": [
            false,
            [
                "C49",
                "C18",
                "C51",
                "C106",
                "C125",
                "C88",
                "C126",
                "C40",
                "C103"
            ]
        ],
        "C42": [
            false,
            [
                "C66",
                "C1",
                "C84",
                "C58",
                "C103",
                "C108"
            ]
        ],
        "C43": [
            false,
            [
                "C128",
                "C53",
                "C47",
                "C8",
                "C48",
                "C19",
                "C101"
            ]
        ],
        "C44": [
            false,
            [
                "C52"
            ]
        ],
        "C45": [
            false,
            [
                "C123"
            ]
        ],
        "C46": [
            false,
            [
                "C3",
                "C87",
                "C62",
                "C77",
                "C10",
                "C53",
                "C56"
            ]
        ],
        "C47": [
            false,
            [
                "C51",
                "C26",
                "C81"
            ]
        ],
        "C48": [
            false,
            [
                "C24",
                "C4",
                "C26",
                "C101",
                "C103",
                "C71",
                "C2",
                "C40",
                "C63",
                "C108",
                "C34",
                "C14"
            ]
        ],
        "C49": [
            false,
            [
                "C56"
            ]
        ],
        "C50": [
            false,
            [
                "C93",
                "C49",
                "C18",
                "C28",
                "C90",
                "C70",
                "C61",
                "C123"
            ]
        ],
        "C51": [
            false,
            [
                "C24",
                "C92",
                "C124",
                "C62",
                "C66",
                "C22",
                "C81",
                "C21"
            ]
        ],
        "C52": [
            false,
            []
        ],
        "C53": [
            false,
            [
                "C96",
                "C109",
                "C3",
                "C128",
                "C107",
                "C46",
                "C60",
                "C97",
                "C90",
                "C15"
            ]
        ],
        "C54": [
            true,
            [
                "C101",
                "C9",
                "C36",
                "C105"
            ]
        ],
        "C55": [
            false,
            [
                "C44",
                "C36",
                "C79",
                "C126",
                "C33",
                "C37",
                "C86",
                "C26",
                "C109",
                "C25"
            ]
        ],
        "C56": [
            false,
            [
                "C62",
                "C86",
                "C11",
                "C106",
                "C32",
                "C16",
                "C15",
                "C74",
                "C8",
                "C19",
                "C82",
                "C122"
            ]
        ],
        "C57": [
            false,
            [
                "C127",
                "C4",
                "C101",
                "C34",
                "C16",
                "C9",
                "C122",
                "C90",
                "C47"
            ]
        ],
        "C58": [
            false,
            [
                "C101",
                "C107",
                "C95",
                "C12",
                "C54",
                "C23"
            ]
        ],
        "C59": [
            false,
            [
                "C100",
                "C41",
                "C29",
                "C74",
                "C10",
                "C113",
                "C57",
                "C120",
                "C50",
                "C13",
                "C116",
                "C21"
            ]
        ],
        "C60": [
            false,
            [
                "C50",
                "C4",
                "C49",
                "C2"
            ]
        ],
        "C61": [
            false,
            [
                "C39",
                "C6",
                "C13",
                "C87",
                "C100",
                "C45",
                "C101",
                "C10",
                "C123"
            ]
        ],
        "C62": [
            false,
            []
        ],
        "C63": [
            false,
            [
                "C45",
                "C72",
                "C126",
                "C73",
                "C83",
                "C114",
                "C43",
                "C16",
                "C59",
                "C118"
            ]
        ],
        "C64": [
            false,
            [
                "C30",
                "C84",
                "C44"
            ]
        ],
        "C65": [
            false,
            [
                "C53",
                "C44"
            ]
        ],
        "C66": [
            false,
            [
                "C116",
                "C44"
            ]
        ],
        "C67": [
            false,
            [
                "C83",
                "C65",
                "C9",
                "C28",
                "C75",
                "C63",
                "C125",
                "C94",
                "C74",
                "C60",
                "C21",
                "C102"
            ]
        ],
        "C68": [
            false,
            [
                "C79",
                "C92",
                "C116",
                "C13",
                "C14",
                "C121",
                "C44",
                "C69",
                "C109",
                "C55",
                "C102",
                "C105"
            ]
        ],
        "C69": [
            false,
            [
                "C61",
                "C122",
                "C89",
                "C92",
                "C93",
                "C4",
                "C71",
                "C86",
                "C62"
            ]
        ],
        "C70": [
            false,
            [
                "C126",
                "C92",
                "C9",
                "C3",
                "C127",
                "C118",
                "C8",
                "C13"
            ]
        ],
        "C71": [
            false,
            [
                "C48",
                "C29",
                "C113",
                "C37",
                "C24",
                "C19",
                "C58",
                "C92",
                "C128",
                "C0",
                "C72"
            ]
        ],
        "C72": [
            false,
            [
                "C53",
                "C60",
                "C28"
            ]
        ],
        "C73": [
            false,
            [
                "C95",
                "C107",
                "C67",
                "C4",
                "C29",
                "C12",
                "C21",
                "C79",
                "C103",
                "C7",
                "C23",
                "C51"
            ]
        ],
        "C74": [
            true,
            [
                "C83",
                "C47",
                "C1"
            ]
        ],
        "C75": [
            false,
            [
                "C42",
                "C44",
                "C98",
                "C13",
                "C53",
                "C19"
            ]
        ],
        "C76": [
            false,
            [
                "C70",
                "C33",
                "C98",
                "C102",
                "C58",
                "C59"
            ]
        ],
        "C77": [
            false,
            [
                "C97"
            ]
        ],
        "C78": [
            false,
            [
                "C74"
            ]
        ],
        "C79": [
            false,
            []
        ],
        "C80": [
            false,
            [
                "C39",
                "C48",
                "C26",
                "C1",
                "C16",
                "C121",
                "C21",
                "C114"
            ]
        ],
        "C81": [
            true,
            [
                "C75"
            ]
        ],
        "C82": [
            false,
            [
                "C119",
                "C64",
                "C11",
                "C85",
                "C28"
            ]
        ],
        "C83": [
            true,
            [
                "C92",
                "C7",
                "C18",
                "C2",
                "C1",
                "C85",
                "C105",
                "C112",
                "C59"
            ]
        ],
        "C84": [
            false,
            [
                "C91",
                "C40",
                "C106",
                "C57",
                "C93",
                "C94",
                "C22",
                "C120",
                "C110",
                "C61"
            ]
        ],
        "C85": [
            false,
            [
                "C46",
                "C67",
                "C28",
                "C61",
                "C7"
            ]
        ],
        "C86": [
            false,
            [
                "C47",
                "C96"
            ]
        ],
        "C87": [
            true,
            [
                "C25",
                "C13",
                "C101",
                "C106",
                "C83",
                "C108",
                "C5"
            ]
        ],
        "C88": [
            false,
            [
                "C75",
                "C42"
            ]
        ],
        "C89": [
            false,
            [
                "C93",
                "C114",
                "C112"
            ]
        ],
        "C90": [
            false,
            [
                "C73",
                "C20",
                "C77",
                "C11",
                "C94",
                "C120",
                "C21"
            ]
        ],
        "C91": [
            false,
            [
                "C86",
                "C49",
                "C38",
                "C32",
                "C126",
                "C89",
                "C41"
            ]
        ],
        "C92": [
            true,
            [
                "C31",
                "C80",
                "C118",
                "C29",
                "C102",
                "C63"
            ]
        ],
        "C93": [
            false,
            [
                "C122"
            ]
        ],
        "C94": [
            false,
            [
                "C81"
            ]
        ],
        "C95": [
            false,
            [
                "C23"
            ]
        ],
        "C96": [
            false,
            [
                "C66"
            ]
        ],
        "C97": [
            false,
            [
                "C67",
                "C29"
            ]
        ],
        "C98": [
            false,
            [
                "C74",
                "C128"
            ]
        ],
        "C99": [
            false,
            [
                "C93",
                "C78",
                "C106",
                "C112"
            ]
        ],
        "C100": [
            false,
            [
                "C19",
                "C52",
                "C113"
            ]
        ],
        "C101": [
            false,
            [
                "C120"
            ]
        ],
        "C102": [
            false,
            [
                "C67",
                "C23",
                "C0",
                "C104",
                "C82",
                "C79",
                "C81",
                "C13",
                "C90",
                "C121",
                "C1"
            ]
        ],
        "C103": [
            false,
            [
                "C65",
                "C1",
                "C31"
            ]
        ],
        "C104": [
            false,
            [
                "C23",
                "C126",
                "C103",
                "C22",
                "C118",
                "C7",
                "C99",
                "C26",
                "C52",
                "C9"
            ]
        ],
        "C105": [
            false,
            [
                "C26"
            ]
        ],
        "C106": [
            false,
            [
                "C32",
                "C115",
                "C54",
                "C56",
                "C23",
                "C22",
                "C116",
                "C41",
                "C7",
                "C62"
            ]
        ],
        "C107": [
            false,
            [
                "C120",
                "C97",
                "C91",
                "C108",
                "C66"
            ]
        ],
        "C108": [
            false,
            []
        ],
        "C109": [
            false,
            []
        ],
        "C110": [
            false,
            [
                "C16"
            ]
        ],
        "C111": [
            false,
            [
                "C81",
                "C74",
                "C33",
                "C102",
                "C14",
                "C112",
                "C38",
                "C19",
                "C31",
                "C107"
            ]
        ],
        "C112": [
            false,
            [
                "C52",
                "C69",
                "C44",
                "C77"
            ]
        ],
        "C113": [
            false,
            [
                "C17",
                "C31",
                "C64",
                "C121",
                "C81",
                "C74",
                "C101",
                "C111",
                "C36",
                "C70"
            ]
        ],
        "C114": [
            true,
            [
                "C37",
                "C32",
                "C58",
                "C15",
                "C108",
                "C75",
                "C18",
                "C20",
                "C66",
                "C102",
                "C14",
                "C57"
            ]
        ],
        "C115": [
            false,
            [
                "C89",
                "C25",
                "C86",
                "C38",
                "C60",
                "C71",
                "C108",
                "C100"
            ]
        ],
        "C116": [
            false,
            [
                "C37",
                "C16",
                "C126",
                "C73",
                "C108"
            ]
        ],
        "C117": [
            false,
            [
                "C83",
                "C48",
                "C59",
                "C25"
            ]
        ],
        "C118": [
            false,
            [
                "C69",
                "C80",
                "C2",
                "C110",
                "C8",
                "C82"
            ]
        ],
        "C119": [
            false,
            [
                "C73",
                "C26",
                "C24",
                "C54",
                "C121",
                "C57",
                "C74",
                "C108",
                "C61",
                "C3"
            ]
        ],
        "C120": [
            true,
            [
                "C11",
                "C123",
                "C109",
                "C82",
                "C115",
                "C96",
                "C13"
            ]
        ],
        "C121": [
            false,
            [
                "C58"
            ]
        ],
        "C122": [
            false,
            []
        ],
        "C123": [
            false,
            [
                "C27",
                "C82",
                "C71",
                "C72"
            ]
        ],
        "C124": [
            true,
            [
                "C78",
                "C127",
                "C61",
                "C60",
                "C68",
                "C57",
                "C95"
            ]
        ],
        "C125": [
            false,
            [
                "C120",
                "C63",
                "C110",
                "C122",
                "C8",
                "C24",
                "C109",
                "C128",
                "C92",
                "C39"
            ]
        ],
        "C126": [
            false,
            [
                "C61",
                "C19",
                "C123",
                "C81",
                "C12"
            ]
        ],
        "C127": [
            false,
            [
                "C1",
                "C54",
                "C121",
                "C4"
            ]
        ],
        "C128": [
            true,
            [
                "C29"
            ]
        ]
    },
    "ground_truth_fault_paths": [
        [
            "C92",
            "C83",
            "C87"
        ],
        [
            "C92",
            "C83",
            "C74"
        ],
        [
            "C120",
            "C38"
        ],
        [
            "C54",
            "C38"
        ],
        [
            "C114",
            "C16"
        ],
        [
            "C128",
            "C16"
        ],
        [
            "C6"
        ],
        [
            "C81"
        ],
        [
            "C124"
        ]
    ],
    "error_codes": {
        "E0": [
            "FC0",
            [
                "C87",
                "C83",
                "C101",
                "C114",
                "C68",
                "C4",
                "C91",
                "C43",
                "C5",
                "C90"
            ]
        ],
        "E1": [
            "FC1",
            [
                "C74",
                "C89"
            ]
        ],
        "E2": [
            "FC2",
            [
                "C38",
                "C39",
                "C128",
                "C17",
                "C68",
                "C114",
                "C99",
                "C101",
                "C12"
            ]
        ],
        "E3": [
            "FC3",
            [
                "C38",
                "C52",
                "C44",
                "C73",
                "C19",
                "C109",
                "C24",
                "C23"
            ]
        ],
        "E4": [
            "FC4",
            [
                "C16",
                "C88",
                "C68",
                "C9",
                "C97",
                "C45",
                "C124",
                "C6",
                "C13",
                "C100",
                "C128"
            ]
        ],
        "E5": [
            "FC5",
            [
                "C16",
                "C22",
                "C31",
                "C38",
                "C30"
            ]
        ],
        "E6": [
            "FC6",
            [
                "C6",
                "C85",
                "C35",
                "C38",
                "C41",
                "C53",
                "C61",
                "C20",
                "C47"
            ]
        ],
        "E7": [
            "FC7",
            [
                "C81",
                "C99",
                "C124",
                "C127",
                "C35",
                "C88",
                "C0"
            ]
        ],
        "E8": [
            "FC8",
            [
                "C124",
                "C54",
                "C88",
                "C109",
                "C31",
                "C108",
                "C44",
                "C117",
                "C29",
                "C66",
                "C23",
                "C48",
                "C71"
            ]
        ]
    },
    "sim_accuracies": {
        "C0": [
            "0.9395578690523165",
            "False"
        ],
        "C1": [
            "0.9248402527171038",
            "False"
        ],
        "C2": [
            "0.9354196103269472",
            "False"
        ],
        "C3": [
            "0.9094314478874109",
            "False"
        ],
        "C4": [
            "0.9100775060488091",
            "False"
        ],
        "C5": [
            "0.9325279055133081",
            "False"
        ],
        "C6": [
            "0.9116261577977008",
            "True"
        ],
        "C7": [
            "0.9245037361468813",
            "False"
        ],
        "C8": [
            "0.9127190132364251",
            "False"
        ],
        "C9": [
            "0.9454100954474356",
            "False"
        ],
        "C10": [
            "0.9050615752772369",
            "False"
        ],
        "C11": [
            "0.9447945640644128",
            "False"
        ],
        "C12": [
            "0.9361214653220256",
            "False"
        ],
        "C13": [
            "0.9005932713334268",
            "False"
        ],
        "C14": [
            "0.9126315344814717",
            "False"
        ],
        "C15": [
            "0.9017343064543929",
            "False"
        ],
        "C16": [
            "0.9296959300482496",
            "True"
        ],
        "C17": [
            "0.9448191525344357",
            "False"
        ],
        "C18": [
            "0.9130452000021686",
            "False"
        ],
        "C19": [
            "0.9184807962363523",
            "False"
        ],
        "C20": [
            "0.9254092475233019",
            "False"
        ],
        "C21": [
            "0.9032752776956608",
            "False"
        ],
        "C22": [
            "0.9354454560639126",
            "False"
        ],
        "C23": [
            "0.9143744204727836",
            "False"
        ],
        "C24": [
            "0.9171189736762696",
            "False"
        ],
        "C25": [
            "0.948876722104635",
            "False"
        ],
        "C26": [
            "0.9331255630885387",
            "False"
        ],
        "C27": [
            "0.9498187443489488",
            "False"
        ],
        "C28": [
            "0.9067970796164456",
            "False"
        ],
        "C29": [
            "0.9479627560253869",
            "False"
        ],
        "C30": [
            "0.9396794014908401",
            "False"
        ],
        "C31": [
            "0.911311250907303",
            "False"
        ],
        "C32": [
            "0.9434951584427852",
            "False"
        ],
        "C33": [
            "0.9320498242254314",
            "False"
        ],
        "C34": [
            "0.9453490037479199",
            "False"
        ],
        "C35": [
            "0.943175770627739",
            "False"
        ],
        "C36": [
            "0.9287338921294123",
            "False"
        ],
        "C37": [
            "0.917944698292422",
            "False"
        ],
        "C38": [
            "0.9424193090718952",
            "True"
        ],
        "C39": [
            "0.9341937260878822",
            "False"
        ],
        "C40": [
            "0.924584820305694",
            "False"
        ],
        "C41": [
            "0.9303897607329215",
            "False"
        ],
        "C42": [
            "0.9483879993506272",
            "False"
        ],
        "C43": [
            "0.930343875744841",
            "False"
        ],
        "C44": [
            "0.9197690588591186",
            "False"
        ],
        "C45": [
            "0.9335702958642328",
            "False"
        ],
        "C46": [
            "0.9091067479880763",
            "False"
        ],
        "C47": [
            "0.9105427769796298",
            "False"
        ],
        "C48": [
            "0.9292485584870859",
            "False"
        ],
        "C49": [
            "0.922691576238335",
            "False"
        ],
        "C50": [
            "0.9111263511779053",
            "False"
        ],
        "C51": [
            "0.9360830111901604",
            "False"
        ],
        "C52": [
            "0.904977249138905",
            "False"
        ],
        "C53": [
            "0.9480447224084344",
            "False"
        ],
        "C54": [
            "0.9392437711002227",
            "True"
        ],
        "C55": [
            "0.9035721291332169",
            "False"
        ],
        "C56": [
            "0.9291497663216993",
            "False"
        ],
        "C57": [
            "0.90425336369848",
            "False"
        ],
        "C58": [
            "0.9160309773324686",
            "False"
        ],
        "C59": [
            "0.9050988725050184",
            "False"
        ],
        "C60": [
            "0.9444073128091701",
            "False"
        ],
        "C61": [
            "0.9036826101092174",
            "False"
        ],
        "C62": [
            "0.9327801392255266",
            "False"
        ],
        "C63": [
            "0.9025362432401273",
            "False"
        ],
        "C64": [
            "0.9014690527600885",
            "False"
        ],
        "C65": [
            "0.9164086625679299",
            "False"
        ],
        "C66": [
            "0.9186477843469154",
            "False"
        ],
        "C67": [
            "0.938247157885282",
            "False"
        ],
        "C68": [
            "0.9022175647981913",
            "False"
        ],
        "C69": [
            "0.943422789223542",
            "False"
        ],
        "C70": [
            "0.9202502842896976",
            "False"
        ],
        "C71": [
            "0.9288386096354273",
            "False"
        ],
        "C72": [
            "0.9477339340468015",
            "False"
        ],
        "C73": [
            "0.9416142757148281",
            "False"
        ],
        "C74": [
            "0.940625269445906",
            "True"
        ],
        "C75": [
            "0.9355732987566665",
            "False"
        ],
        "C76": [
            "0.9438428409783496",
            "False"
        ],
        "C77": [
            "0.9085265309405063",
            "False"
        ],
        "C78": [
            "0.9069716948355645",
            "False"
        ],
        "C79": [
            "0.9364642393313728",
            "False"
        ],
        "C80": [
            "0.9090679936960888",
            "False"
        ],
        "C81": [
            "0.9428051040210303",
            "True"
        ],
        "C82": [
            "0.9453174408649578",
            "False"
        ],
        "C83": [
            "0.9278857948199272",
            "True"
        ],
        "C84": [
            "0.9392676071261135",
            "False"
        ],
        "C85": [
            "0.9261861282410506",
            "False"
        ],
        "C86": [
            "0.9160877078348713",
            "False"
        ],
        "C87": [
            "0.9351936019435921",
            "True"
        ],
        "C88": [
            "0.9402665009627162",
            "False"
        ],
        "C89": [
            "0.9029617246021068",
            "False"
        ],
        "C90": [
            "0.9384067910749069",
            "False"
        ],
        "C91": [
            "0.9382064803389978",
            "False"
        ],
        "C92": [
            "0.9287760523350561",
            "True"
        ],
        "C93": [
            "0.9103599777760978",
            "False"
        ],
        "C94": [
            "0.9415483168638363",
            "False"
        ],
        "C95": [
            "0.905241337883678",
            "False"
        ],
        "C96": [
            "0.9240019120320445",
            "False"
        ],
        "C97": [
            "0.9491990415479211",
            "False"
        ],
        "C98": [
            "0.9487472516869225",
            "False"
        ],
        "C99": [
            "0.9280928480915637",
            "False"
        ],
        "C100": [
            "0.9219803254897854",
            "False"
        ],
        "C101": [
            "0.9259589725006752",
            "False"
        ],
        "C102": [
            "0.9239862474121042",
            "False"
        ],
        "C103": [
            "0.9084727995559178",
            "False"
        ],
        "C104": [
            "0.9112595572880886",
            "False"
        ],
        "C105": [
            "0.9493718903927528",
            "False"
        ],
        "C106": [
            "0.921212544596105",
            "False"
        ],
        "C107": [
            "0.9473162501084071",
            "False"
        ],
        "C108": [
            "0.9276946560240551",
            "False"
        ],
        "C109": [
            "0.9070279420822055",
            "False"
        ],
        "C110": [
            "0.9324751142613905",
            "False"
        ],
        "C111": [
            "0.9257932193601592",
            "False"
        ],
        "C112": [
            "0.930863547323463",
            "False"
        ],
        "C113": [
            "0.9404854083791588",
            "False"
        ],
        "C114": [
            "0.9104570114785333",
            "True"
        ],
        "C115": [
            "0.9033803132818552",
            "False"
        ],
        "C116": [
            "0.9053354735019039",
            "False"
        ],
        "C117": [
            "0.9115942560413901",
            "False"
        ],
        "C118": [
            "0.9462704071585607",
            "False"
        ],
        "C119": [
            "0.9421225028274418",
            "False"
        ],
        "C120": [
            "0.9150798053555029",
            "True"
        ],
        "C121": [
            "0.935718460231486",
            "False"
        ],
        "C122": [
            "0.9272232288714916",
            "False"
        ],
        "C123": [
            "0.9393369457768679",
            "False"
        ],
        "C124": [
            "0.9402041179114402",
            "True"
        ],
        "C125": [
            "0.9270156141382133",
            "False"
        ],
        "C126": [
            "0.909867116601863",
            "False"
        ],
        "C127": [
            "0.931897470086182",
            "False"
        ],
        "C128": [
            "0.9492303362675096",
            "True"
        ]
    }
}