{
    "suspect_components": {
        "C0": [
            false,
            [
                "C26",
                "C4"
            ]
        ],
        "C1": [
            true,
            [
                "C55",
                "C32",
                "C43",
                "C61",
                "C104",
                "C69",
                "C48"
            ]
        ],
        "C2": [
            false,
            [
                "C60",
                "C15",
                "C110",
                "C54",
                "C99",
                "C49",
                "C74"
            ]
        ],
        "C3": [
            false,
            [
                "C34",
                "C103",
                "C105",
                "C73",
                "C68"
            ]
        ],
        "C4": [
            false,
            [
                "C31",
                "C107",
                "C65"
            ]
        ],
        "C5": [
            false,
            [
                "C127",
                "C0",
                "C29",
                "C103",
                "C48",
                "C64",
                "C32",
                "C47",
                "C30",
                "C63"
            ]
        ],
        "C6": [
            false,
            [
                "C10",
                "C59"
            ]
        ],
        "C7": [
            false,
            [
                "C11",
                "C18",
                "C101"
            ]
        ],
        "C8": [
            false,
            [
                "C55",
                "C70"
            ]
        ],
        "C9": [
            false,
            [
                "C0"
            ]
        ],
        "C10": [
            true,
            [
                "C53",
                "C28",
                "C3",
                "C105",
                "C27",
                "C87",
                "C52",
                "C114",
                "C36",
                "C37"
            ]
        ],
        "C11": [
            false,
            [
                "C31",
                "C94",
                "C83",
                "C105",
                "C96",
                "C70",
                "C113",
                "C51",
                "C37",
                "C52",
                "C99"
            ]
        ],
        "C12": [
            false,
            [
                "C48",
                "C62",
                "C125",
                "C70",
                "C111"
            ]
        ],
        "C13": [
            false,
            []
        ],
        "C14": [
            false,
            [
                "C0",
                "C110",
                "C118",
                "C40"
            ]
        ],
        "C15": [
            false,
            []
        ],
        "C16": [
            false,
            [
                "C15",
                "C117",
                "C74",
                "C52",
                "C105",
                "C28",
                "C73",
                "C36",
                "C72",
                "C71",
                "C45",
                "C109"
            ]
        ],
        "C17": [
            false,
            [
                "C3",
                "C121",
                "C16",
                "C116",
                "C89",
                "C77",
                "C57",
                "C115",
                "C51",
                "C70",
                "C122",
                "C99"
            ]
        ],
        "C18": [
            false,
            [
                "C41",
                "C122",
                "C56",
                "C112"
            ]
        ],
        "C19": [
            false,
            [
                "C4",
                "C60"
            ]
        ],
        "C20": [
            true,
            [
                "C124",
                "C98",
                "C56",
                "C37",
                "C28",
                "C68",
                "C94",
                "C65",
                "C25",
                "C69"
            ]
        ],
        "C21": [
            false,
            [
                "C79",
                "C103",
                "C5",
                "C16",
                "C27",
                "C61",
                "C72",
                "C64",
                "C62",
                "C46"
            ]
        ],
        "C22": [
            false,
            [
                "C127",
                "C0",
                "C38",
                "C5",
                "C83",
                "C107",
                "C87",
                "C123",
                "C49",
                "C47"
            ]
        ],
        "C23": [
            false,
            [
                "C78"
            ]
        ],
        "C24": [
            false,
            [
                "C108",
                "C64",
                "C69",
                "C51",
                "C102",
                "C91",
                "C97",
                "C120",
                "C50",
                "C62",
                "C83"
            ]
        ],
        "C25": [
            false,
            []
        ],
        "C26": [
            false,
            [
                "C91",
                "C120",
                "C61",
                "C85",
                "C126"
            ]
        ],
        "C27": [
            true,
            [
                "C110",
                "C4",
                "C19"
            ]
        ],
        "C28": [
            false,
            [
                "C35"
            ]
        ],
        "C29": [
            false,
            [
                "C105",
                "C11",
                "C52"
            ]
        ],
        "C30": [
            false,
            [
                "C105",
                "C18",
                "C26",
                "C112",
                "C34",
                "C56",
                "C54"
            ]
        ],
        "C31": [
            false,
            [
                "C94",
                "C24",
                "C9"
            ]
        ],
        "C32": [
            false,
            [
                "C2",
                "C104",
                "C30",
                "C71"
            ]
        ],
        "C33": [
            false,
            [
                "C115",
                "C53",
                "C23",
                "C87",
                "C60",
                "C30",
                "C64",
                "C61",
                "C11",
                "C121"
            ]
        ],
        "C34": [
            false,
            [
                "C70",
                "C42",
                "C1",
                "C125",
                "C55",
                "C105",
                "C84",
                "C25",
                "C22",
                "C128",
                "C58"
            ]
        ],
        "C35": [
            false,
            [
                "C71",
                "C0",
                "C109",
                "C89",
                "C91",
                "C115",
                "C42",
                "C6",
                "C24"
            ]
        ],
        "C36": [
            false,
            [
                "C5",
                "C70",
                "C49",
                "C44",
                "C40",
                "C59",
                "C11",
                "C45",
                "C50",
                "C53"
            ]
        ],
        "C37": [
            false,
            [
                "C33",
                "C75",
                "C117"
            ]
        ],
        "C38": [
            false,
            []
        ],
        "C39": [
            false,
            [
                "C115",
                "C57",
                "C34",
                "C8",
                "C30",
                "C52",
                "C93",
                "C76",
                "C110",
                "C16"
            ]
        ],
        "C40": [
            true,
            [
                "C121",
                "C96"
            ]
        ],
        "C41": [
            false,
            []
        ],
        "C42": [
            false,
            [
                "C95",
                "C8"
            ]
        ],
        "C43": [
            true,
            [
                "C44",
                "C107",
                "C27",
                "C21",
                "C40",
                "C54",
                "C18",
                "C39"
            ]
        ],
        "C44": [
            false,
            [
                "C27",
                "C111",
                "C58",
                "C42",
                "C68",
                "C84"
            ]
        ],
        "C45": [
            false,
            [
                "C40",
                "C55",
                "C114",
                "C108",
                "C44",
                "C113",
                "C71"
            ]
        ],
        "C46": [
            false,
            [
                "C66",
                "C54",
                "C5",
                "C50",
                "C103"
            ]
        ],
        "C47": [
            false,
            [
                "C96",
                "C119",
                "C23",
                "C29"
            ]
        ],
        "C48": [
            false,
            [
                "C32",
                "C13",
                "C58",
                "C28",
                "C122",
                "C101",
                "C34",
                "C46",
                "C59",
                "C61",
                "C12",
                "C18"
            ]
        ],
        "C49": [
            false,
            [
                "C21",
                "C86",
                "C23"
            ]
        ],
        "C50": [
            false,
            [
                "C66",
                "C85",
                "C34",
                "C45"
            ]
        ],
        "C51": [
            false,
            []
        ],
        "C52": [
            false,
            [
                "C125",
                "C35",
                "C56",
                "C22",
                "C37",
                "C113"
            ]
        ],
        "C53": [
            false,
            [
                "C108"
            ]
        ],
        "C54": [
            false,
            [
                "C20",
                "C82",
                "C117",
                "C42",
                "C70",
                "C86",
                "C7",
                "C8",
                "C2",
                "C6",
                "C21"
            ]
        ],
        "C55": [
            false,
            [
                "C42",
                "C20",
                "C21",
                "C48",
                "C123"
            ]
        ],
        "C56": [
            false,
            [
                "C25",
                "C112",
                "C95",
                "C14",
                "C6",
                "C38",
                "C90",
                "C80",
                "C97",
                "C29",
                "C74",
                "C66"
            ]
        ],
        "C57": [
            false,
            [
                "C21",
                "C37"
            ]
        ],
        "C58": [
            false,
            [
                "C122",
                "C73",
                "C125",
                "C19",
                "C38",
                "C44",
                "C128",
                "C10",
                "C80"
            ]
        ],
        "C59": [
            false,
            [
                "C120",
                "C10",
                "C111",
                "C119",
                "C6",
                "C11"
            ]
        ],
        "C60": [
            false,
            [
                "C12",
                "C0",
                "C66",
                "C62",
                "C96",
                "C88",
                "C87",
                "C22",
                "C92"
            ]
        ],
        "C61": [
            false,
            [
                "C70",
                "C38",
                "C103",
                "C96",
                "C31",
                "C60",
                "C105",
                "C68",
                "C58",
                "C82",
                "C94"
            ]
        ],
        "C62": [
            false,
            [
                "C12",
                "C93",
                "C79",
                "C43",
                "C96",
                "C10",
                "C120",
                "C13",
                "C104",
                "C53"
            ]
        ],
        "C63": [
            true,
            [
                "C105",
                "C117",
                "C90"
            ]
        ],
        "C64": [
            false,
            [
                "C4",
                "C47",
                "C32",
                "C16",
                "C15",
                "C68",
                "C12",
                "C31",
                "C100",
                "C1",
                "C66",
                "C45"
            ]
        ],
        "C65": [
            false,
            [
                "C121",
                "C127",
                "C63",
                "C49",
                "C96",
                "C48",
                "C16",
                "C102"
            ]
        ],
        "C66": [
            false,
            [
                "C62",
                "C39",
                "C16",
                "C36"
            ]
        ],
        "C67": [
            true,
            [
                "C102",
                "C75",
                "C43",
                "C78",
                "C104",
                "C76",
                "C40",
                "C5",
                "C62",
                "C107",
                "C33"
            ]
        ],
        "C68": [
            false,
            [
                "C110",
                "C54",
                "C26",
                "C79",
                "C64"
            ]
        ],
        "C69": [
            false,
            [
                "C118"
            ]
        ],
        "C70": [
            false,
            []
        ],
        "C71": [
            false,
            [
                "C74",
                "C99",
                "C40",
                "C90",
                "C95",
                "C10"
            ]
        ],
        "C72": [
            false,
            [
                "C103",
                "C58"
            ]
        ],
        "C73": [
            false,
            [
                "C94",
                "C87",
                "C47",
                "C75",
                "C49",
                "C5",
                "C21",
                "C120",
                "C96",
                "C78",
                "C105"
            ]
        ],
        "C74": [
            false,
            [
                "C71",
                "C5",
                "C57",
                "C27",
                "C94",
                "C61",
                "C128",
                "C45",
                "C70",
                "C84",
                "C34",
                "C119"
            ]
        ],
        "C75": [
            false,
            [
                "C15",
                "C87",
                "C9",
                "C74",
                "C14",
                "C61",
                "C52",
                "C55",
                "C53"
            ]
        ],
        "C76": [
            false,
            [
                "C90",
                "C49",
                "C65",
                "C80",
                "C31",
                "C101",
                "C56",
                "C36",
                "C26",
                "C23",
                "C24",
                "C116"
            ]
        ],
        "C77": [
            false,
            [
                "C119",
                "C31",
                "C12",
                "C50",
                "C61",
                "C23",
                "C126",
                "C55"
            ]
        ],
        "C78": [
            false,
            [
                "C103",
                "C82"
            ]
        ],
        "C79": [
            false,
            [
                "C10",
                "C104",
                "C8"
            ]
        ],
        "C80": [
            false,
            [
                "C19",
                "C21",
                "C127",
                "C83",
                "C99",
                "C24",
                "C118",
                "C128",
                "C104",
                "C2",
                "C47"
            ]
        ],
        "C81": [
            false,
            [
                "C6",
                "C7",
                "C27"
            ]
        ],
        "C82": [
            false,
            [
                "C106",
                "C28",
                "C32",
                "C3",
                "C62"
            ]
        ],
        "C83": [
            false,
            [
                "C96",
                "C85",
                "C120",
                "C127",
                "C67",
                "C72",
                "C30",
                "C106",
                "C0",
                "C54",
                "C100"
            ]
        ],
        "C84": [
            false,
            [
                "C88",
                "C34",
                "C14",
                "C19",
                "C79"
            ]
        ],
        "C85": [
            true,
            [
                "C18",
                "C31",
                "C73",
                "C27",
                "C74",
                "C57",
                "C59",
                "C101",
                "C122"
            ]
        ],
        "C86": [
            false,
            [
                "C6",
                "C35",
                "C104",
                "C49",
                "C43"
            ]
        ],
        "C87": [
            false,
            [
                "C40",
                "C55",
                "C37",
                "C18",
                "C61",
                "C115",
                "C70",
                "C85",
                "C86",
                "C107",
                "C19"
            ]
        ],
        "C88": [
            false,
            [
                "C65"
            ]
        ],
        "C89": [
            false,
            []
        ],
        "C90": [
            false,
            [
                "C75",
                "C33",
                "C104",
                "C10",
                "C93",
                "C5",
                "C86",
                "C60",
                "C126",
                "C101",
                "C109"
            ]
        ],
        "C91": [
            false,
            [
                "C11",
                "C24",
                "C29",
                "C32",
                "C109",
                "C4"
            ]
        ],
        "C92": [
            true,
            []
        ],
        "C93": [
            false,
            [
                "C14",
                "C52",
                "C92"
            ]
        ],
        "C94": [
            false,
            [
                "C101",
                "C22",
                "C6",
                "C98",
                "C39",
                "C116"
            ]
        ],
        "C95": [
            false,
            [
                "C82"
            ]
        ],
        "C96": [
            false,
            [
                "C54",
                "C25",
                "C44",
                "C55",
                "C65",
                "C87",
                "C91",
                "C13",
                "C110",
                "C46",
                "C111"
            ]
        ],
        "C97": [
            false,
            [
                "C27",
                "C124",
                "C108",
                "C36",
                "C53",
                "C67",
                "C74",
                "C10",
                "C29"
            ]
        ],
        "C98": [
            false,
            [
                "C77",
                "C1",
                "C114"
            ]
        ],
        "C99": [
            false,
            [
                "C49",
                "C87",
                "C76",
                "C60",
                "C122",
                "C34",
                "C104",
                "C11",
                "C54",
                "C59",
                "C95",
                "C31"
            ]
        ],
        "C100": [
            false,
            []
        ],
        "C101": [
            false,
            [
                "C94"
            ]
        ],
        "C102": [
            false,
            [
                "C4",
                "C12",
                "C94",
                "C16",
                "C74",
                "C73",
                "C46"
            ]
        ],
        "C103": [
            true,
            []
        ],
        "C104": [
            false,
            [
                "C115",
                "C65",
                "C42",
                "C103",
                "C107",
                "C96",
                "C75",
                "C116",
                "C22",
                "C37",
                "C93"
            ]
        ],
        "C105": [
            false,
            [
                "C98",
                "C63",
                "C37",
                "C84",
                "C26",
                "C75",
                "C5",
                "C128",
                "C79"
            ]
        ],
        "C106": [
            false,
            [
                "C49",
                "C44",
                "C48",
                "C27",
                "C47",
                "C57",
                "C75",
                "C36",
                "C110"
            ]
        ],
        "C107": [
            false,
            [
                "C14",
                "C104",
                "C5",
                "C121",
                "C39",
                "C101"
            ]
        ],
        "C108": [
            false,
            [
                "C30",
                "C117",
                "C106",
                "C7",
                "C113",
                "C44",
                "C55",
                "C79",
                "C58",
                "C56"
            ]
        ],
        "C109": [
            false,
            [
                "C92",
                "C62",
                "C35",
                "C4",
                "C72"
            ]
        ],
        "C110": [
            false,
            []
        ],
        "C111": [
            false,
            [
                "C104",
                "C30",
                "C36",
                "C87",
                "C7"
            ]
        ],
        "C112": [
            false,
            [
                "C37",
                "C103",
                "C91",
                "C111",
                "C68",
                "C23",
                "C97",
                "C96"
            ]
        ],
        "C113": [
            false,
            [
                "C104",
                "C18",
                "C55",
                "C3",
                "C123"
            ]
        ],
        "C114": [
            false,
            [
                "C109",
                "C25",
                "C37",
                "C48",
                "C80",
                "C86",
                "C30",
                "C64",
                "C49",
                "C68",
                "C102",
                "C38"
            ]
        ],
        "C115": [
            false,
            [
                "C79",
                "C69",
                "C10"
            ]
        ],
        "C116": [
            false,
            []
        ],
        "C117": [
            false,
            [
                "C122",
                "C57"
            ]
        ],
        "C118": [
            false,
            []
        ],
        "C119": [
            false,
            []
        ],
        "C120": [
            true,
            [
                "C111",
                "C100",
                "C99",
                "C16",
                "C14",
                "C29",
                "C128",
                "C51",
                "C19",
                "C20"
            ]
        ],
        "C121": [
            false,
            [
                "C49",
                "C85",
                "C6",
                "C12",
                "C16",
                "C96",
                "C14",
                "C71",
                "C20",
                "C75"
            ]
        ],
        "C122": [
            true,
            [
                "C18",
                "C82",
                "C13",
                "C116",
                "C104",
                "C45",
                "C50",
                "C113",
                "C105",
                "C36"
            ]
        ],
        "C123": [
            false,
            []
        ],
        "C124": [
            false,
            [
                "C94",
                "C56",
                "C71",
                "C69",
                "C4",
                "C126",
                "C112",
                "C113",
                "C72",
                "C100",
                "C41"
            ]
        ],
        "C125": [
            false,
            []
        ],
        "C126": [
            false,
            [
                "C114",
                "C35",
                "C103",
                "C105",
                "C33",
                "C88",
                "C4",
                "C23",
                "C125",
                "C121",
                "C98"
            ]
        ],
        "C127": [
            false,
            []
        ],
        "C128": [
            false,
            [
                "C17",
                "C67"
            ]
        ]
    },
    "ground_truth_fault_paths": [
        [
            "C27",
            "C43",
            "C67"
        ],
        [
            "C27",
            "C43",
            "C1"
        ],
        [
            "C40",
            "C43",
            "C67"
        ],
        [
            "C40",
            "C43",
            "C1"
        ],
        [
            "C20",
            "C120"
        ],
        [
            "C122",
            "C85"
        ],
        [
            "C27",
            "C85"
        ],
        [
            "C27",
            "C10"
        ],
        [
            "C40",
            "C67"
        ],
        [
            "C63"
        ],
        [
            "C92"
        ],
        [
            "C103"
        ]
    ],
    "error_codes": {
        "E0": [
            "FC0",
            [
                "C67",
                "C101"
            ]
        ],
        "E1": [
            "FC1",
            [
                "C1",
                "C67",
                "C17",
                "C49",
                "C50",
                "C51",
                "C116",
                "C59",
                "C22",
                "C33"
            ]
        ],
        "E2": [
            "FC2",
            [
                "C67",
                "C91",
                "C43",
                "C51",
                "C88",
                "C102",
                "C27"
            ]
        ],
        "E3": [
            "FC3",
            [
                "C1",
                "C20",
                "C118",
                "C2",
                "C52",
                "C42",
                "C26",
                "C41",
                "C0"
            ]
        ],
        "E4": [
            "FC4",
            [
                "C120",
                "C28",
                "C56",
                "C108",
                "C60",
                "C81",
                "C33",
                "C119"
            ]
        ],
        "E5": [
            "FC5",
            [
                "C85",
                "C88",
                "C96",
                "C31",
                "C48",
                "C55",
                "C114",
                "C19",
                "C75"
            ]
        ],
        "E6": [
            "FC6",
            [
                "C85",
                "C67",
                "C12",
                "C43",
                "C82",
                "C36"
            ]
        ],
        "E7": [
            "FC7",
            [
                "C10",
                "C75",
                "C11",
                "C24",
                "C110",
                "C70",
                "C72",
                "C13"
            ]
        ],
        "E8": [
            "FC8",
            [
                "C67",
                "C115",
                "C52",
                "C64",
                "C26"
            ]
        ],
        "E9": [
            "FC9",
            [
                "C63",
                "C120",
                "C27",
                "C36",
                "C118",
                "C127",
                "C43",
                "C47"
            ]
        ],
        "E10": [
            "FC10",
            [
                "C92",
                "C3",
                "C41"
            ]
        ],
        "E11": [
            "FC11",
            [
                "C103",
                "C23",
                "C125",
                "C46",
                "C26",
                "C49",
                "C66",
                "C107",
                "C43",
                "C87",
                "C112",
                "C59"
            ]
        ]
    },
    "sim_accuracies": {
        "C0": [
            "0.9378939227856772",
            "False"
        ],
        "C1": [
            "0.9433291766145578",
            "True"
        ],
        "C2": [
            "0.9115814398507526",
            "False"
        ],
        "C3": [
            "0.9411272062135339",
            "False"
        ],
        "C4": [
            "0.9121514696168315",
            "False"
        ],
        "C5": [
            "0.9057492732435748",
            "False"
        ],
        "C6": [
            "0.9257650156234266",
            "False"
        ],
        "C7": [
            "0.9271755876695855",
            "False"
        ],
        "C8": [
            "0.949795753254906",
            "False"
        ],
        "C9": [
            "0.9204212583710093",
            "False"
        ],
        "C10": [
            "0.916923563640158",
            "True"
        ],
        "C11": [
            "0.9286212681793686",
            "False"
        ],
        "C12": [
            "0.9224821634440747",
            "False"
        ],
        "C13": [
            "0.9369392734106327",
            "False"
        ],
        "C14": [
            "0.9246413043832807",
            "False"
        ],
        "C15": [
            "0.9351409660982384",
            "False"
        ],
        "C16": [
            "0.9272299180623825",
            "False"
        ],
        "C17": [
            "0.9318325077849213",
            "False"
        ],
        "C18": [
            "0.9201390697362816",
            "False"
        ],
        "C19": [
            "0.9463552709648265",
            "False"
        ],
        "C20": [
            "0.9059497481039068",
            "True"
        ],
        "C21": [
            "0.9239160626009522",
            "False"
        ],
        "C22": [
            "0.9030544472495687",
            "False"
        ],
        "C23": [
            "0.9430452018745967",
            "False"
        ],
        "C24": [
            "0.924823220162075",
            "False"
        ],
        "C25": [
            "0.9450156258065568",
            "False"
        ],
        "C26": [
            "0.9259138687625103",
            "False"
        ],
        "C27": [
            "0.9403802831271828",
            "True"
        ],
        "C28": [
            "0.943005052876623",
            "False"
        ],
        "C29": [
            "0.9007730913777227",
            "False"
        ],
        "C30": [
            "0.9382268015303654",
            "False"
        ],
        "C31": [
            "0.9188058415579128",
            "False"
        ],
        "C32": [
            "0.9071814738528253",
            "False"
        ],
        "C33": [
            "0.9329455270769748",
            "False"
        ],
        "C34": [
            "0.908547013320196",
            "False"
        ],
        "C35": [
            "0.9111954106499162",
            "False"
        ],
        "C36": [
            "0.9174651907115767",
            "False"
        ],
        "C37": [
            "0.933694151848263",
            "False"
        ],
        "C38": [
            "0.9043094564200009",
            "False"
        ],
        "C39": [
            "0.9196678383941751",
            "False"
        ],
        "C40": [
            "0.9436725350691211",
            "True"
        ],
        "C41": [
            "0.9183020249064386",
            "False"
        ],
        "C42": [
            "0.9388643288370412",
            "False"
        ],
        "C43": [
            "0.9269537262577091",
            "True"
        ],
        "C44": [
            "0.9223641164366375",
            "False"
        ],
        "C45": [
            "0.9052450458283527",
            "False"
        ],
        "C46": [
            "0.9132454303670431",
            "False"
        ],
        "C47": [
            "0.9284715898895042",
            "False"
        ],
        "C48": [
            "0.9366244823011988",
            "False"
        ],
        "C49": [
            "0.926141872872152",
            "False"
        ],
        "C50": [
            "0.9385045103494327",
            "False"
        ],
        "C51": [
            "0.9087107364359324",
            "False"
        ],
        "C52": [
            "0.9490851020703532",
            "False"
        ],
        "C53": [
            "0.9069372044233205",
            "False"
        ],
        "C54": [
            "0.9283933518074193",
            "False"
        ],
        "C55": [
            "0.9484458269390187",
            "False"
        ],
        "C56": [
            "0.9377481507488232",
            "False"
        ],
        "C57": [
            "0.9477445606289188",
            "False"
        ],
        "C58": [
            "0.9278763207013282",
            "False"
        ],
        "C59": [
            "0.9267129751937728",
            "False"
        ],
        "C60": [
            "0.9340930999325653",
            "False"
        ],
        "C61": [
            "0.9117609591893707",
            "False"
        ],
        "C62": [
            "0.9311718499693875",
            "False"
        ],
        "C63": [
            "0.927092881980838",
            "True"
        ],
        "C64": [
            "0.939167466590824",
            "False"
        ],
        "C65": [
            "0.9434038825393343",
            "False"
        ],
        "C66": [
            "0.9476543453180555",
            "False"
        ],
        "C67": [
            "0.906343704049355",
            "True"
        ],
        "C68": [
            "0.9459293004266128",
            "False"
        ],
        "C69": [
            "0.9425436229746348",
            "False"
        ],
        "C70": [
            "0.9399192549414601",
            "False"
        ],
        "C71": [
            "0.9475699993242198",
            "False"
        ],
        "C72": [
            "0.9345896634197371",
            "False"
        ],
        "C73": [
            "0.9114899533474123",
            "False"
        ],
        "C74": [
            "0.9420881943934717",
            "False"
        ],
        "C75": [
            "0.9216575436200981",
            "False"
        ],
        "C76": [
            "0.9359594470255906",
            "False"
        ],
        "C77": [
            "0.9358375529540354",
            "False"
        ],
        "C78": [
            "0.9125385651392345",
            "False"
        ],
        "C79": [
            "0.9484532808109625",
            "False"
        ],
        "C80": [
            "0.9324185327179686",
            "False"
        ],
        "C81": [
            "0.9149068634519321",
            "False"
        ],
        "C82": [
            "0.9302798816329692",
            "False"
        ],
        "C83": [
            "0.9423067766187432",
            "False"
        ],
        "C84": [
            "0.9304864985913804",
            "False"
        ],
        "C85": [
            "0.9276770433893486",
            "True"
        ],
        "C86": [
            "0.903300863373008",
            "False"
        ],
        "C87": [
            "0.9042007063640527",
            "False"
        ],
        "C88": [
            "0.9173389686092226",
            "False"
        ],
        "C89": [
            "0.9313032923436508",
            "False"
        ],
        "C90": [
            "0.9253767451114525",
            "False"
        ],
        "C91": [
            "0.9481214995720458",
            "False"
        ],
        "C92": [
            "0.9375587194833601",
            "True"
        ],
        "C93": [
            "0.9017899739352169",
            "False"
        ],
        "C94": [
            "0.9327416436528435",
            "False"
        ],
        "C95": [
            "0.9045832855093993",
            "False"
        ],
        "C96": [
            "0.9461824682276854",
            "False"
        ],
        "C97": [
            "0.9117640461382255",
            "False"
        ],
        "C98": [
            "0.927198445201536",
            "False"
        ],
        "C99": [
            "0.9223789585346341",
            "False"
        ],
        "C100": [
            "0.9238800716385204",
            "False"
        ],
        "C101": [
            "0.9269635050628734",
            "False"
        ],
        "C102": [
            "0.9486054791721428",
            "False"
        ],
        "C103": [
            "0.9093380518355287",
            "True"
        ],
        "C104": [
            "0.9466952180920477",
            "False"
        ],
        "C105": [
            "0.9226003208290413",
            "False"
        ],
        "C106": [
            "0.9190224147514432",
            "False"
        ],
        "C107": [
            "0.9038995928926482",
            "False"
        ],
        "C108": [
            "0.9307012107459758",
            "False"
        ],
        "C109": [
            "0.9359704362704675",
            "False"
        ],
        "C110": [
            "0.9331846099247625",
            "False"
        ],
        "C111": [
            "0.9230702986921736",
            "False"
        ],
        "C112": [
            "0.9305215964213749",
            "False"
        ],
        "C113": [
            "0.9246235588135102",
            "False"
        ],
        "C114": [
            "0.9270988390408147",
            "False"
        ],
        "C115": [
            "0.9428511882661437",
            "False"
        ],
        "C116": [
            "0.9287296428961003",
            "False"
        ],
        "C117": [
            "0.9218232287115624",
            "False"
        ],
        "C118": [
            "0.9248613039845749",
            "False"
        ],
        "C119": [
            "0.9422755640573484",
            "False"
        ],
        "C120": [
            "0.9418522502608925",
            "True"
        ],
        "C121": [
            "0.9064743758440451",
            "False"
        ],
        "C122": [
            "0.9258058430913106",
            "True"
        ],
        "C123": [
            "0.909807679241116",
            "False"
        ],
        "C124": [
            "0.9497095952740924",
            "False"
        ],
        "C125": [
            "0.9019089962506771",
            "False"
        ],
        "C126": [
            "0.9321652827904152",
            "False"
        ],
        "C127": [
            "0.9159126928752522",
            "False"
        ],
        "C128": [
            "0.9262193381788785",
            "False"
        ]
    }
}