{
    "suspect_components": {
        "C0": [
            false,
            [
                "C17",
                "C90",
                "C94",
                "C43",
                "C82",
                "C69"
            ]
        ],
        "C1": [
            true,
            [
                "C82",
                "C120",
                "C111",
                "C54",
                "C125",
                "C128",
                "C43"
            ]
        ],
        "C2": [
            false,
            [
                "C58",
                "C7",
                "C87",
                "C80",
                "C127",
                "C122",
                "C120",
                "C53",
                "C99"
            ]
        ],
        "C3": [
            false,
            [
                "C111",
                "C4",
                "C120",
                "C79",
                "C25",
                "C10",
                "C94"
            ]
        ],
        "C4": [
            true,
            [
                "C55",
                "C69",
                "C26",
                "C81",
                "C1",
                "C71",
                "C58",
                "C14",
                "C60"
            ]
        ],
        "C5": [
            false,
            [
                "C111",
                "C6",
                "C34",
                "C91",
                "C104"
            ]
        ],
        "C6": [
            false,
            [
                "C98",
                "C108",
                "C3",
                "C107",
                "C54",
                "C91",
                "C78",
                "C119",
                "C100"
            ]
        ],
        "C7": [
            true,
            []
        ],
        "C8": [
            true,
            [
                "C83",
                "C20",
                "C43",
                "C22",
                "C14",
                "C128",
                "C74"
            ]
        ],
        "C9": [
            false,
            [
                "C99",
                "C42"
            ]
        ],
        "C10": [
            true,
            [
                "C35",
                "C97",
                "C79",
                "C73",
                "C26",
                "C5",
                "C33",
                "C71",
                "C88",
                "C75"
            ]
        ],
        "C11": [
            false,
            []
        ],
        "C12": [
            false,
            [
                "C89",
                "C59",
                "C82",
                "C103",
                "C95",
                "C61",
                "C86",
                "C40"
            ]
        ],
        "C13": [
            false,
            [
                "C70",
                "C62",
                "C120",
                "C116",
                "C84",
                "C9",
                "C114",
                "C106",
                "C92",
                "C82",
                "C117",
                "C57"
            ]
        ],
        "C14": [
            false,
            [
                "C64",
                "C90",
                "C39",
                "C84",
                "C19",
                "C43",
                "C74"
            ]
        ],
        "C15": [
            false,
            [
                "C117",
                "C13",
                "C21",
                "C125",
                "C83",
                "C43"
            ]
        ],
        "C16": [
            false,
            [
                "C122",
                "C44"
            ]
        ],
        "C17": [
            true,
            [
                "C70",
                "C109",
                "C83",
                "C41",
                "C53",
                "C101",
                "C127",
                "C65",
                "C13"
            ]
        ],
        "C18": [
            false,
            [
                "C15",
                "C57"
            ]
        ],
        "C19": [
            false,
            [
                "C86",
                "C68",
                "C9",
                "C112",
                "C0",
                "C15",
                "C67",
                "C22",
                "C87",
                "C21"
            ]
        ],
        "C20": [
            true,
            [
                "C72",
                "C36"
            ]
        ],
        "C21": [
            true,
            [
                "C81",
                "C120",
                "C56",
                "C87",
                "C17",
                "C51"
            ]
        ],
        "C22": [
            false,
            [
                "C123",
                "C96",
                "C63",
                "C85",
                "C41",
                "C72",
                "C106",
                "C18",
                "C79",
                "C33"
            ]
        ],
        "C23": [
            false,
            [
                "C111",
                "C42",
                "C5",
                "C69",
                "C15",
                "C90",
                "C36",
                "C101",
                "C62",
                "C52",
                "C67"
            ]
        ],
        "C24": [
            false,
            [
                "C19",
                "C17",
                "C127",
                "C126",
                "C48",
                "C114"
            ]
        ],
        "C25": [
            false,
            [
                "C45",
                "C97"
            ]
        ],
        "C26": [
            false,
            [
                "C48",
                "C55",
                "C10",
                "C73",
                "C16"
            ]
        ],
        "C27": [
            false,
            [
                "C21",
                "C98",
                "C12",
                "C62",
                "C51",
                "C59",
                "C15"
            ]
        ],
        "C28": [
            true,
            [
                "C95",
                "C74",
                "C72",
                "C22",
                "C77",
                "C63",
                "C107",
                "C110"
            ]
        ],
        "C29": [
            false,
            []
        ],
        "C30": [
            false,
            [
                "C46",
                "C4",
                "C50",
                "C22",
                "C56",
                "C120",
                "C12",
                "C40",
                "C17",
                "C8"
            ]
        ],
        "C31": [
            true,
            [
                "C61",
                "C106",
                "C124",
                "C105",
                "C127",
                "C117",
                "C118",
                "C116",
                "C87"
            ]
        ],
        "C32": [
            true,
            [
                "C116",
                "C96",
                "C79",
                "C91",
                "C89",
                "C76",
                "C84",
                "C14",
                "C53",
                "C64",
                "C28",
                "C51"
            ]
        ],
        "C33": [
            false,
            [
                "C28",
                "C27",
                "C12",
                "C35",
                "C97"
            ]
        ],
        "C34": [
            true,
            [
                "C52",
                "C80",
                "C95",
                "C60",
                "C12",
                "C49",
                "C63",
                "C48",
                "C21"
            ]
        ],
        "C35": [
            true,
            [
                "C93",
                "C17",
                "C79"
            ]
        ],
        "C36": [
            true,
            [
                "C80",
                "C86",
                "C7",
                "C118",
                "C5",
                "C96",
                "C64",
                "C4",
                "C110",
                "C35"
            ]
        ],
        "C37": [
            false,
            [
                "C108",
                "C3",
                "C98",
                "C112",
                "C72",
                "C27",
                "C81",
                "C31",
                "C76",
                "C78",
                "C122",
                "C111"
            ]
        ],
        "C38": [
            false,
            [
                "C27",
                "C107"
            ]
        ],
        "C39": [
            false,
            [
                "C62",
                "C65",
                "C34",
                "C116"
            ]
        ],
        "C40": [
            false,
            [
                "C116",
                "C63",
                "C13",
                "C44",
                "C72",
                "C111",
                "C83",
                "C122",
                "C43",
                "C88",
                "C42"
            ]
        ],
        "C41": [
            false,
            [
                "C8",
                "C40",
                "C58",
                "C92",
                "C52",
                "C116",
                "C118",
                "C28",
                "C95",
                "C46"
            ]
        ],
        "C42": [
            false,
            [
                "C67",
                "C21",
                "C76",
                "C91",
                "C98",
                "C85",
                "C17",
                "C70"
            ]
        ],
        "C43": [
            false,
            [
                "C100",
                "C75",
                "C76",
                "C110",
                "C64"
            ]
        ],
        "C44": [
            false,
            [
                "C82",
                "C36",
                "C60",
                "C1",
                "C7",
                "C66",
                "C18",
                "C94",
                "C43",
                "C77",
                "C39",
                "C96"
            ]
        ],
        "C45": [
            false,
            [
                "C93",
                "C84",
                "C65",
                "C126",
                "C2",
                "C17",
                "C128"
            ]
        ],
        "C46": [
            false,
            [
                "C120",
                "C124",
                "C88",
                "C11",
                "C31",
                "C77",
                "C96",
                "C115",
                "C58"
            ]
        ],
        "C47": [
            false,
            [
                "C125",
                "C36",
                "C87",
                "C11",
                "C32",
                "C128"
            ]
        ],
        "C48": [
            false,
            [
                "C7",
                "C14",
                "C79",
                "C19",
                "C118",
                "C123",
                "C8",
                "C126",
                "C61",
                "C69",
                "C108"
            ]
        ],
        "C49": [
            false,
            []
        ],
        "C50": [
            true,
            [
                "C63",
                "C27",
                "C105",
                "C25",
                "C56",
                "C76",
                "C3",
                "C124",
                "C32",
                "C22"
            ]
        ],
        "C51": [
            false,
            [
                "C68",
                "C89",
                "C123",
                "C82",
                "C45",
                "C124"
            ]
        ],
        "C52": [
            false,
            [
                "C73",
                "C45",
                "C128",
                "C51",
                "C32"
            ]
        ],
        "C53": [
            false,
            [
                "C102",
                "C125",
                "C128",
                "C86",
                "C23",
                "C90",
                "C13",
                "C108",
                "C100",
                "C17",
                "C88",
                "C91"
            ]
        ],
        "C54": [
            false,
            [
                "C119",
                "C28",
                "C83",
                "C93",
                "C106",
                "C20",
                "C107",
                "C77",
                "C11",
                "C61",
                "C99"
            ]
        ],
        "C55": [
            false,
            [
                "C104",
                "C3",
                "C87",
                "C94"
            ]
        ],
        "C56": [
            false,
            [
                "C30",
                "C105",
                "C29",
                "C18",
                "C53"
            ]
        ],
        "C57": [
            false,
            [
                "C85",
                "C106",
                "C48",
                "C47",
                "C33",
                "C66",
                "C95",
                "C19",
                "C38"
            ]
        ],
        "C58": [
            false,
            [
                "C101",
                "C103",
                "C17",
                "C32",
                "C20"
            ]
        ],
        "C59": [
            false,
            [
                "C109",
                "C115"
            ]
        ],
        "C60": [
            true,
            [
                "C79",
                "C99",
                "C124",
                "C77",
                "C123",
                "C104",
                "C50",
                "C21",
                "C108",
                "C57",
                "C14"
            ]
        ],
        "C61": [
            false,
            [
                "C41",
                "C126",
                "C13",
                "C66",
                "C52"
            ]
        ],
        "C62": [
            true,
            [
                "C46",
                "C88",
                "C20",
                "C108",
                "C64",
                "C34"
            ]
        ],
        "C63": [
            false,
            [
                "C1",
                "C30",
                "C34"
            ]
        ],
        "C64": [
            false,
            [
                "C72",
                "C103",
                "C2",
                "C28",
                "C124",
                "C99",
                "C52"
            ]
        ],
        "C65": [
            false,
            [
                "C23"
            ]
        ],
        "C66": [
            true,
            [
                "C128",
                "C108",
                "C62",
                "C119",
                "C4",
                "C92",
                "C88",
                "C57",
                "C99"
            ]
        ],
        "C67": [
            false,
            []
        ],
        "C68": [
            true,
            [
                "C38",
                "C44",
                "C49",
                "C3",
                "C105",
                "C48"
            ]
        ],
        "C69": [
            false,
            [
                "C106",
                "C120",
                "C52",
                "C90",
                "C125"
            ]
        ],
        "C70": [
            false,
            [
                "C95",
                "C100",
                "C74",
                "C42",
                "C79",
                "C16",
                "C0"
            ]
        ],
        "C71": [
            false,
            [
                "C76",
                "C2",
                "C9",
                "C55",
                "C40",
                "C120",
                "C52",
                "C4",
                "C32",
                "C78",
                "C44",
                "C113"
            ]
        ],
        "C72": [
            false,
            [
                "C97",
                "C52",
                "C83",
                "C32"
            ]
        ],
        "C73": [
            false,
            [
                "C58",
                "C87",
                "C105",
                "C20",
                "C29",
                "C38",
                "C3",
                "C62",
                "C0",
                "C109"
            ]
        ],
        "C74": [
            false,
            [
                "C84",
                "C105",
                "C35",
                "C17",
                "C85",
                "C51",
                "C16",
                "C26",
                "C24",
                "C41"
            ]
        ],
        "C75": [
            false,
            [
                "C20",
                "C119",
                "C124",
                "C7",
                "C53",
                "C100",
                "C108",
                "C98"
            ]
        ],
        "C76": [
            false,
            [
                "C58",
                "C100",
                "C77",
                "C122",
                "C44",
                "C18"
            ]
        ],
        "C77": [
            false,
            [
                "C63",
                "C40",
                "C106",
                "C83",
                "C71",
                "C86",
                "C2",
                "C49",
                "C51",
                "C125"
            ]
        ],
        "C78": [
            false,
            [
                "C12",
                "C44",
                "C71",
                "C7",
                "C57",
                "C125",
                "C92",
                "C55",
                "C88"
            ]
        ],
        "C79": [
            false,
            [
                "C50",
                "C27",
                "C51",
                "C39",
                "C64",
                "C87",
                "C32",
                "C114",
                "C84",
                "C106"
            ]
        ],
        "C80": [
            false,
            [
                "C25",
                "C87",
                "C12",
                "C63",
                "C13",
                "C94",
                "C103"
            ]
        ],
        "C81": [
            false,
            [
                "C116",
                "C15",
                "C17",
                "C32",
                "C101",
                "C84",
                "C38",
                "C72"
            ]
        ],
        "C82": [
            true,
            [
                "C74",
                "C18",
                "C128",
                "C91",
                "C40",
                "C60",
                "C43",
                "C1",
                "C83"
            ]
        ],
        "C83": [
            false,
            [
                "C70"
            ]
        ],
        "C84": [
            false,
            [
                "C119",
                "C113",
                "C127",
                "C105",
                "C68",
                "C22",
                "C62",
                "C102",
                "C21"
            ]
        ],
        "C85": [
            false,
            [
                "C90",
                "C112",
                "C105",
                "C88",
                "C35",
                "C42"
            ]
        ],
        "C86": [
            false,
            [
                "C99",
                "C27"
            ]
        ],
        "C87": [
            false,
            [
                "C83",
                "C68",
                "C6",
                "C33",
                "C78",
                "C67",
                "C75",
                "C48",
                "C65"
            ]
        ],
        "C88": [
            false,
            [
                "C81",
                "C117",
                "C122",
                "C104",
                "C101",
                "C19",
                "C60",
                "C111",
                "C87",
                "C4",
                "C8"
            ]
        ],
        "C89": [
            false,
            [
                "C23",
                "C94",
                "C88",
                "C102",
                "C113",
                "C48",
                "C36",
                "C53",
                "C93",
                "C98",
                "C3"
            ]
        ],
        "C90": [
            true,
            [
                "C72"
            ]
        ],
        "C91": [
            false,
            [
                "C39"
            ]
        ],
        "C92": [
            false,
            [
                "C117",
                "C7",
                "C106",
                "C98",
                "C27",
                "C83",
                "C58",
                "C104",
                "C8",
                "C126"
            ]
        ],
        "C93": [
            false,
            [
                "C10",
                "C112",
                "C34",
                "C0",
                "C35",
                "C7",
                "C57",
                "C54"
            ]
        ],
        "C94": [
            false,
            [
                "C25",
                "C17",
                "C40",
                "C2",
                "C109",
                "C101",
                "C122",
                "C56"
            ]
        ],
        "C95": [
            false,
            [
                "C41",
                "C4",
                "C51",
                "C113",
                "C57",
                "C75",
                "C64"
            ]
        ],
        "C96": [
            false,
            [
                "C57",
                "C92",
                "C107",
                "C123",
                "C0",
                "C117",
                "C25",
                "C88"
            ]
        ],
        "C97": [
            false,
            [
                "C83",
                "C125",
                "C73",
                "C49",
                "C104",
                "C122"
            ]
        ],
        "C98": [
            false,
            []
        ],
        "C99": [
            false,
            [
                "C66",
                "C100",
                "C115",
                "C51",
                "C62"
            ]
        ],
        "C100": [
            false,
            [
                "C64"
            ]
        ],
        "C101": [
            false,
            [
                "C1",
                "C87",
                "C69",
                "C108",
                "C126",
                "C61",
                "C12",
                "C90",
                "C128",
                "C109",
                "C31"
            ]
        ],
        "C102": [
            false,
            []
        ],
        "C103": [
            false,
            [
                "C84",
                "C54"
            ]
        ],
        "C104": [
            false,
            [
                "C34"
            ]
        ],
        "C105": [
            false,
            [
                "C45",
                "C108",
                "C107",
                "C32",
                "C80",
                "C69",
                "C126",
                "C12",
                "C8"
            ]
        ],
        "C106": [
            false,
            [
                "C83",
                "C13",
                "C78",
                "C3",
                "C23",
                "C75",
                "C98",
                "C31",
                "C80"
            ]
        ],
        "C107": [
            true,
            [
                "C119",
                "C3",
                "C10",
                "C6",
                "C18",
                "C14",
                "C8",
                "C115",
                "C53"
            ]
        ],
        "C108": [
            false,
            [
                "C81",
                "C65",
                "C100",
                "C112",
                "C59",
                "C79",
                "C127",
                "C72"
            ]
        ],
        "C109": [
            false,
            [
                "C102",
                "C59",
                "C8"
            ]
        ],
        "C110": [
            false,
            [
                "C70",
                "C26",
                "C53",
                "C27",
                "C81",
                "C96",
                "C127",
                "C17"
            ]
        ],
        "C111": [
            false,
            [
                "C56",
                "C36",
                "C27",
                "C51",
                "C3",
                "C89",
                "C75",
                "C32"
            ]
        ],
        "C112": [
            false,
            [
                "C64",
                "C44",
                "C91",
                "C17",
                "C26",
                "C22",
                "C10",
                "C50",
                "C90",
                "C76"
            ]
        ],
        "C113": [
            false,
            [
                "C3",
                "C75",
                "C42",
                "C72",
                "C16",
                "C46",
                "C80",
                "C114",
                "C9",
                "C58",
                "C35"
            ]
        ],
        "C114": [
            false,
            [
                "C107",
                "C119",
                "C99"
            ]
        ],
        "C115": [
            true,
            [
                "C9",
                "C99",
                "C42",
                "C81",
                "C18",
                "C51"
            ]
        ],
        "C116": [
            false,
            [
                "C79",
                "C4",
                "C54",
                "C120",
                "C55",
                "C118",
                "C73",
                "C74",
                "C49",
                "C5",
                "C25",
                "C50"
            ]
        ],
        "C117": [
            true,
            [
                "C61",
                "C41",
                "C52",
                "C114",
                "C2",
                "C46"
            ]
        ],
        "C118": [
            false,
            [
                "C97",
                "C62",
                "C42",
                "C1",
                "C120",
                "C31"
            ]
        ],
        "C119": [
            true,
            [
                "C79",
                "C20",
                "C83",
                "C30",
                "C56"
            ]
        ],
        "C120": [
            false,
            [
                "C26",
                "C19",
                "C106"
            ]
        ],
        "C121": [
            false,
            []
        ],
        "C122": [
            true,
            [
                "C112",
                "C114",
                "C103",
                "C115",
                "C126"
            ]
        ],
        "C123": [
            false,
            [
                "C34"
            ]
        ],
        "C124": [
            false,
            [
                "C34",
                "C8",
                "C58",
                "C15",
                "C39",
                "C113",
                "C81",
                "C112",
                "C69",
                "C91",
                "C128"
            ]
        ],
        "C125": [
            false,
            [
                "C47",
                "C60",
                "C3",
                "C53",
                "C106",
                "C96",
                "C112",
                "C123",
                "C28"
            ]
        ],
        "C126": [
            false,
            [
                "C43",
                "C68",
                "C120",
                "C44",
                "C96",
                "C82",
                "C87",
                "C119",
                "C16"
            ]
        ],
        "C127": [
            false,
            [
                "C103",
                "C72",
                "C106"
            ]
        ],
        "C128": [
            false,
            [
                "C66",
                "C93",
                "C24",
                "C79",
                "C80",
                "C58",
                "C115"
            ]
        ]
    },
    "ground_truth_fault_paths": [
        [
            "C17",
            "C35",
            "C10",
            "C107",
            "C28",
            "C32",
            "C50",
            "C60",
            "C82",
            "C1",
            "C4",
            "C36",
            "C20",
            "C119",
            "C66"
        ],
        [
            "C17",
            "C35",
            "C10",
            "C107",
            "C28",
            "C32",
            "C50",
            "C60",
            "C82",
            "C1",
            "C4",
            "C36",
            "C20",
            "C62",
            "C66"
        ],
        [
            "C17",
            "C35",
            "C36",
            "C20",
            "C119",
            "C107",
            "C28",
            "C32",
            "C50",
            "C60",
            "C82",
            "C1",
            "C4",
            "C66"
        ],
        [
            "C17",
            "C35",
            "C36",
            "C20",
            "C8",
            "C107",
            "C28",
            "C32",
            "C50",
            "C60",
            "C82",
            "C1",
            "C4",
            "C66"
        ],
        [
            "C17",
            "C35",
            "C10",
            "C107",
            "C28",
            "C32",
            "C50",
            "C60",
            "C82",
            "C1",
            "C4",
            "C36",
            "C20",
            "C8"
        ],
        [
            "C82",
            "C1",
            "C4",
            "C36",
            "C20",
            "C119",
            "C107",
            "C28",
            "C32",
            "C50",
            "C60",
            "C34",
            "C62",
            "C66"
        ],
        [
            "C82",
            "C1",
            "C4",
            "C36",
            "C20",
            "C8",
            "C107",
            "C28",
            "C32",
            "C50",
            "C60",
            "C34",
            "C62",
            "C66"
        ],
        [
            "C115",
            "C107",
            "C28",
            "C32",
            "C50",
            "C60",
            "C82",
            "C1",
            "C4",
            "C36",
            "C20",
            "C119",
            "C66"
        ],
        [
            "C115",
            "C107",
            "C28",
            "C32",
            "C50",
            "C60",
            "C82",
            "C1",
            "C4",
            "C36",
            "C20",
            "C62",
            "C66"
        ],
        [
            "C8",
            "C107",
            "C28",
            "C32",
            "C50",
            "C60",
            "C82",
            "C1",
            "C4",
            "C36",
            "C20",
            "C119",
            "C66"
        ],
        [
            "C8",
            "C107",
            "C28",
            "C32",
            "C50",
            "C60",
            "C82",
            "C1",
            "C4",
            "C36",
            "C20",
            "C62",
            "C66"
        ],
        [
            "C119",
            "C107",
            "C28",
            "C32",
            "C50",
            "C60",
            "C82",
            "C1",
            "C4",
            "C36",
            "C20",
            "C62",
            "C66"
        ],
        [
            "C7",
            "C36",
            "C20",
            "C119",
            "C107",
            "C28",
            "C32",
            "C50",
            "C60",
            "C82",
            "C1",
            "C4",
            "C66"
        ],
        [
            "C7",
            "C36",
            "C20",
            "C8",
            "C107",
            "C28",
            "C32",
            "C50",
            "C60",
            "C82",
            "C1",
            "C4",
            "C66"
        ],
        [
            "C17",
            "C35",
            "C36",
            "C20",
            "C119",
            "C107",
            "C28",
            "C32",
            "C50",
            "C60",
            "C34",
            "C62",
            "C66"
        ],
        [
            "C17",
            "C35",
            "C36",
            "C20",
            "C8",
            "C107",
            "C28",
            "C32",
            "C50",
            "C60",
            "C34",
            "C62",
            "C66"
        ],
        [
            "C17",
            "C35",
            "C10",
            "C107",
            "C28",
            "C32",
            "C50",
            "C60",
            "C4",
            "C36",
            "C20",
            "C119",
            "C66"
        ],
        [
            "C17",
            "C35",
            "C10",
            "C107",
            "C28",
            "C32",
            "C50",
            "C60",
            "C4",
            "C36",
            "C20",
            "C62",
            "C66"
        ],
        [
            "C17",
            "C21",
            "C60",
            "C82",
            "C1",
            "C4",
            "C36",
            "C20",
            "C119",
            "C107",
            "C28",
            "C32",
            "C50"
        ],
        [
            "C17",
            "C21",
            "C60",
            "C82",
            "C1",
            "C4",
            "C36",
            "C20",
            "C8",
            "C107",
            "C28",
            "C32",
            "C50"
        ],
        [
            "C115",
            "C107",
            "C28",
            "C32",
            "C50",
            "C60",
            "C82",
            "C1",
            "C4",
            "C36",
            "C20",
            "C8"
        ],
        [
            "C119",
            "C107",
            "C28",
            "C32",
            "C50",
            "C60",
            "C82",
            "C1",
            "C4",
            "C36",
            "C20",
            "C8"
        ],
        [
            "C7",
            "C36",
            "C20",
            "C119",
            "C107",
            "C28",
            "C32",
            "C50",
            "C60",
            "C34",
            "C62",
            "C66"
        ],
        [
            "C7",
            "C36",
            "C20",
            "C8",
            "C107",
            "C28",
            "C32",
            "C50",
            "C60",
            "C34",
            "C62",
            "C66"
        ],
        [
            "C17",
            "C35",
            "C36",
            "C20",
            "C119",
            "C107",
            "C28",
            "C32",
            "C50",
            "C60",
            "C4",
            "C66"
        ],
        [
            "C17",
            "C35",
            "C36",
            "C20",
            "C8",
            "C107",
            "C28",
            "C32",
            "C50",
            "C60",
            "C4",
            "C66"
        ],
        [
            "C17",
            "C35",
            "C10",
            "C107",
            "C28",
            "C32",
            "C50",
            "C60",
            "C82",
            "C1",
            "C4",
            "C66"
        ],
        [
            "C17",
            "C35",
            "C10",
            "C107",
            "C28",
            "C32",
            "C50",
            "C60",
            "C4",
            "C36",
            "C20",
            "C8"
        ],
        [
            "C115",
            "C107",
            "C28",
            "C32",
            "C50",
            "C60",
            "C4",
            "C36",
            "C20",
            "C119",
            "C66"
        ],
        [
            "C115",
            "C107",
            "C28",
            "C32",
            "C50",
            "C60",
            "C4",
            "C36",
            "C20",
            "C62",
            "C66"
        ],
        [
            "C20",
            "C119",
            "C107",
            "C28",
            "C32",
            "C50",
            "C60",
            "C82",
            "C1",
            "C4",
            "C36"
        ],
        [
            "C20",
            "C8",
            "C107",
            "C28",
            "C32",
            "C50",
            "C60",
            "C82",
            "C1",
            "C4",
            "C36"
        ],
        [
            "C8",
            "C107",
            "C28",
            "C32",
            "C50",
            "C60",
            "C4",
            "C36",
            "C20",
            "C119",
            "C66"
        ],
        [
            "C8",
            "C107",
            "C28",
            "C32",
            "C50",
            "C60",
            "C4",
            "C36",
            "C20",
            "C62",
            "C66"
        ],
        [
            "C119",
            "C107",
            "C28",
            "C32",
            "C50",
            "C60",
            "C4",
            "C36",
            "C20",
            "C62",
            "C66"
        ],
        [
            "C1",
            "C4",
            "C36",
            "C20",
            "C119",
            "C107",
            "C28",
            "C32",
            "C50",
            "C60",
            "C82"
        ],
        [
            "C1",
            "C4",
            "C36",
            "C20",
            "C8",
            "C107",
            "C28",
            "C32",
            "C50",
            "C60",
            "C82"
        ],
        [
            "C4",
            "C36",
            "C20",
            "C119",
            "C107",
            "C28",
            "C32",
            "C50",
            "C60",
            "C82",
            "C1"
        ],
        [
            "C4",
            "C36",
            "C20",
            "C8",
            "C107",
            "C28",
            "C32",
            "C50",
            "C60",
            "C82",
            "C1"
        ],
        [
            "C50",
            "C60",
            "C82",
            "C1",
            "C4",
            "C36",
            "C20",
            "C119",
            "C107",
            "C28",
            "C32"
        ],
        [
            "C50",
            "C60",
            "C82",
            "C1",
            "C4",
            "C36",
            "C20",
            "C8",
            "C107",
            "C28",
            "C32"
        ],
        [
            "C32",
            "C50",
            "C60",
            "C82",
            "C1",
            "C4",
            "C36",
            "C20",
            "C119",
            "C107",
            "C28"
        ],
        [
            "C32",
            "C50",
            "C60",
            "C82",
            "C1",
            "C4",
            "C36",
            "C20",
            "C8",
            "C107",
            "C28"
        ],
        [
            "C7",
            "C36",
            "C20",
            "C119",
            "C107",
            "C28",
            "C32",
            "C50",
            "C60",
            "C4",
            "C66"
        ],
        [
            "C7",
            "C36",
            "C20",
            "C8",
            "C107",
            "C28",
            "C32",
            "C50",
            "C60",
            "C4",
            "C66"
        ],
        [
            "C17",
            "C35",
            "C10",
            "C107",
            "C28",
            "C32",
            "C50",
            "C60",
            "C34",
            "C62",
            "C66"
        ],
        [
            "C17",
            "C21",
            "C60",
            "C4",
            "C36",
            "C20",
            "C119",
            "C107",
            "C28",
            "C32",
            "C50"
        ],
        [
            "C17",
            "C21",
            "C60",
            "C4",
            "C36",
            "C20",
            "C8",
            "C107",
            "C28",
            "C32",
            "C50"
        ],
        [
            "C28",
            "C32",
            "C50",
            "C60",
            "C82",
            "C1",
            "C4",
            "C36",
            "C20",
            "C119",
            "C107"
        ],
        [
            "C28",
            "C32",
            "C50",
            "C60",
            "C82",
            "C1",
            "C4",
            "C36",
            "C20",
            "C8",
            "C107"
        ],
        [
            "C115",
            "C107",
            "C28",
            "C32",
            "C50",
            "C60",
            "C82",
            "C1",
            "C4",
            "C66"
        ],
        [
            "C115",
            "C107",
            "C28",
            "C32",
            "C50",
            "C60",
            "C4",
            "C36",
            "C20",
            "C8"
        ],
        [
            "C119",
            "C107",
            "C28",
            "C32",
            "C50",
            "C60",
            "C4",
            "C36",
            "C20",
            "C8"
        ],
        [
            "C17",
            "C35",
            "C10",
            "C107",
            "C28",
            "C32",
            "C50",
            "C60",
            "C4",
            "C66"
        ],
        [
            "C17",
            "C21",
            "C60",
            "C82",
            "C1",
            "C4",
            "C36",
            "C20",
            "C119",
            "C66"
        ],
        [
            "C17",
            "C21",
            "C60",
            "C82",
            "C1",
            "C4",
            "C36",
            "C20",
            "C62",
            "C66"
        ],
        [
            "C115",
            "C107",
            "C28",
            "C32",
            "C50",
            "C60",
            "C34",
            "C62",
            "C66"
        ],
        [
            "C20",
            "C119",
            "C107",
            "C28",
            "C32",
            "C50",
            "C60",
            "C4",
            "C36"
        ],
        [
            "C20",
            "C8",
            "C107",
            "C28",
            "C32",
            "C50",
            "C60",
            "C4",
            "C36"
        ],
        [
            "C50",
            "C60",
            "C4",
            "C36",
            "C20",
            "C119",
            "C107",
            "C28",
            "C32"
        ],
        [
            "C50",
            "C60",
            "C4",
            "C36",
            "C20",
            "C8",
            "C107",
            "C28",
            "C32"
        ],
        [
            "C32",
            "C50",
            "C60",
            "C4",
            "C36",
            "C20",
            "C119",
            "C107",
            "C28"
        ],
        [
            "C32",
            "C50",
            "C60",
            "C4",
            "C36",
            "C20",
            "C8",
            "C107",
            "C28"
        ],
        [
            "C28",
            "C32",
            "C50",
            "C60",
            "C4",
            "C36",
            "C20",
            "C119",
            "C107"
        ],
        [
            "C28",
            "C32",
            "C50",
            "C60",
            "C4",
            "C36",
            "C20",
            "C8",
            "C107"
        ],
        [
            "C115",
            "C107",
            "C28",
            "C32",
            "C50",
            "C60",
            "C4",
            "C66"
        ],
        [
            "C17",
            "C21",
            "C60",
            "C4",
            "C36",
            "C20",
            "C119",
            "C66"
        ],
        [
            "C17",
            "C21",
            "C60",
            "C4",
            "C36",
            "C20",
            "C62",
            "C66"
        ],
        [
            "C17",
            "C21",
            "C60",
            "C82",
            "C1",
            "C4",
            "C66"
        ],
        [
            "C17",
            "C35",
            "C36",
            "C20",
            "C119",
            "C66"
        ],
        [
            "C17",
            "C35",
            "C36",
            "C20",
            "C62",
            "C66"
        ],
        [
            "C17",
            "C21",
            "C60",
            "C34",
            "C62",
            "C66"
        ],
        [
            "C7",
            "C36",
            "C20",
            "C119",
            "C66"
        ],
        [
            "C7",
            "C36",
            "C20",
            "C62",
            "C66"
        ],
        [
            "C17",
            "C21",
            "C60",
            "C4",
            "C66"
        ],
        [
            "C17",
            "C21",
            "C34",
            "C62",
            "C66"
        ],
        [
            "C115",
            "C122"
        ],
        [
            "C1",
            "C82"
        ],
        [
            "C117",
            "C31"
        ],
        [
            "C68"
        ],
        [
            "C90"
        ]
    ],
    "error_codes": {
        "E0": [
            "FC0",
            [
                "C66",
                "C20",
                "C10",
                "C113",
                "C76",
                "C37",
                "C82",
                "C35",
                "C107"
            ]
        ],
        "E1": [
            "FC1",
            [
                "C66",
                "C62",
                "C1",
                "C17",
                "C36",
                "C35",
                "C93",
                "C26",
                "C28",
                "C80",
                "C110",
                "C121",
                "C63",
                "C59",
                "C88"
            ]
        ],
        "E2": [
            "FC2",
            [
                "C66",
                "C117",
                "C109",
                "C73",
                "C107",
                "C126",
                "C9"
            ]
        ],
        "E3": [
            "FC3",
            [
                "C66",
                "C107",
                "C17",
                "C82",
                "C28",
                "C4",
                "C2",
                "C51",
                "C53",
                "C57",
                "C111",
                "C15",
                "C45",
                "C124",
                "C81"
            ]
        ],
        "E4": [
            "FC4",
            [
                "C8",
                "C50",
                "C17",
                "C107",
                "C4",
                "C88",
                "C96",
                "C51",
                "C61",
                "C52"
            ]
        ],
        "E5": [
            "FC5",
            [
                "C66",
                "C32",
                "C50",
                "C4",
                "C36",
                "C20",
                "C119",
                "C71",
                "C82",
                "C115"
            ]
        ],
        "E6": [
            "FC6",
            [
                "C66",
                "C19",
                "C81",
                "C86",
                "C120",
                "C34",
                "C103"
            ]
        ],
        "E7": [
            "FC7",
            [
                "C66",
                "C4",
                "C1",
                "C51",
                "C42",
                "C68",
                "C37",
                "C118",
                "C22",
                "C96",
                "C28"
            ]
        ],
        "E8": [
            "FC8",
            [
                "C66",
                "C4",
                "C62",
                "C20",
                "C82",
                "C28",
                "C96",
                "C118",
                "C64",
                "C123",
                "C106",
                "C46",
                "C55",
                "C120",
                "C6",
                "C53",
                "C88",
                "C71"
            ]
        ],
        "E9": [
            "FC9",
            [
                "C66",
                "C4",
                "C1",
                "C119",
                "C105",
                "C24",
                "C48"
            ]
        ],
        "E10": [
            "FC10",
            [
                "C66",
                "C39",
                "C45",
                "C71",
                "C23",
                "C44",
                "C57",
                "C35",
                "C0",
                "C100",
                "C47"
            ]
        ],
        "E11": [
            "FC11",
            [
                "C66",
                "C32",
                "C20",
                "C64",
                "C24",
                "C128",
                "C92",
                "C70",
                "C87",
                "C94",
                "C71",
                "C16",
                "C42"
            ]
        ],
        "E12": [
            "FC12",
            [
                "C66",
                "C60",
                "C119",
                "C0",
                "C13"
            ]
        ],
        "E13": [
            "FC13",
            [
                "C66",
                "C28",
                "C57",
                "C7",
                "C51",
                "C40",
                "C38",
                "C110",
                "C121"
            ]
        ],
        "E14": [
            "FC14",
            [
                "C66",
                "C107",
                "C77",
                "C2",
                "C78",
                "C114",
                "C97",
                "C92",
                "C113",
                "C25",
                "C109",
                "C128",
                "C111"
            ]
        ],
        "E15": [
            "FC15",
            [
                "C66",
                "C36",
                "C35",
                "C20",
                "C62",
                "C107",
                "C106"
            ]
        ],
        "E16": [
            "FC16",
            [
                "C66",
                "C4",
                "C80",
                "C98",
                "C74",
                "C53",
                "C76",
                "C112",
                "C12"
            ]
        ],
        "E17": [
            "FC17",
            [
                "C66",
                "C20",
                "C4",
                "C10",
                "C107",
                "C17",
                "C43",
                "C92",
                "C112",
                "C45",
                "C74",
                "C101",
                "C119",
                "C54",
                "C100",
                "C53"
            ]
        ],
        "E18": [
            "FC18",
            [
                "C50",
                "C51",
                "C62",
                "C4",
                "C75",
                "C99",
                "C10",
                "C26"
            ]
        ],
        "E19": [
            "FC19",
            [
                "C50",
                "C60",
                "C32",
                "C36",
                "C3",
                "C53",
                "C103"
            ]
        ],
        "E20": [
            "FC20",
            [
                "C8",
                "C36",
                "C115",
                "C72",
                "C127",
                "C20",
                "C23",
                "C110",
                "C61",
                "C65",
                "C56",
                "C58"
            ]
        ],
        "E21": [
            "FC21",
            [
                "C8",
                "C25"
            ]
        ],
        "E22": [
            "FC22",
            [
                "C66",
                "C32",
                "C119",
                "C20",
                "C70",
                "C92",
                "C81"
            ]
        ],
        "E23": [
            "FC23",
            [
                "C66",
                "C36",
                "C107",
                "C84"
            ]
        ],
        "E24": [
            "FC24",
            [
                "C66",
                "C60",
                "C28",
                "C36",
                "C90",
                "C19",
                "C26"
            ]
        ],
        "E25": [
            "FC25",
            [
                "C66",
                "C17",
                "C50",
                "C8",
                "C28",
                "C35",
                "C97"
            ]
        ],
        "E26": [
            "FC26",
            [
                "C66",
                "C50",
                "C17",
                "C4",
                "C10",
                "C28",
                "C26",
                "C113",
                "C67",
                "C85",
                "C51",
                "C27",
                "C97"
            ]
        ],
        "E27": [
            "FC27",
            [
                "C8",
                "C28",
                "C18",
                "C6",
                "C106",
                "C99",
                "C125"
            ]
        ],
        "E28": [
            "FC28",
            [
                "C66",
                "C20",
                "C50",
                "C60",
                "C36",
                "C37",
                "C19",
                "C110",
                "C89"
            ]
        ],
        "E29": [
            "FC29",
            [
                "C66",
                "C70",
                "C39",
                "C54"
            ]
        ],
        "E30": [
            "FC30",
            [
                "C36",
                "C4",
                "C28",
                "C50",
                "C32",
                "C65",
                "C3",
                "C117",
                "C19",
                "C17",
                "C118",
                "C43",
                "C95",
                "C6",
                "C62",
                "C88",
                "C7"
            ]
        ],
        "E31": [
            "FC31",
            [
                "C36",
                "C60",
                "C82",
                "C8",
                "C86",
                "C59",
                "C56",
                "C50",
                "C31"
            ]
        ],
        "E32": [
            "FC32",
            [
                "C66",
                "C107",
                "C50",
                "C36",
                "C81",
                "C91",
                "C65",
                "C16",
                "C43",
                "C42",
                "C74",
                "C45",
                "C40",
                "C1"
            ]
        ],
        "E33": [
            "FC33",
            [
                "C66",
                "C20",
                "C18",
                "C91",
                "C46",
                "C12",
                "C90",
                "C35",
                "C28",
                "C112",
                "C100",
                "C0",
                "C30"
            ]
        ],
        "E34": [
            "FC34",
            [
                "C66",
                "C4",
                "C110",
                "C42",
                "C85",
                "C11",
                "C83",
                "C14",
                "C122",
                "C58",
                "C34",
                "C71"
            ]
        ],
        "E35": [
            "FC35",
            [
                "C82",
                "C4",
                "C20",
                "C60",
                "C119",
                "C13",
                "C63",
                "C43",
                "C93"
            ]
        ],
        "E36": [
            "FC36",
            [
                "C82",
                "C43",
                "C124",
                "C64",
                "C101",
                "C38",
                "C61",
                "C58",
                "C72",
                "C75",
                "C12",
                "C59",
                "C123"
            ]
        ],
        "E37": [
            "FC37",
            [
                "C1",
                "C28",
                "C107",
                "C119",
                "C68",
                "C39",
                "C91",
                "C4",
                "C48",
                "C57",
                "C6",
                "C105",
                "C65",
                "C24"
            ]
        ],
        "E38": [
            "FC38",
            [
                "C1",
                "C60",
                "C32",
                "C62",
                "C11",
                "C81",
                "C5",
                "C85",
                "C14",
                "C69",
                "C126",
                "C27",
                "C7",
                "C80"
            ]
        ],
        "E39": [
            "FC39",
            [
                "C32",
                "C54",
                "C119",
                "C124",
                "C43",
                "C26",
                "C15",
                "C13",
                "C123",
                "C64"
            ]
        ],
        "E40": [
            "FC40",
            [
                "C32",
                "C4",
                "C8",
                "C59",
                "C27",
                "C18",
                "C120",
                "C31",
                "C124",
                "C64",
                "C2",
                "C7",
                "C51"
            ]
        ],
        "E41": [
            "FC41",
            [
                "C28",
                "C4",
                "C36",
                "C70",
                "C101",
                "C84",
                "C124",
                "C53",
                "C122",
                "C75",
                "C71",
                "C96"
            ]
        ],
        "E42": [
            "FC42",
            [
                "C28",
                "C36",
                "C32",
                "C20",
                "C56",
                "C100",
                "C96"
            ]
        ],
        "E43": [
            "FC43",
            [
                "C66",
                "C120",
                "C67",
                "C26",
                "C37",
                "C1"
            ]
        ],
        "E44": [
            "FC44",
            [
                "C66",
                "C36",
                "C60",
                "C7",
                "C8",
                "C53",
                "C128",
                "C39",
                "C91",
                "C33",
                "C72",
                "C1"
            ]
        ],
        "E45": [
            "FC45",
            [
                "C66",
                "C107",
                "C62",
                "C93",
                "C29",
                "C102",
                "C4"
            ]
        ],
        "E46": [
            "FC46",
            [
                "C50",
                "C119",
                "C84",
                "C123",
                "C112",
                "C95",
                "C33",
                "C110",
                "C107",
                "C74",
                "C13",
                "C55"
            ]
        ],
        "E47": [
            "FC47",
            [
                "C50",
                "C102",
                "C120",
                "C17",
                "C117",
                "C80",
                "C38",
                "C66"
            ]
        ],
        "E48": [
            "FC48",
            [
                "C107",
                "C32",
                "C60",
                "C1",
                "C36",
                "C68",
                "C40",
                "C58",
                "C56",
                "C2",
                "C53",
                "C91"
            ]
        ],
        "E49": [
            "FC49",
            [
                "C107",
                "C8",
                "C34",
                "C101",
                "C10",
                "C88",
                "C48",
                "C46"
            ]
        ],
        "E50": [
            "FC50",
            [
                "C66",
                "C4",
                "C1",
                "C32",
                "C50",
                "C7",
                "C23",
                "C21",
                "C65",
                "C125",
                "C77",
                "C116",
                "C84",
                "C69",
                "C51",
                "C115",
                "C118"
            ]
        ],
        "E51": [
            "FC51",
            [
                "C8",
                "C10",
                "C106",
                "C117",
                "C17",
                "C79"
            ]
        ],
        "E52": [
            "FC52",
            [
                "C8",
                "C4",
                "C60",
                "C122",
                "C115",
                "C59",
                "C98",
                "C24",
                "C51",
                "C64",
                "C5",
                "C87",
                "C120"
            ]
        ],
        "E53": [
            "FC53",
            [
                "C66",
                "C50",
                "C24",
                "C13",
                "C5",
                "C75",
                "C28",
                "C127",
                "C80",
                "C109",
                "C71"
            ]
        ],
        "E54": [
            "FC54",
            [
                "C66",
                "C17",
                "C41",
                "C26",
                "C128",
                "C116",
                "C108",
                "C25",
                "C99",
                "C81"
            ]
        ],
        "E55": [
            "FC55",
            [
                "C66",
                "C20",
                "C60",
                "C82",
                "C36",
                "C78",
                "C17",
                "C30",
                "C8"
            ]
        ],
        "E56": [
            "FC56",
            [
                "C66",
                "C60",
                "C62",
                "C107",
                "C115",
                "C28",
                "C37",
                "C98",
                "C83",
                "C122",
                "C40",
                "C17"
            ]
        ],
        "E57": [
            "FC57",
            [
                "C36",
                "C119",
                "C125",
                "C93",
                "C42"
            ]
        ],
        "E58": [
            "FC58",
            [
                "C36",
                "C8",
                "C60",
                "C74"
            ]
        ],
        "E59": [
            "FC59",
            [
                "C32",
                "C89",
                "C85",
                "C94",
                "C49",
                "C119",
                "C58",
                "C15",
                "C71",
                "C54",
                "C116",
                "C106",
                "C52"
            ]
        ],
        "E60": [
            "FC60",
            [
                "C32",
                "C82",
                "C94",
                "C103",
                "C126",
                "C5",
                "C31",
                "C111",
                "C65",
                "C24"
            ]
        ],
        "E61": [
            "FC61",
            [
                "C28",
                "C36",
                "C32",
                "C15"
            ]
        ],
        "E62": [
            "FC62",
            [
                "C28",
                "C32",
                "C107",
                "C105",
                "C11",
                "C38",
                "C61",
                "C31",
                "C13"
            ]
        ],
        "E63": [
            "FC63",
            [
                "C107",
                "C4",
                "C28",
                "C119",
                "C124",
                "C40",
                "C105",
                "C41",
                "C45",
                "C128",
                "C84",
                "C78",
                "C39",
                "C116"
            ]
        ],
        "E64": [
            "FC64",
            [
                "C107",
                "C4",
                "C124",
                "C38",
                "C95",
                "C29",
                "C122"
            ]
        ],
        "E65": [
            "FC65",
            [
                "C66",
                "C4",
                "C82",
                "C70",
                "C114",
                "C93",
                "C118",
                "C62",
                "C123"
            ]
        ],
        "E66": [
            "FC66",
            [
                "C66",
                "C82"
            ]
        ],
        "E67": [
            "FC67",
            [
                "C66",
                "C60",
                "C14",
                "C110",
                "C126",
                "C117",
                "C30",
                "C82"
            ]
        ],
        "E68": [
            "FC68",
            [
                "C66",
                "C102",
                "C0",
                "C27",
                "C121",
                "C74",
                "C57",
                "C5",
                "C65",
                "C15",
                "C40",
                "C89",
                "C96"
            ]
        ],
        "E69": [
            "FC69",
            [
                "C66",
                "C75"
            ]
        ],
        "E70": [
            "FC70",
            [
                "C66",
                "C25",
                "C104",
                "C101",
                "C126"
            ]
        ],
        "E71": [
            "FC71",
            [
                "C66",
                "C60",
                "C122",
                "C0",
                "C112"
            ]
        ],
        "E72": [
            "FC72",
            [
                "C66",
                "C114",
                "C119",
                "C26"
            ]
        ],
        "E73": [
            "FC73",
            [
                "C66",
                "C62",
                "C83",
                "C2",
                "C105",
                "C75"
            ]
        ],
        "E74": [
            "FC74",
            [
                "C66",
                "C117",
                "C40",
                "C6",
                "C75",
                "C53",
                "C25",
                "C124",
                "C104",
                "C118",
                "C101",
                "C34",
                "C42"
            ]
        ],
        "E75": [
            "FC75",
            [
                "C66",
                "C17",
                "C89",
                "C79",
                "C63"
            ]
        ],
        "E76": [
            "FC76",
            [
                "C122",
                "C101",
                "C59"
            ]
        ],
        "E77": [
            "FC77",
            [
                "C82",
                "C17",
                "C81",
                "C79",
                "C107",
                "C69",
                "C123",
                "C32",
                "C85",
                "C13",
                "C72"
            ]
        ],
        "E78": [
            "FC78",
            [
                "C31",
                "C119",
                "C40",
                "C11",
                "C52",
                "C111",
                "C5",
                "C100"
            ]
        ],
        "E79": [
            "FC79",
            [
                "C68",
                "C27",
                "C81",
                "C89",
                "C8",
                "C47",
                "C100",
                "C16",
                "C60",
                "C65",
                "C7",
                "C120",
                "C57"
            ]
        ],
        "E80": [
            "FC80",
            [
                "C90",
                "C34",
                "C39"
            ]
        ]
    },
    "sim_accuracies": {
        "C0": [
            "0.9817185216459041",
            "False"
        ],
        "C1": [
            "0.9768805995748707",
            "True"
        ],
        "C2": [
            "0.9826214906018796",
            "False"
        ],
        "C3": [
            "0.9784885240888475",
            "False"
        ],
        "C4": [
            "0.9653551192400016",
            "True"
        ],
        "C5": [
            "0.9674170742648676",
            "False"
        ],
        "C6": [
            "0.9888056428202903",
            "False"
        ],
        "C7": [
            "0.9614594804215384",
            "True"
        ],
        "C8": [
            "0.9501701844705109",
            "True"
        ],
        "C9": [
            "0.95937246910807",
            "False"
        ],
        "C10": [
            "0.9753969952996849",
            "True"
        ],
        "C11": [
            "0.961108646439544",
            "False"
        ],
        "C12": [
            "0.9750883960639342",
            "False"
        ],
        "C13": [
            "0.9760771683197973",
            "False"
        ],
        "C14": [
            "0.9776642435379133",
            "False"
        ],
        "C15": [
            "0.9664749440484752",
            "False"
        ],
        "C16": [
            "0.9726078701846423",
            "False"
        ],
        "C17": [
            "0.9588501859709442",
            "True"
        ],
        "C18": [
            "0.9589465432468877",
            "False"
        ],
        "C19": [
            "0.9566665810182832",
            "False"
        ],
        "C20": [
            "0.9886526982487973",
            "True"
        ],
        "C21": [
            "0.9798165632588672",
            "True"
        ],
        "C22": [
            "0.9865395060400005",
            "False"
        ],
        "C23": [
            "0.9686544729918687",
            "False"
        ],
        "C24": [
            "0.9766211780941565",
            "False"
        ],
        "C25": [
            "0.9646277211767496",
            "False"
        ],
        "C26": [
            "0.9855786892973727",
            "False"
        ],
        "C27": [
            "0.9595904180335991",
            "False"
        ],
        "C28": [
            "0.9886806465742868",
            "True"
        ],
        "C29": [
            "0.9512808886032018",
            "False"
        ],
        "C30": [
            "0.96331725283059",
            "False"
        ],
        "C31": [
            "0.9589740539153787",
            "True"
        ],
        "C32": [
            "0.9546297819088632",
            "True"
        ],
        "C33": [
            "0.965126558773448",
            "False"
        ],
        "C34": [
            "0.9822582156788056",
            "True"
        ],
        "C35": [
            "0.9842903067344195",
            "True"
        ],
        "C36": [
            "0.9802883201644936",
            "True"
        ],
        "C37": [
            "0.9865047483603709",
            "False"
        ],
        "C38": [
            "0.9724036402657179",
            "False"
        ],
        "C39": [
            "0.9618645004501635",
            "False"
        ],
        "C40": [
            "0.9632899391150948",
            "False"
        ],
        "C41": [
            "0.9648915896217176",
            "False"
        ],
        "C42": [
            "0.966350475582544",
            "False"
        ],
        "C43": [
            "0.9626121145841904",
            "False"
        ],
        "C44": [
            "0.9512068949462376",
            "False"
        ],
        "C45": [
            "0.9504453778245756",
            "False"
        ],
        "C46": [
            "0.9794029272639098",
            "False"
        ],
        "C47": [
            "0.9766237659351219",
            "False"
        ],
        "C48": [
            "0.9892710949473756",
            "False"
        ],
        "C49": [
            "0.9503359512579947",
            "False"
        ],
        "C50": [
            "0.9885607889166295",
            "True"
        ],
        "C51": [
            "0.9562575810023828",
            "False"
        ],
        "C52": [
            "0.987850649170125",
            "False"
        ],
        "C53": [
            "0.9514447160250333",
            "False"
        ],
        "C54": [
            "0.965939107099653",
            "False"
        ],
        "C55": [
            "0.9697084790138851",
            "False"
        ],
        "C56": [
            "0.981913737436216",
            "False"
        ],
        "C57": [
            "0.9615717509664923",
            "False"
        ],
        "C58": [
            "0.9550682946361423",
            "False"
        ],
        "C59": [
            "0.9576380706857659",
            "False"
        ],
        "C60": [
            "0.987135451338777",
            "True"
        ],
        "C61": [
            "0.9734671609349664",
            "False"
        ],
        "C62": [
            "0.9834948429020839",
            "True"
        ],
        "C63": [
            "0.988692630439597",
            "False"
        ],
        "C64": [
            "0.9718465100495001",
            "False"
        ],
        "C65": [
            "0.9673607556986213",
            "False"
        ],
        "C66": [
            "0.956933395246499",
            "True"
        ],
        "C67": [
            "0.9873466793650281",
            "False"
        ],
        "C68": [
            "0.972452655254944",
            "True"
        ],
        "C69": [
            "0.9738680679054466",
            "False"
        ],
        "C70": [
            "0.9849702410099411",
            "False"
        ],
        "C71": [
            "0.9598603669743662",
            "False"
        ],
        "C72": [
            "0.9672354233339296",
            "False"
        ],
        "C73": [
            "0.9513996730395781",
            "False"
        ],
        "C74": [
            "0.9759262863359113",
            "False"
        ],
        "C75": [
            "0.9633890475826001",
            "False"
        ],
        "C76": [
            "0.9638335392066564",
            "False"
        ],
        "C77": [
            "0.9646481791399099",
            "False"
        ],
        "C78": [
            "0.969302743911844",
            "False"
        ],
        "C79": [
            "0.9804545748089182",
            "False"
        ],
        "C80": [
            "0.9734951600052582",
            "False"
        ],
        "C81": [
            "0.9802115832110452",
            "False"
        ],
        "C82": [
            "0.9777914878583317",
            "True"
        ],
        "C83": [
            "0.9645292642937768",
            "False"
        ],
        "C84": [
            "0.9846399648740978",
            "False"
        ],
        "C85": [
            "0.958030245445556",
            "False"
        ],
        "C86": [
            "0.9850997857811993",
            "False"
        ],
        "C87": [
            "0.9600185616576556",
            "False"
        ],
        "C88": [
            "0.9633830190354227",
            "False"
        ],
        "C89": [
            "0.9526766809329721",
            "False"
        ],
        "C90": [
            "0.989170299819904",
            "True"
        ],
        "C91": [
            "0.9681736978300259",
            "False"
        ],
        "C92": [
            "0.957915420611834",
            "False"
        ],
        "C93": [
            "0.9806092491353458",
            "False"
        ],
        "C94": [
            "0.960047124864827",
            "False"
        ],
        "C95": [
            "0.9847248239321204",
            "False"
        ],
        "C96": [
            "0.9711984153528112",
            "False"
        ],
        "C97": [
            "0.9507957576719039",
            "False"
        ],
        "C98": [
            "0.9526454942299164",
            "False"
        ],
        "C99": [
            "0.9897433878459075",
            "False"
        ],
        "C100": [
            "0.9669244166277997",
            "False"
        ],
        "C101": [
            "0.9563801440930362",
            "False"
        ],
        "C102": [
            "0.9578943887167922",
            "False"
        ],
        "C103": [
            "0.9607537768533458",
            "False"
        ],
        "C104": [
            "0.9805317688254057",
            "False"
        ],
        "C105": [
            "0.9658684433332776",
            "False"
        ],
        "C106": [
            "0.9773297266294679",
            "False"
        ],
        "C107": [
            "0.9530778051375877",
            "True"
        ],
        "C108": [
            "0.9559478798325385",
            "False"
        ],
        "C109": [
            "0.9779965033544695",
            "False"
        ],
        "C110": [
            "0.9866376887057813",
            "False"
        ],
        "C111": [
            "0.9808008531735498",
            "False"
        ],
        "C112": [
            "0.9599304435107613",
            "False"
        ],
        "C113": [
            "0.9824963140908293",
            "False"
        ],
        "C114": [
            "0.9551002564569868",
            "False"
        ],
        "C115": [
            "0.9770059137913183",
            "True"
        ],
        "C116": [
            "0.9604683994957648",
            "False"
        ],
        "C117": [
            "0.9851498469036163",
            "True"
        ],
        "C118": [
            "0.9679860872146863",
            "False"
        ],
        "C119": [
            "0.9796584807862365",
            "True"
        ],
        "C120": [
            "0.970402318565482",
            "False"
        ],
        "C121": [
            "0.9892089948027026",
            "False"
        ],
        "C122": [
            "0.9500964436254534",
            "True"
        ],
        "C123": [
            "0.9607908634924964",
            "False"
        ],
        "C124": [
            "0.9776395261609973",
            "False"
        ],
        "C125": [
            "0.9567129506417688",
            "False"
        ],
        "C126": [
            "0.978821649683335",
            "False"
        ],
        "C127": [
            "0.9528920685098837",
            "False"
        ],
        "C128": [
            "0.9723348017141951",
            "False"
        ]
    }
}