{
    "suspect_components": {
        "C0": [
            false,
            [
                "C96",
                "C21"
            ]
        ],
        "C1": [
            false,
            [
                "C125"
            ]
        ],
        "C2": [
            false,
            [
                "C37",
                "C85",
                "C78",
                "C100",
                "C81",
                "C115",
                "C67",
                "C69",
                "C96",
                "C95",
                "C54",
                "C46"
            ]
        ],
        "C3": [
            false,
            [
                "C81",
                "C71",
                "C73",
                "C19",
                "C28"
            ]
        ],
        "C4": [
            false,
            [
                "C24",
                "C87",
                "C21",
                "C54",
                "C97",
                "C115",
                "C48",
                "C86"
            ]
        ],
        "C5": [
            false,
            [
                "C14",
                "C52"
            ]
        ],
        "C6": [
            false,
            [
                "C25",
                "C55",
                "C113",
                "C109",
                "C77",
                "C71",
                "C127",
                "C20"
            ]
        ],
        "C7": [
            false,
            [
                "C97",
                "C34",
                "C42",
                "C19"
            ]
        ],
        "C8": [
            false,
            [
                "C62",
                "C50",
                "C82",
                "C68"
            ]
        ],
        "C9": [
            true,
            []
        ],
        "C10": [
            false,
            [
                "C28"
            ]
        ],
        "C11": [
            true,
            [
                "C113",
                "C43"
            ]
        ],
        "C12": [
            false,
            [
                "C53",
                "C99",
                "C2",
                "C50",
                "C0",
                "C123",
                "C101",
                "C74"
            ]
        ],
        "C13": [
            true,
            [
                "C123",
                "C11",
                "C2",
                "C107",
                "C111",
                "C27",
                "C60"
            ]
        ],
        "C14": [
            false,
            [
                "C119",
                "C96",
                "C36",
                "C95",
                "C0",
                "C123",
                "C107",
                "C16",
                "C106",
                "C47",
                "C24",
                "C127"
            ]
        ],
        "C15": [
            false,
            [
                "C10",
                "C72"
            ]
        ],
        "C16": [
            true,
            [
                "C101",
                "C12",
                "C76",
                "C26",
                "C128",
                "C99",
                "C56",
                "C11"
            ]
        ],
        "C17": [
            true,
            [
                "C41",
                "C99",
                "C76"
            ]
        ],
        "C18": [
            false,
            [
                "C84",
                "C102",
                "C65",
                "C109",
                "C119",
                "C76",
                "C27",
                "C21",
                "C9",
                "C82"
            ]
        ],
        "C19": [
            false,
            [
                "C59",
                "C5",
                "C99",
                "C64",
                "C8",
                "C124",
                "C3",
                "C58",
                "C76",
                "C33",
                "C86"
            ]
        ],
        "C20": [
            false,
            [
                "C29",
                "C115",
                "C13",
                "C31",
                "C17",
                "C95",
                "C25",
                "C48",
                "C101",
                "C36"
            ]
        ],
        "C21": [
            true,
            [
                "C100",
                "C118",
                "C2",
                "C70",
                "C44",
                "C30",
                "C85",
                "C63",
                "C17"
            ]
        ],
        "C22": [
            false,
            [
                "C63",
                "C101",
                "C35",
                "C87",
                "C43",
                "C102",
                "C0",
                "C44",
                "C28"
            ]
        ],
        "C23": [
            false,
            [
                "C6",
                "C116",
                "C93",
                "C70",
                "C2",
                "C36"
            ]
        ],
        "C24": [
            false,
            [
                "C59",
                "C50",
                "C94",
                "C128",
                "C76",
                "C49",
                "C21",
                "C1",
                "C104"
            ]
        ],
        "C25": [
            true,
            [
                "C114",
                "C61",
                "C83",
                "C21",
                "C122"
            ]
        ],
        "C26": [
            false,
            [
                "C86",
                "C64",
                "C96",
                "C55"
            ]
        ],
        "C27": [
            false,
            [
                "C88",
                "C31",
                "C6",
                "C41",
                "C20",
                "C77",
                "C12",
                "C22",
                "C38",
                "C62",
                "C48",
                "C84"
            ]
        ],
        "C28": [
            false,
            [
                "C123",
                "C3",
                "C56",
                "C86",
                "C116"
            ]
        ],
        "C29": [
            false,
            [
                "C126"
            ]
        ],
        "C30": [
            false,
            [
                "C20",
                "C124",
                "C6",
                "C49",
                "C8",
                "C88",
                "C105"
            ]
        ],
        "C31": [
            false,
            [
                "C115",
                "C14",
                "C77",
                "C18",
                "C33",
                "C64",
                "C97",
                "C1"
            ]
        ],
        "C32": [
            false,
            [
                "C23",
                "C100",
                "C64",
                "C59",
                "C82"
            ]
        ],
        "C33": [
            true,
            [
                "C61",
                "C114",
                "C98"
            ]
        ],
        "C34": [
            false,
            [
                "C66",
                "C29",
                "C116",
                "C103",
                "C117",
                "C118",
                "C111",
                "C15"
            ]
        ],
        "C35": [
            false,
            []
        ],
        "C36": [
            true,
            [
                "C71",
                "C57",
                "C79",
                "C83",
                "C116",
                "C59"
            ]
        ],
        "C37": [
            false,
            [
                "C120"
            ]
        ],
        "C38": [
            false,
            [
                "C60",
                "C11",
                "C58",
                "C57",
                "C45",
                "C67",
                "C107",
                "C115",
                "C85",
                "C127",
                "C87",
                "C29"
            ]
        ],
        "C39": [
            false,
            [
                "C0",
                "C77",
                "C71",
                "C11",
                "C112",
                "C55",
                "C29",
                "C23",
                "C88",
                "C99",
                "C5",
                "C87"
            ]
        ],
        "C40": [
            false,
            [
                "C41",
                "C123",
                "C13",
                "C116"
            ]
        ],
        "C41": [
            true,
            [
                "C92",
                "C76",
                "C122",
                "C105",
                "C30",
                "C26",
                "C27",
                "C13",
                "C123"
            ]
        ],
        "C42": [
            false,
            [
                "C121",
                "C100",
                "C78",
                "C115",
                "C92",
                "C74",
                "C89",
                "C107",
                "C87"
            ]
        ],
        "C43": [
            false,
            [
                "C38",
                "C116",
                "C42",
                "C99",
                "C53",
                "C75",
                "C86"
            ]
        ],
        "C44": [
            false,
            [
                "C6",
                "C52",
                "C2",
                "C66"
            ]
        ],
        "C45": [
            false,
            [
                "C97",
                "C89",
                "C106",
                "C2",
                "C111",
                "C46",
                "C104",
                "C17",
                "C55",
                "C33"
            ]
        ],
        "C46": [
            false,
            [
                "C121",
                "C8",
                "C113",
                "C112",
                "C116",
                "C95"
            ]
        ],
        "C47": [
            false,
            [
                "C10",
                "C52",
                "C104",
                "C36",
                "C96",
                "C57",
                "C127"
            ]
        ],
        "C48": [
            false,
            [
                "C47",
                "C113",
                "C17",
                "C21",
                "C14",
                "C112",
                "C61"
            ]
        ],
        "C49": [
            true,
            [
                "C31",
                "C33",
                "C107",
                "C44",
                "C47"
            ]
        ],
        "C50": [
            false,
            [
                "C8",
                "C104",
                "C42",
                "C73",
                "C51",
                "C41",
                "C59",
                "C49",
                "C61",
                "C13"
            ]
        ],
        "C51": [
            false,
            [
                "C36",
                "C55",
                "C58",
                "C64",
                "C71",
                "C97",
                "C5",
                "C102",
                "C7",
                "C96",
                "C66",
                "C0"
            ]
        ],
        "C52": [
            false,
            [
                "C88",
                "C33",
                "C48",
                "C87",
                "C112",
                "C100"
            ]
        ],
        "C53": [
            false,
            [
                "C35",
                "C78",
                "C23",
                "C34",
                "C87"
            ]
        ],
        "C54": [
            true,
            [
                "C123",
                "C12",
                "C8"
            ]
        ],
        "C55": [
            false,
            [
                "C97",
                "C67",
                "C64",
                "C86",
                "C73",
                "C122",
                "C87",
                "C62",
                "C27",
                "C29",
                "C2",
                "C65"
            ]
        ],
        "C56": [
            false,
            [
                "C92",
                "C89"
            ]
        ],
        "C57": [
            false,
            [
                "C36",
                "C1",
                "C82",
                "C63"
            ]
        ],
        "C58": [
            false,
            [
                "C105",
                "C77",
                "C33",
                "C93",
                "C85",
                "C7",
                "C122"
            ]
        ],
        "C59": [
            false,
            [
                "C108",
                "C114",
                "C101",
                "C7",
                "C46",
                "C10",
                "C58",
                "C33"
            ]
        ],
        "C60": [
            false,
            [
                "C31",
                "C63"
            ]
        ],
        "C61": [
            false,
            [
                "C123"
            ]
        ],
        "C62": [
            false,
            []
        ],
        "C63": [
            false,
            [
                "C83"
            ]
        ],
        "C64": [
            true,
            [
                "C102",
                "C106",
                "C53",
                "C33",
                "C120",
                "C123",
                "C40",
                "C127"
            ]
        ],
        "C65": [
            false,
            [
                "C19",
                "C64",
                "C40"
            ]
        ],
        "C66": [
            true,
            [
                "C79",
                "C92",
                "C104",
                "C44",
                "C28",
                "C121",
                "C100",
                "C76",
                "C29",
                "C109",
                "C2",
                "C60"
            ]
        ],
        "C67": [
            false,
            [
                "C46",
                "C1",
                "C120"
            ]
        ],
        "C68": [
            false,
            []
        ],
        "C69": [
            false,
            []
        ],
        "C70": [
            false,
            [
                "C20",
                "C10",
                "C45",
                "C124",
                "C79"
            ]
        ],
        "C71": [
            false,
            [
                "C20",
                "C38",
                "C5",
                "C37",
                "C40"
            ]
        ],
        "C72": [
            false,
            [
                "C0",
                "C21",
                "C125",
                "C92",
                "C76",
                "C93",
                "C69",
                "C17",
                "C101",
                "C70",
                "C127"
            ]
        ],
        "C73": [
            false,
            [
                "C35",
                "C17",
                "C14",
                "C68",
                "C103",
                "C106",
                "C33",
                "C119",
                "C81"
            ]
        ],
        "C74": [
            true,
            [
                "C4",
                "C25",
                "C91",
                "C43",
                "C103",
                "C114",
                "C64",
                "C70",
                "C13",
                "C58"
            ]
        ],
        "C75": [
            false,
            [
                "C101",
                "C14",
                "C123",
                "C87",
                "C74",
                "C48",
                "C51",
                "C3",
                "C95",
                "C126",
                "C36"
            ]
        ],
        "C76": [
            false,
            [
                "C55",
                "C101",
                "C2"
            ]
        ],
        "C77": [
            false,
            [
                "C12",
                "C22",
                "C66",
                "C85",
                "C114",
                "C39"
            ]
        ],
        "C78": [
            false,
            [
                "C34",
                "C102",
                "C124"
            ]
        ],
        "C79": [
            false,
            [
                "C68"
            ]
        ],
        "C80": [
            true,
            [
                "C87",
                "C128",
                "C25",
                "C117",
                "C1",
                "C24",
                "C93",
                "C11",
                "C27",
                "C110",
                "C127"
            ]
        ],
        "C81": [
            false,
            [
                "C123",
                "C33",
                "C7",
                "C89",
                "C18",
                "C11",
                "C30",
                "C39",
                "C90"
            ]
        ],
        "C82": [
            false,
            [
                "C60",
                "C58"
            ]
        ],
        "C83": [
            false,
            [
                "C38",
                "C115",
                "C0",
                "C68",
                "C50",
                "C122",
                "C87",
                "C41",
                "C26",
                "C95",
                "C82"
            ]
        ],
        "C84": [
            true,
            [
                "C31",
                "C19",
                "C109",
                "C54",
                "C113",
                "C21",
                "C72",
                "C42",
                "C4",
                "C119",
                "C85",
                "C117"
            ]
        ],
        "C85": [
            false,
            [
                "C28",
                "C79",
                "C46",
                "C76"
            ]
        ],
        "C86": [
            true,
            [
                "C119",
                "C60",
                "C105",
                "C40",
                "C98",
                "C33",
                "C88",
                "C20"
            ]
        ],
        "C87": [
            false,
            [
                "C60",
                "C17",
                "C45",
                "C76",
                "C120",
                "C115",
                "C111",
                "C118"
            ]
        ],
        "C88": [
            false,
            [
                "C43",
                "C66",
                "C76",
                "C48",
                "C78",
                "C50",
                "C87"
            ]
        ],
        "C89": [
            false,
            [
                "C118",
                "C126",
                "C42",
                "C96"
            ]
        ],
        "C90": [
            false,
            [
                "C121",
                "C28",
                "C86",
                "C103",
                "C78"
            ]
        ],
        "C91": [
            false,
            [
                "C11",
                "C40",
                "C12"
            ]
        ],
        "C92": [
            false,
            [
                "C57",
                "C69",
                "C4",
                "C75",
                "C32",
                "C120",
                "C107",
                "C12",
                "C7",
                "C73",
                "C2",
                "C16"
            ]
        ],
        "C93": [
            false,
            [
                "C90",
                "C123",
                "C58",
                "C122",
                "C106",
                "C32"
            ]
        ],
        "C94": [
            false,
            [
                "C42",
                "C103",
                "C97",
                "C35"
            ]
        ],
        "C95": [
            false,
            [
                "C93",
                "C66"
            ]
        ],
        "C96": [
            false,
            [
                "C39",
                "C8",
                "C56",
                "C105",
                "C59",
                "C13",
                "C21",
                "C68",
                "C15"
            ]
        ],
        "C97": [
            true,
            [
                "C85"
            ]
        ],
        "C98": [
            false,
            [
                "C119",
                "C61"
            ]
        ],
        "C99": [
            false,
            [
                "C29"
            ]
        ],
        "C100": [
            false,
            [
                "C117",
                "C47",
                "C46",
                "C101",
                "C79",
                "C16",
                "C66",
                "C125",
                "C84",
                "C107",
                "C3",
                "C2"
            ]
        ],
        "C101": [
            true,
            [
                "C16",
                "C68",
                "C32",
                "C57",
                "C55",
                "C84",
                "C69",
                "C114",
                "C78",
                "C41"
            ]
        ],
        "C102": [
            true,
            [
                "C62",
                "C82"
            ]
        ],
        "C103": [
            true,
            [
                "C106",
                "C123",
                "C122",
                "C21",
                "C90",
                "C63",
                "C5",
                "C43",
                "C42"
            ]
        ],
        "C104": [
            false,
            [
                "C41",
                "C77",
                "C119",
                "C60",
                "C103",
                "C83"
            ]
        ],
        "C105": [
            false,
            []
        ],
        "C106": [
            false,
            []
        ],
        "C107": [
            false,
            [
                "C51",
                "C36",
                "C4",
                "C9",
                "C14",
                "C110",
                "C76",
                "C116",
                "C104",
                "C17",
                "C79"
            ]
        ],
        "C108": [
            false,
            [
                "C37",
                "C115",
                "C128",
                "C125"
            ]
        ],
        "C109": [
            true,
            [
                "C83",
                "C81",
                "C66"
            ]
        ],
        "C110": [
            true,
            [
                "C13",
                "C72",
                "C45",
                "C63",
                "C31",
                "C102",
                "C126",
                "C36",
                "C15",
                "C113"
            ]
        ],
        "C111": [
            false,
            [
                "C68",
                "C57",
                "C50",
                "C78",
                "C59"
            ]
        ],
        "C112": [
            false,
            [
                "C102",
                "C4",
                "C70",
                "C81",
                "C54",
                "C46",
                "C88",
                "C44",
                "C120",
                "C56"
            ]
        ],
        "C113": [
            true,
            [
                "C116",
                "C50",
                "C63",
                "C25",
                "C56"
            ]
        ],
        "C114": [
            false,
            [
                "C5",
                "C123",
                "C59"
            ]
        ],
        "C115": [
            true,
            [
                "C87",
                "C63",
                "C53",
                "C12"
            ]
        ],
        "C116": [
            false,
            [
                "C58",
                "C108"
            ]
        ],
        "C117": [
            false,
            [
                "C25",
                "C45",
                "C39",
                "C75"
            ]
        ],
        "C118": [
            false,
            [
                "C121",
                "C64",
                "C5",
                "C95",
                "C48",
                "C117",
                "C40",
                "C14",
                "C61",
                "C58",
                "C88",
                "C11"
            ]
        ],
        "C119": [
            false,
            [
                "C18",
                "C102",
                "C12",
                "C32",
                "C63"
            ]
        ],
        "C120": [
            false,
            [
                "C83",
                "C24"
            ]
        ],
        "C121": [
            false,
            []
        ],
        "C122": [
            false,
            [
                "C22",
                "C93",
                "C91",
                "C83",
                "C127",
                "C13",
                "C68"
            ]
        ],
        "C123": [
            false,
            [
                "C13",
                "C69",
                "C38",
                "C76",
                "C87",
                "C100",
                "C78",
                "C18",
                "C20",
                "C40"
            ]
        ],
        "C124": [
            false,
            [
                "C95",
                "C22",
                "C33",
                "C82",
                "C59"
            ]
        ],
        "C125": [
            false,
            [
                "C9",
                "C124",
                "C19",
                "C23",
                "C63",
                "C88",
                "C5",
                "C89"
            ]
        ],
        "C126": [
            false,
            [
                "C57",
                "C79",
                "C65",
                "C17",
                "C120",
                "C28",
                "C85",
                "C127",
                "C80",
                "C91",
                "C31"
            ]
        ],
        "C127": [
            false,
            [
                "C110",
                "C59",
                "C44",
                "C33",
                "C71",
                "C104"
            ]
        ],
        "C128": [
            false,
            [
                "C4",
                "C110",
                "C30"
            ]
        ]
    },
    "ground_truth_fault_paths": [
        [
            "C25",
            "C113",
            "C11",
            "C13",
            "C41",
            "C17",
            "C21",
            "C84",
            "C101",
            "C16"
        ],
        [
            "C11",
            "C13",
            "C41",
            "C17",
            "C21",
            "C25",
            "C113",
            "C84",
            "C101",
            "C16"
        ],
        [
            "C25",
            "C113",
            "C11",
            "C13",
            "C41",
            "C17",
            "C21",
            "C103",
            "C74"
        ],
        [
            "C13",
            "C41",
            "C17",
            "C21",
            "C25",
            "C113",
            "C11",
            "C16",
            "C101"
        ],
        [
            "C41",
            "C17",
            "C21",
            "C25",
            "C113",
            "C11",
            "C13",
            "C110",
            "C80"
        ],
        [
            "C11",
            "C13",
            "C41",
            "C17",
            "C21",
            "C25",
            "C113",
            "C110",
            "C80"
        ],
        [
            "C17",
            "C21",
            "C25",
            "C113",
            "C11",
            "C13",
            "C41",
            "C101",
            "C16"
        ],
        [
            "C113",
            "C11",
            "C13",
            "C41",
            "C17",
            "C21",
            "C25",
            "C80"
        ],
        [
            "C113",
            "C11",
            "C13",
            "C41",
            "C17",
            "C21",
            "C25",
            "C74"
        ],
        [
            "C13",
            "C41",
            "C17",
            "C21",
            "C25",
            "C113",
            "C11",
            "C80"
        ],
        [
            "C41",
            "C17",
            "C21",
            "C25",
            "C113",
            "C11",
            "C13",
            "C74"
        ],
        [
            "C21",
            "C25",
            "C113",
            "C11",
            "C13",
            "C41",
            "C17"
        ],
        [
            "C66",
            "C109",
            "C84",
            "C101",
            "C16"
        ],
        [
            "C54",
            "C84",
            "C101",
            "C16"
        ],
        [
            "C36",
            "C110",
            "C80"
        ],
        [
            "C102",
            "C110",
            "C80"
        ],
        [
            "C102",
            "C64",
            "C74"
        ],
        [
            "C33",
            "C64",
            "C74"
        ],
        [
            "C33",
            "C86"
        ],
        [
            "C33",
            "C49"
        ],
        [
            "C109",
            "C66"
        ],
        [
            "C9"
        ],
        [
            "C97"
        ],
        [
            "C115"
        ]
    ],
    "error_codes": {
        "E0": [
            "FC0",
            [
                "C16",
                "C11",
                "C113",
                "C101",
                "C93",
                "C110",
                "C60",
                "C80",
                "C33",
                "C2",
                "C0",
                "C117",
                "C111",
                "C18",
                "C10"
            ]
        ],
        "E1": [
            "FC1",
            [
                "C16",
                "C41",
                "C11",
                "C98",
                "C128",
                "C91",
                "C107",
                "C114",
                "C117"
            ]
        ],
        "E2": [
            "FC2",
            [
                "C74",
                "C48",
                "C55",
                "C108",
                "C6",
                "C10"
            ]
        ],
        "E3": [
            "FC3",
            [
                "C101",
                "C11",
                "C20"
            ]
        ],
        "E4": [
            "FC4",
            [
                "C80",
                "C13",
                "C17",
                "C55"
            ]
        ],
        "E5": [
            "FC5",
            [
                "C80",
                "C110",
                "C128",
                "C25",
                "C53",
                "C9",
                "C71",
                "C100",
                "C29",
                "C98",
                "C62"
            ]
        ],
        "E6": [
            "FC6",
            [
                "C16",
                "C121",
                "C90",
                "C22",
                "C107",
                "C11",
                "C89",
                "C9"
            ]
        ],
        "E7": [
            "FC7",
            [
                "C80",
                "C21",
                "C25",
                "C13",
                "C122",
                "C45",
                "C8",
                "C3",
                "C39",
                "C124",
                "C40"
            ]
        ],
        "E8": [
            "FC8",
            [
                "C74",
                "C28",
                "C114",
                "C39",
                "C49",
                "C117",
                "C53",
                "C90",
                "C107",
                "C72",
                "C4",
                "C119",
                "C57"
            ]
        ],
        "E9": [
            "FC9",
            [
                "C80",
                "C56",
                "C12",
                "C102",
                "C113",
                "C95",
                "C26",
                "C65",
                "C88",
                "C72"
            ]
        ],
        "E10": [
            "FC10",
            [
                "C74",
                "C13",
                "C20",
                "C66",
                "C99",
                "C123",
                "C67",
                "C9",
                "C111",
                "C97"
            ]
        ],
        "E11": [
            "FC11",
            [
                "C17",
                "C13",
                "C41",
                "C115",
                "C95",
                "C86",
                "C125",
                "C25",
                "C21",
                "C108"
            ]
        ],
        "E12": [
            "FC12",
            [
                "C16",
                "C84",
                "C11",
                "C89",
                "C93",
                "C102",
                "C53",
                "C77",
                "C63"
            ]
        ],
        "E13": [
            "FC13",
            [
                "C16",
                "C12",
                "C112",
                "C53",
                "C37",
                "C4",
                "C8",
                "C34",
                "C89",
                "C88"
            ]
        ],
        "E14": [
            "FC14",
            [
                "C80",
                "C84",
                "C54",
                "C61",
                "C120",
                "C122",
                "C123",
                "C4"
            ]
        ],
        "E15": [
            "FC15",
            [
                "C80",
                "C51",
                "C25",
                "C96",
                "C126",
                "C123",
                "C27",
                "C41",
                "C106",
                "C95",
                "C72",
                "C39"
            ]
        ],
        "E16": [
            "FC16",
            [
                "C74",
                "C26"
            ]
        ],
        "E17": [
            "FC17",
            [
                "C74",
                "C67",
                "C14",
                "C35"
            ]
        ],
        "E18": [
            "FC18",
            [
                "C86",
                "C74",
                "C82",
                "C6",
                "C14",
                "C87",
                "C75"
            ]
        ],
        "E19": [
            "FC19",
            [
                "C49",
                "C8",
                "C9",
                "C53",
                "C126",
                "C102",
                "C117",
                "C60",
                "C122",
                "C34",
                "C79"
            ]
        ],
        "E20": [
            "FC20",
            [
                "C66",
                "C24",
                "C100",
                "C54",
                "C3",
                "C51",
                "C72",
                "C63"
            ]
        ],
        "E21": [
            "FC21",
            [
                "C9",
                "C56",
                "C15",
                "C7",
                "C20",
                "C74",
                "C57",
                "C80",
                "C40",
                "C78"
            ]
        ],
        "E22": [
            "FC22",
            [
                "C97",
                "C57",
                "C4",
                "C125",
                "C71",
                "C27",
                "C112",
                "C105",
                "C80",
                "C69",
                "C99"
            ]
        ],
        "E23": [
            "FC23",
            [
                "C115",
                "C127",
                "C49",
                "C91"
            ]
        ]
    },
    "sim_accuracies": {
        "C0": [
            "0.9539910437231865",
            "False"
        ],
        "C1": [
            "0.9742254176135203",
            "False"
        ],
        "C2": [
            "0.9651036844124681",
            "False"
        ],
        "C3": [
            "0.9558108852317404",
            "False"
        ],
        "C4": [
            "0.9562081156529014",
            "False"
        ],
        "C5": [
            "0.9811195639751275",
            "False"
        ],
        "C6": [
            "0.9752734552038372",
            "False"
        ],
        "C7": [
            "0.952227471770101",
            "False"
        ],
        "C8": [
            "0.9566373435042484",
            "False"
        ],
        "C9": [
            "0.9599924680701956",
            "True"
        ],
        "C10": [
            "0.9551855710817738",
            "False"
        ],
        "C11": [
            "0.9858655834060678",
            "True"
        ],
        "C12": [
            "0.9614787986990669",
            "False"
        ],
        "C13": [
            "0.9648912129945283",
            "True"
        ],
        "C14": [
            "0.979742322703629",
            "False"
        ],
        "C15": [
            "0.9680643164673791",
            "False"
        ],
        "C16": [
            "0.9839202755616885",
            "True"
        ],
        "C17": [
            "0.9881381553715719",
            "True"
        ],
        "C18": [
            "0.9573780880449491",
            "False"
        ],
        "C19": [
            "0.9531525002894685",
            "False"
        ],
        "C20": [
            "0.9647585018034747",
            "False"
        ],
        "C21": [
            "0.9725544806529817",
            "True"
        ],
        "C22": [
            "0.9517391958314376",
            "False"
        ],
        "C23": [
            "0.9604957807368901",
            "False"
        ],
        "C24": [
            "0.9869211094130822",
            "False"
        ],
        "C25": [
            "0.9840336244192819",
            "True"
        ],
        "C26": [
            "0.9566400709069379",
            "False"
        ],
        "C27": [
            "0.9844822929819944",
            "False"
        ],
        "C28": [
            "0.9853024676168608",
            "False"
        ],
        "C29": [
            "0.9504788948109192",
            "False"
        ],
        "C30": [
            "0.9527779893317275",
            "False"
        ],
        "C31": [
            "0.9661018775198925",
            "False"
        ],
        "C32": [
            "0.9517377807824724",
            "False"
        ],
        "C33": [
            "0.9716905986669773",
            "True"
        ],
        "C34": [
            "0.9545903390198351",
            "False"
        ],
        "C35": [
            "0.9571877128534048",
            "False"
        ],
        "C36": [
            "0.9731645891449122",
            "True"
        ],
        "C37": [
            "0.969511865236522",
            "False"
        ],
        "C38": [
            "0.9721330104154089",
            "False"
        ],
        "C39": [
            "0.9808529646025332",
            "False"
        ],
        "C40": [
            "0.969436567018892",
            "False"
        ],
        "C41": [
            "0.9745684543352262",
            "True"
        ],
        "C42": [
            "0.9733481286635619",
            "False"
        ],
        "C43": [
            "0.9652646952270441",
            "False"
        ],
        "C44": [
            "0.9577480377007377",
            "False"
        ],
        "C45": [
            "0.9533159042377427",
            "False"
        ],
        "C46": [
            "0.9556214027028189",
            "False"
        ],
        "C47": [
            "0.9656363223825392",
            "False"
        ],
        "C48": [
            "0.9629183631626153",
            "False"
        ],
        "C49": [
            "0.9720662125379781",
            "True"
        ],
        "C50": [
            "0.9824807235167948",
            "False"
        ],
        "C51": [
            "0.984311095858171",
            "False"
        ],
        "C52": [
            "0.9621098447748813",
            "False"
        ],
        "C53": [
            "0.9562117105766573",
            "False"
        ],
        "C54": [
            "0.9557899049401494",
            "True"
        ],
        "C55": [
            "0.9819697892597559",
            "False"
        ],
        "C56": [
            "0.9603808643502234",
            "False"
        ],
        "C57": [
            "0.9722128558603451",
            "False"
        ],
        "C58": [
            "0.9600424842645797",
            "False"
        ],
        "C59": [
            "0.971768793414948",
            "False"
        ],
        "C60": [
            "0.9657154507015326",
            "False"
        ],
        "C61": [
            "0.9789674762101461",
            "False"
        ],
        "C62": [
            "0.959772654732557",
            "False"
        ],
        "C63": [
            "0.9684595785244421",
            "False"
        ],
        "C64": [
            "0.9684809440603284",
            "True"
        ],
        "C65": [
            "0.9620081366202209",
            "False"
        ],
        "C66": [
            "0.9516620949585329",
            "True"
        ],
        "C67": [
            "0.9877208775501469",
            "False"
        ],
        "C68": [
            "0.9835039266453903",
            "False"
        ],
        "C69": [
            "0.9848595017522206",
            "False"
        ],
        "C70": [
            "0.9865359918871562",
            "False"
        ],
        "C71": [
            "0.9512626468227655",
            "False"
        ],
        "C72": [
            "0.9560999832690533",
            "False"
        ],
        "C73": [
            "0.9771615983190085",
            "False"
        ],
        "C74": [
            "0.9752519379815937",
            "True"
        ],
        "C75": [
            "0.9824869326119969",
            "False"
        ],
        "C76": [
            "0.9868034673522622",
            "False"
        ],
        "C77": [
            "0.9815194508795505",
            "False"
        ],
        "C78": [
            "0.9741713111884097",
            "False"
        ],
        "C79": [
            "0.9599414556233692",
            "False"
        ],
        "C80": [
            "0.9729501269485844",
            "True"
        ],
        "C81": [
            "0.9502560446808441",
            "False"
        ],
        "C82": [
            "0.9534107908679567",
            "False"
        ],
        "C83": [
            "0.9605477712911963",
            "False"
        ],
        "C84": [
            "0.9872271748729085",
            "True"
        ],
        "C85": [
            "0.9815182453669652",
            "False"
        ],
        "C86": [
            "0.9849343012277366",
            "True"
        ],
        "C87": [
            "0.9727144363025761",
            "False"
        ],
        "C88": [
            "0.979774286187929",
            "False"
        ],
        "C89": [
            "0.9832327708905744",
            "False"
        ],
        "C90": [
            "0.9825833083928112",
            "False"
        ],
        "C91": [
            "0.9821694975494131",
            "False"
        ],
        "C92": [
            "0.9746255436912759",
            "False"
        ],
        "C93": [
            "0.9793455077157402",
            "False"
        ],
        "C94": [
            "0.983879956289534",
            "False"
        ],
        "C95": [
            "0.9651346033681669",
            "False"
        ],
        "C96": [
            "0.9763111006249611",
            "False"
        ],
        "C97": [
            "0.973969898862545",
            "True"
        ],
        "C98": [
            "0.9855356342505734",
            "False"
        ],
        "C99": [
            "0.9790512441057568",
            "False"
        ],
        "C100": [
            "0.9663682781339284",
            "False"
        ],
        "C101": [
            "0.9720884623137357",
            "True"
        ],
        "C102": [
            "0.9810825062428171",
            "True"
        ],
        "C103": [
            "0.9615786412547203",
            "True"
        ],
        "C104": [
            "0.9887528956071336",
            "False"
        ],
        "C105": [
            "0.9588177780097227",
            "False"
        ],
        "C106": [
            "0.9531396786215613",
            "False"
        ],
        "C107": [
            "0.9537294549340022",
            "False"
        ],
        "C108": [
            "0.9802247399299623",
            "False"
        ],
        "C109": [
            "0.9706267470430269",
            "True"
        ],
        "C110": [
            "0.9544345733356082",
            "True"
        ],
        "C111": [
            "0.9843146136401356",
            "False"
        ],
        "C112": [
            "0.9841958154923806",
            "False"
        ],
        "C113": [
            "0.9753395235847141",
            "True"
        ],
        "C114": [
            "0.9624820187716804",
            "False"
        ],
        "C115": [
            "0.9879510933110933",
            "True"
        ],
        "C116": [
            "0.9636722409491627",
            "False"
        ],
        "C117": [
            "0.9534369542292974",
            "False"
        ],
        "C118": [
            "0.9781548551414775",
            "False"
        ],
        "C119": [
            "0.9562628949626871",
            "False"
        ],
        "C120": [
            "0.9754472354399694",
            "False"
        ],
        "C121": [
            "0.9677973711114747",
            "False"
        ],
        "C122": [
            "0.9734898551310648",
            "False"
        ],
        "C123": [
            "0.9500890580742709",
            "False"
        ],
        "C124": [
            "0.9624727652819264",
            "False"
        ],
        "C125": [
            "0.9515420956916594",
            "False"
        ],
        "C126": [
            "0.9644463391345949",
            "False"
        ],
        "C127": [
            "0.9500545425929202",
            "False"
        ],
        "C128": [
            "0.9797936061843903",
            "False"
        ]
    }
}