{
    "suspect_components": {
        "C0": [
            false,
            [
                "C19",
                "C81"
            ]
        ],
        "C1": [
            true,
            [
                "C118",
                "C14"
            ]
        ],
        "C2": [
            true,
            [
                "C4"
            ]
        ],
        "C3": [
            false,
            [
                "C20",
                "C94",
                "C93",
                "C110",
                "C107",
                "C18",
                "C76",
                "C14"
            ]
        ],
        "C4": [
            false,
            [
                "C21",
                "C79",
                "C125",
                "C73",
                "C10",
                "C76",
                "C41",
                "C107",
                "C30",
                "C9",
                "C55",
                "C68"
            ]
        ],
        "C5": [
            false,
            [
                "C41"
            ]
        ],
        "C6": [
            false,
            [
                "C85",
                "C3",
                "C81",
                "C24",
                "C0",
                "C60",
                "C17",
                "C57"
            ]
        ],
        "C7": [
            true,
            [
                "C54",
                "C99",
                "C82",
                "C26",
                "C57",
                "C24",
                "C67",
                "C44",
                "C101",
                "C40",
                "C25",
                "C108"
            ]
        ],
        "C8": [
            false,
            [
                "C67",
                "C45",
                "C97",
                "C0",
                "C111",
                "C34",
                "C89",
                "C16",
                "C124",
                "C125"
            ]
        ],
        "C9": [
            false,
            [
                "C122",
                "C15",
                "C61",
                "C104",
                "C98",
                "C72"
            ]
        ],
        "C10": [
            false,
            [
                "C106",
                "C71"
            ]
        ],
        "C11": [
            false,
            [
                "C102",
                "C14",
                "C121",
                "C79"
            ]
        ],
        "C12": [
            false,
            [
                "C103",
                "C47",
                "C113",
                "C123",
                "C73",
                "C38",
                "C88"
            ]
        ],
        "C13": [
            false,
            [
                "C7",
                "C103",
                "C20",
                "C57"
            ]
        ],
        "C14": [
            false,
            [
                "C76",
                "C51",
                "C2",
                "C15",
                "C37",
                "C122",
                "C61",
                "C30"
            ]
        ],
        "C15": [
            false,
            [
                "C123"
            ]
        ],
        "C16": [
            false,
            [
                "C112",
                "C0",
                "C15",
                "C31",
                "C6",
                "C103",
                "C14",
                "C47"
            ]
        ],
        "C17": [
            false,
            [
                "C47",
                "C85",
                "C28",
                "C73",
                "C9",
                "C63",
                "C97",
                "C78"
            ]
        ],
        "C18": [
            true,
            [
                "C16",
                "C127",
                "C87",
                "C91",
                "C57",
                "C112",
                "C125",
                "C5",
                "C77",
                "C59",
                "C21"
            ]
        ],
        "C19": [
            false,
            [
                "C42",
                "C23",
                "C2",
                "C3",
                "C47"
            ]
        ],
        "C20": [
            false,
            [
                "C9",
                "C126",
                "C19",
                "C62",
                "C78",
                "C95",
                "C8",
                "C124",
                "C99"
            ]
        ],
        "C21": [
            false,
            [
                "C54",
                "C19",
                "C128",
                "C38",
                "C46",
                "C75",
                "C109",
                "C28",
                "C116",
                "C60",
                "C68",
                "C1"
            ]
        ],
        "C22": [
            false,
            [
                "C67",
                "C10",
                "C87",
                "C75",
                "C25",
                "C115",
                "C38",
                "C118",
                "C55",
                "C100",
                "C34"
            ]
        ],
        "C23": [
            true,
            [
                "C99",
                "C123",
                "C78",
                "C53",
                "C125",
                "C28",
                "C29",
                "C33",
                "C43",
                "C16",
                "C81"
            ]
        ],
        "C24": [
            true,
            [
                "C1",
                "C53",
                "C90",
                "C72",
                "C44",
                "C93",
                "C54",
                "C37",
                "C12",
                "C113",
                "C17",
                "C96"
            ]
        ],
        "C25": [
            false,
            [
                "C31",
                "C2",
                "C38",
                "C22"
            ]
        ],
        "C26": [
            true,
            []
        ],
        "C27": [
            false,
            [
                "C40",
                "C89",
                "C58"
            ]
        ],
        "C28": [
            false,
            [
                "C78",
                "C99",
                "C32",
                "C84",
                "C24",
                "C43"
            ]
        ],
        "C29": [
            true,
            [
                "C40"
            ]
        ],
        "C30": [
            false,
            [
                "C73",
                "C117",
                "C122",
                "C104",
                "C88",
                "C120",
                "C64",
                "C20",
                "C121",
                "C26",
                "C81",
                "C116"
            ]
        ],
        "C31": [
            true,
            [
                "C115",
                "C111",
                "C106",
                "C46",
                "C13"
            ]
        ],
        "C32": [
            false,
            [
                "C120",
                "C81",
                "C100",
                "C76",
                "C126",
                "C109",
                "C19",
                "C41"
            ]
        ],
        "C33": [
            false,
            []
        ],
        "C34": [
            false,
            [
                "C125",
                "C63",
                "C36",
                "C4",
                "C97",
                "C55",
                "C99",
                "C3"
            ]
        ],
        "C35": [
            false,
            [
                "C77",
                "C58",
                "C116",
                "C101",
                "C27",
                "C3",
                "C46"
            ]
        ],
        "C36": [
            true,
            [
                "C10",
                "C26",
                "C112",
                "C78",
                "C88"
            ]
        ],
        "C37": [
            false,
            [
                "C20",
                "C7",
                "C55",
                "C42",
                "C116",
                "C69",
                "C87",
                "C111",
                "C117",
                "C45"
            ]
        ],
        "C38": [
            false,
            [
                "C35",
                "C21",
                "C36",
                "C25",
                "C88",
                "C19"
            ]
        ],
        "C39": [
            false,
            [
                "C99"
            ]
        ],
        "C40": [
            false,
            [
                "C67",
                "C90",
                "C98",
                "C39",
                "C48"
            ]
        ],
        "C41": [
            true,
            [
                "C37"
            ]
        ],
        "C42": [
            true,
            [
                "C16"
            ]
        ],
        "C43": [
            false,
            [
                "C86",
                "C102",
                "C78",
                "C37"
            ]
        ],
        "C44": [
            false,
            [
                "C57",
                "C36",
                "C43"
            ]
        ],
        "C45": [
            false,
            [
                "C3",
                "C119"
            ]
        ],
        "C46": [
            false,
            [
                "C23",
                "C63",
                "C0",
                "C104"
            ]
        ],
        "C47": [
            false,
            [
                "C15",
                "C21",
                "C57",
                "C45",
                "C83",
                "C26",
                "C78"
            ]
        ],
        "C48": [
            false,
            [
                "C96",
                "C53",
                "C68",
                "C105",
                "C58",
                "C60",
                "C0",
                "C47",
                "C94",
                "C39",
                "C16",
                "C108"
            ]
        ],
        "C49": [
            false,
            [
                "C121",
                "C23",
                "C102",
                "C96",
                "C63",
                "C39",
                "C72",
                "C66",
                "C105",
                "C34",
                "C118"
            ]
        ],
        "C50": [
            false,
            [
                "C25",
                "C52",
                "C34",
                "C118",
                "C3",
                "C76",
                "C19",
                "C13"
            ]
        ],
        "C51": [
            false,
            [
                "C39",
                "C94",
                "C20",
                "C78",
                "C86",
                "C30",
                "C110",
                "C118",
                "C35",
                "C17",
                "C40",
                "C108"
            ]
        ],
        "C52": [
            false,
            [
                "C115",
                "C13",
                "C69",
                "C98",
                "C58",
                "C125",
                "C93",
                "C53",
                "C35"
            ]
        ],
        "C53": [
            true,
            [
                "C6",
                "C96",
                "C76",
                "C0",
                "C37",
                "C46",
                "C26",
                "C97",
                "C61",
                "C115",
                "C41"
            ]
        ],
        "C54": [
            false,
            [
                "C17",
                "C9",
                "C116",
                "C10",
                "C14",
                "C110",
                "C119",
                "C109",
                "C122",
                "C22"
            ]
        ],
        "C55": [
            false,
            [
                "C74",
                "C116",
                "C14",
                "C57",
                "C126",
                "C8",
                "C109",
                "C61",
                "C5",
                "C82",
                "C27"
            ]
        ],
        "C56": [
            false,
            [
                "C60",
                "C77",
                "C52",
                "C7",
                "C126",
                "C39",
                "C29",
                "C59",
                "C54",
                "C67"
            ]
        ],
        "C57": [
            false,
            [
                "C51",
                "C59",
                "C14",
                "C103",
                "C17",
                "C61"
            ]
        ],
        "C58": [
            false,
            [
                "C62",
                "C50",
                "C72",
                "C42",
                "C122",
                "C14",
                "C6",
                "C127"
            ]
        ],
        "C59": [
            false,
            [
                "C68",
                "C93",
                "C21",
                "C34",
                "C58",
                "C40",
                "C20"
            ]
        ],
        "C60": [
            false,
            [
                "C30",
                "C93",
                "C27",
                "C9",
                "C61",
                "C126",
                "C105",
                "C21"
            ]
        ],
        "C61": [
            false,
            [
                "C22",
                "C1",
                "C24",
                "C83"
            ]
        ],
        "C62": [
            false,
            []
        ],
        "C63": [
            false,
            [
                "C53",
                "C26",
                "C65",
                "C43",
                "C97",
                "C95"
            ]
        ],
        "C64": [
            false,
            [
                "C118",
                "C106",
                "C66",
                "C79",
                "C91"
            ]
        ],
        "C65": [
            false,
            []
        ],
        "C66": [
            false,
            [
                "C117"
            ]
        ],
        "C67": [
            false,
            [
                "C120",
                "C45",
                "C91",
                "C121",
                "C31",
                "C1",
                "C118",
                "C78",
                "C117"
            ]
        ],
        "C68": [
            false,
            [
                "C86",
                "C85",
                "C118",
                "C20",
                "C105",
                "C60",
                "C113",
                "C3"
            ]
        ],
        "C69": [
            false,
            [
                "C42",
                "C116",
                "C98"
            ]
        ],
        "C70": [
            false,
            [
                "C89",
                "C105",
                "C64",
                "C32",
                "C61",
                "C124"
            ]
        ],
        "C71": [
            true,
            [
                "C69",
                "C66",
                "C93",
                "C46",
                "C38",
                "C64"
            ]
        ],
        "C72": [
            false,
            [
                "C96",
                "C26",
                "C7",
                "C126",
                "C37",
                "C79",
                "C8",
                "C54",
                "C43",
                "C122",
                "C118",
                "C119"
            ]
        ],
        "C73": [
            false,
            [
                "C15",
                "C123",
                "C36",
                "C87",
                "C77",
                "C78",
                "C50",
                "C88",
                "C51",
                "C37",
                "C92"
            ]
        ],
        "C74": [
            true,
            [
                "C14",
                "C60",
                "C59",
                "C94",
                "C105",
                "C15",
                "C21",
                "C110",
                "C61",
                "C119",
                "C80"
            ]
        ],
        "C75": [
            false,
            [
                "C14",
                "C123",
                "C19",
                "C120",
                "C16",
                "C59",
                "C99",
                "C68",
                "C58",
                "C22",
                "C69"
            ]
        ],
        "C76": [
            false,
            [
                "C12",
                "C19"
            ]
        ],
        "C77": [
            false,
            [
                "C81",
                "C32",
                "C125",
                "C15",
                "C94",
                "C36",
                "C72",
                "C113",
                "C50",
                "C114"
            ]
        ],
        "C78": [
            true,
            [
                "C103"
            ]
        ],
        "C79": [
            false,
            [
                "C90",
                "C34",
                "C73",
                "C66",
                "C43"
            ]
        ],
        "C80": [
            false,
            [
                "C93",
                "C0",
                "C20",
                "C12",
                "C4",
                "C88",
                "C99",
                "C127",
                "C50",
                "C30",
                "C48"
            ]
        ],
        "C81": [
            false,
            [
                "C72",
                "C94",
                "C51",
                "C101",
                "C99",
                "C12"
            ]
        ],
        "C82": [
            false,
            []
        ],
        "C83": [
            false,
            [
                "C16",
                "C67",
                "C46",
                "C106",
                "C110",
                "C70",
                "C82",
                "C77",
                "C1",
                "C8",
                "C116",
                "C49"
            ]
        ],
        "C84": [
            false,
            [
                "C3",
                "C87",
                "C102",
                "C115",
                "C24",
                "C63"
            ]
        ],
        "C85": [
            false,
            [
                "C51",
                "C28",
                "C69",
                "C122",
                "C59",
                "C128"
            ]
        ],
        "C86": [
            false,
            []
        ],
        "C87": [
            false,
            [
                "C80"
            ]
        ],
        "C88": [
            true,
            [
                "C66",
                "C64",
                "C34",
                "C38",
                "C30"
            ]
        ],
        "C89": [
            false,
            [
                "C23",
                "C15",
                "C69",
                "C17",
                "C85",
                "C55",
                "C27",
                "C3",
                "C41"
            ]
        ],
        "C90": [
            false,
            []
        ],
        "C91": [
            false,
            [
                "C19",
                "C110",
                "C35",
                "C32",
                "C25",
                "C59",
                "C44",
                "C15",
                "C0",
                "C52"
            ]
        ],
        "C92": [
            false,
            []
        ],
        "C93": [
            true,
            [
                "C109",
                "C81",
                "C48"
            ]
        ],
        "C94": [
            false,
            [
                "C42",
                "C105",
                "C80",
                "C58",
                "C48",
                "C25",
                "C39",
                "C79",
                "C22",
                "C24",
                "C71"
            ]
        ],
        "C95": [
            false,
            [
                "C128",
                "C54",
                "C63",
                "C28",
                "C111",
                "C72",
                "C53",
                "C66"
            ]
        ],
        "C96": [
            false,
            [
                "C4",
                "C59",
                "C54",
                "C28",
                "C69",
                "C90",
                "C84",
                "C113",
                "C25"
            ]
        ],
        "C97": [
            false,
            [
                "C22",
                "C113",
                "C27",
                "C57",
                "C121"
            ]
        ],
        "C98": [
            true,
            []
        ],
        "C99": [
            false,
            [
                "C104",
                "C43",
                "C9",
                "C47",
                "C121",
                "C88",
                "C2",
                "C82",
                "C54",
                "C53",
                "C15",
                "C112"
            ]
        ],
        "C100": [
            true,
            [
                "C32",
                "C105",
                "C35"
            ]
        ],
        "C101": [
            true,
            [
                "C109",
                "C104",
                "C107",
                "C84",
                "C7",
                "C81",
                "C64",
                "C119",
                "C35"
            ]
        ],
        "C102": [
            false,
            [
                "C109",
                "C110",
                "C34",
                "C73",
                "C89",
                "C121",
                "C4",
                "C36",
                "C47",
                "C19",
                "C27",
                "C100"
            ]
        ],
        "C103": [
            false,
            [
                "C29",
                "C98",
                "C104",
                "C69",
                "C22",
                "C7",
                "C127",
                "C83",
                "C64",
                "C53",
                "C54",
                "C118"
            ]
        ],
        "C104": [
            false,
            [
                "C60",
                "C47",
                "C38"
            ]
        ],
        "C105": [
            false,
            [
                "C8",
                "C35",
                "C0",
                "C3",
                "C62",
                "C115",
                "C122",
                "C67",
                "C31",
                "C49",
                "C79",
                "C43"
            ]
        ],
        "C106": [
            false,
            [
                "C12",
                "C123",
                "C63",
                "C107",
                "C66",
                "C88",
                "C23",
                "C29"
            ]
        ],
        "C107": [
            false,
            [
                "C50",
                "C106",
                "C115",
                "C109"
            ]
        ],
        "C108": [
            false,
            [
                "C89",
                "C25",
                "C65",
                "C64",
                "C82",
                "C91"
            ]
        ],
        "C109": [
            false,
            [
                "C35",
                "C15"
            ]
        ],
        "C110": [
            true,
            [
                "C36",
                "C6",
                "C74",
                "C113",
                "C114",
                "C35"
            ]
        ],
        "C111": [
            true,
            [
                "C22",
                "C125",
                "C106",
                "C73",
                "C3",
                "C80"
            ]
        ],
        "C112": [
            true,
            [
                "C1",
                "C89",
                "C114",
                "C113",
                "C21",
                "C90",
                "C122",
                "C81"
            ]
        ],
        "C113": [
            false,
            [
                "C121",
                "C93",
                "C68",
                "C30",
                "C27",
                "C117",
                "C76",
                "C13",
                "C102",
                "C4",
                "C29"
            ]
        ],
        "C114": [
            false,
            [
                "C59",
                "C105",
                "C58",
                "C84",
                "C34",
                "C46",
                "C62",
                "C95",
                "C40",
                "C91"
            ]
        ],
        "C115": [
            false,
            [
                "C83",
                "C24",
                "C53",
                "C117",
                "C35",
                "C106",
                "C102",
                "C100",
                "C74",
                "C95",
                "C122",
                "C63"
            ]
        ],
        "C116": [
            false,
            [
                "C71",
                "C93",
                "C60",
                "C0",
                "C22"
            ]
        ],
        "C117": [
            false,
            [
                "C18",
                "C56",
                "C104",
                "C54",
                "C59",
                "C24",
                "C116",
                "C66",
                "C118"
            ]
        ],
        "C118": [
            false,
            [
                "C0",
                "C115",
                "C101",
                "C50",
                "C99",
                "C98",
                "C102"
            ]
        ],
        "C119": [
            false,
            [
                "C72",
                "C103",
                "C89",
                "C29",
                "C42",
                "C41",
                "C47",
                "C16"
            ]
        ],
        "C120": [
            false,
            [
                "C119",
                "C79",
                "C32",
                "C98",
                "C36"
            ]
        ],
        "C121": [
            false,
            [
                "C57",
                "C91",
                "C33",
                "C25",
                "C30",
                "C117",
                "C36",
                "C42"
            ]
        ],
        "C122": [
            false,
            [
                "C71",
                "C86",
                "C20"
            ]
        ],
        "C123": [
            false,
            [
                "C115",
                "C18",
                "C22",
                "C118",
                "C66",
                "C60",
                "C104",
                "C64",
                "C69",
                "C41",
                "C14"
            ]
        ],
        "C124": [
            false,
            [
                "C103",
                "C95",
                "C23",
                "C116",
                "C86",
                "C115",
                "C7",
                "C13"
            ]
        ],
        "C125": [
            true,
            [
                "C9"
            ]
        ],
        "C126": [
            false,
            [
                "C102",
                "C41",
                "C94",
                "C9",
                "C10"
            ]
        ],
        "C127": [
            false,
            [
                "C109",
                "C75",
                "C112",
                "C27",
                "C87",
                "C0",
                "C89",
                "C78",
                "C68",
                "C20"
            ]
        ],
        "C128": [
            true,
            []
        ]
    },
    "ground_truth_fault_paths": [
        [
            "C1",
            "C112",
            "C36",
            "C110",
            "C74"
        ],
        [
            "C41",
            "C53",
            "C24",
            "C7",
            "C101"
        ],
        [
            "C26",
            "C53",
            "C24",
            "C7",
            "C101"
        ],
        [
            "C1",
            "C24",
            "C7",
            "C101"
        ],
        [
            "C93",
            "C24",
            "C7",
            "C101"
        ],
        [
            "C26",
            "C36",
            "C110",
            "C74"
        ],
        [
            "C88",
            "C36",
            "C110",
            "C74"
        ],
        [
            "C78",
            "C36",
            "C110",
            "C74"
        ],
        [
            "C1",
            "C112",
            "C18"
        ],
        [
            "C125",
            "C111",
            "C31"
        ],
        [
            "C41",
            "C53",
            "C23"
        ],
        [
            "C26",
            "C53",
            "C23"
        ],
        [
            "C26",
            "C7",
            "C101"
        ],
        [
            "C125",
            "C23"
        ],
        [
            "C125",
            "C18"
        ],
        [
            "C74",
            "C110"
        ],
        [
            "C93",
            "C71"
        ],
        [
            "C78",
            "C23"
        ],
        [
            "C29",
            "C23"
        ],
        [
            "C101",
            "C7"
        ],
        [
            "C2"
        ],
        [
            "C42"
        ],
        [
            "C98"
        ],
        [
            "C100"
        ],
        [
            "C128"
        ]
    ],
    "error_codes": {
        "E0": [
            "FC0",
            [
                "C74",
                "C1",
                "C91",
                "C46",
                "C19",
                "C118"
            ]
        ],
        "E1": [
            "FC1",
            [
                "C101",
                "C41",
                "C89",
                "C94",
                "C116",
                "C99",
                "C0",
                "C68",
                "C105"
            ]
        ],
        "E2": [
            "FC2",
            [
                "C101",
                "C77",
                "C47",
                "C16",
                "C27",
                "C76",
                "C36",
                "C41"
            ]
        ],
        "E3": [
            "FC3",
            [
                "C101",
                "C7",
                "C40",
                "C53"
            ]
        ],
        "E4": [
            "FC4",
            [
                "C101",
                "C118",
                "C61",
                "C64",
                "C99",
                "C2"
            ]
        ],
        "E5": [
            "FC5",
            [
                "C74",
                "C112",
                "C106",
                "C82",
                "C79",
                "C89",
                "C63",
                "C78"
            ]
        ],
        "E6": [
            "FC6",
            [
                "C74",
                "C7",
                "C5",
                "C45",
                "C117",
                "C29",
                "C77",
                "C101",
                "C109",
                "C86"
            ]
        ],
        "E7": [
            "FC7",
            [
                "C74",
                "C110",
                "C29",
                "C31",
                "C7",
                "C56",
                "C125",
                "C18",
                "C40",
                "C78",
                "C68"
            ]
        ],
        "E8": [
            "FC8",
            [
                "C18",
                "C103",
                "C62",
                "C0"
            ]
        ],
        "E9": [
            "FC9",
            [
                "C31",
                "C116",
                "C14"
            ]
        ],
        "E10": [
            "FC10",
            [
                "C23",
                "C83",
                "C110",
                "C116",
                "C24",
                "C26",
                "C20",
                "C96"
            ]
        ],
        "E11": [
            "FC11",
            [
                "C23",
                "C121",
                "C9",
                "C58",
                "C97",
                "C0",
                "C109",
                "C34",
                "C28",
                "C24"
            ]
        ],
        "E12": [
            "FC12",
            [
                "C101",
                "C99",
                "C117",
                "C125",
                "C128",
                "C12",
                "C4",
                "C85",
                "C57"
            ]
        ],
        "E13": [
            "FC13",
            [
                "C23",
                "C31",
                "C48",
                "C71",
                "C79",
                "C75",
                "C69",
                "C30",
                "C100",
                "C43",
                "C40",
                "C105"
            ]
        ],
        "E14": [
            "FC14",
            [
                "C18",
                "C110",
                "C13",
                "C86",
                "C75",
                "C62",
                "C123"
            ]
        ],
        "E15": [
            "FC15",
            [
                "C110",
                "C15",
                "C78",
                "C84",
                "C90",
                "C0",
                "C98",
                "C75",
                "C35"
            ]
        ],
        "E16": [
            "FC16",
            [
                "C71",
                "C38",
                "C96",
                "C82",
                "C63"
            ]
        ],
        "E17": [
            "FC17",
            [
                "C23",
                "C127",
                "C95",
                "C93",
                "C49",
                "C67"
            ]
        ],
        "E18": [
            "FC18",
            [
                "C23",
                "C94",
                "C44"
            ]
        ],
        "E19": [
            "FC19",
            [
                "C7",
                "C19",
                "C108",
                "C12",
                "C76",
                "C31"
            ]
        ],
        "E20": [
            "FC20",
            [
                "C2",
                "C68",
                "C61",
                "C128",
                "C33",
                "C7",
                "C103",
                "C25",
                "C114",
                "C105"
            ]
        ],
        "E21": [
            "FC21",
            [
                "C42",
                "C81"
            ]
        ],
        "E22": [
            "FC22",
            [
                "C98",
                "C49",
                "C95",
                "C2",
                "C42",
                "C47",
                "C27",
                "C35",
                "C72",
                "C46",
                "C101",
                "C85",
                "C68"
            ]
        ],
        "E23": [
            "FC23",
            [
                "C100",
                "C78",
                "C37",
                "C4",
                "C85",
                "C102"
            ]
        ],
        "E24": [
            "FC24",
            [
                "C128",
                "C9",
                "C106",
                "C39",
                "C79",
                "C107",
                "C82",
                "C25",
                "C69"
            ]
        ]
    },
    "sim_accuracies": {
        "C0": [
            "0.9669745181461095",
            "False"
        ],
        "C1": [
            "0.9798577777164239",
            "True"
        ],
        "C2": [
            "0.9852070920326815",
            "True"
        ],
        "C3": [
            "0.9826950060381494",
            "False"
        ],
        "C4": [
            "0.9717776099858194",
            "False"
        ],
        "C5": [
            "0.9781363072829995",
            "False"
        ],
        "C6": [
            "0.9666218899327184",
            "False"
        ],
        "C7": [
            "0.9846054295886155",
            "True"
        ],
        "C8": [
            "0.9675414618801237",
            "False"
        ],
        "C9": [
            "0.9739918952342291",
            "False"
        ],
        "C10": [
            "0.9755025263781233",
            "False"
        ],
        "C11": [
            "0.9527439612913929",
            "False"
        ],
        "C12": [
            "0.9721846504170216",
            "False"
        ],
        "C13": [
            "0.9590707063445127",
            "False"
        ],
        "C14": [
            "0.9645720787073515",
            "False"
        ],
        "C15": [
            "0.9783418581394359",
            "False"
        ],
        "C16": [
            "0.9850293905222249",
            "False"
        ],
        "C17": [
            "0.9860934942327975",
            "False"
        ],
        "C18": [
            "0.9515605785826933",
            "True"
        ],
        "C19": [
            "0.9503015206042293",
            "False"
        ],
        "C20": [
            "0.9842466134357453",
            "False"
        ],
        "C21": [
            "0.9858248222556262",
            "False"
        ],
        "C22": [
            "0.9632085696201554",
            "False"
        ],
        "C23": [
            "0.976697822855765",
            "True"
        ],
        "C24": [
            "0.9808775952596617",
            "True"
        ],
        "C25": [
            "0.9662098981881251",
            "False"
        ],
        "C26": [
            "0.9569880334901951",
            "True"
        ],
        "C27": [
            "0.9622982384455978",
            "False"
        ],
        "C28": [
            "0.964915846422012",
            "False"
        ],
        "C29": [
            "0.9711067376025067",
            "True"
        ],
        "C30": [
            "0.9503508559372578",
            "False"
        ],
        "C31": [
            "0.9682193850796728",
            "True"
        ],
        "C32": [
            "0.9748096143921604",
            "False"
        ],
        "C33": [
            "0.9822596755901031",
            "False"
        ],
        "C34": [
            "0.9535960537936361",
            "False"
        ],
        "C35": [
            "0.9604935941640224",
            "False"
        ],
        "C36": [
            "0.9669694706198407",
            "True"
        ],
        "C37": [
            "0.9590910041556651",
            "False"
        ],
        "C38": [
            "0.9860014615078062",
            "False"
        ],
        "C39": [
            "0.9877040710417261",
            "False"
        ],
        "C40": [
            "0.9666392904983521",
            "False"
        ],
        "C41": [
            "0.9523823569718076",
            "True"
        ],
        "C42": [
            "0.956705364739568",
            "True"
        ],
        "C43": [
            "0.9795093030981457",
            "False"
        ],
        "C44": [
            "0.9897883433141511",
            "False"
        ],
        "C45": [
            "0.963531760352625",
            "False"
        ],
        "C46": [
            "0.9750037293691219",
            "False"
        ],
        "C47": [
            "0.9731454490022102",
            "False"
        ],
        "C48": [
            "0.9793966141721862",
            "False"
        ],
        "C49": [
            "0.9563629016729065",
            "False"
        ],
        "C50": [
            "0.982236586050886",
            "False"
        ],
        "C51": [
            "0.9846219228097987",
            "False"
        ],
        "C52": [
            "0.9699842173330191",
            "False"
        ],
        "C53": [
            "0.9797323371101119",
            "True"
        ],
        "C54": [
            "0.9587023336557213",
            "False"
        ],
        "C55": [
            "0.9717035976580333",
            "False"
        ],
        "C56": [
            "0.9817294641825085",
            "False"
        ],
        "C57": [
            "0.9692899195809145",
            "False"
        ],
        "C58": [
            "0.9823258301407927",
            "False"
        ],
        "C59": [
            "0.981517238616015",
            "False"
        ],
        "C60": [
            "0.9650750845330007",
            "False"
        ],
        "C61": [
            "0.9622856517818122",
            "False"
        ],
        "C62": [
            "0.9820062711749891",
            "False"
        ],
        "C63": [
            "0.9508450726484975",
            "False"
        ],
        "C64": [
            "0.9753128679460227",
            "False"
        ],
        "C65": [
            "0.967194927522745",
            "False"
        ],
        "C66": [
            "0.9727764221476803",
            "False"
        ],
        "C67": [
            "0.979495999801726",
            "False"
        ],
        "C68": [
            "0.9647295551609522",
            "False"
        ],
        "C69": [
            "0.9745915118955899",
            "False"
        ],
        "C70": [
            "0.9683474493332078",
            "False"
        ],
        "C71": [
            "0.9616363884202013",
            "True"
        ],
        "C72": [
            "0.9830441731853825",
            "False"
        ],
        "C73": [
            "0.970607114513186",
            "False"
        ],
        "C74": [
            "0.9769698991379754",
            "True"
        ],
        "C75": [
            "0.9769063581680645",
            "False"
        ],
        "C76": [
            "0.9587437676957767",
            "False"
        ],
        "C77": [
            "0.9851555633275494",
            "False"
        ],
        "C78": [
            "0.9504142688583309",
            "True"
        ],
        "C79": [
            "0.9679699272968489",
            "False"
        ],
        "C80": [
            "0.9874204699536647",
            "False"
        ],
        "C81": [
            "0.9882381980734258",
            "False"
        ],
        "C82": [
            "0.9708139759321082",
            "False"
        ],
        "C83": [
            "0.9665675071492745",
            "False"
        ],
        "C84": [
            "0.986692133867663",
            "False"
        ],
        "C85": [
            "0.9691232715697298",
            "False"
        ],
        "C86": [
            "0.9742593918688338",
            "False"
        ],
        "C87": [
            "0.971101326709993",
            "False"
        ],
        "C88": [
            "0.9776516777042404",
            "True"
        ],
        "C89": [
            "0.9632767335864875",
            "False"
        ],
        "C90": [
            "0.957976454071934",
            "False"
        ],
        "C91": [
            "0.9565669763963149",
            "False"
        ],
        "C92": [
            "0.9555779581024526",
            "False"
        ],
        "C93": [
            "0.9861686700540994",
            "True"
        ],
        "C94": [
            "0.9757238167716836",
            "False"
        ],
        "C95": [
            "0.9784075356188635",
            "False"
        ],
        "C96": [
            "0.9886767609464417",
            "False"
        ],
        "C97": [
            "0.9698980828123577",
            "False"
        ],
        "C98": [
            "0.9890144784144816",
            "True"
        ],
        "C99": [
            "0.9538149914447503",
            "False"
        ],
        "C100": [
            "0.9790039200772769",
            "True"
        ],
        "C101": [
            "0.9643946338871129",
            "True"
        ],
        "C102": [
            "0.9509303785891936",
            "False"
        ],
        "C103": [
            "0.9745553186666345",
            "False"
        ],
        "C104": [
            "0.981458008523642",
            "False"
        ],
        "C105": [
            "0.9636840861368408",
            "False"
        ],
        "C106": [
            "0.9796154606704602",
            "False"
        ],
        "C107": [
            "0.9504760310946698",
            "False"
        ],
        "C108": [
            "0.9733558943381654",
            "False"
        ],
        "C109": [
            "0.9529889907985724",
            "False"
        ],
        "C110": [
            "0.958794507717656",
            "True"
        ],
        "C111": [
            "0.9885000885089852",
            "True"
        ],
        "C112": [
            "0.9828031386100833",
            "True"
        ],
        "C113": [
            "0.9685369850495428",
            "False"
        ],
        "C114": [
            "0.9810226130699785",
            "False"
        ],
        "C115": [
            "0.9800574710928495",
            "False"
        ],
        "C116": [
            "0.9565765215707057",
            "False"
        ],
        "C117": [
            "0.9699358753415451",
            "False"
        ],
        "C118": [
            "0.9782592663976151",
            "False"
        ],
        "C119": [
            "0.959925884130623",
            "False"
        ],
        "C120": [
            "0.9552881690809595",
            "False"
        ],
        "C121": [
            "0.9854211321494977",
            "False"
        ],
        "C122": [
            "0.9589865341479009",
            "False"
        ],
        "C123": [
            "0.9660239659897178",
            "False"
        ],
        "C124": [
            "0.9823329437399317",
            "False"
        ],
        "C125": [
            "0.9642866554246071",
            "True"
        ],
        "C126": [
            "0.9670702926311164",
            "False"
        ],
        "C127": [
            "0.9802280453634858",
            "False"
        ],
        "C128": [
            "0.9784311178008858",
            "True"
        ]
    }
}