{
    "suspect_components": {
        "C0": [
            false,
            [
                "C30",
                "C127"
            ]
        ],
        "C1": [
            false,
            [
                "C60",
                "C73",
                "C34",
                "C0",
                "C105",
                "C65",
                "C48",
                "C51",
                "C81",
                "C86",
                "C79"
            ]
        ],
        "C2": [
            false,
            [
                "C48",
                "C72",
                "C116"
            ]
        ],
        "C3": [
            false,
            [
                "C25",
                "C113",
                "C32",
                "C69",
                "C12",
                "C55",
                "C47",
                "C74",
                "C37",
                "C70",
                "C50"
            ]
        ],
        "C4": [
            false,
            [
                "C8",
                "C6",
                "C20",
                "C117",
                "C57",
                "C28",
                "C96",
                "C49",
                "C56",
                "C34"
            ]
        ],
        "C5": [
            false,
            [
                "C58",
                "C0",
                "C127",
                "C43"
            ]
        ],
        "C6": [
            false,
            [
                "C65",
                "C122",
                "C128",
                "C61"
            ]
        ],
        "C7": [
            true,
            [
                "C124",
                "C30",
                "C34",
                "C21",
                "C42",
                "C93",
                "C126",
                "C110",
                "C19"
            ]
        ],
        "C8": [
            false,
            []
        ],
        "C9": [
            false,
            [
                "C77",
                "C28"
            ]
        ],
        "C10": [
            false,
            [
                "C128",
                "C45",
                "C120",
                "C41",
                "C71",
                "C74",
                "C92",
                "C9",
                "C112"
            ]
        ],
        "C11": [
            true,
            [
                "C19",
                "C91",
                "C36",
                "C53",
                "C21",
                "C23"
            ]
        ],
        "C12": [
            true,
            [
                "C118",
                "C126",
                "C91",
                "C27",
                "C109",
                "C103",
                "C14",
                "C13",
                "C95",
                "C70",
                "C75",
                "C5"
            ]
        ],
        "C13": [
            false,
            [
                "C36",
                "C119",
                "C112",
                "C99",
                "C15",
                "C29",
                "C32",
                "C56",
                "C24",
                "C35",
                "C86",
                "C120"
            ]
        ],
        "C14": [
            false,
            [
                "C23",
                "C6",
                "C8",
                "C4",
                "C55"
            ]
        ],
        "C15": [
            true,
            [
                "C105",
                "C89",
                "C120",
                "C79",
                "C61",
                "C121"
            ]
        ],
        "C16": [
            false,
            [
                "C60",
                "C69",
                "C115",
                "C23",
                "C68",
                "C93",
                "C128",
                "C19",
                "C99",
                "C58"
            ]
        ],
        "C17": [
            false,
            []
        ],
        "C18": [
            false,
            [
                "C27",
                "C44"
            ]
        ],
        "C19": [
            false,
            [
                "C40",
                "C49",
                "C104",
                "C121",
                "C34",
                "C84",
                "C28",
                "C23",
                "C35"
            ]
        ],
        "C20": [
            false,
            [
                "C8",
                "C52",
                "C22",
                "C13",
                "C39",
                "C97",
                "C59",
                "C112",
                "C6"
            ]
        ],
        "C21": [
            false,
            [
                "C9",
                "C98",
                "C116",
                "C75",
                "C44"
            ]
        ],
        "C22": [
            false,
            [
                "C89",
                "C40",
                "C39",
                "C83",
                "C72",
                "C100",
                "C86",
                "C71",
                "C126",
                "C96"
            ]
        ],
        "C23": [
            false,
            [
                "C19",
                "C110",
                "C76"
            ]
        ],
        "C24": [
            false,
            [
                "C90",
                "C13",
                "C52",
                "C98",
                "C86"
            ]
        ],
        "C25": [
            false,
            [
                "C90",
                "C72",
                "C40"
            ]
        ],
        "C26": [
            false,
            [
                "C112",
                "C40",
                "C65"
            ]
        ],
        "C27": [
            false,
            [
                "C108",
                "C115",
                "C98",
                "C32",
                "C42",
                "C104"
            ]
        ],
        "C28": [
            false,
            [
                "C123",
                "C99",
                "C18",
                "C126",
                "C77",
                "C112",
                "C3",
                "C71",
                "C91",
                "C85",
                "C42"
            ]
        ],
        "C29": [
            false,
            [
                "C36",
                "C75",
                "C43",
                "C11",
                "C92",
                "C109",
                "C66",
                "C37",
                "C93",
                "C73",
                "C115",
                "C13"
            ]
        ],
        "C30": [
            false,
            [
                "C69",
                "C58",
                "C123",
                "C21",
                "C101",
                "C10"
            ]
        ],
        "C31": [
            false,
            [
                "C48",
                "C74",
                "C124",
                "C56",
                "C17",
                "C27",
                "C109",
                "C11",
                "C89",
                "C97",
                "C87"
            ]
        ],
        "C32": [
            false,
            [
                "C94",
                "C47",
                "C23"
            ]
        ],
        "C33": [
            false,
            [
                "C81"
            ]
        ],
        "C34": [
            true,
            [
                "C46",
                "C65",
                "C1",
                "C23"
            ]
        ],
        "C35": [
            false,
            [
                "C5",
                "C66",
                "C54",
                "C119",
                "C15"
            ]
        ],
        "C36": [
            false,
            [
                "C106",
                "C6",
                "C61",
                "C86",
                "C94",
                "C90",
                "C128",
                "C57",
                "C109",
                "C66",
                "C82"
            ]
        ],
        "C37": [
            false,
            [
                "C114",
                "C95",
                "C123",
                "C66"
            ]
        ],
        "C38": [
            false,
            [
                "C89",
                "C74"
            ]
        ],
        "C39": [
            false,
            [
                "C14",
                "C77"
            ]
        ],
        "C40": [
            false,
            [
                "C98",
                "C42",
                "C122"
            ]
        ],
        "C41": [
            false,
            [
                "C103",
                "C65",
                "C126",
                "C83",
                "C15"
            ]
        ],
        "C42": [
            false,
            [
                "C115",
                "C110",
                "C123",
                "C46",
                "C81",
                "C59",
                "C14",
                "C27",
                "C85",
                "C1",
                "C103",
                "C112"
            ]
        ],
        "C43": [
            false,
            [
                "C66",
                "C95",
                "C27",
                "C56",
                "C40",
                "C72",
                "C105",
                "C123"
            ]
        ],
        "C44": [
            true,
            [
                "C39"
            ]
        ],
        "C45": [
            false,
            [
                "C86",
                "C43",
                "C55",
                "C112",
                "C27",
                "C5",
                "C2"
            ]
        ],
        "C46": [
            false,
            [
                "C37",
                "C94",
                "C98",
                "C48",
                "C81",
                "C18",
                "C124",
                "C89",
                "C115",
                "C14",
                "C93"
            ]
        ],
        "C47": [
            false,
            [
                "C46",
                "C10",
                "C62"
            ]
        ],
        "C48": [
            false,
            [
                "C19",
                "C56",
                "C5",
                "C16",
                "C73",
                "C79"
            ]
        ],
        "C49": [
            false,
            [
                "C104",
                "C70",
                "C27",
                "C123",
                "C40",
                "C73",
                "C18",
                "C14",
                "C54",
                "C109",
                "C126",
                "C83"
            ]
        ],
        "C50": [
            false,
            [
                "C3",
                "C99",
                "C56",
                "C39",
                "C68",
                "C10",
                "C18",
                "C23"
            ]
        ],
        "C51": [
            false,
            [
                "C19",
                "C48",
                "C8",
                "C63",
                "C124",
                "C7",
                "C117"
            ]
        ],
        "C52": [
            false,
            [
                "C67"
            ]
        ],
        "C53": [
            false,
            [
                "C117",
                "C14",
                "C119",
                "C121",
                "C59",
                "C55"
            ]
        ],
        "C54": [
            false,
            [
                "C27",
                "C106",
                "C36",
                "C114",
                "C88",
                "C43",
                "C125",
                "C79",
                "C105",
                "C12"
            ]
        ],
        "C55": [
            false,
            [
                "C11"
            ]
        ],
        "C56": [
            false,
            []
        ],
        "C57": [
            false,
            [
                "C113",
                "C120",
                "C74",
                "C13",
                "C0",
                "C118"
            ]
        ],
        "C58": [
            false,
            []
        ],
        "C59": [
            false,
            [
                "C55"
            ]
        ],
        "C60": [
            false,
            [
                "C94",
                "C101"
            ]
        ],
        "C61": [
            false,
            [
                "C18",
                "C2",
                "C96",
                "C24",
                "C0",
                "C86"
            ]
        ],
        "C62": [
            false,
            [
                "C116",
                "C10",
                "C1",
                "C127",
                "C15",
                "C5",
                "C25",
                "C38",
                "C35",
                "C33",
                "C29",
                "C43"
            ]
        ],
        "C63": [
            false,
            [
                "C101",
                "C55",
                "C10",
                "C81",
                "C24",
                "C9",
                "C31",
                "C19",
                "C17",
                "C96",
                "C50"
            ]
        ],
        "C64": [
            true,
            [
                "C68",
                "C28",
                "C1",
                "C97",
                "C118",
                "C111",
                "C122",
                "C16",
                "C10",
                "C72",
                "C78",
                "C20"
            ]
        ],
        "C65": [
            false,
            [
                "C108"
            ]
        ],
        "C66": [
            true,
            [
                "C45",
                "C38",
                "C92"
            ]
        ],
        "C67": [
            true,
            [
                "C97"
            ]
        ],
        "C68": [
            false,
            [
                "C34",
                "C84",
                "C98",
                "C31"
            ]
        ],
        "C69": [
            false,
            [
                "C114",
                "C37",
                "C27",
                "C16",
                "C124",
                "C5"
            ]
        ],
        "C70": [
            false,
            [
                "C39",
                "C83",
                "C64",
                "C77",
                "C99",
                "C80",
                "C9",
                "C40",
                "C21",
                "C36",
                "C67",
                "C12"
            ]
        ],
        "C71": [
            true,
            [
                "C119",
                "C88",
                "C84",
                "C0",
                "C43"
            ]
        ],
        "C72": [
            true,
            [
                "C36",
                "C64",
                "C35",
                "C107"
            ]
        ],
        "C73": [
            false,
            [
                "C62",
                "C95",
                "C45"
            ]
        ],
        "C74": [
            true,
            [
                "C29",
                "C118",
                "C82"
            ]
        ],
        "C75": [
            false,
            [
                "C128",
                "C113",
                "C127",
                "C31"
            ]
        ],
        "C76": [
            false,
            [
                "C49",
                "C39",
                "C0",
                "C4",
                "C102",
                "C23",
                "C52",
                "C33",
                "C3",
                "C60"
            ]
        ],
        "C77": [
            true,
            [
                "C106"
            ]
        ],
        "C78": [
            false,
            [
                "C108",
                "C118",
                "C71",
                "C42",
                "C45",
                "C125",
                "C2"
            ]
        ],
        "C79": [
            true,
            [
                "C49",
                "C15",
                "C11",
                "C76",
                "C110",
                "C58",
                "C8"
            ]
        ],
        "C80": [
            false,
            [
                "C98",
                "C106",
                "C100",
                "C114",
                "C111",
                "C44",
                "C96",
                "C8",
                "C40",
                "C79",
                "C17"
            ]
        ],
        "C81": [
            false,
            [
                "C10",
                "C65",
                "C126",
                "C31",
                "C106",
                "C76",
                "C83",
                "C82",
                "C128",
                "C67"
            ]
        ],
        "C82": [
            false,
            [
                "C77",
                "C104",
                "C88",
                "C119",
                "C118",
                "C30",
                "C62",
                "C115",
                "C28",
                "C50",
                "C65"
            ]
        ],
        "C83": [
            false,
            [
                "C119",
                "C128"
            ]
        ],
        "C84": [
            false,
            [
                "C54",
                "C44",
                "C118",
                "C55",
                "C37",
                "C119",
                "C96",
                "C109",
                "C82",
                "C65",
                "C74"
            ]
        ],
        "C85": [
            true,
            [
                "C127",
                "C78"
            ]
        ],
        "C86": [
            false,
            [
                "C74",
                "C109",
                "C78",
                "C87",
                "C70",
                "C15",
                "C48",
                "C7",
                "C39",
                "C25",
                "C76",
                "C59"
            ]
        ],
        "C87": [
            false,
            [
                "C106",
                "C83",
                "C75",
                "C91",
                "C51",
                "C44"
            ]
        ],
        "C88": [
            true,
            [
                "C34",
                "C63",
                "C78"
            ]
        ],
        "C89": [
            false,
            [
                "C85",
                "C62",
                "C55",
                "C99",
                "C106",
                "C41",
                "C33",
                "C93",
                "C123",
                "C94",
                "C77",
                "C38"
            ]
        ],
        "C90": [
            true,
            [
                "C1",
                "C56",
                "C0",
                "C28",
                "C51",
                "C59",
                "C119",
                "C101",
                "C18",
                "C19"
            ]
        ],
        "C91": [
            false,
            [
                "C116",
                "C123",
                "C2",
                "C25",
                "C79"
            ]
        ],
        "C92": [
            false,
            [
                "C29"
            ]
        ],
        "C93": [
            true,
            [
                "C91"
            ]
        ],
        "C94": [
            true,
            [
                "C27",
                "C97",
                "C39",
                "C54",
                "C17",
                "C90",
                "C62",
                "C69",
                "C41",
                "C18",
                "C28"
            ]
        ],
        "C95": [
            false,
            [
                "C118",
                "C103",
                "C86",
                "C9",
                "C16"
            ]
        ],
        "C96": [
            false,
            [
                "C51",
                "C114",
                "C93",
                "C5",
                "C94",
                "C112"
            ]
        ],
        "C97": [
            true,
            [
                "C35",
                "C30",
                "C94",
                "C16",
                "C9",
                "C23",
                "C15",
                "C7",
                "C67",
                "C75",
                "C56"
            ]
        ],
        "C98": [
            false,
            []
        ],
        "C99": [
            false,
            []
        ],
        "C100": [
            false,
            [
                "C117",
                "C124"
            ]
        ],
        "C101": [
            false,
            [
                "C35",
                "C3",
                "C96"
            ]
        ],
        "C102": [
            true,
            [
                "C101",
                "C74",
                "C37",
                "C114",
                "C105"
            ]
        ],
        "C103": [
            false,
            [
                "C48",
                "C2",
                "C44",
                "C97",
                "C50",
                "C42",
                "C100",
                "C113",
                "C106",
                "C57"
            ]
        ],
        "C104": [
            false,
            [
                "C25",
                "C22",
                "C79",
                "C63",
                "C20",
                "C15",
                "C117",
                "C86",
                "C58",
                "C128",
                "C121"
            ]
        ],
        "C105": [
            false,
            [
                "C70"
            ]
        ],
        "C106": [
            false,
            [
                "C68"
            ]
        ],
        "C107": [
            false,
            [
                "C110",
                "C74"
            ]
        ],
        "C108": [
            false,
            [
                "C56",
                "C7"
            ]
        ],
        "C109": [
            false,
            [
                "C96",
                "C65",
                "C97",
                "C28",
                "C72",
                "C50",
                "C51",
                "C16",
                "C105",
                "C127",
                "C76",
                "C34"
            ]
        ],
        "C110": [
            false,
            [
                "C80",
                "C79",
                "C13",
                "C91",
                "C72",
                "C121",
                "C66",
                "C63",
                "C74",
                "C125",
                "C86"
            ]
        ],
        "C111": [
            false,
            [
                "C123",
                "C41"
            ]
        ],
        "C112": [
            true,
            [
                "C78",
                "C85",
                "C117",
                "C45",
                "C47",
                "C73",
                "C87",
                "C88",
                "C75",
                "C6"
            ]
        ],
        "C113": [
            false,
            [
                "C71",
                "C38",
                "C31",
                "C5",
                "C2",
                "C28",
                "C76",
                "C102",
                "C30",
                "C121",
                "C114"
            ]
        ],
        "C114": [
            false,
            [
                "C82",
                "C71",
                "C95",
                "C53",
                "C8",
                "C88",
                "C112",
                "C97"
            ]
        ],
        "C115": [
            false,
            [
                "C32",
                "C110",
                "C45",
                "C55",
                "C60",
                "C86"
            ]
        ],
        "C116": [
            true,
            [
                "C61",
                "C2",
                "C8",
                "C32",
                "C88",
                "C89",
                "C50",
                "C85",
                "C46",
                "C94",
                "C102",
                "C52"
            ]
        ],
        "C117": [
            false,
            [
                "C124",
                "C55",
                "C27",
                "C44",
                "C91",
                "C40",
                "C79"
            ]
        ],
        "C118": [
            false,
            [
                "C125",
                "C8",
                "C31",
                "C56",
                "C24"
            ]
        ],
        "C119": [
            false,
            [
                "C29",
                "C16",
                "C113",
                "C89",
                "C31",
                "C125",
                "C60",
                "C52",
                "C93",
                "C50",
                "C105"
            ]
        ],
        "C120": [
            false,
            [
                "C75",
                "C45"
            ]
        ],
        "C121": [
            true,
            [
                "C86"
            ]
        ],
        "C122": [
            false,
            [
                "C86"
            ]
        ],
        "C123": [
            false,
            [
                "C79",
                "C56",
                "C126",
                "C121",
                "C17",
                "C117"
            ]
        ],
        "C124": [
            false,
            [
                "C59"
            ]
        ],
        "C125": [
            true,
            [
                "C55",
                "C89",
                "C21",
                "C14",
                "C71"
            ]
        ],
        "C126": [
            false,
            [
                "C44",
                "C84",
                "C110",
                "C40",
                "C123",
                "C54",
                "C108",
                "C71"
            ]
        ],
        "C127": [
            false,
            [
                "C51",
                "C31",
                "C110"
            ]
        ],
        "C128": [
            true,
            [
                "C39"
            ]
        ]
    },
    "ground_truth_fault_paths": [
        [
            "C11",
            "C79",
            "C15",
            "C97",
            "C94",
            "C116"
        ],
        [
            "C11",
            "C79",
            "C15",
            "C97",
            "C64",
            "C72"
        ],
        [
            "C90",
            "C94",
            "C97",
            "C64",
            "C72"
        ],
        [
            "C34",
            "C7",
            "C97",
            "C94",
            "C116"
        ],
        [
            "C34",
            "C7",
            "C97",
            "C64",
            "C72"
        ],
        [
            "C11",
            "C79",
            "C15",
            "C97",
            "C67"
        ],
        [
            "C121",
            "C15",
            "C97",
            "C94",
            "C116"
        ],
        [
            "C121",
            "C15",
            "C97",
            "C64",
            "C72"
        ],
        [
            "C93",
            "C7",
            "C97",
            "C94",
            "C116"
        ],
        [
            "C93",
            "C7",
            "C97",
            "C64",
            "C72"
        ],
        [
            "C67",
            "C97",
            "C94",
            "C116"
        ],
        [
            "C67",
            "C97",
            "C64",
            "C72"
        ],
        [
            "C90",
            "C94",
            "C97",
            "C67"
        ],
        [
            "C34",
            "C88",
            "C71",
            "C125"
        ],
        [
            "C34",
            "C7",
            "C97",
            "C67"
        ],
        [
            "C121",
            "C15",
            "C97",
            "C67"
        ],
        [
            "C93",
            "C7",
            "C97",
            "C67"
        ],
        [
            "C74",
            "C102",
            "C116"
        ],
        [
            "C90",
            "C94",
            "C116"
        ],
        [
            "C34",
            "C88",
            "C116"
        ],
        [
            "C34",
            "C88",
            "C112"
        ],
        [
            "C121",
            "C15",
            "C79"
        ],
        [
            "C85",
            "C116"
        ],
        [
            "C85",
            "C112"
        ],
        [
            "C72",
            "C64"
        ],
        [
            "C12"
        ],
        [
            "C44"
        ],
        [
            "C66"
        ],
        [
            "C77"
        ],
        [
            "C128"
        ]
    ],
    "error_codes": {
        "E0": [
            "FC0",
            [
                "C116",
                "C36",
                "C107",
                "C121",
                "C75",
                "C39",
                "C120",
                "C123",
                "C84",
                "C26",
                "C80",
                "C56"
            ]
        ],
        "E1": [
            "FC1",
            [
                "C72",
                "C97",
                "C12",
                "C112",
                "C90"
            ]
        ],
        "E2": [
            "FC2",
            [
                "C72",
                "C96",
                "C26",
                "C32",
                "C80",
                "C101",
                "C84",
                "C70"
            ]
        ],
        "E3": [
            "FC3",
            [
                "C116",
                "C34",
                "C73",
                "C60",
                "C52",
                "C25",
                "C21",
                "C22",
                "C81"
            ]
        ],
        "E4": [
            "FC4",
            [
                "C72",
                "C97",
                "C7",
                "C43",
                "C99",
                "C32",
                "C25"
            ]
        ],
        "E5": [
            "FC5",
            [
                "C67",
                "C2",
                "C62",
                "C104",
                "C63",
                "C43",
                "C59",
                "C94"
            ]
        ],
        "E6": [
            "FC6",
            [
                "C116",
                "C83",
                "C43",
                "C37",
                "C22",
                "C109",
                "C90",
                "C102",
                "C23",
                "C51"
            ]
        ],
        "E7": [
            "FC7",
            [
                "C72",
                "C61",
                "C112",
                "C20",
                "C74",
                "C82",
                "C69",
                "C78",
                "C50"
            ]
        ],
        "E8": [
            "FC8",
            [
                "C116",
                "C118"
            ]
        ],
        "E9": [
            "FC9",
            [
                "C72",
                "C97",
                "C115",
                "C125",
                "C120",
                "C74",
                "C31",
                "C75",
                "C107",
                "C88",
                "C25",
                "C128",
                "C53"
            ]
        ],
        "E10": [
            "FC10",
            [
                "C116",
                "C62",
                "C51",
                "C44",
                "C93",
                "C56",
                "C110",
                "C50"
            ]
        ],
        "E11": [
            "FC11",
            [
                "C72",
                "C116",
                "C90",
                "C118",
                "C97",
                "C103",
                "C14"
            ]
        ],
        "E12": [
            "FC12",
            [
                "C67",
                "C90",
                "C86",
                "C5",
                "C116"
            ]
        ],
        "E13": [
            "FC13",
            [
                "C125",
                "C34",
                "C91",
                "C4",
                "C92",
                "C37",
                "C109",
                "C20",
                "C12"
            ]
        ],
        "E14": [
            "FC14",
            [
                "C67",
                "C97",
                "C53",
                "C34",
                "C98",
                "C65",
                "C127",
                "C69"
            ]
        ],
        "E15": [
            "FC15",
            [
                "C67",
                "C66",
                "C16",
                "C46",
                "C69",
                "C3",
                "C50",
                "C111",
                "C72",
                "C53",
                "C81",
                "C99"
            ]
        ],
        "E16": [
            "FC16",
            [
                "C67",
                "C1"
            ]
        ],
        "E17": [
            "FC17",
            [
                "C116",
                "C39",
                "C1"
            ]
        ],
        "E18": [
            "FC18",
            [
                "C116",
                "C124",
                "C27",
                "C99",
                "C55",
                "C31",
                "C37",
                "C122",
                "C20",
                "C24"
            ]
        ],
        "E19": [
            "FC19",
            [
                "C116",
                "C56",
                "C27",
                "C122",
                "C32",
                "C24",
                "C105",
                "C85",
                "C0",
                "C18"
            ]
        ],
        "E20": [
            "FC20",
            [
                "C112",
                "C92",
                "C116",
                "C107",
                "C2",
                "C26",
                "C8",
                "C110",
                "C81"
            ]
        ],
        "E21": [
            "FC21",
            [
                "C79",
                "C32",
                "C105",
                "C33",
                "C78",
                "C22",
                "C85",
                "C57",
                "C43",
                "C27",
                "C103",
                "C111",
                "C86"
            ]
        ],
        "E22": [
            "FC22",
            [
                "C116",
                "C20",
                "C124",
                "C125",
                "C51",
                "C19",
                "C52",
                "C21",
                "C117",
                "C74",
                "C62",
                "C29",
                "C61"
            ]
        ],
        "E23": [
            "FC23",
            [
                "C112",
                "C35",
                "C125",
                "C109",
                "C46",
                "C88",
                "C87"
            ]
        ],
        "E24": [
            "FC24",
            [
                "C64",
                "C63",
                "C125",
                "C108",
                "C94",
                "C16",
                "C23",
                "C32",
                "C82",
                "C111",
                "C86"
            ]
        ],
        "E25": [
            "FC25",
            [
                "C12",
                "C98",
                "C54"
            ]
        ],
        "E26": [
            "FC26",
            [
                "C44",
                "C28",
                "C116",
                "C43",
                "C120",
                "C24",
                "C84",
                "C64",
                "C49",
                "C105",
                "C23"
            ]
        ],
        "E27": [
            "FC27",
            [
                "C66",
                "C49",
                "C73",
                "C31",
                "C59",
                "C85",
                "C6",
                "C48",
                "C51",
                "C72",
                "C102",
                "C3",
                "C121"
            ]
        ],
        "E28": [
            "FC28",
            [
                "C77",
                "C106",
                "C112",
                "C83",
                "C114",
                "C75"
            ]
        ],
        "E29": [
            "FC29",
            [
                "C128",
                "C80",
                "C77",
                "C64",
                "C36",
                "C29",
                "C125",
                "C55"
            ]
        ]
    },
    "sim_accuracies": {
        "C0": [
            "0.9745916145982108",
            "False"
        ],
        "C1": [
            "0.9723089929400456",
            "False"
        ],
        "C2": [
            "0.9570757356601155",
            "False"
        ],
        "C3": [
            "0.9803257683298277",
            "False"
        ],
        "C4": [
            "0.9857715041428569",
            "False"
        ],
        "C5": [
            "0.9862198496836366",
            "False"
        ],
        "C6": [
            "0.9704041426012816",
            "False"
        ],
        "C7": [
            "0.9875772853164697",
            "True"
        ],
        "C8": [
            "0.9883361406538108",
            "False"
        ],
        "C9": [
            "0.9611798160736007",
            "False"
        ],
        "C10": [
            "0.9515994366705017",
            "False"
        ],
        "C11": [
            "0.9811597175453189",
            "True"
        ],
        "C12": [
            "0.9523233634882983",
            "True"
        ],
        "C13": [
            "0.9807811004117502",
            "False"
        ],
        "C14": [
            "0.9636176639992856",
            "False"
        ],
        "C15": [
            "0.9583199045986958",
            "True"
        ],
        "C16": [
            "0.9805658887819462",
            "False"
        ],
        "C17": [
            "0.9651697982470442",
            "False"
        ],
        "C18": [
            "0.9521554650501792",
            "False"
        ],
        "C19": [
            "0.9781849538274866",
            "False"
        ],
        "C20": [
            "0.9666315333018352",
            "False"
        ],
        "C21": [
            "0.977732376580871",
            "False"
        ],
        "C22": [
            "0.9747863675840667",
            "False"
        ],
        "C23": [
            "0.9867902271237463",
            "False"
        ],
        "C24": [
            "0.977589324934807",
            "False"
        ],
        "C25": [
            "0.9587657110528687",
            "False"
        ],
        "C26": [
            "0.9696155145136126",
            "False"
        ],
        "C27": [
            "0.9606595707813368",
            "False"
        ],
        "C28": [
            "0.9691727724327402",
            "False"
        ],
        "C29": [
            "0.9696783346170821",
            "False"
        ],
        "C30": [
            "0.9591389016234646",
            "False"
        ],
        "C31": [
            "0.9534711468712511",
            "False"
        ],
        "C32": [
            "0.9635785504413443",
            "False"
        ],
        "C33": [
            "0.9595341794613623",
            "False"
        ],
        "C34": [
            "0.982065865253995",
            "True"
        ],
        "C35": [
            "0.9834335174250859",
            "False"
        ],
        "C36": [
            "0.986885675162551",
            "False"
        ],
        "C37": [
            "0.9810721604943641",
            "False"
        ],
        "C38": [
            "0.9599561864923303",
            "False"
        ],
        "C39": [
            "0.9845567810032452",
            "False"
        ],
        "C40": [
            "0.9534909027890894",
            "False"
        ],
        "C41": [
            "0.9669573144223226",
            "False"
        ],
        "C42": [
            "0.9810614190872685",
            "False"
        ],
        "C43": [
            "0.9830803784421902",
            "False"
        ],
        "C44": [
            "0.955413636747264",
            "True"
        ],
        "C45": [
            "0.9792133553996527",
            "False"
        ],
        "C46": [
            "0.9890988221688141",
            "False"
        ],
        "C47": [
            "0.9748309114409397",
            "False"
        ],
        "C48": [
            "0.9678214140002671",
            "False"
        ],
        "C49": [
            "0.983554957921041",
            "False"
        ],
        "C50": [
            "0.9646673778956552",
            "False"
        ],
        "C51": [
            "0.9805773410668969",
            "False"
        ],
        "C52": [
            "0.9879697906115855",
            "False"
        ],
        "C53": [
            "0.9809330675132948",
            "False"
        ],
        "C54": [
            "0.9850679506126034",
            "False"
        ],
        "C55": [
            "0.9827197439965109",
            "False"
        ],
        "C56": [
            "0.975270928159135",
            "False"
        ],
        "C57": [
            "0.9846803978789779",
            "False"
        ],
        "C58": [
            "0.9856786759516252",
            "False"
        ],
        "C59": [
            "0.9593238574904208",
            "False"
        ],
        "C60": [
            "0.9891584153103401",
            "False"
        ],
        "C61": [
            "0.9676240035459277",
            "False"
        ],
        "C62": [
            "0.9772040148040632",
            "False"
        ],
        "C63": [
            "0.9681658581661947",
            "False"
        ],
        "C64": [
            "0.9624557369491148",
            "True"
        ],
        "C65": [
            "0.9537983575563048",
            "False"
        ],
        "C66": [
            "0.9844934152768136",
            "True"
        ],
        "C67": [
            "0.9858397209619953",
            "True"
        ],
        "C68": [
            "0.977348000275696",
            "False"
        ],
        "C69": [
            "0.9600770769128122",
            "False"
        ],
        "C70": [
            "0.9734163875785828",
            "False"
        ],
        "C71": [
            "0.9860804242259275",
            "True"
        ],
        "C72": [
            "0.9799738773024274",
            "True"
        ],
        "C73": [
            "0.9804766282772933",
            "False"
        ],
        "C74": [
            "0.9707908797818452",
            "True"
        ],
        "C75": [
            "0.9894500379874153",
            "False"
        ],
        "C76": [
            "0.9521987759775242",
            "False"
        ],
        "C77": [
            "0.9504896981173264",
            "True"
        ],
        "C78": [
            "0.9768506917110426",
            "False"
        ],
        "C79": [
            "0.9865835080371388",
            "True"
        ],
        "C80": [
            "0.9514069305724709",
            "False"
        ],
        "C81": [
            "0.9794295320646496",
            "False"
        ],
        "C82": [
            "0.963413275997955",
            "False"
        ],
        "C83": [
            "0.9802118824455565",
            "False"
        ],
        "C84": [
            "0.9573270691863758",
            "False"
        ],
        "C85": [
            "0.9794402410638859",
            "True"
        ],
        "C86": [
            "0.954534139013144",
            "False"
        ],
        "C87": [
            "0.9853108246581639",
            "False"
        ],
        "C88": [
            "0.9579238929413205",
            "True"
        ],
        "C89": [
            "0.9791956713560015",
            "False"
        ],
        "C90": [
            "0.9554083853410289",
            "True"
        ],
        "C91": [
            "0.9883830696091703",
            "False"
        ],
        "C92": [
            "0.9521191687021151",
            "False"
        ],
        "C93": [
            "0.9531893821550345",
            "True"
        ],
        "C94": [
            "0.9504305915347167",
            "True"
        ],
        "C95": [
            "0.965895257113745",
            "False"
        ],
        "C96": [
            "0.9612575098577549",
            "False"
        ],
        "C97": [
            "0.9674234690375101",
            "True"
        ],
        "C98": [
            "0.9643855363417995",
            "False"
        ],
        "C99": [
            "0.9837018582064444",
            "False"
        ],
        "C100": [
            "0.970062401274471",
            "False"
        ],
        "C101": [
            "0.9606711779459982",
            "False"
        ],
        "C102": [
            "0.970350988444889",
            "True"
        ],
        "C103": [
            "0.970328450351471",
            "False"
        ],
        "C104": [
            "0.9786458071786053",
            "False"
        ],
        "C105": [
            "0.9756997879213667",
            "False"
        ],
        "C106": [
            "0.9686801181810953",
            "False"
        ],
        "C107": [
            "0.9719643010234807",
            "False"
        ],
        "C108": [
            "0.9895217452360872",
            "False"
        ],
        "C109": [
            "0.9639862510125496",
            "False"
        ],
        "C110": [
            "0.9700228147583382",
            "False"
        ],
        "C111": [
            "0.9781816037670745",
            "False"
        ],
        "C112": [
            "0.9696640216169412",
            "True"
        ],
        "C113": [
            "0.9792984020350517",
            "False"
        ],
        "C114": [
            "0.964220765371693",
            "False"
        ],
        "C115": [
            "0.9780228202286287",
            "False"
        ],
        "C116": [
            "0.9690835839764184",
            "True"
        ],
        "C117": [
            "0.9539581439770081",
            "False"
        ],
        "C118": [
            "0.9849519549604631",
            "False"
        ],
        "C119": [
            "0.9534641574198317",
            "False"
        ],
        "C120": [
            "0.9866952705269854",
            "False"
        ],
        "C121": [
            "0.9740646457203082",
            "True"
        ],
        "C122": [
            "0.9617483447243977",
            "False"
        ],
        "C123": [
            "0.9526814555070716",
            "False"
        ],
        "C124": [
            "0.984701137427132",
            "False"
        ],
        "C125": [
            "0.952166434207863",
            "True"
        ],
        "C126": [
            "0.965022970315488",
            "False"
        ],
        "C127": [
            "0.9783389612757848",
            "False"
        ],
        "C128": [
            "0.9876022625496743",
            "True"
        ]
    }
}