{
    "suspect_components": {
        "C0": [
            true,
            [
                "C14",
                "C13",
                "C42",
                "C83",
                "C57",
                "C11",
                "C70",
                "C102",
                "C120",
                "C79"
            ]
        ],
        "C1": [
            false,
            []
        ],
        "C2": [
            false,
            [
                "C116",
                "C24",
                "C95",
                "C56",
                "C59",
                "C28",
                "C19",
                "C87",
                "C103",
                "C75",
                "C82",
                "C106"
            ]
        ],
        "C3": [
            false,
            [
                "C117",
                "C86"
            ]
        ],
        "C4": [
            false,
            [
                "C27",
                "C66",
                "C60"
            ]
        ],
        "C5": [
            false,
            [
                "C96",
                "C73",
                "C38"
            ]
        ],
        "C6": [
            false,
            [
                "C88"
            ]
        ],
        "C7": [
            false,
            [
                "C106",
                "C64"
            ]
        ],
        "C8": [
            false,
            [
                "C119",
                "C16",
                "C96",
                "C98",
                "C49"
            ]
        ],
        "C9": [
            false,
            [
                "C53",
                "C12",
                "C33",
                "C41",
                "C24",
                "C111",
                "C11",
                "C119",
                "C0",
                "C39"
            ]
        ],
        "C10": [
            true,
            [
                "C85"
            ]
        ],
        "C11": [
            false,
            [
                "C125",
                "C67",
                "C22",
                "C34",
                "C94"
            ]
        ],
        "C12": [
            false,
            [
                "C45"
            ]
        ],
        "C13": [
            false,
            [
                "C48"
            ]
        ],
        "C14": [
            false,
            [
                "C49",
                "C74",
                "C3",
                "C19",
                "C120",
                "C18",
                "C77",
                "C68",
                "C87",
                "C93",
                "C121"
            ]
        ],
        "C15": [
            false,
            [
                "C99",
                "C96",
                "C38",
                "C88",
                "C51",
                "C105"
            ]
        ],
        "C16": [
            true,
            [
                "C26",
                "C124",
                "C31",
                "C34",
                "C11",
                "C58",
                "C78"
            ]
        ],
        "C17": [
            true,
            [
                "C122",
                "C68",
                "C31",
                "C113",
                "C87"
            ]
        ],
        "C18": [
            false,
            [
                "C88",
                "C44",
                "C53",
                "C1",
                "C12",
                "C33"
            ]
        ],
        "C19": [
            false,
            [
                "C74",
                "C45"
            ]
        ],
        "C20": [
            false,
            [
                "C59",
                "C115"
            ]
        ],
        "C21": [
            false,
            [
                "C103"
            ]
        ],
        "C22": [
            false,
            [
                "C79",
                "C58",
                "C55",
                "C49",
                "C91",
                "C21"
            ]
        ],
        "C23": [
            false,
            [
                "C115",
                "C40",
                "C16",
                "C17",
                "C81",
                "C34",
                "C41",
                "C113",
                "C2",
                "C54",
                "C14",
                "C107"
            ]
        ],
        "C24": [
            true,
            [
                "C120",
                "C109",
                "C65",
                "C32",
                "C12",
                "C29",
                "C23",
                "C127",
                "C62",
                "C19",
                "C10",
                "C7"
            ]
        ],
        "C25": [
            true,
            [
                "C67",
                "C100",
                "C9",
                "C12",
                "C84",
                "C47",
                "C11",
                "C79",
                "C87",
                "C99"
            ]
        ],
        "C26": [
            false,
            [
                "C102",
                "C88",
                "C22",
                "C5",
                "C51",
                "C91"
            ]
        ],
        "C27": [
            true,
            [
                "C120",
                "C46",
                "C34"
            ]
        ],
        "C28": [
            false,
            [
                "C58",
                "C46",
                "C2",
                "C42",
                "C87",
                "C54",
                "C78"
            ]
        ],
        "C29": [
            false,
            [
                "C5",
                "C125",
                "C104",
                "C111"
            ]
        ],
        "C30": [
            false,
            [
                "C118",
                "C121",
                "C102",
                "C80",
                "C79"
            ]
        ],
        "C31": [
            false,
            [
                "C90",
                "C42",
                "C25"
            ]
        ],
        "C32": [
            false,
            [
                "C108",
                "C60",
                "C18",
                "C42"
            ]
        ],
        "C33": [
            true,
            [
                "C75",
                "C87",
                "C60",
                "C66",
                "C116",
                "C16",
                "C19",
                "C103",
                "C8",
                "C67"
            ]
        ],
        "C34": [
            false,
            [
                "C119",
                "C30",
                "C40",
                "C37",
                "C41",
                "C54",
                "C68",
                "C69",
                "C74",
                "C71"
            ]
        ],
        "C35": [
            false,
            [
                "C77",
                "C90",
                "C101",
                "C79",
                "C84",
                "C20",
                "C67"
            ]
        ],
        "C36": [
            false,
            [
                "C30",
                "C94"
            ]
        ],
        "C37": [
            false,
            [
                "C35",
                "C23",
                "C65",
                "C33",
                "C97",
                "C14",
                "C122"
            ]
        ],
        "C38": [
            false,
            [
                "C56"
            ]
        ],
        "C39": [
            false,
            [
                "C21",
                "C69",
                "C59"
            ]
        ],
        "C40": [
            false,
            [
                "C33",
                "C112",
                "C103",
                "C72",
                "C101",
                "C29",
                "C54",
                "C90"
            ]
        ],
        "C41": [
            false,
            [
                "C67",
                "C93",
                "C37",
                "C85",
                "C28"
            ]
        ],
        "C42": [
            true,
            [
                "C113",
                "C44",
                "C2"
            ]
        ],
        "C43": [
            false,
            [
                "C119",
                "C112",
                "C55",
                "C15",
                "C117",
                "C6"
            ]
        ],
        "C44": [
            false,
            [
                "C54",
                "C65",
                "C102"
            ]
        ],
        "C45": [
            false,
            [
                "C101",
                "C41",
                "C13",
                "C122",
                "C87",
                "C54",
                "C29",
                "C22"
            ]
        ],
        "C46": [
            false,
            [
                "C48",
                "C40",
                "C21",
                "C53",
                "C82",
                "C3",
                "C113",
                "C60",
                "C128",
                "C77",
                "C86",
                "C2"
            ]
        ],
        "C47": [
            false,
            [
                "C9",
                "C100",
                "C30",
                "C88",
                "C24"
            ]
        ],
        "C48": [
            false,
            [
                "C22",
                "C67",
                "C106",
                "C34",
                "C117",
                "C128",
                "C85",
                "C101",
                "C104",
                "C41"
            ]
        ],
        "C49": [
            false,
            [
                "C120"
            ]
        ],
        "C50": [
            false,
            [
                "C100",
                "C41",
                "C118",
                "C45",
                "C79",
                "C58",
                "C31",
                "C78",
                "C68",
                "C92",
                "C104"
            ]
        ],
        "C51": [
            false,
            [
                "C21",
                "C68",
                "C115",
                "C87",
                "C52"
            ]
        ],
        "C52": [
            false,
            [
                "C8",
                "C17",
                "C75",
                "C66",
                "C98",
                "C54",
                "C62",
                "C82",
                "C83",
                "C72"
            ]
        ],
        "C53": [
            false,
            [
                "C0",
                "C22",
                "C32",
                "C36",
                "C35"
            ]
        ],
        "C54": [
            false,
            [
                "C128"
            ]
        ],
        "C55": [
            false,
            [
                "C25",
                "C52",
                "C20",
                "C32"
            ]
        ],
        "C56": [
            false,
            []
        ],
        "C57": [
            true,
            [
                "C62",
                "C14",
                "C59",
                "C6",
                "C38"
            ]
        ],
        "C58": [
            false,
            [
                "C47",
                "C38",
                "C10",
                "C42",
                "C79",
                "C17",
                "C127",
                "C109",
                "C104",
                "C112"
            ]
        ],
        "C59": [
            false,
            []
        ],
        "C60": [
            false,
            [
                "C103",
                "C51",
                "C40",
                "C42",
                "C96",
                "C104",
                "C114",
                "C74",
                "C15",
                "C4",
                "C1",
                "C123"
            ]
        ],
        "C61": [
            false,
            [
                "C56",
                "C83",
                "C75",
                "C104",
                "C47",
                "C93",
                "C89"
            ]
        ],
        "C62": [
            false,
            [
                "C4",
                "C29",
                "C36",
                "C23",
                "C55",
                "C93",
                "C85",
                "C48",
                "C13"
            ]
        ],
        "C63": [
            false,
            [
                "C41"
            ]
        ],
        "C64": [
            false,
            [
                "C56",
                "C50",
                "C110",
                "C66",
                "C99"
            ]
        ],
        "C65": [
            false,
            [
                "C56",
                "C119",
                "C15",
                "C109",
                "C121",
                "C84"
            ]
        ],
        "C66": [
            false,
            [
                "C76",
                "C74",
                "C5",
                "C53",
                "C22",
                "C68"
            ]
        ],
        "C67": [
            false,
            [
                "C44",
                "C46",
                "C30",
                "C18",
                "C66",
                "C84",
                "C126",
                "C4"
            ]
        ],
        "C68": [
            false,
            [
                "C95",
                "C81",
                "C58",
                "C41",
                "C25"
            ]
        ],
        "C69": [
            false,
            [
                "C83",
                "C90",
                "C81",
                "C0",
                "C39",
                "C99"
            ]
        ],
        "C70": [
            true,
            [
                "C72",
                "C94",
                "C3",
                "C90",
                "C53",
                "C100",
                "C13",
                "C118",
                "C40"
            ]
        ],
        "C71": [
            false,
            [
                "C128",
                "C72"
            ]
        ],
        "C72": [
            false,
            [
                "C51",
                "C38",
                "C104",
                "C99",
                "C3",
                "C25",
                "C7",
                "C102",
                "C87",
                "C46",
                "C88",
                "C79"
            ]
        ],
        "C73": [
            false,
            [
                "C50",
                "C8",
                "C80",
                "C44",
                "C54",
                "C108",
                "C26",
                "C65",
                "C24",
                "C110",
                "C59"
            ]
        ],
        "C74": [
            false,
            [
                "C113",
                "C4",
                "C117",
                "C41",
                "C127",
                "C66",
                "C35",
                "C7",
                "C11",
                "C89"
            ]
        ],
        "C75": [
            false,
            []
        ],
        "C76": [
            false,
            [
                "C75",
                "C1"
            ]
        ],
        "C77": [
            false,
            [
                "C58",
                "C113",
                "C121",
                "C21",
                "C12",
                "C67",
                "C94"
            ]
        ],
        "C78": [
            false,
            [
                "C25",
                "C89",
                "C6",
                "C91",
                "C67",
                "C43",
                "C75",
                "C114",
                "C72"
            ]
        ],
        "C79": [
            false,
            [
                "C11",
                "C78",
                "C26",
                "C127",
                "C66",
                "C1",
                "C118",
                "C124",
                "C89",
                "C19"
            ]
        ],
        "C80": [
            false,
            [
                "C102",
                "C41",
                "C34",
                "C29",
                "C51"
            ]
        ],
        "C81": [
            false,
            [
                "C8",
                "C16",
                "C101",
                "C72",
                "C3",
                "C78",
                "C122"
            ]
        ],
        "C82": [
            true,
            [
                "C60",
                "C58",
                "C2",
                "C79",
                "C120",
                "C25"
            ]
        ],
        "C83": [
            true,
            [
                "C26",
                "C80",
                "C47",
                "C128"
            ]
        ],
        "C84": [
            false,
            [
                "C35",
                "C119",
                "C97",
                "C125"
            ]
        ],
        "C85": [
            true,
            [
                "C71",
                "C26",
                "C110",
                "C86",
                "C61",
                "C113",
                "C104"
            ]
        ],
        "C86": [
            false,
            [
                "C96",
                "C112",
                "C87",
                "C107",
                "C52",
                "C113",
                "C25",
                "C75",
                "C60",
                "C101",
                "C17"
            ]
        ],
        "C87": [
            false,
            [
                "C29",
                "C24",
                "C103",
                "C94",
                "C95",
                "C35",
                "C79",
                "C18",
                "C126",
                "C30"
            ]
        ],
        "C88": [
            false,
            [
                "C126",
                "C77",
                "C125",
                "C41",
                "C80",
                "C104"
            ]
        ],
        "C89": [
            false,
            [
                "C63",
                "C69",
                "C52",
                "C44",
                "C83",
                "C22",
                "C2",
                "C31",
                "C20",
                "C6"
            ]
        ],
        "C90": [
            false,
            [
                "C51",
                "C30"
            ]
        ],
        "C91": [
            false,
            [
                "C68",
                "C17",
                "C69",
                "C19",
                "C13",
                "C21",
                "C22",
                "C33",
                "C11",
                "C20",
                "C116",
                "C78"
            ]
        ],
        "C92": [
            false,
            [
                "C66",
                "C23",
                "C80",
                "C121",
                "C111",
                "C24",
                "C70"
            ]
        ],
        "C93": [
            false,
            [
                "C48",
                "C128"
            ]
        ],
        "C94": [
            false,
            []
        ],
        "C95": [
            false,
            [
                "C17",
                "C44"
            ]
        ],
        "C96": [
            false,
            [
                "C82",
                "C39",
                "C67",
                "C122"
            ]
        ],
        "C97": [
            false,
            [
                "C2",
                "C6",
                "C127",
                "C11",
                "C46",
                "C118",
                "C92",
                "C114",
                "C68",
                "C49",
                "C104"
            ]
        ],
        "C98": [
            false,
            [
                "C73",
                "C41",
                "C84",
                "C70",
                "C45",
                "C79",
                "C118",
                "C15",
                "C44",
                "C27",
                "C81"
            ]
        ],
        "C99": [
            true,
            [
                "C74",
                "C102",
                "C103",
                "C111",
                "C33",
                "C0",
                "C123",
                "C44",
                "C117",
                "C38",
                "C60",
                "C29"
            ]
        ],
        "C100": [
            false,
            [
                "C112",
                "C6",
                "C105",
                "C61",
                "C53",
                "C77",
                "C70",
                "C89",
                "C59",
                "C92",
                "C11"
            ]
        ],
        "C101": [
            true,
            [
                "C44",
                "C5",
                "C51",
                "C82",
                "C99",
                "C128",
                "C11",
                "C35"
            ]
        ],
        "C102": [
            false,
            [
                "C77",
                "C71",
                "C0",
                "C39",
                "C115",
                "C51",
                "C107",
                "C33"
            ]
        ],
        "C103": [
            false,
            [
                "C96",
                "C70",
                "C75",
                "C27",
                "C117",
                "C14",
                "C67",
                "C73",
                "C116",
                "C83"
            ]
        ],
        "C104": [
            false,
            [
                "C88"
            ]
        ],
        "C105": [
            true,
            [
                "C125",
                "C42",
                "C102"
            ]
        ],
        "C106": [
            true,
            [
                "C4",
                "C110",
                "C5",
                "C33",
                "C63",
                "C37",
                "C2",
                "C3",
                "C44",
                "C120"
            ]
        ],
        "C107": [
            true,
            [
                "C2",
                "C123",
                "C35",
                "C68",
                "C108",
                "C80",
                "C51",
                "C1"
            ]
        ],
        "C108": [
            true,
            [
                "C37",
                "C38",
                "C46",
                "C43",
                "C30",
                "C32",
                "C26",
                "C102",
                "C5"
            ]
        ],
        "C109": [
            true,
            [
                "C81",
                "C55",
                "C44"
            ]
        ],
        "C110": [
            false,
            [
                "C38",
                "C58",
                "C42",
                "C126",
                "C36",
                "C57",
                "C78",
                "C66",
                "C35",
                "C68",
                "C18"
            ]
        ],
        "C111": [
            true,
            [
                "C100",
                "C14",
                "C54",
                "C20",
                "C65",
                "C69",
                "C42",
                "C49",
                "C32",
                "C45",
                "C128",
                "C77"
            ]
        ],
        "C112": [
            true,
            [
                "C101",
                "C30",
                "C113",
                "C20",
                "C11",
                "C24"
            ]
        ],
        "C113": [
            false,
            [
                "C102",
                "C50",
                "C37",
                "C28",
                "C61",
                "C58",
                "C114",
                "C81",
                "C45",
                "C20",
                "C66",
                "C88"
            ]
        ],
        "C114": [
            false,
            [
                "C91",
                "C77",
                "C65",
                "C33",
                "C39",
                "C122",
                "C7",
                "C13",
                "C67",
                "C126"
            ]
        ],
        "C115": [
            false,
            [
                "C67",
                "C65",
                "C42",
                "C44",
                "C87",
                "C51",
                "C8",
                "C55",
                "C125",
                "C64",
                "C93",
                "C13"
            ]
        ],
        "C116": [
            false,
            [
                "C54",
                "C112",
                "C68",
                "C56",
                "C37",
                "C12",
                "C13",
                "C102"
            ]
        ],
        "C117": [
            true,
            [
                "C1",
                "C63",
                "C0",
                "C116",
                "C124",
                "C62",
                "C111",
                "C97",
                "C123",
                "C93"
            ]
        ],
        "C118": [
            false,
            [
                "C91",
                "C113",
                "C124",
                "C23",
                "C81",
                "C119",
                "C59",
                "C57"
            ]
        ],
        "C119": [
            false,
            [
                "C85",
                "C56",
                "C128"
            ]
        ],
        "C120": [
            true,
            [
                "C127",
                "C9",
                "C47"
            ]
        ],
        "C121": [
            false,
            [
                "C74",
                "C14",
                "C83"
            ]
        ],
        "C122": [
            false,
            [
                "C74",
                "C117",
                "C97",
                "C26",
                "C43",
                "C118"
            ]
        ],
        "C123": [
            false,
            [
                "C30",
                "C39",
                "C11",
                "C118",
                "C102",
                "C71",
                "C9",
                "C90",
                "C40",
                "C67",
                "C34"
            ]
        ],
        "C124": [
            false,
            [
                "C116",
                "C83",
                "C109",
                "C29",
                "C115",
                "C62",
                "C114",
                "C38",
                "C13",
                "C20",
                "C121",
                "C5"
            ]
        ],
        "C125": [
            false,
            [
                "C28"
            ]
        ],
        "C126": [
            false,
            [
                "C82",
                "C84",
                "C85",
                "C100",
                "C116",
                "C117",
                "C75"
            ]
        ],
        "C127": [
            true,
            [
                "C63",
                "C94",
                "C28",
                "C11",
                "C107",
                "C116",
                "C77"
            ]
        ],
        "C128": [
            false,
            [
                "C66",
                "C10",
                "C125",
                "C31"
            ]
        ]
    },
    "ground_truth_fault_paths": [
        [
            "C108",
            "C107",
            "C127",
            "C120",
            "C0",
            "C117",
            "C99",
            "C25",
            "C82",
            "C101",
            "C112"
        ],
        [
            "C108",
            "C107",
            "C127",
            "C120",
            "C0",
            "C99",
            "C25",
            "C82",
            "C101",
            "C112"
        ],
        [
            "C108",
            "C107",
            "C127",
            "C120",
            "C0",
            "C117",
            "C99",
            "C101",
            "C112"
        ],
        [
            "C42",
            "C111",
            "C117",
            "C99",
            "C25",
            "C82",
            "C101",
            "C112"
        ],
        [
            "C42",
            "C0",
            "C117",
            "C99",
            "C25",
            "C82",
            "C101",
            "C112"
        ],
        [
            "C108",
            "C107",
            "C127",
            "C120",
            "C0",
            "C99",
            "C101",
            "C112"
        ],
        [
            "C70",
            "C0",
            "C117",
            "C99",
            "C25",
            "C82",
            "C101",
            "C112"
        ],
        [
            "C57",
            "C0",
            "C117",
            "C99",
            "C25",
            "C82",
            "C101",
            "C112"
        ],
        [
            "C83",
            "C0",
            "C117",
            "C99",
            "C25",
            "C82",
            "C101",
            "C112"
        ],
        [
            "C42",
            "C111",
            "C99",
            "C25",
            "C82",
            "C101",
            "C112"
        ],
        [
            "C42",
            "C0",
            "C99",
            "C25",
            "C82",
            "C101",
            "C112"
        ],
        [
            "C108",
            "C107",
            "C127",
            "C120",
            "C82",
            "C101",
            "C112"
        ],
        [
            "C16",
            "C33",
            "C99",
            "C25",
            "C82",
            "C101",
            "C112"
        ],
        [
            "C70",
            "C0",
            "C99",
            "C25",
            "C82",
            "C101",
            "C112"
        ],
        [
            "C57",
            "C0",
            "C99",
            "C25",
            "C82",
            "C101",
            "C112"
        ],
        [
            "C83",
            "C0",
            "C99",
            "C25",
            "C82",
            "C101",
            "C112"
        ],
        [
            "C42",
            "C111",
            "C117",
            "C99",
            "C101",
            "C112"
        ],
        [
            "C42",
            "C0",
            "C117",
            "C99",
            "C101",
            "C112"
        ],
        [
            "C108",
            "C107",
            "C127",
            "C120",
            "C24",
            "C112"
        ],
        [
            "C70",
            "C0",
            "C117",
            "C99",
            "C101",
            "C112"
        ],
        [
            "C57",
            "C0",
            "C117",
            "C99",
            "C101",
            "C112"
        ],
        [
            "C83",
            "C0",
            "C117",
            "C99",
            "C101",
            "C112"
        ],
        [
            "C42",
            "C111",
            "C99",
            "C101",
            "C112"
        ],
        [
            "C42",
            "C0",
            "C99",
            "C101",
            "C112"
        ],
        [
            "C108",
            "C107",
            "C127",
            "C120",
            "C106"
        ],
        [
            "C108",
            "C107",
            "C127",
            "C120",
            "C27"
        ],
        [
            "C108",
            "C107",
            "C127",
            "C24",
            "C112"
        ],
        [
            "C16",
            "C33",
            "C99",
            "C101",
            "C112"
        ],
        [
            "C70",
            "C0",
            "C99",
            "C101",
            "C112"
        ],
        [
            "C57",
            "C0",
            "C99",
            "C101",
            "C112"
        ],
        [
            "C83",
            "C0",
            "C99",
            "C101",
            "C112"
        ],
        [
            "C85",
            "C10",
            "C24",
            "C112"
        ],
        [
            "C16",
            "C33",
            "C106"
        ],
        [
            "C109",
            "C24",
            "C112"
        ],
        [
            "C42",
            "C105"
        ],
        [
            "C17"
        ]
    ],
    "error_codes": {
        "E0": [
            "FC0",
            [
                "C112",
                "C25",
                "C82",
                "C108",
                "C4",
                "C42",
                "C73",
                "C34"
            ]
        ],
        "E1": [
            "FC1",
            [
                "C112",
                "C108",
                "C54"
            ]
        ],
        "E2": [
            "FC2",
            [
                "C112",
                "C0",
                "C122",
                "C30"
            ]
        ],
        "E3": [
            "FC3",
            [
                "C112",
                "C82",
                "C42",
                "C49",
                "C14",
                "C58",
                "C2"
            ]
        ],
        "E4": [
            "FC4",
            [
                "C112",
                "C82",
                "C52",
                "C26",
                "C63",
                "C56",
                "C27"
            ]
        ],
        "E5": [
            "FC5",
            [
                "C112",
                "C99",
                "C7",
                "C69",
                "C27",
                "C127",
                "C93",
                "C118",
                "C58",
                "C35",
                "C45",
                "C34",
                "C123",
                "C9"
            ]
        ],
        "E6": [
            "FC6",
            [
                "C112",
                "C99",
                "C101",
                "C53",
                "C24",
                "C9",
                "C107",
                "C45",
                "C7",
                "C70",
                "C109",
                "C117",
                "C106",
                "C50"
            ]
        ],
        "E7": [
            "FC7",
            [
                "C112",
                "C16",
                "C99",
                "C17",
                "C65"
            ]
        ],
        "E8": [
            "FC8",
            [
                "C112",
                "C83",
                "C101",
                "C25",
                "C70",
                "C16",
                "C30",
                "C89",
                "C20"
            ]
        ],
        "E9": [
            "FC9",
            [
                "C112",
                "C87",
                "C67"
            ]
        ],
        "E10": [
            "FC10",
            [
                "C112",
                "C0",
                "C25",
                "C82",
                "C85",
                "C117"
            ]
        ],
        "E11": [
            "FC11",
            [
                "C112",
                "C26"
            ]
        ],
        "E12": [
            "FC12",
            [
                "C112",
                "C101",
                "C16",
                "C126",
                "C34",
                "C86",
                "C128",
                "C77",
                "C44",
                "C57",
                "C4",
                "C33"
            ]
        ],
        "E13": [
            "FC13",
            [
                "C112",
                "C121",
                "C46",
                "C124",
                "C95",
                "C40",
                "C29",
                "C88",
                "C43",
                "C37",
                "C61",
                "C17"
            ]
        ],
        "E14": [
            "FC14",
            [
                "C112",
                "C68",
                "C56",
                "C73",
                "C17",
                "C98",
                "C59",
                "C40",
                "C106",
                "C118",
                "C93",
                "C33",
                "C119"
            ]
        ],
        "E15": [
            "FC15",
            [
                "C112",
                "C25",
                "C70",
                "C104"
            ]
        ],
        "E16": [
            "FC16",
            [
                "C112",
                "C48",
                "C77",
                "C100",
                "C84",
                "C73",
                "C15"
            ]
        ],
        "E17": [
            "FC17",
            [
                "C112",
                "C99",
                "C101",
                "C66",
                "C111",
                "C125",
                "C24"
            ]
        ],
        "E18": [
            "FC18",
            [
                "C112",
                "C127",
                "C40",
                "C32",
                "C23",
                "C122",
                "C49",
                "C99",
                "C4"
            ]
        ],
        "E19": [
            "FC19",
            [
                "C112",
                "C0",
                "C16",
                "C21",
                "C3",
                "C5",
                "C8",
                "C123",
                "C120",
                "C60",
                "C29",
                "C40"
            ]
        ],
        "E20": [
            "FC20",
            [
                "C112",
                "C99",
                "C0",
                "C64",
                "C18",
                "C124",
                "C12",
                "C53",
                "C46",
                "C47",
                "C81"
            ]
        ],
        "E21": [
            "FC21",
            [
                "C112",
                "C22",
                "C50",
                "C59",
                "C38",
                "C41",
                "C121",
                "C66",
                "C74",
                "C94",
                "C67",
                "C89",
                "C72"
            ]
        ],
        "E22": [
            "FC22",
            [
                "C112",
                "C101",
                "C113",
                "C126",
                "C44"
            ]
        ],
        "E23": [
            "FC23",
            [
                "C112",
                "C99",
                "C117",
                "C19",
                "C116",
                "C79",
                "C6",
                "C104",
                "C100",
                "C115"
            ]
        ],
        "E24": [
            "FC24",
            [
                "C106",
                "C107",
                "C96"
            ]
        ],
        "E25": [
            "FC25",
            [
                "C27",
                "C120",
                "C109",
                "C42",
                "C48"
            ]
        ],
        "E26": [
            "FC26",
            [
                "C112",
                "C24",
                "C33",
                "C81"
            ]
        ],
        "E27": [
            "FC27",
            [
                "C112",
                "C126"
            ]
        ],
        "E28": [
            "FC28",
            [
                "C112",
                "C70",
                "C17",
                "C45",
                "C128",
                "C19",
                "C21",
                "C41",
                "C103",
                "C55",
                "C80",
                "C28"
            ]
        ],
        "E29": [
            "FC29",
            [
                "C112",
                "C101",
                "C19",
                "C8",
                "C44",
                "C99",
                "C43",
                "C83",
                "C26",
                "C51"
            ]
        ],
        "E30": [
            "FC30",
            [
                "C112",
                "C107",
                "C33",
                "C73",
                "C74",
                "C58",
                "C124"
            ]
        ],
        "E31": [
            "FC31",
            [
                "C112",
                "C47",
                "C128",
                "C65",
                "C7",
                "C25",
                "C42",
                "C90",
                "C33",
                "C14"
            ]
        ],
        "E32": [
            "FC32",
            [
                "C106",
                "C67"
            ]
        ],
        "E33": [
            "FC33",
            [
                "C112",
                "C47",
                "C11",
                "C17",
                "C40"
            ]
        ],
        "E34": [
            "FC34",
            [
                "C105",
                "C30",
                "C39",
                "C74",
                "C123",
                "C101",
                "C107",
                "C110",
                "C119",
                "C52"
            ]
        ],
        "E35": [
            "FC35",
            [
                "C17",
                "C49"
            ]
        ]
    },
    "sim_accuracies": {
        "C0": [
            "0.9888608965568312",
            "True"
        ],
        "C1": [
            "0.9696077672152192",
            "False"
        ],
        "C2": [
            "0.9738695880012924",
            "False"
        ],
        "C3": [
            "0.9606596228629956",
            "False"
        ],
        "C4": [
            "0.9746012811688782",
            "False"
        ],
        "C5": [
            "0.9586419969426252",
            "False"
        ],
        "C6": [
            "0.9896783681141061",
            "False"
        ],
        "C7": [
            "0.9640126028896484",
            "False"
        ],
        "C8": [
            "0.9585247667094645",
            "False"
        ],
        "C9": [
            "0.966634812917273",
            "False"
        ],
        "C10": [
            "0.985621059442228",
            "True"
        ],
        "C11": [
            "0.9714015027718869",
            "False"
        ],
        "C12": [
            "0.9820970539027063",
            "False"
        ],
        "C13": [
            "0.9712178632951773",
            "False"
        ],
        "C14": [
            "0.9621229692509106",
            "False"
        ],
        "C15": [
            "0.9761202597921219",
            "False"
        ],
        "C16": [
            "0.978519497393209",
            "True"
        ],
        "C17": [
            "0.9794512246193869",
            "True"
        ],
        "C18": [
            "0.9697866754422668",
            "False"
        ],
        "C19": [
            "0.974588049905937",
            "False"
        ],
        "C20": [
            "0.9899664518149346",
            "False"
        ],
        "C21": [
            "0.953986721204702",
            "False"
        ],
        "C22": [
            "0.9616227703729726",
            "False"
        ],
        "C23": [
            "0.9630535835231198",
            "False"
        ],
        "C24": [
            "0.9749459448913824",
            "True"
        ],
        "C25": [
            "0.9501145707096909",
            "True"
        ],
        "C26": [
            "0.9788693851175561",
            "False"
        ],
        "C27": [
            "0.9608726394152317",
            "True"
        ],
        "C28": [
            "0.9748626904932594",
            "False"
        ],
        "C29": [
            "0.9670618243069276",
            "False"
        ],
        "C30": [
            "0.9599895291892742",
            "False"
        ],
        "C31": [
            "0.9705135781574182",
            "False"
        ],
        "C32": [
            "0.9536474445183886",
            "False"
        ],
        "C33": [
            "0.9727991590685764",
            "True"
        ],
        "C34": [
            "0.9515683088818818",
            "False"
        ],
        "C35": [
            "0.9874451045403312",
            "False"
        ],
        "C36": [
            "0.9715827322870583",
            "False"
        ],
        "C37": [
            "0.9801517178664781",
            "False"
        ],
        "C38": [
            "0.9638794060450271",
            "False"
        ],
        "C39": [
            "0.982259647820402",
            "False"
        ],
        "C40": [
            "0.9732784902594914",
            "False"
        ],
        "C41": [
            "0.9585642184895306",
            "False"
        ],
        "C42": [
            "0.9600872746272406",
            "True"
        ],
        "C43": [
            "0.9874307062861543",
            "False"
        ],
        "C44": [
            "0.9539692467591193",
            "False"
        ],
        "C45": [
            "0.983426416951954",
            "False"
        ],
        "C46": [
            "0.9645431279732466",
            "False"
        ],
        "C47": [
            "0.9569837664213175",
            "False"
        ],
        "C48": [
            "0.9681117185079552",
            "False"
        ],
        "C49": [
            "0.9825580891891149",
            "False"
        ],
        "C50": [
            "0.9743348510912644",
            "False"
        ],
        "C51": [
            "0.9689537650837277",
            "False"
        ],
        "C52": [
            "0.9555676540326277",
            "False"
        ],
        "C53": [
            "0.9886181598570344",
            "False"
        ],
        "C54": [
            "0.9635871209122527",
            "False"
        ],
        "C55": [
            "0.981415862658217",
            "False"
        ],
        "C56": [
            "0.9763403468450426",
            "False"
        ],
        "C57": [
            "0.9628352791211945",
            "True"
        ],
        "C58": [
            "0.9551504039493899",
            "False"
        ],
        "C59": [
            "0.9569880584884662",
            "False"
        ],
        "C60": [
            "0.9746798733617352",
            "False"
        ],
        "C61": [
            "0.9857763522022577",
            "False"
        ],
        "C62": [
            "0.9824704578869491",
            "False"
        ],
        "C63": [
            "0.9764835718740542",
            "False"
        ],
        "C64": [
            "0.9854455431596308",
            "False"
        ],
        "C65": [
            "0.9573860037203937",
            "False"
        ],
        "C66": [
            "0.9689963099863357",
            "False"
        ],
        "C67": [
            "0.9649127460327978",
            "False"
        ],
        "C68": [
            "0.9852100090043081",
            "False"
        ],
        "C69": [
            "0.9770979701814047",
            "False"
        ],
        "C70": [
            "0.9728039881018228",
            "True"
        ],
        "C71": [
            "0.9646291038183168",
            "False"
        ],
        "C72": [
            "0.962593991644739",
            "False"
        ],
        "C73": [
            "0.9504754591725091",
            "False"
        ],
        "C74": [
            "0.9772380507032155",
            "False"
        ],
        "C75": [
            "0.968117320113352",
            "False"
        ],
        "C76": [
            "0.9626879193025414",
            "False"
        ],
        "C77": [
            "0.9553004843980939",
            "False"
        ],
        "C78": [
            "0.9600546141808066",
            "False"
        ],
        "C79": [
            "0.9671178372113151",
            "False"
        ],
        "C80": [
            "0.988670896720978",
            "False"
        ],
        "C81": [
            "0.9559404263608811",
            "False"
        ],
        "C82": [
            "0.9747493706271537",
            "True"
        ],
        "C83": [
            "0.9676692267259859",
            "True"
        ],
        "C84": [
            "0.9693978174090867",
            "False"
        ],
        "C85": [
            "0.9576504664312411",
            "True"
        ],
        "C86": [
            "0.9504374095677759",
            "False"
        ],
        "C87": [
            "0.96775226632337",
            "False"
        ],
        "C88": [
            "0.9857574844600234",
            "False"
        ],
        "C89": [
            "0.9662845063810233",
            "False"
        ],
        "C90": [
            "0.9717389386905659",
            "False"
        ],
        "C91": [
            "0.9660264850932994",
            "False"
        ],
        "C92": [
            "0.9572407285584035",
            "False"
        ],
        "C93": [
            "0.9801909448155259",
            "False"
        ],
        "C94": [
            "0.9748608147865708",
            "False"
        ],
        "C95": [
            "0.9619573926964471",
            "False"
        ],
        "C96": [
            "0.9743553265018857",
            "False"
        ],
        "C97": [
            "0.9731339177000666",
            "False"
        ],
        "C98": [
            "0.9842678603408785",
            "False"
        ],
        "C99": [
            "0.9515380860742884",
            "True"
        ],
        "C100": [
            "0.9583449955185488",
            "False"
        ],
        "C101": [
            "0.9788101220536904",
            "True"
        ],
        "C102": [
            "0.9567931227735508",
            "False"
        ],
        "C103": [
            "0.98851381651282",
            "False"
        ],
        "C104": [
            "0.9544545345006983",
            "False"
        ],
        "C105": [
            "0.9656067843062348",
            "True"
        ],
        "C106": [
            "0.9713123464629101",
            "True"
        ],
        "C107": [
            "0.9587001906037225",
            "True"
        ],
        "C108": [
            "0.9527567399399609",
            "True"
        ],
        "C109": [
            "0.975376729866218",
            "True"
        ],
        "C110": [
            "0.980781709061812",
            "False"
        ],
        "C111": [
            "0.9621482718738427",
            "True"
        ],
        "C112": [
            "0.951015146875033",
            "True"
        ],
        "C113": [
            "0.9787132964081485",
            "False"
        ],
        "C114": [
            "0.9738037798046583",
            "False"
        ],
        "C115": [
            "0.986514525396809",
            "False"
        ],
        "C116": [
            "0.9744579113608798",
            "False"
        ],
        "C117": [
            "0.9652931965389467",
            "True"
        ],
        "C118": [
            "0.950773184199719",
            "False"
        ],
        "C119": [
            "0.9831504482999137",
            "False"
        ],
        "C120": [
            "0.9798983101614078",
            "True"
        ],
        "C121": [
            "0.9612310640693916",
            "False"
        ],
        "C122": [
            "0.9620300966712657",
            "False"
        ],
        "C123": [
            "0.9892358069536702",
            "False"
        ],
        "C124": [
            "0.9608515332849719",
            "False"
        ],
        "C125": [
            "0.9571841173791512",
            "False"
        ],
        "C126": [
            "0.9550712581091353",
            "False"
        ],
        "C127": [
            "0.9589568352213717",
            "True"
        ],
        "C128": [
            "0.9631206955650808",
            "False"
        ]
    }
}