{
    "suspect_components": {
        "C0": [
            false,
            [
                "C125",
                "C48",
                "C101",
                "C87",
                "C74",
                "C112",
                "C64",
                "C105",
                "C15"
            ]
        ],
        "C1": [
            false,
            [
                "C21"
            ]
        ],
        "C2": [
            false,
            [
                "C8",
                "C68",
                "C48",
                "C13",
                "C21",
                "C108",
                "C63",
                "C90",
                "C127",
                "C26"
            ]
        ],
        "C3": [
            false,
            [
                "C101",
                "C5",
                "C13",
                "C35"
            ]
        ],
        "C4": [
            false,
            [
                "C51",
                "C3",
                "C92",
                "C72",
                "C10"
            ]
        ],
        "C5": [
            false,
            [
                "C68",
                "C78",
                "C17"
            ]
        ],
        "C6": [
            true,
            [
                "C93",
                "C65",
                "C0",
                "C29",
                "C115",
                "C118",
                "C75",
                "C91",
                "C5",
                "C49",
                "C80"
            ]
        ],
        "C7": [
            false,
            [
                "C65",
                "C32",
                "C80",
                "C57"
            ]
        ],
        "C8": [
            false,
            [
                "C13",
                "C81",
                "C23",
                "C48",
                "C83",
                "C94",
                "C28",
                "C46",
                "C106",
                "C70",
                "C1"
            ]
        ],
        "C9": [
            false,
            []
        ],
        "C10": [
            false,
            [
                "C51",
                "C114",
                "C89",
                "C82",
                "C101",
                "C15",
                "C100",
                "C103"
            ]
        ],
        "C11": [
            false,
            [
                "C70",
                "C50",
                "C7",
                "C108",
                "C115",
                "C49"
            ]
        ],
        "C12": [
            false,
            [
                "C124",
                "C80",
                "C10",
                "C38",
                "C122",
                "C112",
                "C49",
                "C99"
            ]
        ],
        "C13": [
            false,
            [
                "C24",
                "C75"
            ]
        ],
        "C14": [
            false,
            [
                "C18",
                "C114",
                "C117",
                "C65",
                "C85",
                "C81",
                "C74",
                "C30"
            ]
        ],
        "C15": [
            false,
            [
                "C107"
            ]
        ],
        "C16": [
            false,
            [
                "C26",
                "C123",
                "C61",
                "C70",
                "C126",
                "C74"
            ]
        ],
        "C17": [
            false,
            [
                "C47",
                "C18"
            ]
        ],
        "C18": [
            false,
            [
                "C17",
                "C73",
                "C50",
                "C25",
                "C91",
                "C0",
                "C112",
                "C11",
                "C123"
            ]
        ],
        "C19": [
            false,
            [
                "C11"
            ]
        ],
        "C20": [
            false,
            [
                "C10",
                "C39"
            ]
        ],
        "C21": [
            false,
            [
                "C55",
                "C72",
                "C45",
                "C93",
                "C10",
                "C103",
                "C58",
                "C4",
                "C59",
                "C106"
            ]
        ],
        "C22": [
            false,
            [
                "C30",
                "C59"
            ]
        ],
        "C23": [
            false,
            [
                "C65",
                "C10"
            ]
        ],
        "C24": [
            false,
            []
        ],
        "C25": [
            false,
            [
                "C35",
                "C106",
                "C53",
                "C19",
                "C55",
                "C43",
                "C66"
            ]
        ],
        "C26": [
            false,
            [
                "C24",
                "C15",
                "C13",
                "C45",
                "C32",
                "C88",
                "C106",
                "C57",
                "C54",
                "C66",
                "C86",
                "C76"
            ]
        ],
        "C27": [
            true,
            [
                "C28",
                "C4"
            ]
        ],
        "C28": [
            false,
            [
                "C94",
                "C27",
                "C18",
                "C59",
                "C31"
            ]
        ],
        "C29": [
            false,
            []
        ],
        "C30": [
            true,
            [
                "C13",
                "C91",
                "C38"
            ]
        ],
        "C31": [
            false,
            [
                "C115",
                "C5",
                "C51",
                "C64",
                "C65",
                "C17",
                "C70",
                "C78",
                "C14",
                "C76",
                "C53",
                "C1"
            ]
        ],
        "C32": [
            false,
            [
                "C90",
                "C91",
                "C69",
                "C9",
                "C85",
                "C92",
                "C81"
            ]
        ],
        "C33": [
            false,
            [
                "C96",
                "C77",
                "C67",
                "C80",
                "C36",
                "C102",
                "C73",
                "C100"
            ]
        ],
        "C34": [
            false,
            [
                "C6",
                "C121",
                "C42",
                "C52",
                "C23"
            ]
        ],
        "C35": [
            false,
            [
                "C63",
                "C69",
                "C27",
                "C25",
                "C111",
                "C38",
                "C76",
                "C70",
                "C56",
                "C95",
                "C125",
                "C86"
            ]
        ],
        "C36": [
            false,
            [
                "C16",
                "C76",
                "C1"
            ]
        ],
        "C37": [
            false,
            [
                "C25",
                "C12",
                "C40",
                "C102",
                "C33",
                "C59",
                "C58",
                "C53"
            ]
        ],
        "C38": [
            false,
            [
                "C104",
                "C21"
            ]
        ],
        "C39": [
            true,
            [
                "C62",
                "C5",
                "C2",
                "C33",
                "C10",
                "C114",
                "C99",
                "C75",
                "C53"
            ]
        ],
        "C40": [
            false,
            [
                "C81",
                "C9",
                "C5",
                "C25",
                "C121",
                "C67",
                "C78",
                "C18",
                "C23"
            ]
        ],
        "C41": [
            false,
            [
                "C10",
                "C119",
                "C40",
                "C61",
                "C6",
                "C75",
                "C103"
            ]
        ],
        "C42": [
            true,
            [
                "C111",
                "C40",
                "C18",
                "C118",
                "C48",
                "C88"
            ]
        ],
        "C43": [
            false,
            [
                "C70",
                "C49",
                "C23",
                "C120",
                "C110",
                "C87",
                "C15",
                "C62"
            ]
        ],
        "C44": [
            false,
            [
                "C4",
                "C42",
                "C20",
                "C55",
                "C5",
                "C89"
            ]
        ],
        "C45": [
            false,
            [
                "C30",
                "C39",
                "C119",
                "C16",
                "C19",
                "C15",
                "C67",
                "C104",
                "C81",
                "C34"
            ]
        ],
        "C46": [
            false,
            [
                "C33",
                "C109",
                "C90",
                "C34"
            ]
        ],
        "C47": [
            true,
            [
                "C71",
                "C54",
                "C14"
            ]
        ],
        "C48": [
            false,
            [
                "C10",
                "C98",
                "C56",
                "C32"
            ]
        ],
        "C49": [
            false,
            [
                "C37",
                "C94",
                "C98",
                "C21",
                "C3"
            ]
        ],
        "C50": [
            false,
            [
                "C94",
                "C40",
                "C73"
            ]
        ],
        "C51": [
            false,
            [
                "C26",
                "C94",
                "C72",
                "C75",
                "C116",
                "C85",
                "C18",
                "C81",
                "C1",
                "C29",
                "C41"
            ]
        ],
        "C52": [
            true,
            []
        ],
        "C53": [
            true,
            [
                "C52",
                "C43",
                "C25",
                "C17",
                "C105",
                "C49",
                "C68",
                "C126"
            ]
        ],
        "C54": [
            false,
            []
        ],
        "C55": [
            false,
            [
                "C102"
            ]
        ],
        "C56": [
            false,
            [
                "C93",
                "C64",
                "C30",
                "C61",
                "C69",
                "C33",
                "C54",
                "C107",
                "C24",
                "C121",
                "C104",
                "C22"
            ]
        ],
        "C57": [
            false,
            [
                "C121",
                "C55",
                "C2",
                "C28",
                "C78",
                "C17",
                "C24",
                "C11",
                "C75"
            ]
        ],
        "C58": [
            false,
            [
                "C128",
                "C1",
                "C84",
                "C105",
                "C121",
                "C85",
                "C66",
                "C15",
                "C127",
                "C99"
            ]
        ],
        "C59": [
            true,
            [
                "C79"
            ]
        ],
        "C60": [
            true,
            [
                "C13",
                "C69",
                "C47",
                "C25",
                "C23",
                "C106",
                "C53",
                "C55",
                "C70",
                "C15",
                "C31",
                "C110"
            ]
        ],
        "C61": [
            false,
            [
                "C63",
                "C55",
                "C24",
                "C58",
                "C53",
                "C56"
            ]
        ],
        "C62": [
            false,
            [
                "C121",
                "C49",
                "C102",
                "C19",
                "C126",
                "C74",
                "C67",
                "C128",
                "C51",
                "C95",
                "C125",
                "C78"
            ]
        ],
        "C63": [
            false,
            [
                "C68",
                "C87",
                "C51",
                "C30",
                "C35",
                "C16",
                "C127",
                "C95",
                "C27",
                "C106"
            ]
        ],
        "C64": [
            true,
            [
                "C118",
                "C6",
                "C72",
                "C110"
            ]
        ],
        "C65": [
            false,
            [
                "C77",
                "C4",
                "C13",
                "C29",
                "C70",
                "C20",
                "C51",
                "C63",
                "C124",
                "C12",
                "C68"
            ]
        ],
        "C66": [
            true,
            [
                "C42",
                "C101",
                "C35",
                "C28",
                "C99",
                "C60",
                "C17"
            ]
        ],
        "C67": [
            true,
            [
                "C119",
                "C118",
                "C107",
                "C22",
                "C90"
            ]
        ],
        "C68": [
            false,
            [
                "C73",
                "C56",
                "C89",
                "C83",
                "C27",
                "C57",
                "C97"
            ]
        ],
        "C69": [
            false,
            [
                "C61",
                "C4",
                "C25",
                "C98"
            ]
        ],
        "C70": [
            false,
            [
                "C72",
                "C95",
                "C35",
                "C110",
                "C112",
                "C41",
                "C79",
                "C60",
                "C74",
                "C125",
                "C8",
                "C20"
            ]
        ],
        "C71": [
            false,
            [
                "C43",
                "C115",
                "C25",
                "C12"
            ]
        ],
        "C72": [
            false,
            [
                "C41",
                "C96",
                "C127",
                "C79",
                "C37",
                "C5",
                "C99",
                "C101",
                "C8",
                "C69",
                "C105",
                "C61"
            ]
        ],
        "C73": [
            false,
            [
                "C111",
                "C72",
                "C53",
                "C15",
                "C65",
                "C69",
                "C119",
                "C110",
                "C127",
                "C116"
            ]
        ],
        "C74": [
            false,
            [
                "C24",
                "C80",
                "C112",
                "C98",
                "C11",
                "C104",
                "C124",
                "C1",
                "C4",
                "C23"
            ]
        ],
        "C75": [
            true,
            [
                "C5",
                "C36"
            ]
        ],
        "C76": [
            true,
            [
                "C50",
                "C17",
                "C21",
                "C9"
            ]
        ],
        "C77": [
            false,
            []
        ],
        "C78": [
            false,
            [
                "C41",
                "C93",
                "C55",
                "C54",
                "C79",
                "C56",
                "C102",
                "C86",
                "C73"
            ]
        ],
        "C79": [
            false,
            [
                "C3",
                "C45",
                "C31",
                "C104",
                "C47",
                "C59",
                "C98"
            ]
        ],
        "C80": [
            true,
            [
                "C85",
                "C108",
                "C118",
                "C122",
                "C16"
            ]
        ],
        "C81": [
            true,
            [
                "C111",
                "C95",
                "C115",
                "C68"
            ]
        ],
        "C82": [
            true,
            [
                "C76",
                "C86",
                "C41",
                "C40",
                "C81",
                "C12",
                "C56",
                "C52",
                "C101",
                "C119",
                "C10",
                "C39"
            ]
        ],
        "C83": [
            false,
            [
                "C119",
                "C49"
            ]
        ],
        "C84": [
            false,
            [
                "C88",
                "C116",
                "C120",
                "C114",
                "C37"
            ]
        ],
        "C85": [
            false,
            [
                "C128",
                "C113",
                "C38",
                "C86",
                "C105",
                "C48",
                "C123",
                "C77",
                "C96"
            ]
        ],
        "C86": [
            false,
            [
                "C128",
                "C70",
                "C9"
            ]
        ],
        "C87": [
            false,
            [
                "C80",
                "C53",
                "C124",
                "C46",
                "C128"
            ]
        ],
        "C88": [
            false,
            [
                "C55",
                "C61",
                "C18",
                "C54",
                "C78"
            ]
        ],
        "C89": [
            false,
            [
                "C0",
                "C62",
                "C101",
                "C11",
                "C121",
                "C51",
                "C124",
                "C118",
                "C20",
                "C87",
                "C12",
                "C99"
            ]
        ],
        "C90": [
            false,
            [
                "C62"
            ]
        ],
        "C91": [
            false,
            [
                "C12",
                "C98",
                "C69",
                "C11",
                "C13",
                "C46",
                "C0",
                "C126",
                "C50",
                "C48"
            ]
        ],
        "C92": [
            false,
            [
                "C58",
                "C13",
                "C72",
                "C12",
                "C74",
                "C126",
                "C77",
                "C22"
            ]
        ],
        "C93": [
            false,
            [
                "C28",
                "C39",
                "C58",
                "C104",
                "C95",
                "C41"
            ]
        ],
        "C94": [
            false,
            [
                "C50",
                "C49",
                "C58",
                "C83",
                "C126",
                "C81",
                "C114",
                "C65"
            ]
        ],
        "C95": [
            false,
            [
                "C94",
                "C41",
                "C90",
                "C116"
            ]
        ],
        "C96": [
            false,
            [
                "C43",
                "C57",
                "C126",
                "C115"
            ]
        ],
        "C97": [
            true,
            [
                "C7",
                "C66"
            ]
        ],
        "C98": [
            false,
            [
                "C55",
                "C71",
                "C84"
            ]
        ],
        "C99": [
            true,
            [
                "C4",
                "C57",
                "C94"
            ]
        ],
        "C100": [
            false,
            [
                "C71"
            ]
        ],
        "C101": [
            false,
            [
                "C121",
                "C118",
                "C28",
                "C61",
                "C89",
                "C7"
            ]
        ],
        "C102": [
            false,
            [
                "C93",
                "C68",
                "C54"
            ]
        ],
        "C103": [
            false,
            [
                "C108",
                "C100",
                "C90"
            ]
        ],
        "C104": [
            false,
            [
                "C18",
                "C63",
                "C43",
                "C0",
                "C99",
                "C110",
                "C116",
                "C46"
            ]
        ],
        "C105": [
            false,
            [
                "C108"
            ]
        ],
        "C106": [
            false,
            [
                "C80",
                "C110"
            ]
        ],
        "C107": [
            false,
            [
                "C87",
                "C114",
                "C65",
                "C53",
                "C76",
                "C117",
                "C84",
                "C90"
            ]
        ],
        "C108": [
            false,
            []
        ],
        "C109": [
            false,
            [
                "C12",
                "C16",
                "C9",
                "C80",
                "C119",
                "C38",
                "C106",
                "C83"
            ]
        ],
        "C110": [
            false,
            [
                "C128",
                "C65"
            ]
        ],
        "C111": [
            true,
            [
                "C20",
                "C83",
                "C101",
                "C82",
                "C76",
                "C58"
            ]
        ],
        "C112": [
            false,
            [
                "C30",
                "C5",
                "C90",
                "C21",
                "C0",
                "C109",
                "C93",
                "C106",
                "C96"
            ]
        ],
        "C113": [
            false,
            [
                "C112",
                "C62",
                "C35",
                "C42",
                "C98",
                "C85",
                "C91",
                "C53",
                "C27",
                "C34"
            ]
        ],
        "C114": [
            false,
            [
                "C63",
                "C30",
                "C91",
                "C45",
                "C62",
                "C2",
                "C5",
                "C86",
                "C21"
            ]
        ],
        "C115": [
            false,
            [
                "C105",
                "C90",
                "C36",
                "C53",
                "C75",
                "C59"
            ]
        ],
        "C116": [
            true,
            [
                "C70"
            ]
        ],
        "C117": [
            true,
            [
                "C86",
                "C116",
                "C74",
                "C17",
                "C107",
                "C77"
            ]
        ],
        "C118": [
            false,
            [
                "C47",
                "C68",
                "C56",
                "C30",
                "C75",
                "C51"
            ]
        ],
        "C119": [
            false,
            [
                "C111",
                "C3",
                "C61",
                "C64",
                "C19"
            ]
        ],
        "C120": [
            true,
            [
                "C70"
            ]
        ],
        "C121": [
            true,
            [
                "C46",
                "C90",
                "C85",
                "C71",
                "C26",
                "C38"
            ]
        ],
        "C122": [
            true,
            [
                "C128",
                "C6",
                "C70",
                "C50",
                "C2",
                "C86",
                "C81",
                "C54",
                "C15",
                "C7",
                "C78",
                "C105"
            ]
        ],
        "C123": [
            false,
            [
                "C73",
                "C4",
                "C70",
                "C27",
                "C22",
                "C77",
                "C81"
            ]
        ],
        "C124": [
            false,
            [
                "C94",
                "C54",
                "C56",
                "C84",
                "C16",
                "C91",
                "C116"
            ]
        ],
        "C125": [
            false,
            [
                "C109",
                "C4",
                "C106",
                "C118"
            ]
        ],
        "C126": [
            false,
            [
                "C6",
                "C48",
                "C23",
                "C47",
                "C65",
                "C111",
                "C91",
                "C50"
            ]
        ],
        "C127": [
            false,
            [
                "C0",
                "C124",
                "C39",
                "C44",
                "C92",
                "C85",
                "C37",
                "C17",
                "C80",
                "C114",
                "C43"
            ]
        ],
        "C128": [
            false,
            [
                "C59",
                "C25",
                "C66",
                "C113",
                "C86",
                "C93",
                "C106",
                "C30",
                "C48",
                "C33",
                "C119"
            ]
        ]
    },
    "ground_truth_fault_paths": [
        [
            "C52",
            "C53",
            "C39",
            "C82",
            "C111",
            "C81",
            "C122",
            "C80",
            "C6",
            "C64"
        ],
        [
            "C99",
            "C39",
            "C82",
            "C111",
            "C81",
            "C122",
            "C80",
            "C6",
            "C64"
        ],
        [
            "C75",
            "C39",
            "C82",
            "C111",
            "C81",
            "C122",
            "C80",
            "C6",
            "C64"
        ],
        [
            "C76",
            "C82",
            "C111",
            "C81",
            "C122",
            "C80",
            "C6",
            "C64"
        ],
        [
            "C52",
            "C82",
            "C111",
            "C81",
            "C122",
            "C80",
            "C6",
            "C64"
        ],
        [
            "C52",
            "C53",
            "C39",
            "C82",
            "C111",
            "C42",
            "C66",
            "C97"
        ],
        [
            "C76",
            "C111",
            "C81",
            "C122",
            "C80",
            "C6",
            "C64"
        ],
        [
            "C99",
            "C39",
            "C82",
            "C111",
            "C42",
            "C66",
            "C97"
        ],
        [
            "C75",
            "C39",
            "C82",
            "C111",
            "C42",
            "C66",
            "C97"
        ],
        [
            "C81",
            "C82",
            "C111",
            "C42",
            "C66",
            "C97"
        ],
        [
            "C76",
            "C82",
            "C111",
            "C42",
            "C66",
            "C97"
        ],
        [
            "C52",
            "C82",
            "C111",
            "C42",
            "C66",
            "C97"
        ],
        [
            "C76",
            "C111",
            "C42",
            "C66",
            "C97"
        ],
        [
            "C52",
            "C53",
            "C60",
            "C66",
            "C97"
        ],
        [
            "C76",
            "C111",
            "C81",
            "C82"
        ],
        [
            "C47",
            "C60",
            "C66",
            "C97"
        ],
        [
            "C75",
            "C6",
            "C122",
            "C80"
        ],
        [
            "C99",
            "C66",
            "C97"
        ],
        [
            "C75",
            "C6",
            "C64"
        ],
        [
            "C80",
            "C6",
            "C122"
        ],
        [
            "C116",
            "C117"
        ],
        [
            "C27"
        ],
        [
            "C30"
        ],
        [
            "C59"
        ],
        [
            "C67"
        ],
        [
            "C120"
        ],
        [
            "C121"
        ]
    ],
    "error_codes": {
        "E0": [
            "FC0",
            [
                "C64",
                "C122",
                "C52",
                "C80",
                "C100",
                "C32",
                "C12",
                "C39",
                "C49",
                "C87",
                "C34",
                "C115"
            ]
        ],
        "E1": [
            "FC1",
            [
                "C64",
                "C6",
                "C122",
                "C80",
                "C120",
                "C55",
                "C25",
                "C94",
                "C68",
                "C31",
                "C119"
            ]
        ],
        "E2": [
            "FC2",
            [
                "C64",
                "C118",
                "C97",
                "C82",
                "C20",
                "C1"
            ]
        ],
        "E3": [
            "FC3",
            [
                "C64",
                "C6",
                "C80",
                "C82",
                "C36",
                "C54",
                "C84",
                "C8",
                "C56",
                "C100"
            ]
        ],
        "E4": [
            "FC4",
            [
                "C64",
                "C52",
                "C6",
                "C122",
                "C106",
                "C66",
                "C21",
                "C31",
                "C60"
            ]
        ],
        "E5": [
            "FC5",
            [
                "C97",
                "C39",
                "C52",
                "C38"
            ]
        ],
        "E6": [
            "FC6",
            [
                "C64",
                "C39",
                "C14",
                "C38",
                "C72",
                "C81",
                "C7",
                "C112",
                "C97",
                "C46",
                "C74"
            ]
        ],
        "E7": [
            "FC7",
            [
                "C97",
                "C111",
                "C82",
                "C27",
                "C88",
                "C87",
                "C25",
                "C117"
            ]
        ],
        "E8": [
            "FC8",
            [
                "C97",
                "C82",
                "C73",
                "C13",
                "C36",
                "C20"
            ]
        ],
        "E9": [
            "FC9",
            [
                "C97",
                "C42",
                "C81",
                "C4",
                "C106",
                "C56"
            ]
        ],
        "E10": [
            "FC10",
            [
                "C97",
                "C66",
                "C43",
                "C57",
                "C78",
                "C108"
            ]
        ],
        "E11": [
            "FC11",
            [
                "C97",
                "C22",
                "C93",
                "C41",
                "C25",
                "C53"
            ]
        ],
        "E12": [
            "FC12",
            [
                "C97",
                "C66",
                "C79",
                "C24",
                "C112",
                "C29",
                "C64",
                "C77",
                "C90",
                "C2",
                "C119",
                "C17",
                "C62"
            ]
        ],
        "E13": [
            "FC13",
            [
                "C97",
                "C60",
                "C71",
                "C92",
                "C96",
                "C22",
                "C110",
                "C40",
                "C128"
            ]
        ],
        "E14": [
            "FC14",
            [
                "C82",
                "C111",
                "C55",
                "C59",
                "C10",
                "C64",
                "C73",
                "C17",
                "C81",
                "C28",
                "C36"
            ]
        ],
        "E15": [
            "FC15",
            [
                "C97",
                "C100",
                "C116",
                "C56",
                "C118",
                "C98",
                "C6",
                "C106",
                "C0",
                "C124",
                "C8",
                "C74",
                "C9"
            ]
        ],
        "E16": [
            "FC16",
            [
                "C80",
                "C41",
                "C97",
                "C50",
                "C26"
            ]
        ],
        "E17": [
            "FC17",
            [
                "C97",
                "C85",
                "C26",
                "C119"
            ]
        ],
        "E18": [
            "FC18",
            [
                "C64",
                "C108",
                "C53",
                "C104",
                "C121",
                "C30",
                "C61",
                "C4",
                "C92"
            ]
        ],
        "E19": [
            "FC19",
            [
                "C122",
                "C14",
                "C83",
                "C65",
                "C39",
                "C70",
                "C10",
                "C30",
                "C37",
                "C44",
                "C123",
                "C49"
            ]
        ],
        "E20": [
            "FC20",
            [
                "C117",
                "C94",
                "C74"
            ]
        ],
        "E21": [
            "FC21",
            [
                "C27",
                "C22",
                "C33",
                "C91"
            ]
        ],
        "E22": [
            "FC22",
            [
                "C30",
                "C119",
                "C13",
                "C103",
                "C82",
                "C118",
                "C46",
                "C66",
                "C68",
                "C93"
            ]
        ],
        "E23": [
            "FC23",
            [
                "C59",
                "C14",
                "C31",
                "C75"
            ]
        ],
        "E24": [
            "FC24",
            [
                "C67",
                "C29",
                "C95",
                "C75",
                "C12",
                "C93",
                "C2",
                "C86",
                "C23",
                "C110"
            ]
        ],
        "E25": [
            "FC25",
            [
                "C120",
                "C95",
                "C3",
                "C81",
                "C35",
                "C62",
                "C85",
                "C65",
                "C31",
                "C5"
            ]
        ],
        "E26": [
            "FC26",
            [
                "C121",
                "C57",
                "C114",
                "C38",
                "C13",
                "C32",
                "C46",
                "C91",
                "C67"
            ]
        ]
    },
    "sim_accuracies": {
        "C0": [
            "0.9655771398355586",
            "False"
        ],
        "C1": [
            "0.9625359251025151",
            "False"
        ],
        "C2": [
            "0.982780954622483",
            "False"
        ],
        "C3": [
            "0.975549907461713",
            "False"
        ],
        "C4": [
            "0.9709861925362038",
            "False"
        ],
        "C5": [
            "0.9672293025845715",
            "False"
        ],
        "C6": [
            "0.9847597517535285",
            "True"
        ],
        "C7": [
            "0.981882121939414",
            "False"
        ],
        "C8": [
            "0.9835616562651884",
            "False"
        ],
        "C9": [
            "0.9797148729547354",
            "False"
        ],
        "C10": [
            "0.9705086782694363",
            "False"
        ],
        "C11": [
            "0.9565216544980613",
            "False"
        ],
        "C12": [
            "0.9616346052363689",
            "False"
        ],
        "C13": [
            "0.9695462209054061",
            "False"
        ],
        "C14": [
            "0.9572204087409637",
            "False"
        ],
        "C15": [
            "0.9871678656250136",
            "False"
        ],
        "C16": [
            "0.9863055827161229",
            "False"
        ],
        "C17": [
            "0.9675231259955054",
            "False"
        ],
        "C18": [
            "0.9788384863596464",
            "False"
        ],
        "C19": [
            "0.9553937082771307",
            "False"
        ],
        "C20": [
            "0.9762632767645453",
            "False"
        ],
        "C21": [
            "0.9516561845267609",
            "False"
        ],
        "C22": [
            "0.9701187449283348",
            "False"
        ],
        "C23": [
            "0.9889840008420581",
            "False"
        ],
        "C24": [
            "0.9804200437692591",
            "False"
        ],
        "C25": [
            "0.9831985375985427",
            "False"
        ],
        "C26": [
            "0.9709457635439409",
            "False"
        ],
        "C27": [
            "0.9873571291913121",
            "True"
        ],
        "C28": [
            "0.9616366384374055",
            "False"
        ],
        "C29": [
            "0.9747836750784047",
            "False"
        ],
        "C30": [
            "0.9849067406664005",
            "True"
        ],
        "C31": [
            "0.9862972317618015",
            "False"
        ],
        "C32": [
            "0.9505173928916981",
            "False"
        ],
        "C33": [
            "0.9751785703080923",
            "False"
        ],
        "C34": [
            "0.9557807264602398",
            "False"
        ],
        "C35": [
            "0.9798738741365876",
            "False"
        ],
        "C36": [
            "0.9720553781663616",
            "False"
        ],
        "C37": [
            "0.9532580635833592",
            "False"
        ],
        "C38": [
            "0.9728127084055015",
            "False"
        ],
        "C39": [
            "0.9612916949671676",
            "True"
        ],
        "C40": [
            "0.952913770710862",
            "False"
        ],
        "C41": [
            "0.9659022691105363",
            "False"
        ],
        "C42": [
            "0.9782594344800246",
            "True"
        ],
        "C43": [
            "0.9726067259216451",
            "False"
        ],
        "C44": [
            "0.9665348187834426",
            "False"
        ],
        "C45": [
            "0.975010306788917",
            "False"
        ],
        "C46": [
            "0.973682957550447",
            "False"
        ],
        "C47": [
            "0.9612232448618704",
            "True"
        ],
        "C48": [
            "0.9718224255975217",
            "False"
        ],
        "C49": [
            "0.9768694841429628",
            "False"
        ],
        "C50": [
            "0.9687578907460695",
            "False"
        ],
        "C51": [
            "0.9768251523498492",
            "False"
        ],
        "C52": [
            "0.9739837743091759",
            "True"
        ],
        "C53": [
            "0.9787375436137306",
            "True"
        ],
        "C54": [
            "0.9730326576172618",
            "False"
        ],
        "C55": [
            "0.9628942937432463",
            "False"
        ],
        "C56": [
            "0.9649357249196859",
            "False"
        ],
        "C57": [
            "0.9521488896176352",
            "False"
        ],
        "C58": [
            "0.9837715536418865",
            "False"
        ],
        "C59": [
            "0.9760291119420966",
            "True"
        ],
        "C60": [
            "0.9847660158594718",
            "True"
        ],
        "C61": [
            "0.9509420959619275",
            "False"
        ],
        "C62": [
            "0.9596895111703547",
            "False"
        ],
        "C63": [
            "0.9518037804619062",
            "False"
        ],
        "C64": [
            "0.9536862499506294",
            "True"
        ],
        "C65": [
            "0.9762104722498766",
            "False"
        ],
        "C66": [
            "0.9587410105099721",
            "True"
        ],
        "C67": [
            "0.9711236611855151",
            "True"
        ],
        "C68": [
            "0.9555886866398609",
            "False"
        ],
        "C69": [
            "0.981269446218719",
            "False"
        ],
        "C70": [
            "0.988938200372551",
            "False"
        ],
        "C71": [
            "0.9723376858430722",
            "False"
        ],
        "C72": [
            "0.9881506324724245",
            "False"
        ],
        "C73": [
            "0.9724615146465064",
            "False"
        ],
        "C74": [
            "0.9698497082368202",
            "False"
        ],
        "C75": [
            "0.9590429368093468",
            "True"
        ],
        "C76": [
            "0.9735058727936943",
            "True"
        ],
        "C77": [
            "0.9745505580315119",
            "False"
        ],
        "C78": [
            "0.9732675579272116",
            "False"
        ],
        "C79": [
            "0.9685063442928097",
            "False"
        ],
        "C80": [
            "0.9680359479885043",
            "True"
        ],
        "C81": [
            "0.9550556855204949",
            "True"
        ],
        "C82": [
            "0.9509989840320305",
            "True"
        ],
        "C83": [
            "0.9791366668728645",
            "False"
        ],
        "C84": [
            "0.970598829399913",
            "False"
        ],
        "C85": [
            "0.9829484411116524",
            "False"
        ],
        "C86": [
            "0.9545879188846599",
            "False"
        ],
        "C87": [
            "0.9826743865738039",
            "False"
        ],
        "C88": [
            "0.9837919858495606",
            "False"
        ],
        "C89": [
            "0.9690813033345662",
            "False"
        ],
        "C90": [
            "0.9505960603381763",
            "False"
        ],
        "C91": [
            "0.9545722046754472",
            "False"
        ],
        "C92": [
            "0.9856361030243698",
            "False"
        ],
        "C93": [
            "0.9821065786805727",
            "False"
        ],
        "C94": [
            "0.9841113145048176",
            "False"
        ],
        "C95": [
            "0.970459981725808",
            "False"
        ],
        "C96": [
            "0.9575393180439761",
            "False"
        ],
        "C97": [
            "0.9695323362453049",
            "True"
        ],
        "C98": [
            "0.9825764826548293",
            "False"
        ],
        "C99": [
            "0.9824215280638617",
            "True"
        ],
        "C100": [
            "0.9639524679918245",
            "False"
        ],
        "C101": [
            "0.98415674401064",
            "False"
        ],
        "C102": [
            "0.9866242632123325",
            "False"
        ],
        "C103": [
            "0.9867614327962814",
            "False"
        ],
        "C104": [
            "0.969883629104712",
            "False"
        ],
        "C105": [
            "0.9749907552835201",
            "False"
        ],
        "C106": [
            "0.9617920910134575",
            "False"
        ],
        "C107": [
            "0.981951543882507",
            "False"
        ],
        "C108": [
            "0.963576858024208",
            "False"
        ],
        "C109": [
            "0.963497629286941",
            "False"
        ],
        "C110": [
            "0.9719829306552109",
            "False"
        ],
        "C111": [
            "0.9531904234670784",
            "True"
        ],
        "C112": [
            "0.9798287034037475",
            "False"
        ],
        "C113": [
            "0.9664843242196197",
            "False"
        ],
        "C114": [
            "0.9520859743761533",
            "False"
        ],
        "C115": [
            "0.9716721717413307",
            "False"
        ],
        "C116": [
            "0.9854219999358759",
            "True"
        ],
        "C117": [
            "0.9510457543130361",
            "True"
        ],
        "C118": [
            "0.9717658068224029",
            "False"
        ],
        "C119": [
            "0.9895770553705445",
            "False"
        ],
        "C120": [
            "0.9583255516521371",
            "True"
        ],
        "C121": [
            "0.9645150175215061",
            "True"
        ],
        "C122": [
            "0.972816474252492",
            "True"
        ],
        "C123": [
            "0.965087424264059",
            "False"
        ],
        "C124": [
            "0.957818892800558",
            "False"
        ],
        "C125": [
            "0.962621446245717",
            "False"
        ],
        "C126": [
            "0.9622134129367174",
            "False"
        ],
        "C127": [
            "0.967827813253054",
            "False"
        ],
        "C128": [
            "0.9836861416079454",
            "False"
        ]
    }
}