{
    "suspect_components": {
        "C0": [
            true,
            []
        ],
        "C1": [
            false,
            [
                "C7",
                "C124",
                "C27",
                "C86",
                "C123",
                "C104",
                "C118",
                "C30",
                "C37",
                "C17",
                "C103",
                "C26"
            ]
        ],
        "C2": [
            false,
            []
        ],
        "C3": [
            false,
            [
                "C107",
                "C13",
                "C22",
                "C115"
            ]
        ],
        "C4": [
            false,
            [
                "C29",
                "C63",
                "C74",
                "C24",
                "C83",
                "C20",
                "C103",
                "C96"
            ]
        ],
        "C5": [
            false,
            [
                "C79",
                "C103",
                "C43",
                "C116"
            ]
        ],
        "C6": [
            true,
            [
                "C107"
            ]
        ],
        "C7": [
            false,
            [
                "C32",
                "C47",
                "C49",
                "C1",
                "C107",
                "C4",
                "C31",
                "C74"
            ]
        ],
        "C8": [
            false,
            [
                "C77",
                "C33",
                "C78",
                "C26",
                "C55",
                "C95",
                "C24",
                "C127"
            ]
        ],
        "C9": [
            false,
            [
                "C94",
                "C26",
                "C74",
                "C120",
                "C111",
                "C13",
                "C124",
                "C27",
                "C31",
                "C63"
            ]
        ],
        "C10": [
            false,
            [
                "C0",
                "C101",
                "C115",
                "C43",
                "C40",
                "C97",
                "C122",
                "C4",
                "C67"
            ]
        ],
        "C11": [
            true,
            []
        ],
        "C12": [
            false,
            [
                "C125",
                "C100",
                "C96",
                "C120",
                "C42",
                "C45",
                "C62"
            ]
        ],
        "C13": [
            false,
            [
                "C44",
                "C40",
                "C81",
                "C28",
                "C1"
            ]
        ],
        "C14": [
            false,
            []
        ],
        "C15": [
            false,
            [
                "C119",
                "C75",
                "C56",
                "C78",
                "C4",
                "C47"
            ]
        ],
        "C16": [
            false,
            [
                "C111",
                "C38",
                "C5",
                "C70",
                "C7",
                "C87"
            ]
        ],
        "C17": [
            false,
            [
                "C45",
                "C110"
            ]
        ],
        "C18": [
            false,
            [
                "C26",
                "C108",
                "C116",
                "C93",
                "C0",
                "C62",
                "C38",
                "C96",
                "C52",
                "C50",
                "C77",
                "C122"
            ]
        ],
        "C19": [
            false,
            [
                "C12",
                "C107",
                "C80",
                "C103",
                "C54",
                "C43"
            ]
        ],
        "C20": [
            true,
            [
                "C96",
                "C113",
                "C122"
            ]
        ],
        "C21": [
            false,
            [
                "C28",
                "C112",
                "C0",
                "C25",
                "C100",
                "C64",
                "C71",
                "C13",
                "C60"
            ]
        ],
        "C22": [
            false,
            [
                "C58",
                "C10",
                "C125",
                "C97",
                "C72",
                "C3",
                "C64",
                "C48"
            ]
        ],
        "C23": [
            false,
            [
                "C97",
                "C89",
                "C47",
                "C19",
                "C59",
                "C64"
            ]
        ],
        "C24": [
            false,
            [
                "C101",
                "C127",
                "C86",
                "C105",
                "C128",
                "C6",
                "C75"
            ]
        ],
        "C25": [
            true,
            [
                "C51",
                "C15",
                "C65",
                "C27",
                "C22",
                "C71",
                "C114",
                "C78",
                "C82",
                "C68",
                "C93",
                "C12"
            ]
        ],
        "C26": [
            false,
            [
                "C106",
                "C121",
                "C79",
                "C90",
                "C30",
                "C74",
                "C4"
            ]
        ],
        "C27": [
            false,
            [
                "C80",
                "C10",
                "C24",
                "C56"
            ]
        ],
        "C28": [
            false,
            [
                "C56",
                "C117",
                "C14",
                "C73",
                "C69",
                "C82",
                "C112",
                "C30",
                "C99",
                "C110",
                "C120",
                "C4"
            ]
        ],
        "C29": [
            true,
            [
                "C89",
                "C2",
                "C61",
                "C83",
                "C60",
                "C54",
                "C88",
                "C65",
                "C57",
                "C9",
                "C55",
                "C106"
            ]
        ],
        "C30": [
            false,
            [
                "C28",
                "C79",
                "C39",
                "C55"
            ]
        ],
        "C31": [
            false,
            [
                "C80",
                "C44",
                "C111",
                "C52",
                "C103"
            ]
        ],
        "C32": [
            true,
            []
        ],
        "C33": [
            false,
            [
                "C28",
                "C63",
                "C117",
                "C53",
                "C41",
                "C109",
                "C3"
            ]
        ],
        "C34": [
            false,
            [
                "C52",
                "C25",
                "C126",
                "C16",
                "C119",
                "C38",
                "C19",
                "C47",
                "C62",
                "C30"
            ]
        ],
        "C35": [
            false,
            [
                "C2",
                "C109",
                "C59",
                "C120",
                "C108",
                "C101",
                "C19",
                "C119",
                "C44"
            ]
        ],
        "C36": [
            true,
            [
                "C80"
            ]
        ],
        "C37": [
            false,
            [
                "C14",
                "C7",
                "C30",
                "C75",
                "C38",
                "C24",
                "C28",
                "C114",
                "C66",
                "C63",
                "C118",
                "C39"
            ]
        ],
        "C38": [
            false,
            [
                "C36",
                "C79",
                "C58",
                "C89",
                "C114"
            ]
        ],
        "C39": [
            true,
            [
                "C3",
                "C53"
            ]
        ],
        "C40": [
            false,
            []
        ],
        "C41": [
            true,
            [
                "C34",
                "C83",
                "C59",
                "C128",
                "C40",
                "C13",
                "C32",
                "C55"
            ]
        ],
        "C42": [
            true,
            [
                "C82",
                "C18",
                "C105",
                "C1",
                "C38",
                "C51",
                "C26",
                "C86"
            ]
        ],
        "C43": [
            true,
            [
                "C65",
                "C58",
                "C12",
                "C26",
                "C105",
                "C56",
                "C89",
                "C124",
                "C18"
            ]
        ],
        "C44": [
            false,
            [
                "C43",
                "C63"
            ]
        ],
        "C45": [
            false,
            [
                "C91",
                "C40",
                "C49",
                "C18",
                "C32"
            ]
        ],
        "C46": [
            true,
            [
                "C107",
                "C115",
                "C8",
                "C118",
                "C40"
            ]
        ],
        "C47": [
            false,
            [
                "C127"
            ]
        ],
        "C48": [
            false,
            []
        ],
        "C49": [
            false,
            [
                "C86",
                "C64",
                "C5",
                "C67"
            ]
        ],
        "C50": [
            true,
            [
                "C5"
            ]
        ],
        "C51": [
            false,
            [
                "C79",
                "C68",
                "C35",
                "C66",
                "C106",
                "C38",
                "C34",
                "C103",
                "C89",
                "C72"
            ]
        ],
        "C52": [
            false,
            [
                "C16",
                "C120",
                "C27",
                "C33",
                "C53",
                "C6",
                "C99",
                "C14"
            ]
        ],
        "C53": [
            false,
            [
                "C3",
                "C96",
                "C105",
                "C88"
            ]
        ],
        "C54": [
            false,
            [
                "C13",
                "C11",
                "C38",
                "C97",
                "C101",
                "C106",
                "C49",
                "C126",
                "C62",
                "C27"
            ]
        ],
        "C55": [
            false,
            [
                "C122",
                "C116",
                "C78",
                "C128",
                "C69",
                "C36"
            ]
        ],
        "C56": [
            false,
            [
                "C103",
                "C73"
            ]
        ],
        "C57": [
            true,
            [
                "C14",
                "C85",
                "C109",
                "C33",
                "C6",
                "C105",
                "C117"
            ]
        ],
        "C58": [
            false,
            [
                "C108",
                "C77",
                "C46",
                "C107",
                "C71",
                "C105",
                "C63",
                "C18",
                "C73"
            ]
        ],
        "C59": [
            false,
            [
                "C60",
                "C78",
                "C103",
                "C65",
                "C119",
                "C74"
            ]
        ],
        "C60": [
            false,
            [
                "C72",
                "C5",
                "C29",
                "C125",
                "C47",
                "C37",
                "C117"
            ]
        ],
        "C61": [
            true,
            [
                "C68",
                "C35",
                "C79",
                "C8"
            ]
        ],
        "C62": [
            false,
            [
                "C118",
                "C12",
                "C83",
                "C15",
                "C41",
                "C47",
                "C39",
                "C25",
                "C23"
            ]
        ],
        "C63": [
            false,
            [
                "C59",
                "C42",
                "C83"
            ]
        ],
        "C64": [
            false,
            [
                "C11",
                "C73",
                "C99",
                "C78",
                "C51",
                "C33",
                "C4",
                "C48",
                "C53",
                "C27"
            ]
        ],
        "C65": [
            false,
            [
                "C97",
                "C107",
                "C106",
                "C122",
                "C34",
                "C40",
                "C74",
                "C96"
            ]
        ],
        "C66": [
            true,
            [
                "C57",
                "C51",
                "C71",
                "C29",
                "C12",
                "C128",
                "C113",
                "C37",
                "C27"
            ]
        ],
        "C67": [
            false,
            [
                "C59"
            ]
        ],
        "C68": [
            false,
            [
                "C81",
                "C26",
                "C114",
                "C12",
                "C87",
                "C4",
                "C28",
                "C46",
                "C41"
            ]
        ],
        "C69": [
            false,
            [
                "C99",
                "C105",
                "C98",
                "C111",
                "C24",
                "C27",
                "C54",
                "C79",
                "C45",
                "C113",
                "C80",
                "C103"
            ]
        ],
        "C70": [
            false,
            [
                "C10",
                "C0",
                "C55",
                "C42",
                "C72",
                "C6",
                "C88",
                "C116",
                "C126",
                "C39"
            ]
        ],
        "C71": [
            false,
            []
        ],
        "C72": [
            false,
            [
                "C121",
                "C123",
                "C15",
                "C63",
                "C14"
            ]
        ],
        "C73": [
            true,
            [
                "C5",
                "C60",
                "C42",
                "C82",
                "C58"
            ]
        ],
        "C74": [
            false,
            [
                "C92",
                "C101",
                "C43",
                "C80"
            ]
        ],
        "C75": [
            false,
            []
        ],
        "C76": [
            true,
            [
                "C13",
                "C80",
                "C25"
            ]
        ],
        "C77": [
            false,
            [
                "C97"
            ]
        ],
        "C78": [
            true,
            [
                "C51",
                "C48",
                "C39",
                "C16",
                "C62",
                "C33",
                "C67"
            ]
        ],
        "C79": [
            true,
            [
                "C65",
                "C49",
                "C97",
                "C52",
                "C89",
                "C32",
                "C74",
                "C28",
                "C51"
            ]
        ],
        "C80": [
            false,
            [
                "C28",
                "C69",
                "C54",
                "C64",
                "C124",
                "C70",
                "C0",
                "C107"
            ]
        ],
        "C81": [
            false,
            []
        ],
        "C82": [
            false,
            [
                "C99"
            ]
        ],
        "C83": [
            false,
            [
                "C51",
                "C31",
                "C61",
                "C101",
                "C73",
                "C116"
            ]
        ],
        "C84": [
            false,
            [
                "C105",
                "C45",
                "C31",
                "C42"
            ]
        ],
        "C85": [
            false,
            [
                "C112",
                "C26",
                "C79",
                "C6",
                "C31",
                "C14",
                "C99",
                "C27"
            ]
        ],
        "C86": [
            false,
            [
                "C107",
                "C27",
                "C62",
                "C70",
                "C53"
            ]
        ],
        "C87": [
            false,
            [
                "C35",
                "C86",
                "C14",
                "C52",
                "C36",
                "C57",
                "C38",
                "C95",
                "C6",
                "C106",
                "C46",
                "C41"
            ]
        ],
        "C88": [
            false,
            []
        ],
        "C89": [
            false,
            [
                "C17",
                "C43",
                "C30",
                "C23",
                "C92",
                "C109",
                "C126",
                "C110",
                "C107",
                "C128",
                "C57",
                "C15"
            ]
        ],
        "C90": [
            false,
            [
                "C35",
                "C83",
                "C126",
                "C113",
                "C38",
                "C120",
                "C32",
                "C102",
                "C47"
            ]
        ],
        "C91": [
            false,
            [
                "C35",
                "C27",
                "C83"
            ]
        ],
        "C92": [
            false,
            [
                "C10",
                "C43",
                "C1"
            ]
        ],
        "C93": [
            false,
            [
                "C59",
                "C54",
                "C34",
                "C78"
            ]
        ],
        "C94": [
            false,
            [
                "C96",
                "C117",
                "C77",
                "C31",
                "C51",
                "C103",
                "C79"
            ]
        ],
        "C95": [
            false,
            [
                "C116",
                "C120",
                "C25"
            ]
        ],
        "C96": [
            false,
            [
                "C7",
                "C8",
                "C55",
                "C18",
                "C21",
                "C76",
                "C2"
            ]
        ],
        "C97": [
            false,
            [
                "C16",
                "C94",
                "C14",
                "C61"
            ]
        ],
        "C98": [
            false,
            [
                "C30",
                "C46",
                "C80",
                "C22",
                "C100",
                "C78",
                "C12",
                "C128",
                "C109",
                "C31",
                "C52"
            ]
        ],
        "C99": [
            true,
            [
                "C20",
                "C72",
                "C92",
                "C58"
            ]
        ],
        "C100": [
            false,
            [
                "C35",
                "C63",
                "C96",
                "C10",
                "C90"
            ]
        ],
        "C101": [
            false,
            [
                "C124",
                "C63",
                "C99",
                "C27",
                "C16",
                "C22",
                "C31",
                "C4",
                "C77",
                "C115",
                "C98",
                "C62"
            ]
        ],
        "C102": [
            false,
            [
                "C92",
                "C128",
                "C74",
                "C43",
                "C107",
                "C20",
                "C116",
                "C121",
                "C95",
                "C34"
            ]
        ],
        "C103": [
            false,
            [
                "C69",
                "C97",
                "C125",
                "C70",
                "C104",
                "C124",
                "C8",
                "C79",
                "C100",
                "C80",
                "C120"
            ]
        ],
        "C104": [
            false,
            [
                "C6",
                "C10",
                "C41",
                "C97",
                "C83"
            ]
        ],
        "C105": [
            true,
            [
                "C111",
                "C74",
                "C12",
                "C21",
                "C9",
                "C95",
                "C93",
                "C32",
                "C60"
            ]
        ],
        "C106": [
            true,
            [
                "C93",
                "C26",
                "C111",
                "C55",
                "C82",
                "C34",
                "C102",
                "C23",
                "C52",
                "C122"
            ]
        ],
        "C107": [
            false,
            [
                "C10",
                "C87",
                "C109",
                "C100",
                "C19",
                "C88",
                "C6",
                "C8",
                "C21",
                "C27",
                "C75"
            ]
        ],
        "C108": [
            false,
            [
                "C35",
                "C82",
                "C50",
                "C0",
                "C103",
                "C98",
                "C83",
                "C15",
                "C96",
                "C127",
                "C23",
                "C100"
            ]
        ],
        "C109": [
            true,
            [
                "C81",
                "C3",
                "C79",
                "C21",
                "C70",
                "C45",
                "C117",
                "C102"
            ]
        ],
        "C110": [
            false,
            [
                "C0"
            ]
        ],
        "C111": [
            false,
            [
                "C100",
                "C72",
                "C27",
                "C96"
            ]
        ],
        "C112": [
            false,
            [
                "C89",
                "C33",
                "C73"
            ]
        ],
        "C113": [
            false,
            []
        ],
        "C114": [
            false,
            [
                "C86",
                "C69",
                "C118",
                "C46",
                "C12"
            ]
        ],
        "C115": [
            false,
            [
                "C21",
                "C7",
                "C41",
                "C60",
                "C120",
                "C81",
                "C45",
                "C97",
                "C93"
            ]
        ],
        "C116": [
            false,
            [
                "C58",
                "C2"
            ]
        ],
        "C117": [
            false,
            [
                "C84",
                "C69",
                "C53",
                "C68",
                "C16",
                "C18"
            ]
        ],
        "C118": [
            false,
            [
                "C24"
            ]
        ],
        "C119": [
            false,
            [
                "C103",
                "C48",
                "C121",
                "C110",
                "C31",
                "C52",
                "C75",
                "C117",
                "C53"
            ]
        ],
        "C120": [
            false,
            [
                "C97",
                "C102",
                "C49",
                "C94",
                "C9",
                "C104",
                "C111",
                "C117",
                "C58"
            ]
        ],
        "C121": [
            false,
            [
                "C19",
                "C120",
                "C26",
                "C63",
                "C85",
                "C78",
                "C68",
                "C9",
                "C18",
                "C102",
                "C86"
            ]
        ],
        "C122": [
            true,
            [
                "C95",
                "C54",
                "C74",
                "C97",
                "C75"
            ]
        ],
        "C123": [
            false,
            [
                "C76",
                "C119",
                "C52",
                "C45",
                "C59",
                "C42",
                "C115",
                "C39",
                "C43",
                "C57",
                "C94"
            ]
        ],
        "C124": [
            false,
            [
                "C81",
                "C38",
                "C30",
                "C46",
                "C96",
                "C61",
                "C120",
                "C88"
            ]
        ],
        "C125": [
            false,
            [
                "C49",
                "C26",
                "C19",
                "C57",
                "C50",
                "C74",
                "C44"
            ]
        ],
        "C126": [
            false,
            [
                "C76",
                "C73"
            ]
        ],
        "C127": [
            false,
            [
                "C67",
                "C54",
                "C14",
                "C27",
                "C39",
                "C83",
                "C107",
                "C6"
            ]
        ],
        "C128": [
            false,
            [
                "C10",
                "C12",
                "C30",
                "C119",
                "C44",
                "C15",
                "C17",
                "C100",
                "C99",
                "C122",
                "C38"
            ]
        ]
    },
    "ground_truth_fault_paths": [
        [
            "C32",
            "C79",
            "C109",
            "C57",
            "C29",
            "C66"
        ],
        [
            "C32",
            "C105",
            "C57",
            "C29",
            "C66"
        ],
        [
            "C32",
            "C79",
            "C109",
            "C57",
            "C66"
        ],
        [
            "C32",
            "C79",
            "C61",
            "C29",
            "C66"
        ],
        [
            "C122",
            "C106",
            "C29",
            "C66"
        ],
        [
            "C32",
            "C105",
            "C57",
            "C66"
        ],
        [
            "C32",
            "C105",
            "C42",
            "C73"
        ],
        [
            "C39",
            "C78",
            "C25",
            "C76"
        ],
        [
            "C6",
            "C57",
            "C29",
            "C66"
        ],
        [
            "C122",
            "C20",
            "C99"
        ],
        [
            "C32",
            "C105",
            "C43"
        ],
        [
            "C6",
            "C57",
            "C66"
        ],
        [
            "C32",
            "C41"
        ],
        [
            "C0"
        ],
        [
            "C11"
        ],
        [
            "C36"
        ],
        [
            "C46"
        ],
        [
            "C50"
        ]
    ],
    "error_codes": {
        "E0": [
            "FC0",
            [
                "C66",
                "C79",
                "C57",
                "C80",
                "C83",
                "C46",
                "C18",
                "C11",
                "C41",
                "C70"
            ]
        ],
        "E1": [
            "FC1",
            [
                "C66",
                "C105",
                "C49",
                "C74",
                "C103",
                "C123",
                "C19",
                "C3",
                "C31"
            ]
        ],
        "E2": [
            "FC2",
            [
                "C66",
                "C79",
                "C118",
                "C98",
                "C95",
                "C40",
                "C122",
                "C74",
                "C69"
            ]
        ],
        "E3": [
            "FC3",
            [
                "C66",
                "C9",
                "C106",
                "C48",
                "C90",
                "C60",
                "C111",
                "C31",
                "C46"
            ]
        ],
        "E4": [
            "FC4",
            [
                "C66",
                "C29",
                "C99",
                "C38",
                "C128",
                "C41",
                "C71",
                "C60",
                "C73"
            ]
        ],
        "E5": [
            "FC5",
            [
                "C66",
                "C32",
                "C93",
                "C98"
            ]
        ],
        "E6": [
            "FC6",
            [
                "C73",
                "C32",
                "C79",
                "C15",
                "C96",
                "C100",
                "C7",
                "C23",
                "C21",
                "C41"
            ]
        ],
        "E7": [
            "FC7",
            [
                "C76",
                "C32",
                "C10",
                "C31",
                "C0",
                "C63",
                "C72",
                "C115",
                "C45",
                "C58"
            ]
        ],
        "E8": [
            "FC8",
            [
                "C66",
                "C77",
                "C95",
                "C62",
                "C68",
                "C54",
                "C107",
                "C10",
                "C64",
                "C105"
            ]
        ],
        "E9": [
            "FC9",
            [
                "C99",
                "C122",
                "C80",
                "C2",
                "C119",
                "C47",
                "C38",
                "C114"
            ]
        ],
        "E10": [
            "FC10",
            [
                "C43",
                "C108",
                "C89",
                "C128",
                "C61",
                "C28",
                "C17",
                "C21",
                "C103",
                "C19",
                "C84",
                "C24",
                "C85"
            ]
        ],
        "E11": [
            "FC11",
            [
                "C66",
                "C126",
                "C48",
                "C71",
                "C87",
                "C36",
                "C94",
                "C84",
                "C1",
                "C92",
                "C85"
            ]
        ],
        "E12": [
            "FC12",
            [
                "C41",
                "C91",
                "C6",
                "C70"
            ]
        ],
        "E13": [
            "FC13",
            [
                "C0",
                "C72",
                "C116",
                "C127",
                "C86",
                "C8",
                "C20"
            ]
        ],
        "E14": [
            "FC14",
            [
                "C11",
                "C63",
                "C101",
                "C111",
                "C105",
                "C75",
                "C93",
                "C25",
                "C109",
                "C121",
                "C102",
                "C45",
                "C122"
            ]
        ],
        "E15": [
            "FC15",
            [
                "C36",
                "C5",
                "C94",
                "C112",
                "C19"
            ]
        ],
        "E16": [
            "FC16",
            [
                "C46",
                "C72",
                "C13",
                "C10",
                "C12",
                "C54",
                "C124",
                "C9"
            ]
        ],
        "E17": [
            "FC17",
            [
                "C50",
                "C25",
                "C83"
            ]
        ]
    },
    "sim_accuracies": {
        "C0": [
            "0.9876747137374815",
            "True"
        ],
        "C1": [
            "0.9620144392788833",
            "False"
        ],
        "C2": [
            "0.9540134647884326",
            "False"
        ],
        "C3": [
            "0.9632673782935695",
            "False"
        ],
        "C4": [
            "0.9811136070362041",
            "False"
        ],
        "C5": [
            "0.9787309528476729",
            "False"
        ],
        "C6": [
            "0.9788836623767889",
            "True"
        ],
        "C7": [
            "0.9816996342364352",
            "False"
        ],
        "C8": [
            "0.9571082097455655",
            "False"
        ],
        "C9": [
            "0.9595750686033124",
            "False"
        ],
        "C10": [
            "0.9618310053384709",
            "False"
        ],
        "C11": [
            "0.9523533121050745",
            "True"
        ],
        "C12": [
            "0.9841791904676639",
            "False"
        ],
        "C13": [
            "0.9681495379509706",
            "False"
        ],
        "C14": [
            "0.951622272625527",
            "False"
        ],
        "C15": [
            "0.9542479474310733",
            "False"
        ],
        "C16": [
            "0.9628579933405526",
            "False"
        ],
        "C17": [
            "0.9893132853833979",
            "False"
        ],
        "C18": [
            "0.9781083422721908",
            "False"
        ],
        "C19": [
            "0.9642744723410971",
            "False"
        ],
        "C20": [
            "0.9675426046196709",
            "True"
        ],
        "C21": [
            "0.9585264550037608",
            "False"
        ],
        "C22": [
            "0.9750913307645044",
            "False"
        ],
        "C23": [
            "0.9859673295559273",
            "False"
        ],
        "C24": [
            "0.9888003270654561",
            "False"
        ],
        "C25": [
            "0.956981716818423",
            "True"
        ],
        "C26": [
            "0.9867831838205942",
            "False"
        ],
        "C27": [
            "0.9578318895536374",
            "False"
        ],
        "C28": [
            "0.9832044510300932",
            "False"
        ],
        "C29": [
            "0.9893689226657012",
            "True"
        ],
        "C30": [
            "0.9614905851427802",
            "False"
        ],
        "C31": [
            "0.9836219202232453",
            "False"
        ],
        "C32": [
            "0.9605957485266347",
            "True"
        ],
        "C33": [
            "0.9799831137434953",
            "False"
        ],
        "C34": [
            "0.9589036977313266",
            "False"
        ],
        "C35": [
            "0.9733138784408698",
            "False"
        ],
        "C36": [
            "0.9743336575032365",
            "True"
        ],
        "C37": [
            "0.9604276113494375",
            "False"
        ],
        "C38": [
            "0.9814250301871101",
            "False"
        ],
        "C39": [
            "0.9655927345194386",
            "True"
        ],
        "C40": [
            "0.9791269508331479",
            "False"
        ],
        "C41": [
            "0.9609234433450494",
            "True"
        ],
        "C42": [
            "0.9793699829641372",
            "True"
        ],
        "C43": [
            "0.9654901834997316",
            "True"
        ],
        "C44": [
            "0.9697875094347871",
            "False"
        ],
        "C45": [
            "0.9588114225838218",
            "False"
        ],
        "C46": [
            "0.9797366101871005",
            "True"
        ],
        "C47": [
            "0.9763816190798027",
            "False"
        ],
        "C48": [
            "0.9507410001988077",
            "False"
        ],
        "C49": [
            "0.9801838703887301",
            "False"
        ],
        "C50": [
            "0.9771477283242754",
            "True"
        ],
        "C51": [
            "0.9741798312578023",
            "False"
        ],
        "C52": [
            "0.9599200628588922",
            "False"
        ],
        "C53": [
            "0.9893291993695829",
            "False"
        ],
        "C54": [
            "0.950955030431903",
            "False"
        ],
        "C55": [
            "0.9765831303646002",
            "False"
        ],
        "C56": [
            "0.9846135356350487",
            "False"
        ],
        "C57": [
            "0.9680235633417138",
            "True"
        ],
        "C58": [
            "0.9699729889298266",
            "False"
        ],
        "C59": [
            "0.9637970030184415",
            "False"
        ],
        "C60": [
            "0.9756876985967364",
            "False"
        ],
        "C61": [
            "0.9522143710953314",
            "True"
        ],
        "C62": [
            "0.9807633797387881",
            "False"
        ],
        "C63": [
            "0.9772599090601435",
            "False"
        ],
        "C64": [
            "0.9715361005383875",
            "False"
        ],
        "C65": [
            "0.9605137505907632",
            "False"
        ],
        "C66": [
            "0.980964213900239",
            "True"
        ],
        "C67": [
            "0.9588517800492377",
            "False"
        ],
        "C68": [
            "0.9502084350635673",
            "False"
        ],
        "C69": [
            "0.9594012463174261",
            "False"
        ],
        "C70": [
            "0.9581871121772967",
            "False"
        ],
        "C71": [
            "0.9854016782066977",
            "False"
        ],
        "C72": [
            "0.9844992645625524",
            "False"
        ],
        "C73": [
            "0.9824137535162716",
            "True"
        ],
        "C74": [
            "0.9539854336675315",
            "False"
        ],
        "C75": [
            "0.9889343125581849",
            "False"
        ],
        "C76": [
            "0.9710130778439561",
            "True"
        ],
        "C77": [
            "0.9782961551891611",
            "False"
        ],
        "C78": [
            "0.9877960202505257",
            "True"
        ],
        "C79": [
            "0.973964300797179",
            "True"
        ],
        "C80": [
            "0.9818570815338473",
            "False"
        ],
        "C81": [
            "0.9552561019369884",
            "False"
        ],
        "C82": [
            "0.9827756215645264",
            "False"
        ],
        "C83": [
            "0.9767604166663707",
            "False"
        ],
        "C84": [
            "0.9562140968197516",
            "False"
        ],
        "C85": [
            "0.9619923573723521",
            "False"
        ],
        "C86": [
            "0.9680111867186394",
            "False"
        ],
        "C87": [
            "0.976652612852294",
            "False"
        ],
        "C88": [
            "0.9899015352061603",
            "False"
        ],
        "C89": [
            "0.9695445126531453",
            "False"
        ],
        "C90": [
            "0.9518546175714829",
            "False"
        ],
        "C91": [
            "0.9563911572392513",
            "False"
        ],
        "C92": [
            "0.9583648413403151",
            "False"
        ],
        "C93": [
            "0.9743709277631568",
            "False"
        ],
        "C94": [
            "0.9524565732941953",
            "False"
        ],
        "C95": [
            "0.9795403216201936",
            "False"
        ],
        "C96": [
            "0.9807591598331231",
            "False"
        ],
        "C97": [
            "0.9833862763922041",
            "False"
        ],
        "C98": [
            "0.9636492831486394",
            "False"
        ],
        "C99": [
            "0.9873346627914339",
            "True"
        ],
        "C100": [
            "0.9617358374915376",
            "False"
        ],
        "C101": [
            "0.953376308546667",
            "False"
        ],
        "C102": [
            "0.9608645757552241",
            "False"
        ],
        "C103": [
            "0.9889519499014192",
            "False"
        ],
        "C104": [
            "0.9638900242408515",
            "False"
        ],
        "C105": [
            "0.9868689113399545",
            "True"
        ],
        "C106": [
            "0.9873792766089426",
            "True"
        ],
        "C107": [
            "0.9626707957541033",
            "False"
        ],
        "C108": [
            "0.962686822894622",
            "False"
        ],
        "C109": [
            "0.9706612235377107",
            "True"
        ],
        "C110": [
            "0.9610121582420734",
            "False"
        ],
        "C111": [
            "0.9520141513782822",
            "False"
        ],
        "C112": [
            "0.9754596670894651",
            "False"
        ],
        "C113": [
            "0.9629098229423999",
            "False"
        ],
        "C114": [
            "0.9543158107277218",
            "False"
        ],
        "C115": [
            "0.9585453826009438",
            "False"
        ],
        "C116": [
            "0.9810061144507229",
            "False"
        ],
        "C117": [
            "0.972916713032108",
            "False"
        ],
        "C118": [
            "0.9624959558394696",
            "False"
        ],
        "C119": [
            "0.9646237751992577",
            "False"
        ],
        "C120": [
            "0.9820245574810811",
            "False"
        ],
        "C121": [
            "0.9678170103152313",
            "False"
        ],
        "C122": [
            "0.9529388490653459",
            "True"
        ],
        "C123": [
            "0.9703343200677192",
            "False"
        ],
        "C124": [
            "0.9655653185478219",
            "False"
        ],
        "C125": [
            "0.9877197825804267",
            "False"
        ],
        "C126": [
            "0.9532491105883387",
            "False"
        ],
        "C127": [
            "0.9672491181717003",
            "False"
        ],
        "C128": [
            "0.9764362100742144",
            "False"
        ]
    }
}