{
    "suspect_components": {
        "C0": [
            false,
            [
                "C127",
                "C89",
                "C119",
                "C72",
                "C40",
                "C23",
                "C92",
                "C34",
                "C3"
            ]
        ],
        "C1": [
            false,
            [
                "C118"
            ]
        ],
        "C2": [
            false,
            [
                "C109",
                "C78",
                "C124",
                "C102",
                "C74"
            ]
        ],
        "C3": [
            true,
            [
                "C80",
                "C86"
            ]
        ],
        "C4": [
            false,
            []
        ],
        "C5": [
            false,
            [
                "C120",
                "C23",
                "C103",
                "C84",
                "C10",
                "C31",
                "C3",
                "C95",
                "C102",
                "C122",
                "C12",
                "C92"
            ]
        ],
        "C6": [
            false,
            [
                "C4",
                "C68",
                "C29",
                "C83",
                "C104",
                "C18",
                "C127",
                "C8"
            ]
        ],
        "C7": [
            false,
            [
                "C100"
            ]
        ],
        "C8": [
            false,
            [
                "C95",
                "C1",
                "C102",
                "C120",
                "C52",
                "C110"
            ]
        ],
        "C9": [
            false,
            [
                "C6",
                "C27",
                "C66",
                "C81",
                "C61",
                "C88",
                "C30",
                "C99",
                "C74"
            ]
        ],
        "C10": [
            true,
            [
                "C42",
                "C25",
                "C20"
            ]
        ],
        "C11": [
            false,
            [
                "C98",
                "C60",
                "C13",
                "C84",
                "C97",
                "C37",
                "C46",
                "C76",
                "C42"
            ]
        ],
        "C12": [
            false,
            [
                "C108",
                "C36",
                "C101"
            ]
        ],
        "C13": [
            false,
            [
                "C84"
            ]
        ],
        "C14": [
            false,
            [
                "C58",
                "C60"
            ]
        ],
        "C15": [
            true,
            [
                "C59",
                "C28",
                "C41",
                "C3"
            ]
        ],
        "C16": [
            false,
            [
                "C36"
            ]
        ],
        "C17": [
            true,
            [
                "C65",
                "C85",
                "C1",
                "C128",
                "C24",
                "C112",
                "C125",
                "C47"
            ]
        ],
        "C18": [
            true,
            [
                "C88",
                "C33",
                "C13",
                "C37",
                "C82",
                "C32",
                "C122",
                "C65"
            ]
        ],
        "C19": [
            false,
            [
                "C72",
                "C83"
            ]
        ],
        "C20": [
            false,
            [
                "C54",
                "C109",
                "C38"
            ]
        ],
        "C21": [
            true,
            [
                "C2",
                "C16",
                "C30",
                "C88",
                "C76",
                "C96",
                "C127",
                "C78"
            ]
        ],
        "C22": [
            true,
            [
                "C54",
                "C56",
                "C119",
                "C114",
                "C94",
                "C96",
                "C29",
                "C79",
                "C43",
                "C46",
                "C14",
                "C18"
            ]
        ],
        "C23": [
            false,
            [
                "C37",
                "C6",
                "C13",
                "C73",
                "C110",
                "C38",
                "C21",
                "C10"
            ]
        ],
        "C24": [
            false,
            [
                "C50",
                "C113",
                "C67",
                "C8",
                "C112",
                "C97",
                "C36"
            ]
        ],
        "C25": [
            false,
            []
        ],
        "C26": [
            false,
            [
                "C38",
                "C44",
                "C66",
                "C7",
                "C55",
                "C15",
                "C116",
                "C60",
                "C61"
            ]
        ],
        "C27": [
            false,
            [
                "C126",
                "C61",
                "C17",
                "C104",
                "C123",
                "C109",
                "C41",
                "C28"
            ]
        ],
        "C28": [
            false,
            [
                "C8",
                "C93",
                "C24",
                "C103",
                "C112",
                "C14",
                "C123",
                "C124",
                "C33",
                "C30",
                "C108",
                "C62"
            ]
        ],
        "C29": [
            false,
            [
                "C39",
                "C2",
                "C102",
                "C128",
                "C72"
            ]
        ],
        "C30": [
            false,
            [
                "C123",
                "C116",
                "C111",
                "C50",
                "C78",
                "C0",
                "C20",
                "C65"
            ]
        ],
        "C31": [
            false,
            [
                "C44",
                "C16",
                "C37",
                "C123",
                "C86",
                "C57",
                "C40",
                "C48",
                "C54"
            ]
        ],
        "C32": [
            false,
            [
                "C80",
                "C71",
                "C50",
                "C112",
                "C105",
                "C6",
                "C23",
                "C25",
                "C75"
            ]
        ],
        "C33": [
            false,
            []
        ],
        "C34": [
            false,
            [
                "C127",
                "C27",
                "C32",
                "C124",
                "C10",
                "C48",
                "C14",
                "C47",
                "C98",
                "C95",
                "C85",
                "C46"
            ]
        ],
        "C35": [
            false,
            [
                "C26",
                "C77",
                "C13",
                "C4"
            ]
        ],
        "C36": [
            false,
            [
                "C109",
                "C34",
                "C113",
                "C126",
                "C11",
                "C66",
                "C50",
                "C56"
            ]
        ],
        "C37": [
            false,
            []
        ],
        "C38": [
            false,
            [
                "C110",
                "C24",
                "C81",
                "C54",
                "C19",
                "C47",
                "C73",
                "C116",
                "C78",
                "C57",
                "C65",
                "C60"
            ]
        ],
        "C39": [
            true,
            []
        ],
        "C40": [
            false,
            [
                "C44",
                "C96",
                "C29",
                "C71",
                "C43",
                "C31",
                "C82",
                "C30",
                "C79",
                "C69"
            ]
        ],
        "C41": [
            false,
            [
                "C66",
                "C23",
                "C22",
                "C67",
                "C127",
                "C116",
                "C52",
                "C92",
                "C55",
                "C4",
                "C44",
                "C47"
            ]
        ],
        "C42": [
            false,
            [
                "C36",
                "C64",
                "C65",
                "C127",
                "C46",
                "C83",
                "C2",
                "C35",
                "C111",
                "C66"
            ]
        ],
        "C43": [
            false,
            [
                "C101",
                "C26",
                "C6",
                "C0",
                "C114",
                "C104"
            ]
        ],
        "C44": [
            false,
            [
                "C84"
            ]
        ],
        "C45": [
            true,
            [
                "C8",
                "C56",
                "C55",
                "C64",
                "C20",
                "C71"
            ]
        ],
        "C46": [
            false,
            [
                "C12",
                "C77",
                "C62",
                "C111",
                "C6"
            ]
        ],
        "C47": [
            false,
            [
                "C15",
                "C56",
                "C7"
            ]
        ],
        "C48": [
            false,
            [
                "C64",
                "C80",
                "C114",
                "C14",
                "C6",
                "C56",
                "C112"
            ]
        ],
        "C49": [
            false,
            [
                "C122",
                "C110",
                "C79",
                "C59",
                "C22",
                "C115",
                "C26",
                "C93",
                "C15",
                "C89"
            ]
        ],
        "C50": [
            false,
            [
                "C37",
                "C128"
            ]
        ],
        "C51": [
            false,
            [
                "C8",
                "C81",
                "C72",
                "C113",
                "C41"
            ]
        ],
        "C52": [
            false,
            [
                "C10",
                "C114",
                "C25",
                "C1",
                "C123",
                "C72"
            ]
        ],
        "C53": [
            false,
            [
                "C74"
            ]
        ],
        "C54": [
            false,
            [
                "C113",
                "C14",
                "C110",
                "C43",
                "C107",
                "C19",
                "C84"
            ]
        ],
        "C55": [
            false,
            [
                "C31",
                "C29",
                "C39",
                "C54",
                "C44",
                "C34",
                "C58",
                "C110"
            ]
        ],
        "C56": [
            false,
            [
                "C64",
                "C87",
                "C68",
                "C114"
            ]
        ],
        "C57": [
            false,
            [
                "C46",
                "C52",
                "C3",
                "C27",
                "C38",
                "C60",
                "C85"
            ]
        ],
        "C58": [
            false,
            [
                "C91",
                "C42",
                "C70"
            ]
        ],
        "C59": [
            false,
            [
                "C33",
                "C23",
                "C64",
                "C84",
                "C17",
                "C34",
                "C123",
                "C89",
                "C7"
            ]
        ],
        "C60": [
            false,
            [
                "C71",
                "C19",
                "C8",
                "C101",
                "C69",
                "C49"
            ]
        ],
        "C61": [
            false,
            []
        ],
        "C62": [
            false,
            [
                "C110",
                "C118",
                "C36",
                "C128"
            ]
        ],
        "C63": [
            false,
            [
                "C71",
                "C43",
                "C35",
                "C0",
                "C14",
                "C33",
                "C93",
                "C24",
                "C78"
            ]
        ],
        "C64": [
            true,
            [
                "C37",
                "C114",
                "C67",
                "C76",
                "C73",
                "C96"
            ]
        ],
        "C65": [
            false,
            [
                "C92",
                "C20",
                "C120",
                "C85",
                "C66",
                "C90",
                "C100",
                "C105",
                "C79",
                "C58",
                "C68"
            ]
        ],
        "C66": [
            false,
            [
                "C60",
                "C113",
                "C103"
            ]
        ],
        "C67": [
            false,
            []
        ],
        "C68": [
            true,
            [
                "C18",
                "C39",
                "C118",
                "C125",
                "C85",
                "C38",
                "C21",
                "C117",
                "C92"
            ]
        ],
        "C69": [
            true,
            [
                "C33",
                "C110",
                "C109",
                "C107",
                "C91",
                "C90",
                "C37",
                "C113",
                "C41",
                "C22",
                "C23",
                "C117"
            ]
        ],
        "C70": [
            false,
            [
                "C23",
                "C108"
            ]
        ],
        "C71": [
            false,
            []
        ],
        "C72": [
            false,
            [
                "C38",
                "C116",
                "C102",
                "C101",
                "C77",
                "C22",
                "C8",
                "C5",
                "C92",
                "C93",
                "C35",
                "C105"
            ]
        ],
        "C73": [
            false,
            [
                "C48",
                "C81",
                "C10",
                "C119",
                "C27",
                "C1",
                "C58",
                "C126"
            ]
        ],
        "C74": [
            false,
            [
                "C91",
                "C55",
                "C54",
                "C116",
                "C127",
                "C87",
                "C102",
                "C42",
                "C76"
            ]
        ],
        "C75": [
            false,
            [
                "C64",
                "C85",
                "C53",
                "C13",
                "C79",
                "C38",
                "C74"
            ]
        ],
        "C76": [
            false,
            [
                "C116"
            ]
        ],
        "C77": [
            false,
            [
                "C29",
                "C12",
                "C50",
                "C99"
            ]
        ],
        "C78": [
            false,
            [
                "C126",
                "C108",
                "C21"
            ]
        ],
        "C79": [
            false,
            [
                "C51",
                "C63",
                "C31"
            ]
        ],
        "C80": [
            false,
            [
                "C0",
                "C2",
                "C116",
                "C121",
                "C88",
                "C26",
                "C109",
                "C13",
                "C1"
            ]
        ],
        "C81": [
            true,
            [
                "C112",
                "C118",
                "C122",
                "C8",
                "C35",
                "C13",
                "C71",
                "C98"
            ]
        ],
        "C82": [
            false,
            []
        ],
        "C83": [
            false,
            [
                "C36",
                "C74",
                "C71",
                "C0",
                "C29",
                "C19",
                "C33",
                "C128",
                "C32"
            ]
        ],
        "C84": [
            true,
            [
                "C44",
                "C128",
                "C95",
                "C64",
                "C40",
                "C83",
                "C54",
                "C37"
            ]
        ],
        "C85": [
            false,
            [
                "C128",
                "C61",
                "C84",
                "C105",
                "C118",
                "C96",
                "C70",
                "C91",
                "C39",
                "C26",
                "C4",
                "C11"
            ]
        ],
        "C86": [
            true,
            [
                "C69",
                "C32",
                "C126",
                "C119",
                "C4"
            ]
        ],
        "C87": [
            false,
            [
                "C64",
                "C93",
                "C111",
                "C122",
                "C30",
                "C98",
                "C9",
                "C13",
                "C65",
                "C86",
                "C83",
                "C44"
            ]
        ],
        "C88": [
            true,
            [
                "C30",
                "C11",
                "C0",
                "C13",
                "C36",
                "C110",
                "C85"
            ]
        ],
        "C89": [
            false,
            [
                "C68",
                "C47",
                "C98",
                "C122",
                "C126",
                "C111",
                "C41",
                "C105",
                "C43"
            ]
        ],
        "C90": [
            false,
            [
                "C121",
                "C103",
                "C100",
                "C63",
                "C76",
                "C89"
            ]
        ],
        "C91": [
            false,
            [
                "C89",
                "C113",
                "C58",
                "C86",
                "C128"
            ]
        ],
        "C92": [
            false,
            [
                "C91",
                "C36",
                "C15",
                "C58",
                "C90",
                "C89",
                "C44",
                "C79",
                "C4",
                "C48",
                "C72",
                "C7"
            ]
        ],
        "C93": [
            false,
            []
        ],
        "C94": [
            true,
            [
                "C68",
                "C72",
                "C10",
                "C4",
                "C106",
                "C127",
                "C46"
            ]
        ],
        "C95": [
            false,
            [
                "C96",
                "C81",
                "C71",
                "C125",
                "C3",
                "C91",
                "C101",
                "C76"
            ]
        ],
        "C96": [
            false,
            [
                "C61",
                "C29",
                "C4",
                "C79",
                "C78",
                "C76",
                "C9",
                "C87",
                "C94"
            ]
        ],
        "C97": [
            false,
            []
        ],
        "C98": [
            false,
            []
        ],
        "C99": [
            false,
            [
                "C9"
            ]
        ],
        "C100": [
            true,
            [
                "C72",
                "C56",
                "C58"
            ]
        ],
        "C101": [
            false,
            [
                "C78"
            ]
        ],
        "C102": [
            false,
            [
                "C80"
            ]
        ],
        "C103": [
            false,
            [
                "C26",
                "C8",
                "C75",
                "C31",
                "C50",
                "C76",
                "C65",
                "C117",
                "C66",
                "C99",
                "C48",
                "C41"
            ]
        ],
        "C104": [
            true,
            [
                "C112",
                "C124",
                "C108",
                "C84",
                "C68",
                "C32",
                "C125",
                "C95",
                "C31"
            ]
        ],
        "C105": [
            false,
            [
                "C59",
                "C78",
                "C45",
                "C48",
                "C84",
                "C53",
                "C23",
                "C21",
                "C71",
                "C16"
            ]
        ],
        "C106": [
            false,
            []
        ],
        "C107": [
            false,
            []
        ],
        "C108": [
            false,
            [
                "C54",
                "C40",
                "C21",
                "C16",
                "C61",
                "C101"
            ]
        ],
        "C109": [
            true,
            [
                "C51",
                "C88",
                "C99",
                "C27",
                "C43",
                "C107",
                "C20",
                "C101",
                "C120",
                "C3",
                "C70",
                "C74"
            ]
        ],
        "C110": [
            false,
            [
                "C55",
                "C79",
                "C10",
                "C116",
                "C21",
                "C71"
            ]
        ],
        "C111": [
            false,
            [
                "C2"
            ]
        ],
        "C112": [
            true,
            [
                "C72"
            ]
        ],
        "C113": [
            false,
            [
                "C123",
                "C73",
                "C16",
                "C103",
                "C117",
                "C101",
                "C15",
                "C90",
                "C62",
                "C89",
                "C59",
                "C0"
            ]
        ],
        "C114": [
            false,
            [
                "C5",
                "C99",
                "C21",
                "C109",
                "C54",
                "C48",
                "C74",
                "C67",
                "C62",
                "C102",
                "C123"
            ]
        ],
        "C115": [
            true,
            [
                "C98",
                "C62",
                "C99",
                "C117",
                "C106"
            ]
        ],
        "C116": [
            false,
            [
                "C61",
                "C96",
                "C120",
                "C128"
            ]
        ],
        "C117": [
            false,
            [
                "C22",
                "C71"
            ]
        ],
        "C118": [
            false,
            [
                "C30",
                "C3",
                "C52"
            ]
        ],
        "C119": [
            false,
            [
                "C9",
                "C1",
                "C94",
                "C70",
                "C79",
                "C123",
                "C38",
                "C14"
            ]
        ],
        "C120": [
            false,
            [
                "C60",
                "C122",
                "C69",
                "C125",
                "C64",
                "C34",
                "C40",
                "C41",
                "C47",
                "C43"
            ]
        ],
        "C121": [
            false,
            [
                "C4",
                "C80",
                "C42",
                "C69",
                "C44",
                "C62",
                "C11",
                "C52",
                "C63"
            ]
        ],
        "C122": [
            false,
            [
                "C107",
                "C109",
                "C39",
                "C58"
            ]
        ],
        "C123": [
            false,
            [
                "C118",
                "C32",
                "C20",
                "C7",
                "C94",
                "C10",
                "C14",
                "C53"
            ]
        ],
        "C124": [
            false,
            [
                "C36",
                "C117",
                "C121",
                "C101",
                "C58",
                "C30",
                "C48",
                "C59"
            ]
        ],
        "C125": [
            true,
            [
                "C75",
                "C83",
                "C97",
                "C103",
                "C114",
                "C44",
                "C7"
            ]
        ],
        "C126": [
            true,
            []
        ],
        "C127": [
            true,
            [
                "C8",
                "C95",
                "C18",
                "C119",
                "C37",
                "C3"
            ]
        ],
        "C128": [
            true,
            [
                "C67",
                "C40",
                "C45",
                "C57",
                "C94",
                "C16",
                "C73",
                "C74",
                "C58",
                "C72",
                "C38"
            ]
        ]
    },
    "ground_truth_fault_paths": [
        [
            "C88",
            "C18",
            "C22",
            "C69",
            "C86",
            "C3",
            "C127",
            "C21",
            "C68",
            "C94",
            "C128",
            "C84",
            "C104"
        ],
        [
            "C88",
            "C109",
            "C69",
            "C86",
            "C3",
            "C127",
            "C21",
            "C68",
            "C94",
            "C128",
            "C84",
            "C104"
        ],
        [
            "C88",
            "C18",
            "C22",
            "C69",
            "C86",
            "C3",
            "C127",
            "C21",
            "C68",
            "C94",
            "C128",
            "C17"
        ],
        [
            "C88",
            "C109",
            "C69",
            "C86",
            "C3",
            "C127",
            "C21",
            "C68",
            "C94",
            "C128",
            "C17"
        ],
        [
            "C88",
            "C18",
            "C127",
            "C21",
            "C68",
            "C94",
            "C22",
            "C69",
            "C86",
            "C3",
            "C109"
        ],
        [
            "C88",
            "C18",
            "C127",
            "C21",
            "C68",
            "C94",
            "C22",
            "C69",
            "C86",
            "C3",
            "C15"
        ],
        [
            "C88",
            "C18",
            "C22",
            "C69",
            "C86",
            "C3",
            "C127",
            "C94",
            "C128",
            "C84",
            "C104"
        ],
        [
            "C88",
            "C109",
            "C69",
            "C86",
            "C3",
            "C127",
            "C94",
            "C128",
            "C84",
            "C104"
        ],
        [
            "C88",
            "C109",
            "C69",
            "C86",
            "C3",
            "C127",
            "C21",
            "C68",
            "C94",
            "C22"
        ],
        [
            "C88",
            "C18",
            "C68",
            "C94",
            "C22",
            "C69",
            "C86",
            "C3",
            "C127",
            "C21"
        ],
        [
            "C88",
            "C18",
            "C22",
            "C69",
            "C86",
            "C3",
            "C127",
            "C94",
            "C128",
            "C17"
        ],
        [
            "C88",
            "C18",
            "C22",
            "C69",
            "C86",
            "C3",
            "C127",
            "C21",
            "C68",
            "C104"
        ],
        [
            "C10",
            "C94",
            "C22",
            "C69",
            "C86",
            "C3",
            "C127",
            "C21",
            "C68",
            "C104"
        ],
        [
            "C126",
            "C86",
            "C3",
            "C127",
            "C21",
            "C68",
            "C94",
            "C128",
            "C84",
            "C104"
        ],
        [
            "C88",
            "C109",
            "C69",
            "C86",
            "C3",
            "C127",
            "C94",
            "C128",
            "C17"
        ],
        [
            "C88",
            "C109",
            "C69",
            "C86",
            "C3",
            "C127",
            "C21",
            "C68",
            "C104"
        ],
        [
            "C88",
            "C21",
            "C68",
            "C94",
            "C22",
            "C69",
            "C86",
            "C3",
            "C127"
        ],
        [
            "C88",
            "C21",
            "C68",
            "C94",
            "C22",
            "C69",
            "C86",
            "C3",
            "C109"
        ],
        [
            "C88",
            "C21",
            "C68",
            "C94",
            "C22",
            "C69",
            "C86",
            "C3",
            "C15"
        ],
        [
            "C88",
            "C18",
            "C127",
            "C94",
            "C22",
            "C69",
            "C86",
            "C3",
            "C109"
        ],
        [
            "C88",
            "C18",
            "C127",
            "C94",
            "C22",
            "C69",
            "C86",
            "C3",
            "C15"
        ],
        [
            "C88",
            "C18",
            "C127",
            "C21",
            "C68",
            "C94",
            "C128",
            "C84",
            "C104"
        ],
        [
            "C88",
            "C18",
            "C68",
            "C94",
            "C22",
            "C69",
            "C86",
            "C3",
            "C109"
        ],
        [
            "C88",
            "C18",
            "C68",
            "C94",
            "C22",
            "C69",
            "C86",
            "C3",
            "C15"
        ],
        [
            "C125",
            "C68",
            "C94",
            "C22",
            "C69",
            "C86",
            "C3",
            "C127",
            "C21"
        ],
        [
            "C126",
            "C86",
            "C3",
            "C127",
            "C21",
            "C68",
            "C94",
            "C128",
            "C17"
        ],
        [
            "C126",
            "C86",
            "C3",
            "C127",
            "C21",
            "C68",
            "C94",
            "C22",
            "C69"
        ],
        [
            "C39",
            "C68",
            "C94",
            "C22",
            "C69",
            "C86",
            "C3",
            "C127",
            "C21"
        ],
        [
            "C3",
            "C127",
            "C21",
            "C68",
            "C94",
            "C22",
            "C69",
            "C86"
        ],
        [
            "C88",
            "C109",
            "C69",
            "C86",
            "C3",
            "C127",
            "C94",
            "C22"
        ],
        [
            "C88",
            "C18",
            "C127",
            "C21",
            "C68",
            "C94",
            "C128",
            "C17"
        ],
        [
            "C125",
            "C68",
            "C94",
            "C22",
            "C69",
            "C86",
            "C3",
            "C109"
        ],
        [
            "C125",
            "C68",
            "C94",
            "C22",
            "C69",
            "C86",
            "C3",
            "C15"
        ],
        [
            "C126",
            "C86",
            "C3",
            "C127",
            "C94",
            "C128",
            "C84",
            "C104"
        ],
        [
            "C39",
            "C68",
            "C94",
            "C22",
            "C69",
            "C86",
            "C3",
            "C109"
        ],
        [
            "C39",
            "C68",
            "C94",
            "C22",
            "C69",
            "C86",
            "C3",
            "C15"
        ],
        [
            "C88",
            "C21",
            "C68",
            "C94",
            "C128",
            "C84",
            "C104"
        ],
        [
            "C88",
            "C18",
            "C127",
            "C94",
            "C128",
            "C84",
            "C104"
        ],
        [
            "C88",
            "C18",
            "C68",
            "C94",
            "C128",
            "C84",
            "C104"
        ],
        [
            "C88",
            "C18",
            "C22",
            "C69",
            "C86",
            "C3",
            "C109"
        ],
        [
            "C88",
            "C18",
            "C22",
            "C69",
            "C86",
            "C3",
            "C15"
        ],
        [
            "C10",
            "C94",
            "C22",
            "C69",
            "C86",
            "C3",
            "C109"
        ],
        [
            "C10",
            "C94",
            "C22",
            "C69",
            "C86",
            "C3",
            "C15"
        ],
        [
            "C126",
            "C86",
            "C3",
            "C127",
            "C94",
            "C128",
            "C17"
        ],
        [
            "C126",
            "C86",
            "C3",
            "C127",
            "C94",
            "C22",
            "C69"
        ],
        [
            "C126",
            "C86",
            "C3",
            "C127",
            "C21",
            "C68",
            "C104"
        ],
        [
            "C3",
            "C127",
            "C94",
            "C22",
            "C69",
            "C86"
        ],
        [
            "C88",
            "C109",
            "C69",
            "C86",
            "C3",
            "C15"
        ],
        [
            "C88",
            "C21",
            "C68",
            "C94",
            "C128",
            "C17"
        ],
        [
            "C88",
            "C18",
            "C127",
            "C94",
            "C128",
            "C17"
        ],
        [
            "C88",
            "C18",
            "C127",
            "C21",
            "C68",
            "C104"
        ],
        [
            "C88",
            "C18",
            "C68",
            "C94",
            "C128",
            "C17"
        ],
        [
            "C125",
            "C68",
            "C94",
            "C128",
            "C84",
            "C104"
        ],
        [
            "C39",
            "C68",
            "C94",
            "C128",
            "C84",
            "C104"
        ],
        [
            "C125",
            "C68",
            "C94",
            "C128",
            "C17"
        ],
        [
            "C10",
            "C94",
            "C128",
            "C84",
            "C104"
        ],
        [
            "C126",
            "C86",
            "C3",
            "C109",
            "C69"
        ],
        [
            "C64",
            "C45",
            "C128",
            "C84",
            "C104"
        ],
        [
            "C39",
            "C68",
            "C94",
            "C128",
            "C17"
        ],
        [
            "C3",
            "C109",
            "C69",
            "C86"
        ],
        [
            "C88",
            "C21",
            "C68",
            "C104"
        ],
        [
            "C88",
            "C18",
            "C68",
            "C104"
        ],
        [
            "C10",
            "C94",
            "C128",
            "C17"
        ],
        [
            "C126",
            "C86",
            "C3",
            "C15"
        ],
        [
            "C64",
            "C45",
            "C128",
            "C17"
        ],
        [
            "C125",
            "C68",
            "C104"
        ],
        [
            "C64",
            "C84",
            "C104"
        ],
        [
            "C39",
            "C68",
            "C104"
        ],
        [
            "C125",
            "C104"
        ],
        [
            "C125",
            "C17"
        ],
        [
            "C112",
            "C104"
        ],
        [
            "C112",
            "C81"
        ],
        [
            "C112",
            "C17"
        ],
        [
            "C100"
        ],
        [
            "C115"
        ]
    ],
    "error_codes": {
        "E0": [
            "FC0",
            [
                "C104",
                "C84",
                "C88",
                "C21",
                "C14",
                "C69",
                "C53",
                "C107",
                "C46",
                "C60",
                "C11"
            ]
        ],
        "E1": [
            "FC1",
            [
                "C104",
                "C128",
                "C68",
                "C86",
                "C94",
                "C127",
                "C49",
                "C42",
                "C4",
                "C34",
                "C64"
            ]
        ],
        "E2": [
            "FC2",
            [
                "C17",
                "C94",
                "C18",
                "C81",
                "C0"
            ]
        ],
        "E3": [
            "FC3",
            [
                "C17",
                "C86",
                "C68",
                "C126",
                "C31",
                "C42",
                "C87",
                "C109"
            ]
        ],
        "E4": [
            "FC4",
            [
                "C109",
                "C94",
                "C10",
                "C39",
                "C86",
                "C64",
                "C56"
            ]
        ],
        "E5": [
            "FC5",
            [
                "C15",
                "C86",
                "C22",
                "C29",
                "C36",
                "C125",
                "C4",
                "C119",
                "C80",
                "C116",
                "C19",
                "C105"
            ]
        ],
        "E6": [
            "FC6",
            [
                "C104",
                "C88",
                "C35",
                "C22",
                "C82",
                "C4",
                "C51",
                "C28",
                "C93",
                "C6",
                "C85"
            ]
        ],
        "E7": [
            "FC7",
            [
                "C104",
                "C3",
                "C78",
                "C83",
                "C47",
                "C41",
                "C102",
                "C108",
                "C124",
                "C103",
                "C109",
                "C105",
                "C4"
            ]
        ],
        "E8": [
            "FC8",
            [
                "C22",
                "C127",
                "C94",
                "C88",
                "C69",
                "C109",
                "C117",
                "C11",
                "C123",
                "C97",
                "C38",
                "C2",
                "C30",
                "C90",
                "C92",
                "C20"
            ]
        ],
        "E9": [
            "FC9",
            [
                "C21",
                "C30",
                "C33",
                "C47",
                "C101",
                "C20",
                "C59",
                "C107",
                "C74"
            ]
        ],
        "E10": [
            "FC10",
            [
                "C17",
                "C18",
                "C16",
                "C126",
                "C107"
            ]
        ],
        "E11": [
            "FC11",
            [
                "C104",
                "C24",
                "C84",
                "C92",
                "C53",
                "C22",
                "C40",
                "C114",
                "C121",
                "C124",
                "C127"
            ]
        ],
        "E12": [
            "FC12",
            [
                "C104",
                "C86",
                "C3",
                "C69",
                "C94",
                "C0",
                "C49",
                "C28",
                "C44",
                "C24",
                "C1",
                "C33",
                "C95",
                "C51"
            ]
        ],
        "E13": [
            "FC13",
            [
                "C104",
                "C68",
                "C3",
                "C84",
                "C126",
                "C77",
                "C49",
                "C89",
                "C99",
                "C67",
                "C87",
                "C70"
            ]
        ],
        "E14": [
            "FC14",
            [
                "C17",
                "C128",
                "C86",
                "C88",
                "C14",
                "C91"
            ]
        ],
        "E15": [
            "FC15",
            [
                "C104",
                "C109",
                "C68",
                "C127",
                "C97",
                "C108",
                "C65"
            ]
        ],
        "E16": [
            "FC16",
            [
                "C127",
                "C86",
                "C26",
                "C24",
                "C108",
                "C53",
                "C110",
                "C0",
                "C46",
                "C8",
                "C101",
                "C45"
            ]
        ],
        "E17": [
            "FC17",
            [
                "C109",
                "C3",
                "C68",
                "C21",
                "C37",
                "C128"
            ]
        ],
        "E18": [
            "FC18",
            [
                "C15",
                "C68",
                "C3",
                "C65",
                "C127",
                "C66",
                "C74",
                "C99",
                "C67",
                "C60",
                "C26"
            ]
        ],
        "E19": [
            "FC19",
            [
                "C109",
                "C82",
                "C6",
                "C25",
                "C26"
            ]
        ],
        "E20": [
            "FC20",
            [
                "C15",
                "C22",
                "C3",
                "C94",
                "C126",
                "C61",
                "C17",
                "C33"
            ]
        ],
        "E21": [
            "FC21",
            [
                "C104",
                "C68",
                "C84",
                "C94",
                "C49",
                "C27",
                "C59",
                "C35",
                "C12",
                "C60",
                "C103"
            ]
        ],
        "E22": [
            "FC22",
            [
                "C109",
                "C69",
                "C51",
                "C123",
                "C38"
            ]
        ],
        "E23": [
            "FC23",
            [
                "C15",
                "C36"
            ]
        ],
        "E24": [
            "FC24",
            [
                "C21",
                "C127",
                "C11",
                "C104",
                "C86"
            ]
        ],
        "E25": [
            "FC25",
            [
                "C17",
                "C26",
                "C114",
                "C113",
                "C90"
            ]
        ],
        "E26": [
            "FC26",
            [
                "C69",
                "C54",
                "C46",
                "C103",
                "C74"
            ]
        ],
        "E27": [
            "FC27",
            [
                "C21",
                "C127",
                "C39",
                "C69",
                "C31",
                "C62",
                "C72",
                "C11",
                "C1",
                "C96",
                "C108",
                "C100",
                "C97",
                "C103",
                "C42"
            ]
        ],
        "E28": [
            "FC28",
            [
                "C86",
                "C21",
                "C3",
                "C69",
                "C32",
                "C107",
                "C6",
                "C36",
                "C51"
            ]
        ],
        "E29": [
            "FC29",
            [
                "C22",
                "C109",
                "C3",
                "C21",
                "C31",
                "C54",
                "C37",
                "C103",
                "C123",
                "C48",
                "C15"
            ]
        ],
        "E30": [
            "FC30",
            [
                "C17",
                "C119",
                "C128",
                "C33",
                "C118",
                "C66",
                "C67",
                "C116",
                "C54",
                "C57"
            ]
        ],
        "E31": [
            "FC31",
            [
                "C109",
                "C3",
                "C28",
                "C106",
                "C13"
            ]
        ],
        "E32": [
            "FC32",
            [
                "C15",
                "C6",
                "C81",
                "C22",
                "C118",
                "C59",
                "C4",
                "C109",
                "C34",
                "C120",
                "C41",
                "C26"
            ]
        ],
        "E33": [
            "FC33",
            [
                "C104",
                "C126",
                "C91",
                "C39",
                "C42",
                "C16",
                "C69"
            ]
        ],
        "E34": [
            "FC34",
            [
                "C109",
                "C68",
                "C39",
                "C63",
                "C0",
                "C18",
                "C32",
                "C121",
                "C101",
                "C87",
                "C31",
                "C57",
                "C41",
                "C86",
                "C75"
            ]
        ],
        "E35": [
            "FC35",
            [
                "C15",
                "C39",
                "C68",
                "C86",
                "C17",
                "C99",
                "C44",
                "C117",
                "C18",
                "C64",
                "C107",
                "C119",
                "C34"
            ]
        ],
        "E36": [
            "FC36",
            [
                "C104",
                "C21",
                "C88",
                "C70",
                "C67",
                "C125",
                "C109",
                "C58",
                "C47",
                "C43",
                "C6",
                "C19",
                "C14"
            ]
        ],
        "E37": [
            "FC37",
            [
                "C104",
                "C83",
                "C37"
            ]
        ],
        "E38": [
            "FC38",
            [
                "C104",
                "C84",
                "C98",
                "C15",
                "C118",
                "C33"
            ]
        ],
        "E39": [
            "FC39",
            [
                "C109",
                "C127",
                "C53",
                "C121",
                "C20",
                "C120",
                "C124",
                "C60"
            ]
        ],
        "E40": [
            "FC40",
            [
                "C15",
                "C3",
                "C22",
                "C0",
                "C88"
            ]
        ],
        "E41": [
            "FC41",
            [
                "C109",
                "C94",
                "C69",
                "C25",
                "C41"
            ]
        ],
        "E42": [
            "FC42",
            [
                "C15",
                "C22",
                "C69",
                "C82",
                "C30",
                "C95",
                "C43",
                "C85",
                "C105",
                "C114",
                "C32"
            ]
        ],
        "E43": [
            "FC43",
            [
                "C17",
                "C128",
                "C127",
                "C91",
                "C40",
                "C78",
                "C88",
                "C15",
                "C94",
                "C0",
                "C120",
                "C92",
                "C124",
                "C63"
            ]
        ],
        "E44": [
            "FC44",
            [
                "C69",
                "C126",
                "C41",
                "C99"
            ]
        ],
        "E45": [
            "FC45",
            [
                "C104",
                "C3",
                "C52",
                "C10",
                "C58",
                "C95",
                "C112",
                "C103",
                "C36"
            ]
        ],
        "E46": [
            "FC46",
            [
                "C86",
                "C94",
                "C69",
                "C119",
                "C78",
                "C43",
                "C91",
                "C118",
                "C42"
            ]
        ],
        "E47": [
            "FC47",
            [
                "C15",
                "C20"
            ]
        ],
        "E48": [
            "FC48",
            [
                "C17",
                "C128",
                "C78",
                "C27",
                "C20",
                "C50"
            ]
        ],
        "E49": [
            "FC49",
            [
                "C17",
                "C128",
                "C94",
                "C98",
                "C65",
                "C64",
                "C12",
                "C31",
                "C126",
                "C87",
                "C120",
                "C16",
                "C21"
            ]
        ],
        "E50": [
            "FC50",
            [
                "C104",
                "C127",
                "C32",
                "C24",
                "C113",
                "C100",
                "C34",
                "C15",
                "C44",
                "C80",
                "C98"
            ]
        ],
        "E51": [
            "FC51",
            [
                "C17",
                "C94",
                "C68",
                "C105",
                "C59",
                "C33",
                "C84",
                "C47",
                "C112",
                "C4",
                "C95",
                "C82",
                "C99",
                "C26",
                "C67"
            ]
        ],
        "E52": [
            "FC52",
            [
                "C104",
                "C84",
                "C98",
                "C89",
                "C33"
            ]
        ],
        "E53": [
            "FC53",
            [
                "C104",
                "C88",
                "C64",
                "C102",
                "C21",
                "C60",
                "C115",
                "C58",
                "C30",
                "C27",
                "C3",
                "C13",
                "C8"
            ]
        ],
        "E54": [
            "FC54",
            [
                "C17",
                "C128",
                "C28",
                "C68",
                "C75",
                "C37",
                "C52",
                "C98",
                "C85",
                "C1",
                "C127",
                "C117",
                "C115",
                "C32"
            ]
        ],
        "E55": [
            "FC55",
            [
                "C104",
                "C94",
                "C102",
                "C70",
                "C43",
                "C119",
                "C85",
                "C89"
            ]
        ],
        "E56": [
            "FC56",
            [
                "C69",
                "C87",
                "C23",
                "C107",
                "C86",
                "C51",
                "C105",
                "C45",
                "C126"
            ]
        ],
        "E57": [
            "FC57",
            [
                "C104",
                "C128",
                "C87"
            ]
        ],
        "E58": [
            "FC58",
            [
                "C17",
                "C39",
                "C84",
                "C11",
                "C42"
            ]
        ],
        "E59": [
            "FC59",
            [
                "C86",
                "C3",
                "C13"
            ]
        ],
        "E60": [
            "FC60",
            [
                "C104",
                "C45",
                "C106",
                "C76",
                "C11",
                "C118",
                "C59",
                "C100",
                "C79",
                "C124",
                "C19",
                "C20",
                "C108"
            ]
        ],
        "E61": [
            "FC61",
            [
                "C104",
                "C71",
                "C37"
            ]
        ],
        "E62": [
            "FC62",
            [
                "C17",
                "C46",
                "C92",
                "C128",
                "C79",
                "C118"
            ]
        ],
        "E63": [
            "FC63",
            [
                "C15",
                "C25"
            ]
        ],
        "E64": [
            "FC64",
            [
                "C17",
                "C52",
                "C16"
            ]
        ],
        "E65": [
            "FC65",
            [
                "C104",
                "C39",
                "C86",
                "C11",
                "C119",
                "C128",
                "C55",
                "C99",
                "C103",
                "C113",
                "C38"
            ]
        ],
        "E66": [
            "FC66",
            [
                "C104",
                "C32",
                "C42",
                "C112"
            ]
        ],
        "E67": [
            "FC67",
            [
                "C104",
                "C80",
                "C1"
            ]
        ],
        "E68": [
            "FC68",
            [
                "C104",
                "C54",
                "C32",
                "C96"
            ]
        ],
        "E69": [
            "FC69",
            [
                "C17",
                "C113",
                "C63",
                "C120",
                "C77",
                "C110",
                "C28"
            ]
        ],
        "E70": [
            "FC70",
            [
                "C104",
                "C47",
                "C7",
                "C106",
                "C97",
                "C77",
                "C68",
                "C12",
                "C31",
                "C127",
                "C79",
                "C85",
                "C46"
            ]
        ],
        "E71": [
            "FC71",
            [
                "C81",
                "C2",
                "C31",
                "C37",
                "C71",
                "C62"
            ]
        ],
        "E72": [
            "FC72",
            [
                "C17",
                "C106",
                "C2",
                "C38",
                "C29",
                "C44",
                "C7",
                "C58",
                "C68",
                "C122"
            ]
        ],
        "E73": [
            "FC73",
            [
                "C100",
                "C61",
                "C77",
                "C101",
                "C24",
                "C92",
                "C85"
            ]
        ],
        "E74": [
            "FC74",
            [
                "C115",
                "C100",
                "C79",
                "C45",
                "C42",
                "C88",
                "C109",
                "C57",
                "C3",
                "C28",
                "C102",
                "C95",
                "C17"
            ]
        ]
    },
    "sim_accuracies": {
        "C0": [
            "0.9765654949939552",
            "False"
        ],
        "C1": [
            "0.9756004737473415",
            "False"
        ],
        "C2": [
            "0.9787128036942809",
            "False"
        ],
        "C3": [
            "0.975515425661252",
            "True"
        ],
        "C4": [
            "0.969198672118538",
            "False"
        ],
        "C5": [
            "0.969273037419269",
            "False"
        ],
        "C6": [
            "0.9789153024303576",
            "False"
        ],
        "C7": [
            "0.9515201567303795",
            "False"
        ],
        "C8": [
            "0.9894090278608909",
            "False"
        ],
        "C9": [
            "0.9897720891626757",
            "False"
        ],
        "C10": [
            "0.9725284398096369",
            "True"
        ],
        "C11": [
            "0.955011680545953",
            "False"
        ],
        "C12": [
            "0.9613454674997937",
            "False"
        ],
        "C13": [
            "0.9888299710359424",
            "False"
        ],
        "C14": [
            "0.9798534306065833",
            "False"
        ],
        "C15": [
            "0.960588295074103",
            "True"
        ],
        "C16": [
            "0.955021138919743",
            "False"
        ],
        "C17": [
            "0.978831869053955",
            "True"
        ],
        "C18": [
            "0.9876976327445119",
            "True"
        ],
        "C19": [
            "0.9510318317662607",
            "False"
        ],
        "C20": [
            "0.9571398888649243",
            "False"
        ],
        "C21": [
            "0.9851661181883458",
            "True"
        ],
        "C22": [
            "0.9840396491103199",
            "True"
        ],
        "C23": [
            "0.9710522623742267",
            "False"
        ],
        "C24": [
            "0.9520770069781469",
            "False"
        ],
        "C25": [
            "0.9616670490365447",
            "False"
        ],
        "C26": [
            "0.9834558911929232",
            "False"
        ],
        "C27": [
            "0.9814869557119618",
            "False"
        ],
        "C28": [
            "0.9858264218660394",
            "False"
        ],
        "C29": [
            "0.9549635523142084",
            "False"
        ],
        "C30": [
            "0.9828402158744315",
            "False"
        ],
        "C31": [
            "0.9842879456386551",
            "False"
        ],
        "C32": [
            "0.9735721299604922",
            "False"
        ],
        "C33": [
            "0.9755099318101133",
            "False"
        ],
        "C34": [
            "0.9663124322628148",
            "False"
        ],
        "C35": [
            "0.9699552025811045",
            "False"
        ],
        "C36": [
            "0.9555135208180405",
            "False"
        ],
        "C37": [
            "0.9693519694077112",
            "False"
        ],
        "C38": [
            "0.9701019414186589",
            "False"
        ],
        "C39": [
            "0.9824858321726044",
            "True"
        ],
        "C40": [
            "0.9542829480312853",
            "False"
        ],
        "C41": [
            "0.9821092947893955",
            "False"
        ],
        "C42": [
            "0.9884426399038388",
            "False"
        ],
        "C43": [
            "0.955836807513102",
            "False"
        ],
        "C44": [
            "0.9893484962096922",
            "False"
        ],
        "C45": [
            "0.9707932998003891",
            "True"
        ],
        "C46": [
            "0.9601397926463537",
            "False"
        ],
        "C47": [
            "0.9815772413494998",
            "False"
        ],
        "C48": [
            "0.9608287915289451",
            "False"
        ],
        "C49": [
            "0.9568920984708198",
            "False"
        ],
        "C50": [
            "0.9750063794810767",
            "False"
        ],
        "C51": [
            "0.9638180399763494",
            "False"
        ],
        "C52": [
            "0.9787958570654214",
            "False"
        ],
        "C53": [
            "0.9640495469789464",
            "False"
        ],
        "C54": [
            "0.9633495240921892",
            "False"
        ],
        "C55": [
            "0.9613370097409786",
            "False"
        ],
        "C56": [
            "0.9655298665155253",
            "False"
        ],
        "C57": [
            "0.9750152361277667",
            "False"
        ],
        "C58": [
            "0.9798082875148524",
            "False"
        ],
        "C59": [
            "0.9852183938641682",
            "False"
        ],
        "C60": [
            "0.9768957165156514",
            "False"
        ],
        "C61": [
            "0.9800411819442858",
            "False"
        ],
        "C62": [
            "0.9585917931142844",
            "False"
        ],
        "C63": [
            "0.9728255162700288",
            "False"
        ],
        "C64": [
            "0.9730553686775568",
            "True"
        ],
        "C65": [
            "0.9513407212244658",
            "False"
        ],
        "C66": [
            "0.9543956429144135",
            "False"
        ],
        "C67": [
            "0.987857426600437",
            "False"
        ],
        "C68": [
            "0.9882605365538935",
            "True"
        ],
        "C69": [
            "0.979027497122161",
            "True"
        ],
        "C70": [
            "0.9638764491737251",
            "False"
        ],
        "C71": [
            "0.9533839242353445",
            "False"
        ],
        "C72": [
            "0.9749571041537561",
            "False"
        ],
        "C73": [
            "0.9558156046015275",
            "False"
        ],
        "C74": [
            "0.9664725146719484",
            "False"
        ],
        "C75": [
            "0.9837523138726905",
            "False"
        ],
        "C76": [
            "0.9776490948102234",
            "False"
        ],
        "C77": [
            "0.9808408173685084",
            "False"
        ],
        "C78": [
            "0.978822881145075",
            "False"
        ],
        "C79": [
            "0.9697000705097214",
            "False"
        ],
        "C80": [
            "0.9734478811045145",
            "False"
        ],
        "C81": [
            "0.9697988389126537",
            "True"
        ],
        "C82": [
            "0.9601050946802867",
            "False"
        ],
        "C83": [
            "0.9780719710184864",
            "False"
        ],
        "C84": [
            "0.9740489108906281",
            "True"
        ],
        "C85": [
            "0.9783526623544925",
            "False"
        ],
        "C86": [
            "0.9839807518135356",
            "True"
        ],
        "C87": [
            "0.9858230454665082",
            "False"
        ],
        "C88": [
            "0.9725776676481379",
            "True"
        ],
        "C89": [
            "0.9883791535377361",
            "False"
        ],
        "C90": [
            "0.9651615671387073",
            "False"
        ],
        "C91": [
            "0.9755780996592532",
            "False"
        ],
        "C92": [
            "0.954103637052841",
            "False"
        ],
        "C93": [
            "0.9851876640431226",
            "False"
        ],
        "C94": [
            "0.9732115677571588",
            "True"
        ],
        "C95": [
            "0.954647232517601",
            "False"
        ],
        "C96": [
            "0.97720772709834",
            "False"
        ],
        "C97": [
            "0.9894271861479632",
            "False"
        ],
        "C98": [
            "0.9587330093941069",
            "False"
        ],
        "C99": [
            "0.9727999168686831",
            "False"
        ],
        "C100": [
            "0.9821694202969681",
            "True"
        ],
        "C101": [
            "0.9626711532808298",
            "False"
        ],
        "C102": [
            "0.9573232255367583",
            "False"
        ],
        "C103": [
            "0.9558719535208661",
            "False"
        ],
        "C104": [
            "0.9784450877850023",
            "True"
        ],
        "C105": [
            "0.9853230536407284",
            "False"
        ],
        "C106": [
            "0.9501784104503833",
            "False"
        ],
        "C107": [
            "0.9535117510393277",
            "False"
        ],
        "C108": [
            "0.9567617102322707",
            "False"
        ],
        "C109": [
            "0.9520053149746494",
            "True"
        ],
        "C110": [
            "0.950794320925982",
            "False"
        ],
        "C111": [
            "0.9710576228262957",
            "False"
        ],
        "C112": [
            "0.9650464457606931",
            "True"
        ],
        "C113": [
            "0.9579577576126719",
            "False"
        ],
        "C114": [
            "0.9638784378309105",
            "False"
        ],
        "C115": [
            "0.9588269098851875",
            "True"
        ],
        "C116": [
            "0.9873513656724227",
            "False"
        ],
        "C117": [
            "0.9889878234587963",
            "False"
        ],
        "C118": [
            "0.9676759544515356",
            "False"
        ],
        "C119": [
            "0.9592517536836851",
            "False"
        ],
        "C120": [
            "0.9733189926510776",
            "False"
        ],
        "C121": [
            "0.9839084131990813",
            "False"
        ],
        "C122": [
            "0.950163791135355",
            "False"
        ],
        "C123": [
            "0.9531728522275674",
            "False"
        ],
        "C124": [
            "0.9615955853102832",
            "False"
        ],
        "C125": [
            "0.9607495376427184",
            "True"
        ],
        "C126": [
            "0.951952258182734",
            "True"
        ],
        "C127": [
            "0.9571822839928184",
            "True"
        ],
        "C128": [
            "0.9785680211577019",
            "True"
        ]
    }
}