{
    "suspect_components": {
        "C0": [
            true,
            [
                "C29",
                "C13",
                "C103",
                "C1"
            ]
        ],
        "C1": [
            true,
            [
                "C7",
                "C110",
                "C97",
                "C29",
                "C104",
                "C17",
                "C87",
                "C49",
                "C20",
                "C112",
                "C96",
                "C103"
            ]
        ],
        "C2": [
            false,
            []
        ],
        "C3": [
            false,
            [
                "C42",
                "C75",
                "C74",
                "C95",
                "C96",
                "C118",
                "C23",
                "C21",
                "C54",
                "C58",
                "C99",
                "C115"
            ]
        ],
        "C4": [
            false,
            [
                "C117",
                "C85",
                "C92",
                "C67",
                "C100"
            ]
        ],
        "C5": [
            false,
            [
                "C4",
                "C98",
                "C48",
                "C68",
                "C46",
                "C106",
                "C95",
                "C49",
                "C60",
                "C40",
                "C79",
                "C111"
            ]
        ],
        "C6": [
            false,
            [
                "C102",
                "C96",
                "C12",
                "C29",
                "C119",
                "C81",
                "C9",
                "C73",
                "C27"
            ]
        ],
        "C7": [
            true,
            [
                "C5",
                "C49",
                "C107",
                "C57"
            ]
        ],
        "C8": [
            false,
            [
                "C113",
                "C66",
                "C85",
                "C26"
            ]
        ],
        "C9": [
            true,
            [
                "C99",
                "C30"
            ]
        ],
        "C10": [
            false,
            [
                "C61",
                "C115",
                "C14",
                "C42",
                "C40",
                "C53",
                "C5",
                "C74",
                "C75"
            ]
        ],
        "C11": [
            false,
            [
                "C17",
                "C41",
                "C21"
            ]
        ],
        "C12": [
            false,
            [
                "C50",
                "C70",
                "C82",
                "C84",
                "C112",
                "C7",
                "C10",
                "C121",
                "C47",
                "C87",
                "C102",
                "C99"
            ]
        ],
        "C13": [
            false,
            [
                "C124",
                "C33",
                "C63",
                "C14",
                "C97",
                "C53",
                "C107",
                "C89",
                "C114",
                "C50",
                "C113",
                "C18"
            ]
        ],
        "C14": [
            false,
            [
                "C94",
                "C27",
                "C13",
                "C72",
                "C25",
                "C60",
                "C102",
                "C124",
                "C116",
                "C123"
            ]
        ],
        "C15": [
            false,
            [
                "C124",
                "C92",
                "C51",
                "C32",
                "C33",
                "C69"
            ]
        ],
        "C16": [
            false,
            [
                "C98",
                "C122",
                "C55",
                "C119",
                "C20",
                "C107",
                "C120",
                "C80",
                "C84"
            ]
        ],
        "C17": [
            false,
            [
                "C115",
                "C30",
                "C33",
                "C7",
                "C78",
                "C85",
                "C67",
                "C6",
                "C41",
                "C71",
                "C76",
                "C52"
            ]
        ],
        "C18": [
            false,
            [
                "C35",
                "C96",
                "C114",
                "C103",
                "C71",
                "C30",
                "C60",
                "C99"
            ]
        ],
        "C19": [
            false,
            [
                "C124",
                "C69",
                "C109",
                "C100",
                "C2",
                "C122"
            ]
        ],
        "C20": [
            false,
            [
                "C108",
                "C59",
                "C76",
                "C31",
                "C61",
                "C82",
                "C9",
                "C73"
            ]
        ],
        "C21": [
            false,
            [
                "C13",
                "C72",
                "C74",
                "C66",
                "C119",
                "C71",
                "C47",
                "C117",
                "C115"
            ]
        ],
        "C22": [
            false,
            [
                "C92",
                "C76"
            ]
        ],
        "C23": [
            false,
            [
                "C87",
                "C38",
                "C122",
                "C105"
            ]
        ],
        "C24": [
            false,
            [
                "C15"
            ]
        ],
        "C25": [
            false,
            [
                "C85",
                "C64",
                "C117",
                "C41",
                "C121",
                "C70",
                "C14",
                "C116",
                "C81"
            ]
        ],
        "C26": [
            true,
            [
                "C62"
            ]
        ],
        "C27": [
            false,
            [
                "C31",
                "C64",
                "C97",
                "C1",
                "C61",
                "C114",
                "C43",
                "C7",
                "C58"
            ]
        ],
        "C28": [
            false,
            [
                "C105",
                "C29",
                "C4",
                "C95",
                "C126"
            ]
        ],
        "C29": [
            false,
            [
                "C117",
                "C0",
                "C120",
                "C91",
                "C7",
                "C27",
                "C48"
            ]
        ],
        "C30": [
            false,
            [
                "C55",
                "C44",
                "C82",
                "C100",
                "C115",
                "C122",
                "C77",
                "C62",
                "C23"
            ]
        ],
        "C31": [
            false,
            [
                "C122",
                "C123",
                "C17",
                "C103",
                "C46",
                "C104",
                "C112",
                "C105",
                "C59",
                "C57",
                "C100",
                "C53"
            ]
        ],
        "C32": [
            false,
            [
                "C30",
                "C61",
                "C2",
                "C50",
                "C36",
                "C104",
                "C33",
                "C77",
                "C107",
                "C6",
                "C64",
                "C103"
            ]
        ],
        "C33": [
            false,
            [
                "C93",
                "C70",
                "C124",
                "C115",
                "C7",
                "C80"
            ]
        ],
        "C34": [
            false,
            [
                "C100",
                "C76",
                "C68"
            ]
        ],
        "C35": [
            false,
            [
                "C63",
                "C65",
                "C86",
                "C73",
                "C26",
                "C33",
                "C27",
                "C119",
                "C97",
                "C43",
                "C12",
                "C8"
            ]
        ],
        "C36": [
            false,
            [
                "C45"
            ]
        ],
        "C37": [
            false,
            [
                "C63",
                "C65",
                "C41",
                "C2",
                "C6",
                "C4",
                "C90",
                "C98"
            ]
        ],
        "C38": [
            true,
            [
                "C6",
                "C73",
                "C90",
                "C102",
                "C109"
            ]
        ],
        "C39": [
            false,
            [
                "C107",
                "C10",
                "C9",
                "C20",
                "C43",
                "C55",
                "C48",
                "C22",
                "C80"
            ]
        ],
        "C40": [
            true,
            [
                "C76",
                "C3"
            ]
        ],
        "C41": [
            false,
            [
                "C31",
                "C80",
                "C116",
                "C83"
            ]
        ],
        "C42": [
            false,
            [
                "C68",
                "C37",
                "C118",
                "C108",
                "C106",
                "C23",
                "C44",
                "C122"
            ]
        ],
        "C43": [
            true,
            [
                "C50",
                "C61",
                "C57",
                "C84",
                "C111",
                "C79",
                "C39"
            ]
        ],
        "C44": [
            false,
            []
        ],
        "C45": [
            false,
            [
                "C68"
            ]
        ],
        "C46": [
            false,
            [
                "C82",
                "C114",
                "C100",
                "C96"
            ]
        ],
        "C47": [
            false,
            [
                "C106"
            ]
        ],
        "C48": [
            false,
            [
                "C44",
                "C93",
                "C13",
                "C106",
                "C72",
                "C16",
                "C3",
                "C54",
                "C19",
                "C78",
                "C124"
            ]
        ],
        "C49": [
            false,
            [
                "C46",
                "C104",
                "C94"
            ]
        ],
        "C50": [
            true,
            [
                "C54",
                "C65"
            ]
        ],
        "C51": [
            false,
            [
                "C109",
                "C94",
                "C92",
                "C72",
                "C16",
                "C32",
                "C15",
                "C56",
                "C71",
                "C105"
            ]
        ],
        "C52": [
            false,
            [
                "C44",
                "C111",
                "C66",
                "C77",
                "C13",
                "C19",
                "C29"
            ]
        ],
        "C53": [
            false,
            [
                "C85",
                "C54",
                "C86",
                "C67"
            ]
        ],
        "C54": [
            true,
            [
                "C87",
                "C110"
            ]
        ],
        "C55": [
            false,
            [
                "C108",
                "C0"
            ]
        ],
        "C56": [
            false,
            [
                "C21",
                "C63",
                "C72",
                "C116",
                "C85",
                "C18",
                "C62"
            ]
        ],
        "C57": [
            false,
            [
                "C65",
                "C11",
                "C118",
                "C69",
                "C22",
                "C128",
                "C81",
                "C4",
                "C95",
                "C35",
                "C66"
            ]
        ],
        "C58": [
            false,
            []
        ],
        "C59": [
            false,
            [
                "C88",
                "C80",
                "C68",
                "C106",
                "C89",
                "C19",
                "C33",
                "C15",
                "C102",
                "C5",
                "C110",
                "C27"
            ]
        ],
        "C60": [
            false,
            [
                "C89"
            ]
        ],
        "C61": [
            true,
            [
                "C116",
                "C55",
                "C112",
                "C39",
                "C84",
                "C0",
                "C59",
                "C30",
                "C80",
                "C69",
                "C96",
                "C79"
            ]
        ],
        "C62": [
            false,
            [
                "C64",
                "C69",
                "C32"
            ]
        ],
        "C63": [
            true,
            [
                "C4",
                "C82",
                "C65",
                "C15",
                "C42",
                "C53",
                "C27",
                "C90"
            ]
        ],
        "C64": [
            false,
            []
        ],
        "C65": [
            false,
            [
                "C127",
                "C62",
                "C3",
                "C87",
                "C48",
                "C6",
                "C9"
            ]
        ],
        "C66": [
            true,
            [
                "C69",
                "C53",
                "C47"
            ]
        ],
        "C67": [
            false,
            [
                "C40",
                "C99",
                "C36",
                "C6",
                "C84",
                "C93",
                "C94",
                "C88",
                "C97",
                "C37",
                "C77"
            ]
        ],
        "C68": [
            false,
            [
                "C127",
                "C95",
                "C98",
                "C88",
                "C113",
                "C56",
                "C58",
                "C62",
                "C74"
            ]
        ],
        "C69": [
            false,
            [
                "C18",
                "C7",
                "C89"
            ]
        ],
        "C70": [
            false,
            [
                "C90"
            ]
        ],
        "C71": [
            true,
            [
                "C113",
                "C112",
                "C47",
                "C3",
                "C87",
                "C123",
                "C46",
                "C62",
                "C114",
                "C50",
                "C18",
                "C110"
            ]
        ],
        "C72": [
            false,
            [
                "C74",
                "C103",
                "C4",
                "C115",
                "C87"
            ]
        ],
        "C73": [
            false,
            [
                "C40",
                "C81",
                "C96",
                "C119",
                "C0",
                "C53"
            ]
        ],
        "C74": [
            false,
            [
                "C114",
                "C25"
            ]
        ],
        "C75": [
            false,
            [
                "C114",
                "C91",
                "C115",
                "C84",
                "C13",
                "C8",
                "C33",
                "C124"
            ]
        ],
        "C76": [
            false,
            [
                "C32",
                "C11",
                "C64",
                "C102",
                "C12"
            ]
        ],
        "C77": [
            false,
            [
                "C73",
                "C53",
                "C5",
                "C102",
                "C66",
                "C64",
                "C122"
            ]
        ],
        "C78": [
            false,
            [
                "C48",
                "C42",
                "C10",
                "C38",
                "C76",
                "C65",
                "C68"
            ]
        ],
        "C79": [
            false,
            []
        ],
        "C80": [
            true,
            [
                "C122",
                "C60",
                "C25",
                "C123",
                "C20",
                "C0",
                "C30",
                "C17",
                "C46",
                "C14"
            ]
        ],
        "C81": [
            false,
            [
                "C50",
                "C101",
                "C125",
                "C46",
                "C18",
                "C64",
                "C32",
                "C110",
                "C21",
                "C100",
                "C106",
                "C107"
            ]
        ],
        "C82": [
            false,
            [
                "C123",
                "C16",
                "C7",
                "C125"
            ]
        ],
        "C83": [
            false,
            [
                "C56",
                "C88",
                "C46",
                "C113",
                "C87",
                "C107",
                "C93",
                "C34",
                "C6",
                "C63",
                "C27"
            ]
        ],
        "C84": [
            false,
            [
                "C49",
                "C2",
                "C1",
                "C19",
                "C98",
                "C20",
                "C56",
                "C45",
                "C23",
                "C40"
            ]
        ],
        "C85": [
            true,
            [
                "C11",
                "C15",
                "C126",
                "C75",
                "C17",
                "C98",
                "C96",
                "C68",
                "C53"
            ]
        ],
        "C86": [
            false,
            []
        ],
        "C87": [
            true,
            [
                "C96",
                "C6",
                "C75",
                "C37",
                "C60",
                "C24",
                "C101",
                "C125"
            ]
        ],
        "C88": [
            false,
            [
                "C54",
                "C33"
            ]
        ],
        "C89": [
            false,
            [
                "C97",
                "C64",
                "C71",
                "C121"
            ]
        ],
        "C90": [
            false,
            [
                "C9"
            ]
        ],
        "C91": [
            true,
            [
                "C12",
                "C100",
                "C15",
                "C110",
                "C116",
                "C60"
            ]
        ],
        "C92": [
            false,
            [
                "C116",
                "C42",
                "C18",
                "C65",
                "C31",
                "C30",
                "C10"
            ]
        ],
        "C93": [
            false,
            []
        ],
        "C94": [
            false,
            [
                "C41",
                "C6",
                "C128",
                "C65",
                "C120",
                "C11",
                "C26"
            ]
        ],
        "C95": [
            true,
            [
                "C24",
                "C116",
                "C15",
                "C88",
                "C100",
                "C69",
                "C119",
                "C109",
                "C84",
                "C94"
            ]
        ],
        "C96": [
            true,
            [
                "C93",
                "C115",
                "C5",
                "C57",
                "C102",
                "C118",
                "C81"
            ]
        ],
        "C97": [
            true,
            [
                "C71",
                "C125",
                "C21",
                "C5",
                "C55",
                "C123",
                "C72",
                "C102",
                "C80",
                "C41"
            ]
        ],
        "C98": [
            false,
            [
                "C11",
                "C1",
                "C73"
            ]
        ],
        "C99": [
            false,
            [
                "C54",
                "C49",
                "C67",
                "C6",
                "C44"
            ]
        ],
        "C100": [
            true,
            []
        ],
        "C101": [
            false,
            [
                "C118",
                "C8",
                "C0",
                "C6",
                "C39",
                "C100",
                "C119",
                "C89",
                "C86",
                "C67",
                "C114",
                "C88"
            ]
        ],
        "C102": [
            false,
            [
                "C111",
                "C74",
                "C22"
            ]
        ],
        "C103": [
            false,
            [
                "C53",
                "C35",
                "C87",
                "C20",
                "C26",
                "C120"
            ]
        ],
        "C104": [
            false,
            [
                "C51",
                "C13"
            ]
        ],
        "C105": [
            false,
            [
                "C89",
                "C41",
                "C22"
            ]
        ],
        "C106": [
            false,
            [
                "C44",
                "C99",
                "C57",
                "C63",
                "C7",
                "C13",
                "C66"
            ]
        ],
        "C107": [
            false,
            [
                "C3",
                "C109",
                "C20",
                "C27",
                "C42",
                "C94",
                "C128",
                "C5"
            ]
        ],
        "C108": [
            false,
            [
                "C77",
                "C59",
                "C15",
                "C101"
            ]
        ],
        "C109": [
            false,
            [
                "C118",
                "C123",
                "C32",
                "C23",
                "C25"
            ]
        ],
        "C110": [
            false,
            [
                "C113",
                "C27"
            ]
        ],
        "C111": [
            false,
            [
                "C103",
                "C27",
                "C0",
                "C24",
                "C116",
                "C106",
                "C109",
                "C59",
                "C94",
                "C32",
                "C21"
            ]
        ],
        "C112": [
            false,
            [
                "C38",
                "C107",
                "C123",
                "C51",
                "C115"
            ]
        ],
        "C113": [
            true,
            [
                "C18"
            ]
        ],
        "C114": [
            false,
            []
        ],
        "C115": [
            false,
            [
                "C1",
                "C101",
                "C105",
                "C110",
                "C70",
                "C107",
                "C78"
            ]
        ],
        "C116": [
            true,
            [
                "C74"
            ]
        ],
        "C117": [
            false,
            [
                "C60",
                "C89",
                "C79",
                "C109",
                "C85",
                "C49",
                "C119"
            ]
        ],
        "C118": [
            false,
            [
                "C47",
                "C87",
                "C44",
                "C81"
            ]
        ],
        "C119": [
            false,
            [
                "C113",
                "C97",
                "C125",
                "C123",
                "C56",
                "C95",
                "C22"
            ]
        ],
        "C120": [
            true,
            [
                "C98",
                "C8",
                "C57",
                "C41",
                "C63",
                "C122"
            ]
        ],
        "C121": [
            false,
            [
                "C7",
                "C25",
                "C67",
                "C4",
                "C90",
                "C15",
                "C112",
                "C19",
                "C89",
                "C24",
                "C97"
            ]
        ],
        "C122": [
            false,
            [
                "C56",
                "C36",
                "C57",
                "C14",
                "C78",
                "C124",
                "C125",
                "C38",
                "C86",
                "C107",
                "C19"
            ]
        ],
        "C123": [
            false,
            [
                "C23",
                "C92",
                "C88",
                "C58",
                "C74",
                "C100",
                "C32",
                "C4",
                "C111",
                "C47",
                "C22"
            ]
        ],
        "C124": [
            true,
            [
                "C104",
                "C101",
                "C13",
                "C49",
                "C6"
            ]
        ],
        "C125": [
            false,
            [
                "C14",
                "C89",
                "C21",
                "C55",
                "C67",
                "C51",
                "C70",
                "C52",
                "C104"
            ]
        ],
        "C126": [
            false,
            [
                "C82",
                "C111",
                "C15"
            ]
        ],
        "C127": [
            false,
            [
                "C113",
                "C63",
                "C72",
                "C124",
                "C37",
                "C75",
                "C66",
                "C24",
                "C108",
                "C118",
                "C99"
            ]
        ],
        "C128": [
            false,
            [
                "C24",
                "C125"
            ]
        ]
    },
    "ground_truth_fault_paths": [
        [
            "C96",
            "C87",
            "C54",
            "C50",
            "C71",
            "C97",
            "C1",
            "C0",
            "C80",
            "C61",
            "C43"
        ],
        [
            "C96",
            "C87",
            "C54",
            "C50",
            "C71",
            "C97",
            "C1",
            "C0",
            "C61",
            "C43"
        ],
        [
            "C96",
            "C87",
            "C71",
            "C97",
            "C1",
            "C0",
            "C80",
            "C61",
            "C43"
        ],
        [
            "C96",
            "C87",
            "C71",
            "C97",
            "C1",
            "C0",
            "C61",
            "C43"
        ],
        [
            "C113",
            "C71",
            "C97",
            "C1",
            "C0",
            "C80",
            "C61",
            "C43"
        ],
        [
            "C96",
            "C87",
            "C1",
            "C0",
            "C80",
            "C61",
            "C43"
        ],
        [
            "C113",
            "C71",
            "C97",
            "C1",
            "C0",
            "C61",
            "C43"
        ],
        [
            "C80",
            "C97",
            "C1",
            "C0",
            "C61",
            "C43"
        ],
        [
            "C96",
            "C87",
            "C1",
            "C0",
            "C80",
            "C97"
        ],
        [
            "C96",
            "C87",
            "C1",
            "C0",
            "C61",
            "C43"
        ],
        [
            "C96",
            "C1",
            "C0",
            "C80",
            "C61",
            "C43"
        ],
        [
            "C7",
            "C1",
            "C0",
            "C80",
            "C61",
            "C43"
        ],
        [
            "C96",
            "C87",
            "C54",
            "C50",
            "C43"
        ],
        [
            "C96",
            "C1",
            "C0",
            "C80",
            "C97"
        ],
        [
            "C96",
            "C1",
            "C0",
            "C61",
            "C43"
        ],
        [
            "C7",
            "C1",
            "C0",
            "C80",
            "C97"
        ],
        [
            "C7",
            "C1",
            "C0",
            "C61",
            "C43"
        ],
        [
            "C0",
            "C80",
            "C97",
            "C1"
        ],
        [
            "C116",
            "C61",
            "C43"
        ],
        [
            "C96",
            "C61",
            "C43"
        ],
        [
            "C63",
            "C120"
        ],
        [
            "C100",
            "C95"
        ],
        [
            "C100",
            "C91"
        ],
        [
            "C116",
            "C95"
        ],
        [
            "C116",
            "C91"
        ],
        [
            "C96",
            "C85"
        ],
        [
            "C9"
        ],
        [
            "C26"
        ],
        [
            "C38"
        ],
        [
            "C40"
        ],
        [
            "C66"
        ],
        [
            "C124"
        ]
    ],
    "error_codes": {
        "E0": [
            "FC0",
            [
                "C43",
                "C50",
                "C96",
                "C104",
                "C73",
                "C127",
                "C77",
                "C33",
                "C51",
                "C35",
                "C100",
                "C60",
                "C123"
            ]
        ],
        "E1": [
            "FC1",
            [
                "C43",
                "C44",
                "C85",
                "C26",
                "C107",
                "C10",
                "C79",
                "C89",
                "C67",
                "C39",
                "C96"
            ]
        ],
        "E2": [
            "FC2",
            [
                "C43",
                "C61",
                "C52",
                "C57",
                "C26",
                "C47",
                "C86",
                "C24",
                "C33",
                "C119"
            ]
        ],
        "E3": [
            "FC3",
            [
                "C43",
                "C61",
                "C97",
                "C1",
                "C65"
            ]
        ],
        "E4": [
            "FC4",
            [
                "C43",
                "C113",
                "C64",
                "C66",
                "C119",
                "C108",
                "C87",
                "C46",
                "C33",
                "C77",
                "C102"
            ]
        ],
        "E5": [
            "FC5",
            [
                "C43",
                "C0",
                "C80",
                "C29",
                "C105",
                "C45",
                "C17",
                "C122",
                "C94"
            ]
        ],
        "E6": [
            "FC6",
            [
                "C43",
                "C26",
                "C63",
                "C95",
                "C36",
                "C76",
                "C83",
                "C66",
                "C116"
            ]
        ],
        "E7": [
            "FC7",
            [
                "C43",
                "C83",
                "C1",
                "C5",
                "C90",
                "C112",
                "C66",
                "C85",
                "C11",
                "C124",
                "C106",
                "C107",
                "C79"
            ]
        ],
        "E8": [
            "FC8",
            [
                "C97",
                "C0",
                "C80",
                "C29",
                "C57",
                "C63",
                "C30",
                "C45"
            ]
        ],
        "E9": [
            "FC9",
            [
                "C43",
                "C0",
                "C126"
            ]
        ],
        "E10": [
            "FC10",
            [
                "C43",
                "C1",
                "C0",
                "C73",
                "C45",
                "C32",
                "C65",
                "C92",
                "C30",
                "C99",
                "C3",
                "C48",
                "C93"
            ]
        ],
        "E11": [
            "FC11",
            [
                "C43",
                "C27",
                "C124",
                "C108",
                "C90",
                "C79"
            ]
        ],
        "E12": [
            "FC12",
            [
                "C43",
                "C96",
                "C25",
                "C26",
                "C27",
                "C8",
                "C74"
            ]
        ],
        "E13": [
            "FC13",
            [
                "C97",
                "C1",
                "C20",
                "C43",
                "C60",
                "C80",
                "C64",
                "C72",
                "C2",
                "C25",
                "C34",
                "C117"
            ]
        ],
        "E14": [
            "FC14",
            [
                "C43",
                "C96",
                "C113",
                "C125",
                "C26"
            ]
        ],
        "E15": [
            "FC15",
            [
                "C97",
                "C80",
                "C128",
                "C86",
                "C49",
                "C1",
                "C24",
                "C115",
                "C72",
                "C69",
                "C124",
                "C64",
                "C3"
            ]
        ],
        "E16": [
            "FC16",
            [
                "C43",
                "C49",
                "C7",
                "C40",
                "C42",
                "C11",
                "C103",
                "C66",
                "C24",
                "C99",
                "C83",
                "C75"
            ]
        ],
        "E17": [
            "FC17",
            [
                "C1",
                "C62",
                "C118",
                "C107"
            ]
        ],
        "E18": [
            "FC18",
            [
                "C43",
                "C82",
                "C32",
                "C106",
                "C81",
                "C115"
            ]
        ],
        "E19": [
            "FC19",
            [
                "C43",
                "C3",
                "C60",
                "C98"
            ]
        ],
        "E20": [
            "FC20",
            [
                "C120",
                "C107",
                "C45",
                "C105",
                "C11",
                "C3",
                "C2"
            ]
        ],
        "E21": [
            "FC21",
            [
                "C95",
                "C6",
                "C30",
                "C3",
                "C1",
                "C63",
                "C0"
            ]
        ],
        "E22": [
            "FC22",
            [
                "C91",
                "C85"
            ]
        ],
        "E23": [
            "FC23",
            [
                "C95",
                "C116",
                "C39",
                "C101",
                "C122"
            ]
        ],
        "E24": [
            "FC24",
            [
                "C91",
                "C41",
                "C39",
                "C13",
                "C48",
                "C2",
                "C116",
                "C18",
                "C15",
                "C16",
                "C108",
                "C43"
            ]
        ],
        "E25": [
            "FC25",
            [
                "C85",
                "C52",
                "C119",
                "C96"
            ]
        ],
        "E26": [
            "FC26",
            [
                "C9",
                "C100",
                "C42",
                "C28",
                "C93",
                "C68",
                "C17",
                "C89",
                "C15",
                "C114",
                "C0",
                "C32"
            ]
        ],
        "E27": [
            "FC27",
            [
                "C26",
                "C34",
                "C42",
                "C78",
                "C39",
                "C104",
                "C55",
                "C85",
                "C60"
            ]
        ],
        "E28": [
            "FC28",
            [
                "C38",
                "C42",
                "C99",
                "C51",
                "C124",
                "C68"
            ]
        ],
        "E29": [
            "FC29",
            [
                "C40",
                "C82",
                "C89",
                "C22",
                "C13",
                "C36",
                "C58",
                "C61",
                "C92",
                "C116",
                "C38"
            ]
        ],
        "E30": [
            "FC30",
            [
                "C66",
                "C56",
                "C67",
                "C102",
                "C55",
                "C24",
                "C111",
                "C20",
                "C6",
                "C89"
            ]
        ],
        "E31": [
            "FC31",
            [
                "C124",
                "C93",
                "C53",
                "C4",
                "C38",
                "C104",
                "C22"
            ]
        ]
    },
    "sim_accuracies": {
        "C0": [
            "0.9608749555705711",
            "True"
        ],
        "C1": [
            "0.9734074621204887",
            "True"
        ],
        "C2": [
            "0.9767697229260198",
            "False"
        ],
        "C3": [
            "0.952283960575076",
            "False"
        ],
        "C4": [
            "0.981579732857718",
            "False"
        ],
        "C5": [
            "0.9770605191166047",
            "False"
        ],
        "C6": [
            "0.9829530504152152",
            "False"
        ],
        "C7": [
            "0.9743888504200149",
            "True"
        ],
        "C8": [
            "0.9525793708648074",
            "False"
        ],
        "C9": [
            "0.9687206481594747",
            "True"
        ],
        "C10": [
            "0.9631098451099447",
            "False"
        ],
        "C11": [
            "0.9763456386795122",
            "False"
        ],
        "C12": [
            "0.9760833078748429",
            "False"
        ],
        "C13": [
            "0.9574840910626058",
            "False"
        ],
        "C14": [
            "0.9738319396319237",
            "False"
        ],
        "C15": [
            "0.9866576011502812",
            "False"
        ],
        "C16": [
            "0.9746055515653578",
            "False"
        ],
        "C17": [
            "0.9792238204746614",
            "False"
        ],
        "C18": [
            "0.9538351497873182",
            "False"
        ],
        "C19": [
            "0.9631319471749096",
            "False"
        ],
        "C20": [
            "0.9605303668743782",
            "False"
        ],
        "C21": [
            "0.9716563990953199",
            "False"
        ],
        "C22": [
            "0.9823837655994394",
            "False"
        ],
        "C23": [
            "0.9724969741560163",
            "False"
        ],
        "C24": [
            "0.9746390324707032",
            "False"
        ],
        "C25": [
            "0.9548395888427513",
            "False"
        ],
        "C26": [
            "0.975053375113528",
            "True"
        ],
        "C27": [
            "0.9705329234241136",
            "False"
        ],
        "C28": [
            "0.9634874837944514",
            "False"
        ],
        "C29": [
            "0.9706434030237351",
            "False"
        ],
        "C30": [
            "0.971441364806496",
            "False"
        ],
        "C31": [
            "0.9693458414883761",
            "False"
        ],
        "C32": [
            "0.9734761915378164",
            "False"
        ],
        "C33": [
            "0.9517170661215982",
            "False"
        ],
        "C34": [
            "0.9517644588876715",
            "False"
        ],
        "C35": [
            "0.9847499999923438",
            "False"
        ],
        "C36": [
            "0.9668355286669281",
            "False"
        ],
        "C37": [
            "0.972105085823332",
            "False"
        ],
        "C38": [
            "0.9811944343199611",
            "True"
        ],
        "C39": [
            "0.9888063282960153",
            "False"
        ],
        "C40": [
            "0.963863788168138",
            "True"
        ],
        "C41": [
            "0.9716026424885663",
            "False"
        ],
        "C42": [
            "0.9508847483933123",
            "False"
        ],
        "C43": [
            "0.9854108615199475",
            "True"
        ],
        "C44": [
            "0.9762714437202809",
            "False"
        ],
        "C45": [
            "0.9894916117255111",
            "False"
        ],
        "C46": [
            "0.9831293213533773",
            "False"
        ],
        "C47": [
            "0.9722979037874145",
            "False"
        ],
        "C48": [
            "0.976480124897511",
            "False"
        ],
        "C49": [
            "0.9642197121551129",
            "False"
        ],
        "C50": [
            "0.9820866364302226",
            "True"
        ],
        "C51": [
            "0.9532133428960576",
            "False"
        ],
        "C52": [
            "0.9861376978450233",
            "False"
        ],
        "C53": [
            "0.9614089840245436",
            "False"
        ],
        "C54": [
            "0.9584128561509913",
            "True"
        ],
        "C55": [
            "0.9805077483229625",
            "False"
        ],
        "C56": [
            "0.9765754082782067",
            "False"
        ],
        "C57": [
            "0.9628720097083936",
            "False"
        ],
        "C58": [
            "0.9628604047553577",
            "False"
        ],
        "C59": [
            "0.9558743755989062",
            "False"
        ],
        "C60": [
            "0.9863053150823438",
            "False"
        ],
        "C61": [
            "0.9551539061457442",
            "True"
        ],
        "C62": [
            "0.9637537363155061",
            "False"
        ],
        "C63": [
            "0.9827712398483278",
            "True"
        ],
        "C64": [
            "0.9778999816654281",
            "False"
        ],
        "C65": [
            "0.9649444520095716",
            "False"
        ],
        "C66": [
            "0.9754525063698495",
            "True"
        ],
        "C67": [
            "0.9700087276174102",
            "False"
        ],
        "C68": [
            "0.9780881025456104",
            "False"
        ],
        "C69": [
            "0.9718896175231144",
            "False"
        ],
        "C70": [
            "0.9669738968664262",
            "False"
        ],
        "C71": [
            "0.9739916869190094",
            "True"
        ],
        "C72": [
            "0.9505305090550887",
            "False"
        ],
        "C73": [
            "0.9541576621948065",
            "False"
        ],
        "C74": [
            "0.9777824704805945",
            "False"
        ],
        "C75": [
            "0.9724850377771912",
            "False"
        ],
        "C76": [
            "0.9551085477412931",
            "False"
        ],
        "C77": [
            "0.9584425560772956",
            "False"
        ],
        "C78": [
            "0.984287557349308",
            "False"
        ],
        "C79": [
            "0.9609279408167954",
            "False"
        ],
        "C80": [
            "0.9574893096963755",
            "True"
        ],
        "C81": [
            "0.9748271151320701",
            "False"
        ],
        "C82": [
            "0.9892489933024546",
            "False"
        ],
        "C83": [
            "0.9614177291943794",
            "False"
        ],
        "C84": [
            "0.969339855217452",
            "False"
        ],
        "C85": [
            "0.9514868277325239",
            "True"
        ],
        "C86": [
            "0.9554167875567356",
            "False"
        ],
        "C87": [
            "0.9864481417372685",
            "True"
        ],
        "C88": [
            "0.9546435682690598",
            "False"
        ],
        "C89": [
            "0.9777047655104953",
            "False"
        ],
        "C90": [
            "0.9657258590746745",
            "False"
        ],
        "C91": [
            "0.9760350622083165",
            "True"
        ],
        "C92": [
            "0.9861658981856645",
            "False"
        ],
        "C93": [
            "0.9623306091709171",
            "False"
        ],
        "C94": [
            "0.9607726042810385",
            "False"
        ],
        "C95": [
            "0.9669987902196101",
            "True"
        ],
        "C96": [
            "0.9748597374375916",
            "True"
        ],
        "C97": [
            "0.964381583276039",
            "True"
        ],
        "C98": [
            "0.9884710012295955",
            "False"
        ],
        "C99": [
            "0.9775638385071131",
            "False"
        ],
        "C100": [
            "0.9859015864608692",
            "True"
        ],
        "C101": [
            "0.9835055027268123",
            "False"
        ],
        "C102": [
            "0.9713063259360804",
            "False"
        ],
        "C103": [
            "0.9693759087588921",
            "False"
        ],
        "C104": [
            "0.9683231447298344",
            "False"
        ],
        "C105": [
            "0.9597126415230768",
            "False"
        ],
        "C106": [
            "0.9859162273875034",
            "False"
        ],
        "C107": [
            "0.9521744152736441",
            "False"
        ],
        "C108": [
            "0.9774478818569856",
            "False"
        ],
        "C109": [
            "0.9585050050417484",
            "False"
        ],
        "C110": [
            "0.9675787660873029",
            "False"
        ],
        "C111": [
            "0.9767745261003367",
            "False"
        ],
        "C112": [
            "0.9741287455050991",
            "False"
        ],
        "C113": [
            "0.9877888889962353",
            "True"
        ],
        "C114": [
            "0.953779618101911",
            "False"
        ],
        "C115": [
            "0.9813761221391921",
            "False"
        ],
        "C116": [
            "0.9522714594116668",
            "True"
        ],
        "C117": [
            "0.9786446710499505",
            "False"
        ],
        "C118": [
            "0.9831809286527542",
            "False"
        ],
        "C119": [
            "0.9599938348731502",
            "False"
        ],
        "C120": [
            "0.9756377647698532",
            "True"
        ],
        "C121": [
            "0.9622957815610033",
            "False"
        ],
        "C122": [
            "0.9808128567561046",
            "False"
        ],
        "C123": [
            "0.9532200695588856",
            "False"
        ],
        "C124": [
            "0.9505743598401463",
            "True"
        ],
        "C125": [
            "0.9605662622718146",
            "False"
        ],
        "C126": [
            "0.9809955230756445",
            "False"
        ],
        "C127": [
            "0.951822403573381",
            "False"
        ],
        "C128": [
            "0.9561592755189207",
            "False"
        ]
    }
}