{
    "suspect_components": {
        "C0": [
            false,
            [
                "C112",
                "C126",
                "C16",
                "C11",
                "C52"
            ]
        ],
        "C1": [
            false,
            [
                "C14",
                "C36",
                "C118",
                "C84",
                "C106",
                "C10",
                "C98",
                "C115",
                "C48",
                "C76"
            ]
        ],
        "C2": [
            true,
            [
                "C65",
                "C41",
                "C48"
            ]
        ],
        "C3": [
            false,
            [
                "C67"
            ]
        ],
        "C4": [
            false,
            [
                "C70",
                "C85",
                "C42",
                "C25",
                "C43",
                "C88",
                "C110",
                "C11",
                "C108"
            ]
        ],
        "C5": [
            false,
            [
                "C1",
                "C27"
            ]
        ],
        "C6": [
            false,
            [
                "C11",
                "C69",
                "C12",
                "C29",
                "C81",
                "C31",
                "C77",
                "C26"
            ]
        ],
        "C7": [
            false,
            [
                "C0",
                "C91",
                "C15",
                "C89"
            ]
        ],
        "C8": [
            false,
            []
        ],
        "C9": [
            false,
            [
                "C20",
                "C61",
                "C68",
                "C122",
                "C69",
                "C41",
                "C102",
                "C56",
                "C106",
                "C65"
            ]
        ],
        "C10": [
            true,
            [
                "C46"
            ]
        ],
        "C11": [
            false,
            [
                "C105",
                "C77"
            ]
        ],
        "C12": [
            false,
            [
                "C34",
                "C81",
                "C68",
                "C56",
                "C45",
                "C73",
                "C87"
            ]
        ],
        "C13": [
            false,
            [
                "C101",
                "C3",
                "C74"
            ]
        ],
        "C14": [
            false,
            [
                "C64",
                "C6"
            ]
        ],
        "C15": [
            false,
            [
                "C21",
                "C116",
                "C72",
                "C70",
                "C35",
                "C94",
                "C60",
                "C102"
            ]
        ],
        "C16": [
            false,
            [
                "C86",
                "C47",
                "C115",
                "C110",
                "C128",
                "C45",
                "C4",
                "C25"
            ]
        ],
        "C17": [
            false,
            [
                "C26",
                "C42",
                "C39",
                "C78",
                "C98",
                "C99",
                "C31",
                "C66"
            ]
        ],
        "C18": [
            false,
            [
                "C10",
                "C124"
            ]
        ],
        "C19": [
            false,
            []
        ],
        "C20": [
            false,
            [
                "C2",
                "C119"
            ]
        ],
        "C21": [
            false,
            [
                "C3",
                "C111",
                "C63",
                "C91",
                "C25",
                "C81",
                "C19",
                "C120",
                "C87"
            ]
        ],
        "C22": [
            false,
            [
                "C54",
                "C60",
                "C30",
                "C112",
                "C14",
                "C34",
                "C89",
                "C52",
                "C61",
                "C127"
            ]
        ],
        "C23": [
            false,
            [
                "C121",
                "C0",
                "C99",
                "C13",
                "C78",
                "C60",
                "C119",
                "C122",
                "C88"
            ]
        ],
        "C24": [
            false,
            [
                "C117",
                "C46",
                "C94",
                "C50",
                "C119",
                "C22",
                "C126",
                "C35"
            ]
        ],
        "C25": [
            true,
            []
        ],
        "C26": [
            true,
            [
                "C29",
                "C82",
                "C58",
                "C61",
                "C6",
                "C1",
                "C51",
                "C47",
                "C86",
                "C97"
            ]
        ],
        "C27": [
            false,
            [
                "C106",
                "C69",
                "C113",
                "C64",
                "C17",
                "C48",
                "C60",
                "C25",
                "C91"
            ]
        ],
        "C28": [
            false,
            [
                "C106"
            ]
        ],
        "C29": [
            false,
            [
                "C58",
                "C74",
                "C77",
                "C40",
                "C36",
                "C105",
                "C110",
                "C50"
            ]
        ],
        "C30": [
            false,
            [
                "C94"
            ]
        ],
        "C31": [
            false,
            [
                "C54",
                "C4",
                "C7",
                "C52"
            ]
        ],
        "C32": [
            true,
            [
                "C79",
                "C30",
                "C63",
                "C19",
                "C91",
                "C97",
                "C87",
                "C50",
                "C110",
                "C127"
            ]
        ],
        "C33": [
            false,
            [
                "C53"
            ]
        ],
        "C34": [
            false,
            [
                "C78",
                "C107",
                "C50",
                "C84",
                "C21",
                "C77"
            ]
        ],
        "C35": [
            false,
            [
                "C43",
                "C47",
                "C34",
                "C54",
                "C83"
            ]
        ],
        "C36": [
            false,
            [
                "C55",
                "C79",
                "C82",
                "C47",
                "C114",
                "C54",
                "C65",
                "C104",
                "C90",
                "C112"
            ]
        ],
        "C37": [
            true,
            [
                "C80",
                "C61",
                "C56",
                "C88",
                "C45",
                "C30",
                "C127"
            ]
        ],
        "C38": [
            false,
            []
        ],
        "C39": [
            true,
            [
                "C99",
                "C75",
                "C1",
                "C110",
                "C73",
                "C22",
                "C36",
                "C50",
                "C19",
                "C82"
            ]
        ],
        "C40": [
            false,
            [
                "C10",
                "C39",
                "C78",
                "C66"
            ]
        ],
        "C41": [
            false,
            [
                "C128",
                "C52",
                "C2",
                "C115",
                "C85",
                "C3",
                "C27"
            ]
        ],
        "C42": [
            false,
            [
                "C50",
                "C36",
                "C127",
                "C5",
                "C48",
                "C68"
            ]
        ],
        "C43": [
            true,
            [
                "C29",
                "C64",
                "C26",
                "C4",
                "C88",
                "C32",
                "C97",
                "C101",
                "C51"
            ]
        ],
        "C44": [
            false,
            [
                "C76",
                "C42",
                "C118",
                "C39",
                "C18",
                "C47"
            ]
        ],
        "C45": [
            false,
            [
                "C66",
                "C80",
                "C72",
                "C51",
                "C99",
                "C124"
            ]
        ],
        "C46": [
            true,
            [
                "C123",
                "C110",
                "C122",
                "C78",
                "C99",
                "C47"
            ]
        ],
        "C47": [
            false,
            [
                "C104",
                "C49",
                "C1",
                "C22",
                "C59",
                "C52"
            ]
        ],
        "C48": [
            false,
            [
                "C33",
                "C124",
                "C34"
            ]
        ],
        "C49": [
            false,
            [
                "C24",
                "C115",
                "C0",
                "C43",
                "C106",
                "C123",
                "C30",
                "C98",
                "C18",
                "C75",
                "C72",
                "C90"
            ]
        ],
        "C50": [
            false,
            [
                "C78"
            ]
        ],
        "C51": [
            true,
            [
                "C117",
                "C90",
                "C108",
                "C31",
                "C106",
                "C10",
                "C53",
                "C72",
                "C83",
                "C38",
                "C101"
            ]
        ],
        "C52": [
            false,
            []
        ],
        "C53": [
            false,
            [
                "C47",
                "C40",
                "C128",
                "C117",
                "C80",
                "C103"
            ]
        ],
        "C54": [
            false,
            [
                "C78"
            ]
        ],
        "C55": [
            false,
            [
                "C21",
                "C2",
                "C97",
                "C17",
                "C94",
                "C43",
                "C48",
                "C40",
                "C86",
                "C115",
                "C11",
                "C85"
            ]
        ],
        "C56": [
            false,
            [
                "C11",
                "C108",
                "C3",
                "C48",
                "C14",
                "C73",
                "C123",
                "C18",
                "C20",
                "C47",
                "C12",
                "C35"
            ]
        ],
        "C57": [
            false,
            [
                "C54",
                "C6",
                "C35",
                "C59",
                "C92",
                "C84",
                "C24"
            ]
        ],
        "C58": [
            false,
            [
                "C35",
                "C39",
                "C9",
                "C118",
                "C37",
                "C50",
                "C11",
                "C52",
                "C62",
                "C95",
                "C38"
            ]
        ],
        "C59": [
            true,
            [
                "C57",
                "C91",
                "C17"
            ]
        ],
        "C60": [
            false,
            [
                "C30"
            ]
        ],
        "C61": [
            false,
            [
                "C127",
                "C120",
                "C62"
            ]
        ],
        "C62": [
            false,
            [
                "C117",
                "C40",
                "C112",
                "C119",
                "C99",
                "C100",
                "C1",
                "C75"
            ]
        ],
        "C63": [
            false,
            [
                "C33",
                "C98"
            ]
        ],
        "C64": [
            false,
            [
                "C104",
                "C84",
                "C26",
                "C77",
                "C65",
                "C66",
                "C96",
                "C86",
                "C117",
                "C69",
                "C50",
                "C6"
            ]
        ],
        "C65": [
            false,
            [
                "C39",
                "C5",
                "C97",
                "C16",
                "C79",
                "C76"
            ]
        ],
        "C66": [
            false,
            [
                "C31",
                "C112",
                "C36",
                "C12",
                "C44",
                "C20",
                "C16",
                "C53",
                "C2",
                "C1",
                "C69",
                "C60"
            ]
        ],
        "C67": [
            false,
            [
                "C55",
                "C30",
                "C74",
                "C21",
                "C29",
                "C19",
                "C112",
                "C105",
                "C63",
                "C49"
            ]
        ],
        "C68": [
            false,
            []
        ],
        "C69": [
            false,
            [
                "C86",
                "C0",
                "C116",
                "C71",
                "C13",
                "C72",
                "C61",
                "C43",
                "C112",
                "C24"
            ]
        ],
        "C70": [
            false,
            [
                "C42",
                "C1",
                "C36",
                "C71",
                "C67",
                "C28",
                "C104",
                "C22",
                "C96"
            ]
        ],
        "C71": [
            false,
            [
                "C54",
                "C104",
                "C45",
                "C69",
                "C14",
                "C84",
                "C29",
                "C109",
                "C59"
            ]
        ],
        "C72": [
            false,
            [
                "C61",
                "C26"
            ]
        ],
        "C73": [
            false,
            [
                "C125",
                "C3",
                "C81"
            ]
        ],
        "C74": [
            false,
            [
                "C75",
                "C19",
                "C9",
                "C62",
                "C121",
                "C105",
                "C40"
            ]
        ],
        "C75": [
            false,
            [
                "C106",
                "C85"
            ]
        ],
        "C76": [
            false,
            [
                "C68",
                "C31",
                "C83",
                "C32",
                "C92",
                "C53",
                "C89",
                "C21",
                "C110"
            ]
        ],
        "C77": [
            false,
            [
                "C80",
                "C126",
                "C18"
            ]
        ],
        "C78": [
            true,
            [
                "C30",
                "C105",
                "C72",
                "C71",
                "C111",
                "C128",
                "C70",
                "C122",
                "C27",
                "C48",
                "C43",
                "C15"
            ]
        ],
        "C79": [
            false,
            [
                "C25",
                "C15",
                "C45",
                "C86",
                "C87",
                "C30",
                "C94",
                "C20",
                "C13",
                "C24",
                "C73",
                "C98"
            ]
        ],
        "C80": [
            false,
            []
        ],
        "C81": [
            false,
            [
                "C48",
                "C94"
            ]
        ],
        "C82": [
            false,
            [
                "C86",
                "C101",
                "C41"
            ]
        ],
        "C83": [
            false,
            [
                "C3",
                "C24",
                "C69",
                "C12",
                "C29",
                "C35",
                "C62",
                "C86"
            ]
        ],
        "C84": [
            false,
            [
                "C58",
                "C20",
                "C102",
                "C126",
                "C97",
                "C101"
            ]
        ],
        "C85": [
            false,
            []
        ],
        "C86": [
            false,
            [
                "C115",
                "C24"
            ]
        ],
        "C87": [
            true,
            [
                "C46",
                "C118",
                "C70",
                "C119",
                "C117",
                "C22"
            ]
        ],
        "C88": [
            false,
            [
                "C19",
                "C50",
                "C58",
                "C78",
                "C127",
                "C113",
                "C11",
                "C89"
            ]
        ],
        "C89": [
            true,
            [
                "C3"
            ]
        ],
        "C90": [
            true,
            [
                "C65",
                "C121",
                "C59",
                "C0",
                "C7",
                "C47",
                "C42",
                "C24",
                "C55",
                "C29"
            ]
        ],
        "C91": [
            false,
            [
                "C20",
                "C76",
                "C44",
                "C79",
                "C23",
                "C77",
                "C59",
                "C5",
                "C70",
                "C75",
                "C97"
            ]
        ],
        "C92": [
            false,
            [
                "C118",
                "C75",
                "C37",
                "C83",
                "C105",
                "C56",
                "C76",
                "C4",
                "C5"
            ]
        ],
        "C93": [
            true,
            [
                "C115"
            ]
        ],
        "C94": [
            false,
            [
                "C57",
                "C63",
                "C70",
                "C92",
                "C1",
                "C15"
            ]
        ],
        "C95": [
            true,
            [
                "C26",
                "C93",
                "C22",
                "C50"
            ]
        ],
        "C96": [
            true,
            [
                "C11",
                "C54",
                "C6",
                "C113",
                "C99",
                "C18",
                "C122",
                "C1",
                "C27",
                "C102"
            ]
        ],
        "C97": [
            false,
            [
                "C68",
                "C105",
                "C79",
                "C34",
                "C7",
                "C125",
                "C32",
                "C18"
            ]
        ],
        "C98": [
            false,
            [
                "C27",
                "C99",
                "C100",
                "C35",
                "C57",
                "C71",
                "C65",
                "C14"
            ]
        ],
        "C99": [
            false,
            [
                "C94",
                "C112",
                "C36",
                "C79",
                "C127"
            ]
        ],
        "C100": [
            true,
            [
                "C118",
                "C43",
                "C21",
                "C56",
                "C104",
                "C50",
                "C103",
                "C39",
                "C6",
                "C19",
                "C1",
                "C69"
            ]
        ],
        "C101": [
            true,
            [
                "C75",
                "C28",
                "C122",
                "C40",
                "C49",
                "C17",
                "C7",
                "C16",
                "C112"
            ]
        ],
        "C102": [
            false,
            []
        ],
        "C103": [
            true,
            [
                "C99",
                "C108",
                "C96",
                "C62",
                "C112",
                "C34",
                "C25",
                "C92",
                "C55",
                "C88",
                "C64"
            ]
        ],
        "C104": [
            false,
            [
                "C13",
                "C78",
                "C123",
                "C10",
                "C93",
                "C116",
                "C22",
                "C40",
                "C106",
                "C81",
                "C99"
            ]
        ],
        "C105": [
            false,
            [
                "C98",
                "C71",
                "C25",
                "C109",
                "C80"
            ]
        ],
        "C106": [
            false,
            [
                "C99",
                "C107",
                "C117",
                "C24",
                "C85",
                "C28"
            ]
        ],
        "C107": [
            true,
            [
                "C30"
            ]
        ],
        "C108": [
            true,
            [
                "C9",
                "C126"
            ]
        ],
        "C109": [
            false,
            []
        ],
        "C110": [
            true,
            [
                "C4"
            ]
        ],
        "C111": [
            false,
            [
                "C86",
                "C49",
                "C94",
                "C108",
                "C125",
                "C47",
                "C104",
                "C46",
                "C92",
                "C35",
                "C88"
            ]
        ],
        "C112": [
            false,
            [
                "C107",
                "C20",
                "C89",
                "C7",
                "C60",
                "C48",
                "C88"
            ]
        ],
        "C113": [
            false,
            [
                "C66",
                "C12",
                "C106",
                "C16",
                "C110",
                "C48",
                "C2",
                "C64",
                "C52"
            ]
        ],
        "C114": [
            false,
            [
                "C37",
                "C41",
                "C126",
                "C95"
            ]
        ],
        "C115": [
            false,
            [
                "C33",
                "C31",
                "C0"
            ]
        ],
        "C116": [
            false,
            [
                "C61"
            ]
        ],
        "C117": [
            false,
            [
                "C55",
                "C2",
                "C3"
            ]
        ],
        "C118": [
            false,
            [
                "C1",
                "C12",
                "C63",
                "C125"
            ]
        ],
        "C119": [
            false,
            [
                "C88",
                "C79",
                "C4",
                "C27",
                "C77",
                "C10"
            ]
        ],
        "C120": [
            true,
            [
                "C110",
                "C85",
                "C0",
                "C37",
                "C90"
            ]
        ],
        "C121": [
            false,
            [
                "C125",
                "C9",
                "C11",
                "C83",
                "C14",
                "C36",
                "C118"
            ]
        ],
        "C122": [
            false,
            [
                "C1",
                "C69",
                "C100",
                "C49",
                "C101",
                "C17",
                "C28",
                "C107",
                "C68",
                "C48",
                "C97"
            ]
        ],
        "C123": [
            true,
            [
                "C104",
                "C106"
            ]
        ],
        "C124": [
            false,
            [
                "C105"
            ]
        ],
        "C125": [
            false,
            [
                "C49",
                "C99",
                "C113",
                "C121",
                "C17",
                "C116",
                "C117",
                "C81",
                "C47",
                "C105",
                "C76"
            ]
        ],
        "C126": [
            false,
            [
                "C46",
                "C98",
                "C25",
                "C91",
                "C69",
                "C118",
                "C22",
                "C67",
                "C24",
                "C35"
            ]
        ],
        "C127": [
            false,
            [
                "C83",
                "C41",
                "C113",
                "C120"
            ]
        ],
        "C128": [
            false,
            []
        ]
    },
    "ground_truth_fault_paths": [
        [
            "C110",
            "C32",
            "C43",
            "C78",
            "C46",
            "C10",
            "C51",
            "C26",
            "C95"
        ],
        [
            "C59",
            "C90",
            "C51",
            "C26",
            "C43",
            "C78",
            "C46",
            "C87",
            "C32"
        ],
        [
            "C87",
            "C32",
            "C43",
            "C78",
            "C46",
            "C10",
            "C51",
            "C26",
            "C95"
        ],
        [
            "C108",
            "C51",
            "C26",
            "C43",
            "C78",
            "C46",
            "C87",
            "C32"
        ],
        [
            "C59",
            "C90",
            "C51",
            "C43",
            "C78",
            "C46",
            "C87",
            "C32"
        ],
        [
            "C59",
            "C90",
            "C51",
            "C26",
            "C43",
            "C78",
            "C46",
            "C10"
        ],
        [
            "C101",
            "C51",
            "C26",
            "C43",
            "C78",
            "C46",
            "C87",
            "C32"
        ],
        [
            "C101",
            "C43",
            "C78",
            "C46",
            "C10",
            "C51",
            "C26",
            "C95"
        ],
        [
            "C10",
            "C51",
            "C26",
            "C43",
            "C78",
            "C46",
            "C87",
            "C32"
        ],
        [
            "C110",
            "C46",
            "C10",
            "C51",
            "C26",
            "C43",
            "C100"
        ],
        [
            "C110",
            "C46",
            "C10",
            "C51",
            "C26",
            "C43",
            "C78"
        ],
        [
            "C108",
            "C51",
            "C43",
            "C78",
            "C46",
            "C87",
            "C32"
        ],
        [
            "C108",
            "C51",
            "C26",
            "C43",
            "C78",
            "C46",
            "C10"
        ],
        [
            "C59",
            "C90",
            "C51",
            "C43",
            "C78",
            "C46",
            "C10"
        ],
        [
            "C101",
            "C51",
            "C43",
            "C78",
            "C46",
            "C87",
            "C32"
        ],
        [
            "C101",
            "C51",
            "C26",
            "C43",
            "C78",
            "C46",
            "C10"
        ],
        [
            "C10",
            "C51",
            "C43",
            "C78",
            "C46",
            "C87",
            "C32"
        ],
        [
            "C78",
            "C46",
            "C10",
            "C51",
            "C26",
            "C43",
            "C100"
        ],
        [
            "C123",
            "C46",
            "C10",
            "C51",
            "C26",
            "C43",
            "C100"
        ],
        [
            "C123",
            "C46",
            "C10",
            "C51",
            "C26",
            "C43",
            "C78"
        ],
        [
            "C110",
            "C46",
            "C87",
            "C32",
            "C43",
            "C100"
        ],
        [
            "C110",
            "C46",
            "C87",
            "C32",
            "C43",
            "C78"
        ],
        [
            "C110",
            "C46",
            "C10",
            "C51",
            "C43",
            "C100"
        ],
        [
            "C110",
            "C46",
            "C10",
            "C51",
            "C43",
            "C78"
        ],
        [
            "C110",
            "C46",
            "C10",
            "C51",
            "C26",
            "C95"
        ],
        [
            "C110",
            "C32",
            "C43",
            "C78",
            "C46",
            "C87"
        ],
        [
            "C108",
            "C51",
            "C43",
            "C78",
            "C46",
            "C10"
        ],
        [
            "C26",
            "C43",
            "C78",
            "C46",
            "C10",
            "C51"
        ],
        [
            "C59",
            "C90",
            "C51",
            "C26",
            "C43",
            "C100"
        ],
        [
            "C101",
            "C51",
            "C43",
            "C78",
            "C46",
            "C10"
        ],
        [
            "C101",
            "C43",
            "C78",
            "C46",
            "C87",
            "C32"
        ],
        [
            "C78",
            "C46",
            "C87",
            "C32",
            "C43",
            "C100"
        ],
        [
            "C78",
            "C46",
            "C10",
            "C51",
            "C43",
            "C100"
        ],
        [
            "C123",
            "C46",
            "C87",
            "C32",
            "C43",
            "C100"
        ],
        [
            "C123",
            "C46",
            "C87",
            "C32",
            "C43",
            "C78"
        ],
        [
            "C123",
            "C46",
            "C10",
            "C51",
            "C43",
            "C100"
        ],
        [
            "C123",
            "C46",
            "C10",
            "C51",
            "C43",
            "C78"
        ],
        [
            "C123",
            "C46",
            "C10",
            "C51",
            "C26",
            "C95"
        ],
        [
            "C108",
            "C51",
            "C26",
            "C43",
            "C100"
        ],
        [
            "C59",
            "C90",
            "C51",
            "C43",
            "C100"
        ],
        [
            "C59",
            "C90",
            "C51",
            "C26",
            "C95"
        ],
        [
            "C101",
            "C51",
            "C26",
            "C43",
            "C100"
        ],
        [
            "C110",
            "C32",
            "C43",
            "C100"
        ],
        [
            "C108",
            "C51",
            "C43",
            "C100"
        ],
        [
            "C108",
            "C51",
            "C26",
            "C95"
        ],
        [
            "C101",
            "C51",
            "C43",
            "C100"
        ],
        [
            "C101",
            "C51",
            "C26",
            "C95"
        ],
        [
            "C110",
            "C39",
            "C100"
        ],
        [
            "C25",
            "C103",
            "C100"
        ],
        [
            "C96",
            "C103",
            "C100"
        ],
        [
            "C108",
            "C103",
            "C100"
        ],
        [
            "C59",
            "C90",
            "C120"
        ],
        [
            "C101",
            "C43",
            "C100"
        ],
        [
            "C37",
            "C120"
        ],
        [
            "C110",
            "C120"
        ],
        [
            "C93",
            "C95"
        ],
        [
            "C2"
        ],
        [
            "C89"
        ],
        [
            "C107"
        ]
    ],
    "error_codes": {
        "E0": [
            "FC0",
            [
                "C95",
                "C110",
                "C26",
                "C86",
                "C10",
                "C82",
                "C41",
                "C67",
                "C75"
            ]
        ],
        "E1": [
            "FC1",
            [
                "C32",
                "C98",
                "C113",
                "C94",
                "C6",
                "C25",
                "C57",
                "C28",
                "C51",
                "C118"
            ]
        ],
        "E2": [
            "FC2",
            [
                "C95",
                "C71",
                "C20",
                "C76",
                "C43",
                "C5",
                "C25",
                "C61",
                "C70"
            ]
        ],
        "E3": [
            "FC3",
            [
                "C32",
                "C43",
                "C26",
                "C19",
                "C79",
                "C4",
                "C74",
                "C99",
                "C45",
                "C121",
                "C111",
                "C50"
            ]
        ],
        "E4": [
            "FC4",
            [
                "C32",
                "C51",
                "C43",
                "C41",
                "C123",
                "C58",
                "C59",
                "C12",
                "C128",
                "C2"
            ]
        ],
        "E5": [
            "FC5",
            [
                "C10",
                "C43",
                "C75",
                "C79",
                "C101",
                "C128",
                "C72",
                "C63"
            ]
        ],
        "E6": [
            "FC6",
            [
                "C32",
                "C51",
                "C10",
                "C82",
                "C75",
                "C99",
                "C107",
                "C26",
                "C124",
                "C117",
                "C48",
                "C14",
                "C120",
                "C0"
            ]
        ],
        "E7": [
            "FC7",
            [
                "C95",
                "C128",
                "C71",
                "C101",
                "C114",
                "C107",
                "C17",
                "C119",
                "C4",
                "C30",
                "C23",
                "C10",
                "C55"
            ]
        ],
        "E8": [
            "FC8",
            [
                "C32",
                "C87",
                "C26",
                "C123",
                "C101",
                "C34",
                "C17",
                "C14",
                "C8"
            ]
        ],
        "E9": [
            "FC9",
            [
                "C100",
                "C6",
                "C88",
                "C116",
                "C87",
                "C95",
                "C5",
                "C14",
                "C65",
                "C76"
            ]
        ],
        "E10": [
            "FC10",
            [
                "C78",
                "C110",
                "C109",
                "C97",
                "C60",
                "C10",
                "C95",
                "C114"
            ]
        ],
        "E11": [
            "FC11",
            [
                "C32",
                "C95",
                "C111",
                "C39",
                "C47",
                "C5",
                "C41",
                "C29",
                "C115"
            ]
        ],
        "E12": [
            "FC12",
            [
                "C10",
                "C78",
                "C45",
                "C54",
                "C5",
                "C82",
                "C49",
                "C117",
                "C7",
                "C30",
                "C58",
                "C122"
            ]
        ],
        "E13": [
            "FC13",
            [
                "C10",
                "C43",
                "C46",
                "C7",
                "C116",
                "C47",
                "C1",
                "C55",
                "C39",
                "C71",
                "C49",
                "C36",
                "C58",
                "C119",
                "C123"
            ]
        ],
        "E14": [
            "FC14",
            [
                "C32",
                "C78",
                "C121",
                "C69",
                "C96",
                "C99",
                "C83",
                "C52",
                "C47",
                "C70"
            ]
        ],
        "E15": [
            "FC15",
            [
                "C10",
                "C72",
                "C39",
                "C107",
                "C9",
                "C124"
            ]
        ],
        "E16": [
            "FC16",
            [
                "C32",
                "C43",
                "C73",
                "C111",
                "C88",
                "C86",
                "C112",
                "C95",
                "C100",
                "C76"
            ]
        ],
        "E17": [
            "FC17",
            [
                "C100",
                "C78",
                "C45",
                "C70",
                "C35",
                "C114",
                "C61",
                "C67",
                "C98",
                "C32",
                "C92",
                "C23",
                "C102",
                "C88"
            ]
        ],
        "E18": [
            "FC18",
            [
                "C100",
                "C125",
                "C53",
                "C83"
            ]
        ],
        "E19": [
            "FC19",
            [
                "C78",
                "C119",
                "C123"
            ]
        ],
        "E20": [
            "FC20",
            [
                "C100",
                "C32",
                "C46",
                "C17",
                "C70",
                "C72",
                "C122",
                "C124"
            ]
        ],
        "E21": [
            "FC21",
            [
                "C78",
                "C87",
                "C104",
                "C50",
                "C114",
                "C19",
                "C4",
                "C49",
                "C17",
                "C112"
            ]
        ],
        "E22": [
            "FC22",
            [
                "C100",
                "C124",
                "C107",
                "C14",
                "C104",
                "C97",
                "C112",
                "C72",
                "C44"
            ]
        ],
        "E23": [
            "FC23",
            [
                "C78",
                "C7",
                "C83",
                "C120",
                "C75",
                "C103",
                "C44"
            ]
        ],
        "E24": [
            "FC24",
            [
                "C95",
                "C103",
                "C53"
            ]
        ],
        "E25": [
            "FC25",
            [
                "C87",
                "C78",
                "C23",
                "C103",
                "C81",
                "C29",
                "C88",
                "C59"
            ]
        ],
        "E26": [
            "FC26",
            [
                "C10",
                "C16",
                "C75",
                "C18"
            ]
        ],
        "E27": [
            "FC27",
            [
                "C51",
                "C43",
                "C10",
                "C128",
                "C123",
                "C12"
            ]
        ],
        "E28": [
            "FC28",
            [
                "C100",
                "C26",
                "C43",
                "C80",
                "C27",
                "C64",
                "C111",
                "C104",
                "C13",
                "C126"
            ]
        ],
        "E29": [
            "FC29",
            [
                "C10",
                "C89",
                "C60",
                "C106",
                "C118",
                "C9",
                "C27",
                "C85",
                "C94",
                "C42",
                "C47",
                "C99",
                "C78"
            ]
        ],
        "E30": [
            "FC30",
            [
                "C32",
                "C34",
                "C67",
                "C98",
                "C95",
                "C85",
                "C39",
                "C92",
                "C124",
                "C115",
                "C50",
                "C81",
                "C29"
            ]
        ],
        "E31": [
            "FC31",
            [
                "C100",
                "C43",
                "C35",
                "C1",
                "C46",
                "C40"
            ]
        ],
        "E32": [
            "FC32",
            [
                "C100",
                "C78",
                "C54",
                "C20"
            ]
        ],
        "E33": [
            "FC33",
            [
                "C100",
                "C123",
                "C46",
                "C71",
                "C13"
            ]
        ],
        "E34": [
            "FC34",
            [
                "C78",
                "C65",
                "C113",
                "C80",
                "C85",
                "C92",
                "C114",
                "C124",
                "C63",
                "C74",
                "C55",
                "C38",
                "C46"
            ]
        ],
        "E35": [
            "FC35",
            [
                "C100",
                "C17",
                "C48",
                "C32",
                "C16",
                "C61",
                "C106",
                "C99",
                "C67",
                "C63",
                "C91"
            ]
        ],
        "E36": [
            "FC36",
            [
                "C78",
                "C43",
                "C123",
                "C69",
                "C99",
                "C127",
                "C52",
                "C35",
                "C116",
                "C80",
                "C85",
                "C109"
            ]
        ],
        "E37": [
            "FC37",
            [
                "C95",
                "C27",
                "C48",
                "C119",
                "C13",
                "C36",
                "C66",
                "C76",
                "C100"
            ]
        ],
        "E38": [
            "FC38",
            [
                "C100",
                "C26",
                "C7",
                "C15",
                "C97",
                "C102",
                "C76",
                "C119",
                "C50",
                "C13",
                "C106",
                "C37"
            ]
        ],
        "E39": [
            "FC39",
            [
                "C100",
                "C51",
                "C84",
                "C128",
                "C127",
                "C45",
                "C68",
                "C76",
                "C99"
            ]
        ],
        "E40": [
            "FC40",
            [
                "C95",
                "C36",
                "C71"
            ]
        ],
        "E41": [
            "FC41",
            [
                "C100",
                "C10",
                "C44",
                "C117",
                "C78",
                "C62",
                "C11",
                "C23",
                "C20",
                "C36",
                "C35",
                "C9"
            ]
        ],
        "E42": [
            "FC42",
            [
                "C100",
                "C87",
                "C24"
            ]
        ],
        "E43": [
            "FC43",
            [
                "C100",
                "C90",
                "C20",
                "C53",
                "C98",
                "C71",
                "C8",
                "C83",
                "C74",
                "C27",
                "C99",
                "C84"
            ]
        ],
        "E44": [
            "FC44",
            [
                "C95",
                "C125",
                "C2",
                "C0",
                "C115"
            ]
        ],
        "E45": [
            "FC45",
            [
                "C100",
                "C43",
                "C13",
                "C11"
            ]
        ],
        "E46": [
            "FC46",
            [
                "C95",
                "C40",
                "C110",
                "C6"
            ]
        ],
        "E47": [
            "FC47",
            [
                "C100",
                "C61",
                "C73",
                "C118",
                "C41",
                "C109",
                "C119",
                "C65",
                "C79"
            ]
        ],
        "E48": [
            "FC48",
            [
                "C100",
                "C69",
                "C56",
                "C19",
                "C15",
                "C53",
                "C35",
                "C55"
            ]
        ],
        "E49": [
            "FC49",
            [
                "C100",
                "C90",
                "C65",
                "C62",
                "C114"
            ]
        ],
        "E50": [
            "FC50",
            [
                "C100",
                "C111",
                "C123",
                "C60",
                "C14",
                "C91",
                "C87",
                "C44",
                "C19",
                "C108",
                "C71",
                "C107",
                "C38"
            ]
        ],
        "E51": [
            "FC51",
            [
                "C120",
                "C69",
                "C52",
                "C23"
            ]
        ],
        "E52": [
            "FC52",
            [
                "C100",
                "C20",
                "C38",
                "C91"
            ]
        ],
        "E53": [
            "FC53",
            [
                "C120",
                "C128",
                "C50",
                "C43",
                "C52",
                "C5",
                "C122"
            ]
        ],
        "E54": [
            "FC54",
            [
                "C120",
                "C30",
                "C68",
                "C28",
                "C32",
                "C84",
                "C119",
                "C5",
                "C105",
                "C115"
            ]
        ],
        "E55": [
            "FC55",
            [
                "C95",
                "C117"
            ]
        ],
        "E56": [
            "FC56",
            [
                "C2",
                "C47",
                "C76",
                "C64",
                "C87",
                "C120",
                "C83",
                "C112",
                "C17"
            ]
        ],
        "E57": [
            "FC57",
            [
                "C89",
                "C59",
                "C28"
            ]
        ],
        "E58": [
            "FC58",
            [
                "C107",
                "C106",
                "C124",
                "C53",
                "C29",
                "C10",
                "C33"
            ]
        ]
    },
    "sim_accuracies": {
        "C0": [
            "0.9619393015376667",
            "False"
        ],
        "C1": [
            "0.9654881667507668",
            "False"
        ],
        "C2": [
            "0.9618269623271505",
            "True"
        ],
        "C3": [
            "0.9740554740206023",
            "False"
        ],
        "C4": [
            "0.982095202633516",
            "False"
        ],
        "C5": [
            "0.9854414919706681",
            "False"
        ],
        "C6": [
            "0.9728756463365937",
            "False"
        ],
        "C7": [
            "0.9611902949113849",
            "False"
        ],
        "C8": [
            "0.9670969767952923",
            "False"
        ],
        "C9": [
            "0.9614685485873168",
            "False"
        ],
        "C10": [
            "0.9705419675152676",
            "True"
        ],
        "C11": [
            "0.9783498230873184",
            "False"
        ],
        "C12": [
            "0.9822982102669956",
            "False"
        ],
        "C13": [
            "0.9820126460708795",
            "False"
        ],
        "C14": [
            "0.9505825144625831",
            "False"
        ],
        "C15": [
            "0.9842756445247518",
            "False"
        ],
        "C16": [
            "0.972191567921429",
            "False"
        ],
        "C17": [
            "0.9637984280298426",
            "False"
        ],
        "C18": [
            "0.9784806416857935",
            "False"
        ],
        "C19": [
            "0.9554096503192225",
            "False"
        ],
        "C20": [
            "0.9576161729339544",
            "False"
        ],
        "C21": [
            "0.9574978207633063",
            "False"
        ],
        "C22": [
            "0.9821151263933015",
            "False"
        ],
        "C23": [
            "0.9639989081127838",
            "False"
        ],
        "C24": [
            "0.9835376918874128",
            "False"
        ],
        "C25": [
            "0.9696350305181279",
            "True"
        ],
        "C26": [
            "0.9528378103989185",
            "True"
        ],
        "C27": [
            "0.9561845628586021",
            "False"
        ],
        "C28": [
            "0.9622278258753592",
            "False"
        ],
        "C29": [
            "0.954417730494112",
            "False"
        ],
        "C30": [
            "0.9502678308406453",
            "False"
        ],
        "C31": [
            "0.9594132615774257",
            "False"
        ],
        "C32": [
            "0.981249824893136",
            "True"
        ],
        "C33": [
            "0.9825638425834098",
            "False"
        ],
        "C34": [
            "0.9871738969844889",
            "False"
        ],
        "C35": [
            "0.9706517785651649",
            "False"
        ],
        "C36": [
            "0.9836680831156229",
            "False"
        ],
        "C37": [
            "0.951240433600132",
            "True"
        ],
        "C38": [
            "0.9599767111047205",
            "False"
        ],
        "C39": [
            "0.9890343539161033",
            "True"
        ],
        "C40": [
            "0.9873508598617882",
            "False"
        ],
        "C41": [
            "0.9856340130497333",
            "False"
        ],
        "C42": [
            "0.9785624768249694",
            "False"
        ],
        "C43": [
            "0.9623025770691357",
            "True"
        ],
        "C44": [
            "0.9885725815575227",
            "False"
        ],
        "C45": [
            "0.9516742564376471",
            "False"
        ],
        "C46": [
            "0.9759463023021786",
            "True"
        ],
        "C47": [
            "0.9829730964639474",
            "False"
        ],
        "C48": [
            "0.9731524219245944",
            "False"
        ],
        "C49": [
            "0.9748199430115942",
            "False"
        ],
        "C50": [
            "0.9791259320777475",
            "False"
        ],
        "C51": [
            "0.9773308681341131",
            "True"
        ],
        "C52": [
            "0.9546800016055107",
            "False"
        ],
        "C53": [
            "0.9828667716397916",
            "False"
        ],
        "C54": [
            "0.976521173903522",
            "False"
        ],
        "C55": [
            "0.982693981011837",
            "False"
        ],
        "C56": [
            "0.9588251831367968",
            "False"
        ],
        "C57": [
            "0.9764836031183691",
            "False"
        ],
        "C58": [
            "0.9784489140628821",
            "False"
        ],
        "C59": [
            "0.963819685701742",
            "True"
        ],
        "C60": [
            "0.9557418418493587",
            "False"
        ],
        "C61": [
            "0.9732460297147364",
            "False"
        ],
        "C62": [
            "0.9815282994588077",
            "False"
        ],
        "C63": [
            "0.9568864920953344",
            "False"
        ],
        "C64": [
            "0.9855882591239533",
            "False"
        ],
        "C65": [
            "0.9844817018868709",
            "False"
        ],
        "C66": [
            "0.9853068288963585",
            "False"
        ],
        "C67": [
            "0.9895130650725291",
            "False"
        ],
        "C68": [
            "0.9688636171833782",
            "False"
        ],
        "C69": [
            "0.9774588912857034",
            "False"
        ],
        "C70": [
            "0.9884213063133133",
            "False"
        ],
        "C71": [
            "0.9516035397462792",
            "False"
        ],
        "C72": [
            "0.9848806307137026",
            "False"
        ],
        "C73": [
            "0.9571512538575615",
            "False"
        ],
        "C74": [
            "0.9895257383749064",
            "False"
        ],
        "C75": [
            "0.9643577731358377",
            "False"
        ],
        "C76": [
            "0.9552502786367535",
            "False"
        ],
        "C77": [
            "0.9566724237926348",
            "False"
        ],
        "C78": [
            "0.9716716881353966",
            "True"
        ],
        "C79": [
            "0.9594014729785506",
            "False"
        ],
        "C80": [
            "0.9787401382205962",
            "False"
        ],
        "C81": [
            "0.965339245791998",
            "False"
        ],
        "C82": [
            "0.9806535151747756",
            "False"
        ],
        "C83": [
            "0.9711654828701161",
            "False"
        ],
        "C84": [
            "0.971133549818492",
            "False"
        ],
        "C85": [
            "0.9616586325838171",
            "False"
        ],
        "C86": [
            "0.9653188935133469",
            "False"
        ],
        "C87": [
            "0.9839716206332995",
            "True"
        ],
        "C88": [
            "0.9546614437805998",
            "False"
        ],
        "C89": [
            "0.9839672458218063",
            "True"
        ],
        "C90": [
            "0.984579534260082",
            "True"
        ],
        "C91": [
            "0.9614403392285595",
            "False"
        ],
        "C92": [
            "0.9845332153250397",
            "False"
        ],
        "C93": [
            "0.9572540555189731",
            "True"
        ],
        "C94": [
            "0.9823539329963284",
            "False"
        ],
        "C95": [
            "0.9829776577211754",
            "True"
        ],
        "C96": [
            "0.9858771090403975",
            "True"
        ],
        "C97": [
            "0.9745539676311612",
            "False"
        ],
        "C98": [
            "0.9539849054124854",
            "False"
        ],
        "C99": [
            "0.9548710164143327",
            "False"
        ],
        "C100": [
            "0.9694835675333303",
            "True"
        ],
        "C101": [
            "0.9727091327440681",
            "True"
        ],
        "C102": [
            "0.9816217888570329",
            "False"
        ],
        "C103": [
            "0.966748574472724",
            "True"
        ],
        "C104": [
            "0.9523315294790919",
            "False"
        ],
        "C105": [
            "0.9661156313165716",
            "False"
        ],
        "C106": [
            "0.9712341247885188",
            "False"
        ],
        "C107": [
            "0.9791061778374489",
            "True"
        ],
        "C108": [
            "0.9646026597803975",
            "True"
        ],
        "C109": [
            "0.9786788286058928",
            "False"
        ],
        "C110": [
            "0.9811536663886101",
            "True"
        ],
        "C111": [
            "0.9573123656108512",
            "False"
        ],
        "C112": [
            "0.9879259866236741",
            "False"
        ],
        "C113": [
            "0.9578741532925126",
            "False"
        ],
        "C114": [
            "0.9669886902033976",
            "False"
        ],
        "C115": [
            "0.9595449777928449",
            "False"
        ],
        "C116": [
            "0.9894936577523903",
            "False"
        ],
        "C117": [
            "0.9521280971627621",
            "False"
        ],
        "C118": [
            "0.9775487817243853",
            "False"
        ],
        "C119": [
            "0.9859883990497635",
            "False"
        ],
        "C120": [
            "0.9636108341859608",
            "True"
        ],
        "C121": [
            "0.9657568233675706",
            "False"
        ],
        "C122": [
            "0.988690455839645",
            "False"
        ],
        "C123": [
            "0.9579697394748461",
            "True"
        ],
        "C124": [
            "0.9796796558687142",
            "False"
        ],
        "C125": [
            "0.9813838132725048",
            "False"
        ],
        "C126": [
            "0.9880486682238578",
            "False"
        ],
        "C127": [
            "0.9873269813331382",
            "False"
        ],
        "C128": [
            "0.9777998580552074",
            "False"
        ]
    }
}