{
    "suspect_components": {
        "C0": [
            false,
            [
                "C121",
                "C128",
                "C38",
                "C15",
                "C115",
                "C26",
                "C87",
                "C21",
                "C44"
            ]
        ],
        "C1": [
            false,
            []
        ],
        "C2": [
            false,
            [
                "C112",
                "C40",
                "C93"
            ]
        ],
        "C3": [
            false,
            [
                "C72",
                "C99",
                "C104",
                "C86",
                "C13"
            ]
        ],
        "C4": [
            false,
            [
                "C85",
                "C16",
                "C84",
                "C24",
                "C98",
                "C72",
                "C64",
                "C38",
                "C20",
                "C36",
                "C89",
                "C79"
            ]
        ],
        "C5": [
            true,
            [
                "C100",
                "C33",
                "C21",
                "C79",
                "C96",
                "C84",
                "C32",
                "C23",
                "C108",
                "C92"
            ]
        ],
        "C6": [
            false,
            []
        ],
        "C7": [
            false,
            [
                "C79",
                "C46",
                "C54",
                "C87",
                "C124"
            ]
        ],
        "C8": [
            false,
            [
                "C57",
                "C35",
                "C39"
            ]
        ],
        "C9": [
            true,
            [
                "C75"
            ]
        ],
        "C10": [
            false,
            [
                "C25",
                "C9",
                "C86",
                "C33",
                "C96",
                "C39",
                "C41",
                "C46",
                "C42",
                "C112",
                "C11",
                "C105"
            ]
        ],
        "C11": [
            true,
            [
                "C60",
                "C113",
                "C72",
                "C114",
                "C59"
            ]
        ],
        "C12": [
            false,
            [
                "C61",
                "C79",
                "C120",
                "C49",
                "C94",
                "C112",
                "C118",
                "C72"
            ]
        ],
        "C13": [
            false,
            [
                "C97",
                "C128",
                "C107",
                "C41",
                "C51",
                "C35",
                "C64",
                "C123",
                "C95",
                "C26",
                "C31",
                "C72"
            ]
        ],
        "C14": [
            true,
            [
                "C41"
            ]
        ],
        "C15": [
            false,
            [
                "C115",
                "C37",
                "C111",
                "C23"
            ]
        ],
        "C16": [
            false,
            [
                "C115",
                "C89",
                "C6"
            ]
        ],
        "C17": [
            false,
            [
                "C13",
                "C101",
                "C128",
                "C95",
                "C60",
                "C98"
            ]
        ],
        "C18": [
            false,
            [
                "C95"
            ]
        ],
        "C19": [
            false,
            [
                "C7",
                "C81",
                "C25"
            ]
        ],
        "C20": [
            false,
            [
                "C85",
                "C37",
                "C35",
                "C9",
                "C73",
                "C120",
                "C114",
                "C1",
                "C4",
                "C65",
                "C55"
            ]
        ],
        "C21": [
            false,
            [
                "C108",
                "C28"
            ]
        ],
        "C22": [
            false,
            [
                "C73",
                "C60",
                "C77",
                "C31",
                "C12",
                "C61",
                "C107",
                "C117",
                "C16",
                "C28",
                "C127",
                "C4"
            ]
        ],
        "C23": [
            false,
            [
                "C61",
                "C36",
                "C74",
                "C109",
                "C0",
                "C90",
                "C106",
                "C47",
                "C21",
                "C92"
            ]
        ],
        "C24": [
            true,
            [
                "C5"
            ]
        ],
        "C25": [
            false,
            [
                "C120",
                "C11",
                "C99",
                "C95",
                "C64",
                "C4"
            ]
        ],
        "C26": [
            false,
            [
                "C17",
                "C88",
                "C61",
                "C85",
                "C34"
            ]
        ],
        "C27": [
            false,
            []
        ],
        "C28": [
            false,
            [
                "C86",
                "C44",
                "C118",
                "C122",
                "C46"
            ]
        ],
        "C29": [
            false,
            [
                "C34",
                "C16",
                "C117",
                "C9",
                "C75",
                "C51",
                "C11",
                "C10",
                "C80",
                "C79",
                "C101",
                "C121"
            ]
        ],
        "C30": [
            false,
            [
                "C9",
                "C48",
                "C73",
                "C91"
            ]
        ],
        "C31": [
            false,
            [
                "C12",
                "C84",
                "C69",
                "C94",
                "C111",
                "C102",
                "C112",
                "C98",
                "C86",
                "C47",
                "C127",
                "C68"
            ]
        ],
        "C32": [
            false,
            [
                "C21",
                "C108",
                "C20",
                "C110",
                "C46",
                "C75",
                "C82",
                "C26",
                "C83",
                "C78",
                "C114",
                "C109"
            ]
        ],
        "C33": [
            false,
            [
                "C113",
                "C89"
            ]
        ],
        "C34": [
            false,
            [
                "C10",
                "C90",
                "C111",
                "C70",
                "C14",
                "C19",
                "C103"
            ]
        ],
        "C35": [
            false,
            [
                "C40",
                "C7",
                "C36",
                "C112",
                "C8"
            ]
        ],
        "C36": [
            true,
            [
                "C17",
                "C60"
            ]
        ],
        "C37": [
            false,
            [
                "C93",
                "C92",
                "C98",
                "C8",
                "C39",
                "C115",
                "C94",
                "C95",
                "C113",
                "C19",
                "C35",
                "C101"
            ]
        ],
        "C38": [
            false,
            [
                "C71",
                "C63",
                "C29",
                "C6",
                "C47"
            ]
        ],
        "C39": [
            false,
            [
                "C99",
                "C30",
                "C67",
                "C66",
                "C114",
                "C54",
                "C73"
            ]
        ],
        "C40": [
            false,
            [
                "C125",
                "C51",
                "C31",
                "C34",
                "C18",
                "C115",
                "C44",
                "C113",
                "C22",
                "C81",
                "C88"
            ]
        ],
        "C41": [
            true,
            [
                "C16",
                "C74",
                "C76",
                "C40",
                "C44",
                "C92",
                "C57",
                "C31",
                "C51",
                "C35",
                "C60"
            ]
        ],
        "C42": [
            false,
            [
                "C126",
                "C6",
                "C92",
                "C94",
                "C119",
                "C33",
                "C22",
                "C16",
                "C79",
                "C101",
                "C122",
                "C105"
            ]
        ],
        "C43": [
            false,
            [
                "C104",
                "C18",
                "C32",
                "C81",
                "C115",
                "C119",
                "C88",
                "C46",
                "C33",
                "C110",
                "C128",
                "C14"
            ]
        ],
        "C44": [
            false,
            [
                "C39"
            ]
        ],
        "C45": [
            false,
            [
                "C42",
                "C41",
                "C82",
                "C57"
            ]
        ],
        "C46": [
            false,
            [
                "C72",
                "C20",
                "C64",
                "C50",
                "C70"
            ]
        ],
        "C47": [
            true,
            [
                "C77",
                "C23"
            ]
        ],
        "C48": [
            false,
            [
                "C43",
                "C39",
                "C86",
                "C10",
                "C7",
                "C20",
                "C11",
                "C67"
            ]
        ],
        "C49": [
            true,
            [
                "C53",
                "C106",
                "C7",
                "C127",
                "C74",
                "C77",
                "C123",
                "C62",
                "C103",
                "C76"
            ]
        ],
        "C50": [
            false,
            [
                "C18",
                "C15",
                "C40",
                "C112",
                "C106",
                "C123",
                "C118"
            ]
        ],
        "C51": [
            false,
            [
                "C87",
                "C36",
                "C80"
            ]
        ],
        "C52": [
            false,
            [
                "C81",
                "C88",
                "C102",
                "C33",
                "C94",
                "C27",
                "C61",
                "C119",
                "C31",
                "C68",
                "C115"
            ]
        ],
        "C53": [
            false,
            [
                "C36",
                "C24",
                "C12"
            ]
        ],
        "C54": [
            false,
            [
                "C98",
                "C107",
                "C63",
                "C40"
            ]
        ],
        "C55": [
            false,
            [
                "C80",
                "C48",
                "C40",
                "C127",
                "C119"
            ]
        ],
        "C56": [
            false,
            [
                "C78",
                "C127",
                "C5",
                "C23",
                "C100",
                "C117",
                "C61"
            ]
        ],
        "C57": [
            true,
            [
                "C90",
                "C12",
                "C72"
            ]
        ],
        "C58": [
            false,
            [
                "C120",
                "C73",
                "C2",
                "C27",
                "C110",
                "C34",
                "C67"
            ]
        ],
        "C59": [
            true,
            [
                "C93",
                "C103",
                "C11",
                "C102",
                "C13",
                "C49",
                "C92",
                "C73",
                "C18",
                "C98",
                "C115"
            ]
        ],
        "C60": [
            false,
            [
                "C71",
                "C30",
                "C32",
                "C24",
                "C100",
                "C95",
                "C86",
                "C93",
                "C36",
                "C50",
                "C102",
                "C128"
            ]
        ],
        "C61": [
            false,
            []
        ],
        "C62": [
            false,
            []
        ],
        "C63": [
            false,
            []
        ],
        "C64": [
            true,
            [
                "C85",
                "C121"
            ]
        ],
        "C65": [
            false,
            [
                "C116",
                "C38",
                "C35",
                "C83",
                "C81",
                "C41",
                "C100",
                "C76"
            ]
        ],
        "C66": [
            false,
            [
                "C86",
                "C125",
                "C76",
                "C121",
                "C4",
                "C94",
                "C84",
                "C28",
                "C106"
            ]
        ],
        "C67": [
            false,
            [
                "C78",
                "C6",
                "C121",
                "C58",
                "C13",
                "C122",
                "C43",
                "C97",
                "C37"
            ]
        ],
        "C68": [
            false,
            [
                "C62",
                "C8",
                "C28",
                "C48",
                "C4",
                "C112",
                "C80",
                "C107",
                "C38",
                "C105"
            ]
        ],
        "C69": [
            false,
            [
                "C52",
                "C105",
                "C128",
                "C120",
                "C15",
                "C35",
                "C53",
                "C83",
                "C122",
                "C96",
                "C80"
            ]
        ],
        "C70": [
            true,
            [
                "C117",
                "C87"
            ]
        ],
        "C71": [
            false,
            [
                "C90",
                "C67",
                "C123",
                "C49",
                "C63",
                "C76",
                "C57",
                "C73"
            ]
        ],
        "C72": [
            false,
            [
                "C53",
                "C125",
                "C81",
                "C122",
                "C89",
                "C70",
                "C73",
                "C31",
                "C97",
                "C101",
                "C88"
            ]
        ],
        "C73": [
            true,
            [
                "C37",
                "C74",
                "C10",
                "C20",
                "C88",
                "C113",
                "C65",
                "C122",
                "C54",
                "C51",
                "C69",
                "C35"
            ]
        ],
        "C74": [
            true,
            [
                "C61"
            ]
        ],
        "C75": [
            false,
            [
                "C12",
                "C57",
                "C59"
            ]
        ],
        "C76": [
            true,
            []
        ],
        "C77": [
            false,
            [
                "C105"
            ]
        ],
        "C78": [
            true,
            [
                "C120",
                "C25",
                "C35",
                "C1",
                "C40"
            ]
        ],
        "C79": [
            false,
            [
                "C121",
                "C122",
                "C51",
                "C73",
                "C82",
                "C15"
            ]
        ],
        "C80": [
            false,
            [
                "C22",
                "C59",
                "C9",
                "C44",
                "C106",
                "C45",
                "C101",
                "C126",
                "C47",
                "C74",
                "C2",
                "C76"
            ]
        ],
        "C81": [
            false,
            [
                "C27",
                "C85",
                "C72",
                "C116",
                "C126",
                "C34",
                "C119",
                "C69",
                "C49"
            ]
        ],
        "C82": [
            true,
            [
                "C28",
                "C84",
                "C41",
                "C117",
                "C65",
                "C47",
                "C3",
                "C86",
                "C75",
                "C49",
                "C44",
                "C103"
            ]
        ],
        "C83": [
            true,
            [
                "C22",
                "C102",
                "C24",
                "C47",
                "C35",
                "C122"
            ]
        ],
        "C84": [
            false,
            [
                "C63",
                "C1",
                "C66",
                "C98",
                "C60"
            ]
        ],
        "C85": [
            false,
            [
                "C68",
                "C84",
                "C77",
                "C2",
                "C66",
                "C92",
                "C60"
            ]
        ],
        "C86": [
            false,
            []
        ],
        "C87": [
            false,
            [
                "C30",
                "C119",
                "C78",
                "C40",
                "C103",
                "C128",
                "C79",
                "C75",
                "C94",
                "C56"
            ]
        ],
        "C88": [
            false,
            [
                "C34",
                "C122",
                "C39"
            ]
        ],
        "C89": [
            false,
            [
                "C95",
                "C106",
                "C120",
                "C55",
                "C63",
                "C20",
                "C114"
            ]
        ],
        "C90": [
            false,
            [
                "C92",
                "C19",
                "C28",
                "C15",
                "C51",
                "C38",
                "C42",
                "C83"
            ]
        ],
        "C91": [
            false,
            [
                "C113",
                "C29",
                "C52",
                "C125",
                "C23",
                "C114",
                "C14",
                "C116"
            ]
        ],
        "C92": [
            false,
            [
                "C106",
                "C116"
            ]
        ],
        "C93": [
            false,
            [
                "C14",
                "C118",
                "C78",
                "C5",
                "C101",
                "C65",
                "C0",
                "C55",
                "C18"
            ]
        ],
        "C94": [
            true,
            []
        ],
        "C95": [
            false,
            [
                "C88",
                "C16",
                "C15",
                "C17",
                "C120",
                "C8"
            ]
        ],
        "C96": [
            false,
            [
                "C104",
                "C46",
                "C34",
                "C107"
            ]
        ],
        "C97": [
            false,
            [
                "C114",
                "C96",
                "C20",
                "C34",
                "C89"
            ]
        ],
        "C98": [
            false,
            [
                "C45"
            ]
        ],
        "C99": [
            false,
            [
                "C100",
                "C32",
                "C57",
                "C0",
                "C5",
                "C76",
                "C118",
                "C108"
            ]
        ],
        "C100": [
            false,
            [
                "C97",
                "C58",
                "C63",
                "C117",
                "C88",
                "C39",
                "C70",
                "C48"
            ]
        ],
        "C101": [
            true,
            [
                "C28",
                "C8",
                "C107",
                "C4",
                "C61",
                "C52",
                "C17",
                "C25",
                "C114",
                "C12",
                "C62"
            ]
        ],
        "C102": [
            false,
            [
                "C11",
                "C112",
                "C59",
                "C55",
                "C14",
                "C35",
                "C128",
                "C74",
                "C81",
                "C82",
                "C60"
            ]
        ],
        "C103": [
            true,
            [
                "C36",
                "C56",
                "C105",
                "C76"
            ]
        ],
        "C104": [
            false,
            [
                "C15",
                "C44",
                "C109",
                "C126"
            ]
        ],
        "C105": [
            false,
            []
        ],
        "C106": [
            true,
            [
                "C97",
                "C81",
                "C104",
                "C38",
                "C76"
            ]
        ],
        "C107": [
            false,
            [
                "C47",
                "C121",
                "C61",
                "C57",
                "C76",
                "C36"
            ]
        ],
        "C108": [
            false,
            [
                "C118",
                "C14",
                "C105",
                "C106",
                "C34",
                "C99",
                "C62",
                "C65",
                "C52",
                "C84",
                "C20",
                "C115"
            ]
        ],
        "C109": [
            true,
            [
                "C23",
                "C48",
                "C13",
                "C68",
                "C96"
            ]
        ],
        "C110": [
            true,
            [
                "C10",
                "C18",
                "C48",
                "C55",
                "C122",
                "C53",
                "C85",
                "C77",
                "C3",
                "C54"
            ]
        ],
        "C111": [
            false,
            [
                "C30",
                "C122",
                "C62"
            ]
        ],
        "C112": [
            false,
            [
                "C52",
                "C101",
                "C61",
                "C82",
                "C72",
                "C97",
                "C119",
                "C91",
                "C78",
                "C66",
                "C92"
            ]
        ],
        "C113": [
            false,
            [
                "C127",
                "C119",
                "C25",
                "C120",
                "C81",
                "C52",
                "C94",
                "C80"
            ]
        ],
        "C114": [
            false,
            [
                "C11",
                "C56",
                "C37",
                "C4",
                "C66",
                "C106"
            ]
        ],
        "C115": [
            false,
            [
                "C39",
                "C50",
                "C84",
                "C58"
            ]
        ],
        "C116": [
            false,
            [
                "C62",
                "C127",
                "C86",
                "C65",
                "C125",
                "C117"
            ]
        ],
        "C117": [
            false,
            [
                "C90",
                "C43"
            ]
        ],
        "C118": [
            false,
            [
                "C125",
                "C47"
            ]
        ],
        "C119": [
            false,
            [
                "C15",
                "C8",
                "C19",
                "C12",
                "C1",
                "C105",
                "C35",
                "C59"
            ]
        ],
        "C120": [
            false,
            [
                "C38"
            ]
        ],
        "C121": [
            false,
            []
        ],
        "C122": [
            false,
            [
                "C116",
                "C95",
                "C15"
            ]
        ],
        "C123": [
            false,
            [
                "C124",
                "C4",
                "C1",
                "C105",
                "C3",
                "C70",
                "C73",
                "C128",
                "C110"
            ]
        ],
        "C124": [
            false,
            [
                "C45",
                "C27",
                "C24",
                "C38",
                "C61",
                "C49",
                "C64",
                "C90",
                "C68",
                "C101",
                "C20",
                "C95"
            ]
        ],
        "C125": [
            false,
            [
                "C117",
                "C62",
                "C57",
                "C76",
                "C20",
                "C8"
            ]
        ],
        "C126": [
            false,
            [
                "C103"
            ]
        ],
        "C127": [
            false,
            [
                "C96",
                "C121",
                "C14",
                "C2",
                "C43",
                "C21"
            ]
        ],
        "C128": [
            true,
            [
                "C111",
                "C84",
                "C24",
                "C10",
                "C58",
                "C54",
                "C121"
            ]
        ]
    },
    "ground_truth_fault_paths": [
        [
            "C76",
            "C106",
            "C49",
            "C59",
            "C11"
        ],
        [
            "C76",
            "C103",
            "C49",
            "C59",
            "C11"
        ],
        [
            "C36",
            "C103",
            "C49",
            "C59",
            "C11"
        ],
        [
            "C76",
            "C106",
            "C49",
            "C82"
        ],
        [
            "C76",
            "C103",
            "C59",
            "C11"
        ],
        [
            "C76",
            "C103",
            "C49",
            "C82"
        ],
        [
            "C76",
            "C49",
            "C59",
            "C11"
        ],
        [
            "C36",
            "C103",
            "C59",
            "C11"
        ],
        [
            "C36",
            "C103",
            "C49",
            "C82"
        ],
        [
            "C74",
            "C73",
            "C59",
            "C11"
        ],
        [
            "C74",
            "C49",
            "C59",
            "C11"
        ],
        [
            "C76",
            "C103",
            "C82"
        ],
        [
            "C76",
            "C49",
            "C82"
        ],
        [
            "C76",
            "C41",
            "C82"
        ],
        [
            "C76",
            "C41",
            "C14"
        ],
        [
            "C36",
            "C103",
            "C82"
        ],
        [
            "C74",
            "C49",
            "C82"
        ],
        [
            "C74",
            "C41",
            "C82"
        ],
        [
            "C74",
            "C41",
            "C14"
        ],
        [
            "C57",
            "C41",
            "C82"
        ],
        [
            "C57",
            "C41",
            "C14"
        ],
        [
            "C5",
            "C24",
            "C128"
        ],
        [
            "C5",
            "C24",
            "C83"
        ],
        [
            "C47",
            "C83"
        ],
        [
            "C47",
            "C82"
        ],
        [
            "C11",
            "C59"
        ],
        [
            "C9"
        ],
        [
            "C64"
        ],
        [
            "C70"
        ],
        [
            "C78"
        ],
        [
            "C94"
        ],
        [
            "C101"
        ],
        [
            "C109"
        ],
        [
            "C110"
        ]
    ],
    "error_codes": {
        "E0": [
            "FC0",
            [
                "C11",
                "C76",
                "C71",
                "C8"
            ]
        ],
        "E1": [
            "FC1",
            [
                "C11",
                "C4",
                "C53",
                "C36",
                "C101",
                "C19",
                "C76"
            ]
        ],
        "E2": [
            "FC2",
            [
                "C11",
                "C61",
                "C99",
                "C84",
                "C98",
                "C35",
                "C20",
                "C128",
                "C88",
                "C13",
                "C25"
            ]
        ],
        "E3": [
            "FC3",
            [
                "C82",
                "C106",
                "C87",
                "C101"
            ]
        ],
        "E4": [
            "FC4",
            [
                "C11",
                "C76",
                "C69",
                "C115",
                "C125",
                "C58",
                "C91",
                "C96",
                "C110",
                "C47",
                "C97",
                "C21",
                "C75"
            ]
        ],
        "E5": [
            "FC5",
            [
                "C82",
                "C18",
                "C21",
                "C68",
                "C39",
                "C97",
                "C99",
                "C81",
                "C92",
                "C27",
                "C23",
                "C1",
                "C78"
            ]
        ],
        "E6": [
            "FC6",
            [
                "C11",
                "C59",
                "C26",
                "C33",
                "C22",
                "C47",
                "C110"
            ]
        ],
        "E7": [
            "FC7",
            [
                "C11",
                "C36",
                "C22"
            ]
        ],
        "E8": [
            "FC8",
            [
                "C82",
                "C36",
                "C83",
                "C98",
                "C3",
                "C74",
                "C105",
                "C99",
                "C21",
                "C62",
                "C43",
                "C97"
            ]
        ],
        "E9": [
            "FC9",
            [
                "C11",
                "C68",
                "C77",
                "C126"
            ]
        ],
        "E10": [
            "FC10",
            [
                "C11",
                "C42",
                "C111"
            ]
        ],
        "E11": [
            "FC11",
            [
                "C82",
                "C107",
                "C76",
                "C123",
                "C19",
                "C92"
            ]
        ],
        "E12": [
            "FC12",
            [
                "C82",
                "C63",
                "C126",
                "C50",
                "C117",
                "C27"
            ]
        ],
        "E13": [
            "FC13",
            [
                "C82",
                "C77",
                "C1",
                "C101"
            ]
        ],
        "E14": [
            "FC14",
            [
                "C14",
                "C97",
                "C84",
                "C112",
                "C85",
                "C110",
                "C34"
            ]
        ],
        "E15": [
            "FC15",
            [
                "C82",
                "C51",
                "C122",
                "C80",
                "C45",
                "C101"
            ]
        ],
        "E16": [
            "FC16",
            [
                "C82",
                "C74",
                "C125",
                "C62",
                "C83",
                "C96",
                "C71"
            ]
        ],
        "E17": [
            "FC17",
            [
                "C82",
                "C93",
                "C29",
                "C51",
                "C46",
                "C6",
                "C118",
                "C53"
            ]
        ],
        "E18": [
            "FC18",
            [
                "C14",
                "C74",
                "C17",
                "C104",
                "C127",
                "C35",
                "C77",
                "C61",
                "C64"
            ]
        ],
        "E19": [
            "FC19",
            [
                "C82",
                "C39",
                "C108",
                "C96",
                "C18",
                "C114",
                "C122",
                "C102",
                "C107",
                "C9",
                "C92",
                "C21"
            ]
        ],
        "E20": [
            "FC20",
            [
                "C14",
                "C63",
                "C90"
            ]
        ],
        "E21": [
            "FC21",
            [
                "C128",
                "C11",
                "C102",
                "C84"
            ]
        ],
        "E22": [
            "FC22",
            [
                "C83",
                "C27",
                "C2",
                "C25",
                "C66",
                "C56",
                "C114",
                "C95"
            ]
        ],
        "E23": [
            "FC23",
            [
                "C83",
                "C118",
                "C128",
                "C38",
                "C88",
                "C6",
                "C123",
                "C26"
            ]
        ],
        "E24": [
            "FC24",
            [
                "C82",
                "C106",
                "C21",
                "C29",
                "C36",
                "C89"
            ]
        ],
        "E25": [
            "FC25",
            [
                "C59",
                "C87",
                "C116",
                "C52",
                "C123",
                "C89"
            ]
        ],
        "E26": [
            "FC26",
            [
                "C9",
                "C24",
                "C112",
                "C115",
                "C81",
                "C17",
                "C76",
                "C11",
                "C29"
            ]
        ],
        "E27": [
            "FC27",
            [
                "C64",
                "C87"
            ]
        ],
        "E28": [
            "FC28",
            [
                "C70",
                "C27",
                "C42",
                "C62",
                "C44",
                "C40",
                "C84",
                "C109",
                "C118",
                "C59",
                "C103",
                "C47"
            ]
        ],
        "E29": [
            "FC29",
            [
                "C78",
                "C110",
                "C101",
                "C7"
            ]
        ],
        "E30": [
            "FC30",
            [
                "C94",
                "C50",
                "C115",
                "C109",
                "C99",
                "C1",
                "C54",
                "C52",
                "C71",
                "C16",
                "C26",
                "C47",
                "C93"
            ]
        ],
        "E31": [
            "FC31",
            [
                "C101",
                "C50",
                "C117",
                "C29",
                "C67",
                "C125",
                "C80"
            ]
        ],
        "E32": [
            "FC32",
            [
                "C109",
                "C99",
                "C100",
                "C29",
                "C89",
                "C90",
                "C117",
                "C44",
                "C76",
                "C21",
                "C34"
            ]
        ],
        "E33": [
            "FC33",
            [
                "C110",
                "C30",
                "C61",
                "C78",
                "C29",
                "C46",
                "C95"
            ]
        ]
    },
    "sim_accuracies": {
        "C0": [
            "0.9777374616686578",
            "False"
        ],
        "C1": [
            "0.9704329947794864",
            "False"
        ],
        "C2": [
            "0.9667295642484504",
            "False"
        ],
        "C3": [
            "0.9555146919413823",
            "False"
        ],
        "C4": [
            "0.9653483985135074",
            "False"
        ],
        "C5": [
            "0.9574301479717106",
            "True"
        ],
        "C6": [
            "0.9754200656823454",
            "False"
        ],
        "C7": [
            "0.9777373170611742",
            "False"
        ],
        "C8": [
            "0.975810403803198",
            "False"
        ],
        "C9": [
            "0.9899959821025237",
            "True"
        ],
        "C10": [
            "0.9721965030332999",
            "False"
        ],
        "C11": [
            "0.9695856810476883",
            "True"
        ],
        "C12": [
            "0.9556118614039119",
            "False"
        ],
        "C13": [
            "0.9625832005864338",
            "False"
        ],
        "C14": [
            "0.968040038829866",
            "True"
        ],
        "C15": [
            "0.9521444505052334",
            "False"
        ],
        "C16": [
            "0.9643615668868547",
            "False"
        ],
        "C17": [
            "0.9503833375825312",
            "False"
        ],
        "C18": [
            "0.9554613885864998",
            "False"
        ],
        "C19": [
            "0.9826086376261545",
            "False"
        ],
        "C20": [
            "0.9885531635765976",
            "False"
        ],
        "C21": [
            "0.9702175207892267",
            "False"
        ],
        "C22": [
            "0.9697987939146561",
            "False"
        ],
        "C23": [
            "0.9773878668223994",
            "False"
        ],
        "C24": [
            "0.9666252174109644",
            "True"
        ],
        "C25": [
            "0.9835956720840489",
            "False"
        ],
        "C26": [
            "0.9695479804775874",
            "False"
        ],
        "C27": [
            "0.9533068250314586",
            "False"
        ],
        "C28": [
            "0.9512344282257201",
            "False"
        ],
        "C29": [
            "0.980442264741817",
            "False"
        ],
        "C30": [
            "0.9616835963823482",
            "False"
        ],
        "C31": [
            "0.9609941167309414",
            "False"
        ],
        "C32": [
            "0.9715043447281928",
            "False"
        ],
        "C33": [
            "0.9567283590974629",
            "False"
        ],
        "C34": [
            "0.9682928554909379",
            "False"
        ],
        "C35": [
            "0.9797007300771915",
            "False"
        ],
        "C36": [
            "0.9806367821977476",
            "True"
        ],
        "C37": [
            "0.971989047381522",
            "False"
        ],
        "C38": [
            "0.9545284398116809",
            "False"
        ],
        "C39": [
            "0.9545682660543587",
            "False"
        ],
        "C40": [
            "0.9810045211145598",
            "False"
        ],
        "C41": [
            "0.9829313123199026",
            "True"
        ],
        "C42": [
            "0.9646744708842168",
            "False"
        ],
        "C43": [
            "0.9829044371118505",
            "False"
        ],
        "C44": [
            "0.9516644208908093",
            "False"
        ],
        "C45": [
            "0.9787592096452017",
            "False"
        ],
        "C46": [
            "0.9718541309888785",
            "False"
        ],
        "C47": [
            "0.9895910291150674",
            "True"
        ],
        "C48": [
            "0.9540966575550999",
            "False"
        ],
        "C49": [
            "0.9832028286617016",
            "True"
        ],
        "C50": [
            "0.9800538197897468",
            "False"
        ],
        "C51": [
            "0.9619083574041157",
            "False"
        ],
        "C52": [
            "0.9899725067711563",
            "False"
        ],
        "C53": [
            "0.9679892937132165",
            "False"
        ],
        "C54": [
            "0.9639430790728926",
            "False"
        ],
        "C55": [
            "0.9826691434046575",
            "False"
        ],
        "C56": [
            "0.9675627961353332",
            "False"
        ],
        "C57": [
            "0.9897583073727447",
            "True"
        ],
        "C58": [
            "0.9810252659952309",
            "False"
        ],
        "C59": [
            "0.9594778422146673",
            "True"
        ],
        "C60": [
            "0.9824281086735764",
            "False"
        ],
        "C61": [
            "0.9735169558790724",
            "False"
        ],
        "C62": [
            "0.9640252336445596",
            "False"
        ],
        "C63": [
            "0.978430158379752",
            "False"
        ],
        "C64": [
            "0.9753108252370856",
            "True"
        ],
        "C65": [
            "0.9566392647076103",
            "False"
        ],
        "C66": [
            "0.955569398637071",
            "False"
        ],
        "C67": [
            "0.9582647862474709",
            "False"
        ],
        "C68": [
            "0.9582777088300706",
            "False"
        ],
        "C69": [
            "0.9523743133455737",
            "False"
        ],
        "C70": [
            "0.9640326191581132",
            "True"
        ],
        "C71": [
            "0.9612434007516079",
            "False"
        ],
        "C72": [
            "0.9715507418419055",
            "False"
        ],
        "C73": [
            "0.9629461446341873",
            "True"
        ],
        "C74": [
            "0.9781621504702075",
            "True"
        ],
        "C75": [
            "0.9615733297385977",
            "False"
        ],
        "C76": [
            "0.9606937226511232",
            "True"
        ],
        "C77": [
            "0.9843206737978503",
            "False"
        ],
        "C78": [
            "0.9894195320904717",
            "True"
        ],
        "C79": [
            "0.9771719726369323",
            "False"
        ],
        "C80": [
            "0.9538090065525737",
            "False"
        ],
        "C81": [
            "0.9885108797997517",
            "False"
        ],
        "C82": [
            "0.9814276419316519",
            "True"
        ],
        "C83": [
            "0.986750748473193",
            "True"
        ],
        "C84": [
            "0.989699449025787",
            "False"
        ],
        "C85": [
            "0.9846819036173511",
            "False"
        ],
        "C86": [
            "0.9550755267445523",
            "False"
        ],
        "C87": [
            "0.9846431517996462",
            "False"
        ],
        "C88": [
            "0.9599870896775256",
            "False"
        ],
        "C89": [
            "0.9784557939535667",
            "False"
        ],
        "C90": [
            "0.9831392721079453",
            "False"
        ],
        "C91": [
            "0.9804589434991943",
            "False"
        ],
        "C92": [
            "0.9770493821479979",
            "False"
        ],
        "C93": [
            "0.9695783490366254",
            "False"
        ],
        "C94": [
            "0.9730970211721665",
            "True"
        ],
        "C95": [
            "0.9607486860834994",
            "False"
        ],
        "C96": [
            "0.9665690035746015",
            "False"
        ],
        "C97": [
            "0.9680796689020146",
            "False"
        ],
        "C98": [
            "0.9753451105340118",
            "False"
        ],
        "C99": [
            "0.9852050032522929",
            "False"
        ],
        "C100": [
            "0.9537237913617047",
            "False"
        ],
        "C101": [
            "0.970624538883508",
            "True"
        ],
        "C102": [
            "0.9611290275140714",
            "False"
        ],
        "C103": [
            "0.987453444563543",
            "True"
        ],
        "C104": [
            "0.9647628469630168",
            "False"
        ],
        "C105": [
            "0.9880101631546153",
            "False"
        ],
        "C106": [
            "0.9630915712064372",
            "True"
        ],
        "C107": [
            "0.9500989234056794",
            "False"
        ],
        "C108": [
            "0.9809654116175077",
            "False"
        ],
        "C109": [
            "0.9793089610615795",
            "True"
        ],
        "C110": [
            "0.9792372774994821",
            "True"
        ],
        "C111": [
            "0.9683379702671887",
            "False"
        ],
        "C112": [
            "0.9765657528332736",
            "False"
        ],
        "C113": [
            "0.9643289091736394",
            "False"
        ],
        "C114": [
            "0.952533227442407",
            "False"
        ],
        "C115": [
            "0.9713769785755025",
            "False"
        ],
        "C116": [
            "0.9587131974006082",
            "False"
        ],
        "C117": [
            "0.9671857240274094",
            "False"
        ],
        "C118": [
            "0.9584740586563095",
            "False"
        ],
        "C119": [
            "0.9607414735325769",
            "False"
        ],
        "C120": [
            "0.9831337446819524",
            "False"
        ],
        "C121": [
            "0.9635102062068315",
            "False"
        ],
        "C122": [
            "0.9731173456104381",
            "False"
        ],
        "C123": [
            "0.9726456844366855",
            "False"
        ],
        "C124": [
            "0.9694135161603402",
            "False"
        ],
        "C125": [
            "0.9637495848221047",
            "False"
        ],
        "C126": [
            "0.9773020770437282",
            "False"
        ],
        "C127": [
            "0.9519363704460688",
            "False"
        ],
        "C128": [
            "0.9539829896766482",
            "True"
        ]
    }
}