{
    "suspect_components": {
        "C0": [
            false,
            [
                "C95",
                "C18",
                "C28",
                "C124"
            ]
        ],
        "C1": [
            true,
            [
                "C87",
                "C81",
                "C94",
                "C55",
                "C38",
                "C23",
                "C89",
                "C112",
                "C4",
                "C92",
                "C107",
                "C78"
            ]
        ],
        "C2": [
            false,
            [
                "C35",
                "C90",
                "C103",
                "C112",
                "C47",
                "C54"
            ]
        ],
        "C3": [
            false,
            []
        ],
        "C4": [
            false,
            [
                "C83",
                "C82",
                "C70",
                "C75",
                "C56",
                "C105",
                "C76",
                "C71"
            ]
        ],
        "C5": [
            false,
            [
                "C57",
                "C122",
                "C78",
                "C123",
                "C3",
                "C121",
                "C109",
                "C52",
                "C69"
            ]
        ],
        "C6": [
            false,
            [
                "C25",
                "C109",
                "C124",
                "C30",
                "C93",
                "C112",
                "C101",
                "C36",
                "C77"
            ]
        ],
        "C7": [
            false,
            [
                "C101",
                "C63",
                "C55",
                "C86",
                "C22",
                "C107",
                "C36",
                "C103"
            ]
        ],
        "C8": [
            false,
            [
                "C66",
                "C119",
                "C125",
                "C13",
                "C52",
                "C111",
                "C116",
                "C97",
                "C106",
                "C26",
                "C117",
                "C44"
            ]
        ],
        "C9": [
            false,
            []
        ],
        "C10": [
            false,
            [
                "C6",
                "C42",
                "C58",
                "C28",
                "C60",
                "C11",
                "C41",
                "C12",
                "C5",
                "C23"
            ]
        ],
        "C11": [
            false,
            [
                "C71",
                "C80",
                "C8",
                "C19",
                "C110",
                "C34",
                "C72",
                "C76",
                "C78",
                "C0",
                "C6",
                "C58"
            ]
        ],
        "C12": [
            true,
            [
                "C32",
                "C33",
                "C77",
                "C117",
                "C41",
                "C38",
                "C57"
            ]
        ],
        "C13": [
            false,
            []
        ],
        "C14": [
            false,
            [
                "C102",
                "C106",
                "C5",
                "C81",
                "C15"
            ]
        ],
        "C15": [
            false,
            [
                "C36",
                "C51",
                "C14",
                "C7",
                "C102",
                "C119",
                "C44",
                "C128"
            ]
        ],
        "C16": [
            false,
            [
                "C100",
                "C51",
                "C84",
                "C86"
            ]
        ],
        "C17": [
            false,
            [
                "C97",
                "C64",
                "C44",
                "C37",
                "C100"
            ]
        ],
        "C18": [
            false,
            []
        ],
        "C19": [
            true,
            [
                "C29",
                "C114",
                "C94",
                "C118",
                "C0",
                "C23",
                "C1",
                "C10",
                "C71",
                "C117"
            ]
        ],
        "C20": [
            true,
            [
                "C76",
                "C11",
                "C90",
                "C22",
                "C95",
                "C72",
                "C33",
                "C17",
                "C47"
            ]
        ],
        "C21": [
            false,
            [
                "C14",
                "C47",
                "C119",
                "C41",
                "C83",
                "C31",
                "C18",
                "C70",
                "C27",
                "C110",
                "C87",
                "C9"
            ]
        ],
        "C22": [
            false,
            [
                "C103",
                "C89",
                "C113",
                "C48",
                "C27",
                "C58",
                "C44",
                "C86",
                "C84",
                "C95",
                "C35",
                "C119"
            ]
        ],
        "C23": [
            false,
            [
                "C33",
                "C100",
                "C105",
                "C121"
            ]
        ],
        "C24": [
            false,
            [
                "C29",
                "C11",
                "C44",
                "C49",
                "C48",
                "C96",
                "C38"
            ]
        ],
        "C25": [
            false,
            [
                "C114",
                "C15",
                "C117",
                "C6",
                "C127",
                "C79",
                "C125",
                "C40"
            ]
        ],
        "C26": [
            false,
            []
        ],
        "C27": [
            false,
            [
                "C34",
                "C22",
                "C126",
                "C118",
                "C90"
            ]
        ],
        "C28": [
            false,
            [
                "C8",
                "C98",
                "C58",
                "C36",
                "C127",
                "C117",
                "C101",
                "C64",
                "C48",
                "C31"
            ]
        ],
        "C29": [
            false,
            [
                "C42"
            ]
        ],
        "C30": [
            true,
            [
                "C11",
                "C99",
                "C1",
                "C64"
            ]
        ],
        "C31": [
            false,
            [
                "C102",
                "C106",
                "C82"
            ]
        ],
        "C32": [
            false,
            [
                "C4",
                "C72",
                "C29",
                "C26",
                "C94",
                "C58",
                "C83"
            ]
        ],
        "C33": [
            false,
            [
                "C64",
                "C32",
                "C58",
                "C18",
                "C100",
                "C65"
            ]
        ],
        "C34": [
            false,
            [
                "C31",
                "C111"
            ]
        ],
        "C35": [
            false,
            [
                "C78",
                "C101",
                "C20"
            ]
        ],
        "C36": [
            true,
            [
                "C2",
                "C114",
                "C81",
                "C100",
                "C6",
                "C106",
                "C60",
                "C21",
                "C42",
                "C72",
                "C9",
                "C82"
            ]
        ],
        "C37": [
            true,
            [
                "C39",
                "C98",
                "C35",
                "C68",
                "C60",
                "C120",
                "C85"
            ]
        ],
        "C38": [
            true,
            [
                "C101"
            ]
        ],
        "C39": [
            true,
            []
        ],
        "C40": [
            true,
            [
                "C16",
                "C73",
                "C11",
                "C54",
                "C83",
                "C20"
            ]
        ],
        "C41": [
            false,
            [
                "C89",
                "C115",
                "C56",
                "C9",
                "C0",
                "C121",
                "C74",
                "C105",
                "C93"
            ]
        ],
        "C42": [
            true,
            [
                "C71",
                "C59"
            ]
        ],
        "C43": [
            false,
            [
                "C49",
                "C21",
                "C20",
                "C79"
            ]
        ],
        "C44": [
            false,
            [
                "C4",
                "C102",
                "C79",
                "C80",
                "C59"
            ]
        ],
        "C45": [
            false,
            [
                "C76",
                "C83",
                "C104"
            ]
        ],
        "C46": [
            true,
            [
                "C38",
                "C70",
                "C3",
                "C26",
                "C57",
                "C86",
                "C110",
                "C67",
                "C107"
            ]
        ],
        "C47": [
            false,
            [
                "C73",
                "C3",
                "C91",
                "C35",
                "C39",
                "C42",
                "C77",
                "C123"
            ]
        ],
        "C48": [
            false,
            [
                "C36",
                "C57",
                "C105",
                "C42"
            ]
        ],
        "C49": [
            false,
            [
                "C42",
                "C80",
                "C84",
                "C21",
                "C24",
                "C70",
                "C8",
                "C96",
                "C69",
                "C13"
            ]
        ],
        "C50": [
            false,
            []
        ],
        "C51": [
            true,
            [
                "C1",
                "C99",
                "C121",
                "C72",
                "C119",
                "C24",
                "C18",
                "C38",
                "C8",
                "C27",
                "C17",
                "C111"
            ]
        ],
        "C52": [
            true,
            [
                "C37",
                "C47",
                "C12",
                "C89",
                "C95",
                "C100",
                "C71",
                "C29",
                "C1",
                "C59"
            ]
        ],
        "C53": [
            false,
            [
                "C116",
                "C2",
                "C122",
                "C9",
                "C76",
                "C36",
                "C44",
                "C24",
                "C3"
            ]
        ],
        "C54": [
            false,
            [
                "C84",
                "C105",
                "C17",
                "C41",
                "C25",
                "C123",
                "C89",
                "C42",
                "C92",
                "C64",
                "C124",
                "C15"
            ]
        ],
        "C55": [
            false,
            [
                "C53",
                "C93",
                "C74",
                "C69",
                "C116",
                "C32",
                "C95"
            ]
        ],
        "C56": [
            false,
            [
                "C33"
            ]
        ],
        "C57": [
            false,
            [
                "C30",
                "C33",
                "C5",
                "C104",
                "C92",
                "C82",
                "C1",
                "C3",
                "C122",
                "C9",
                "C26"
            ]
        ],
        "C58": [
            true,
            [
                "C77",
                "C54",
                "C0",
                "C94",
                "C113",
                "C21",
                "C102",
                "C71",
                "C66"
            ]
        ],
        "C59": [
            false,
            [
                "C81"
            ]
        ],
        "C60": [
            false,
            [
                "C58"
            ]
        ],
        "C61": [
            false,
            [
                "C24",
                "C39",
                "C78",
                "C8",
                "C51",
                "C108"
            ]
        ],
        "C62": [
            false,
            []
        ],
        "C63": [
            false,
            [
                "C47"
            ]
        ],
        "C64": [
            false,
            [
                "C46",
                "C117",
                "C1",
                "C26",
                "C125",
                "C109",
                "C11"
            ]
        ],
        "C65": [
            false,
            [
                "C64",
                "C2"
            ]
        ],
        "C66": [
            false,
            [
                "C103",
                "C60"
            ]
        ],
        "C67": [
            false,
            [
                "C82",
                "C108",
                "C117",
                "C95",
                "C87",
                "C40",
                "C24",
                "C8",
                "C14",
                "C102",
                "C34"
            ]
        ],
        "C68": [
            false,
            [
                "C17",
                "C108",
                "C110",
                "C123",
                "C10",
                "C49",
                "C36",
                "C58",
                "C117",
                "C33",
                "C90",
                "C1"
            ]
        ],
        "C69": [
            false,
            [
                "C49",
                "C75",
                "C8",
                "C12",
                "C21",
                "C120",
                "C11",
                "C79"
            ]
        ],
        "C70": [
            false,
            [
                "C102",
                "C73",
                "C10",
                "C3",
                "C63",
                "C23",
                "C96"
            ]
        ],
        "C71": [
            true,
            []
        ],
        "C72": [
            false,
            [
                "C6",
                "C49",
                "C36",
                "C104",
                "C23",
                "C47"
            ]
        ],
        "C73": [
            false,
            [
                "C66",
                "C49",
                "C57",
                "C115"
            ]
        ],
        "C74": [
            false,
            [
                "C88",
                "C107",
                "C110",
                "C42"
            ]
        ],
        "C75": [
            false,
            [
                "C57",
                "C65",
                "C123",
                "C11",
                "C113",
                "C35",
                "C72"
            ]
        ],
        "C76": [
            false,
            [
                "C46",
                "C84",
                "C125",
                "C109",
                "C107",
                "C33"
            ]
        ],
        "C77": [
            false,
            []
        ],
        "C78": [
            false,
            [
                "C85",
                "C7",
                "C96",
                "C123",
                "C35"
            ]
        ],
        "C79": [
            true,
            [
                "C33",
                "C59",
                "C99",
                "C2",
                "C60",
                "C86",
                "C43",
                "C48"
            ]
        ],
        "C80": [
            false,
            [
                "C20",
                "C107",
                "C35"
            ]
        ],
        "C81": [
            false,
            [
                "C122",
                "C7",
                "C35",
                "C126",
                "C65",
                "C44",
                "C47",
                "C62",
                "C26",
                "C48"
            ]
        ],
        "C82": [
            false,
            [
                "C117"
            ]
        ],
        "C83": [
            false,
            [
                "C24",
                "C35",
                "C61",
                "C15",
                "C111",
                "C89",
                "C88",
                "C49",
                "C50"
            ]
        ],
        "C84": [
            false,
            [
                "C26",
                "C114",
                "C76",
                "C96",
                "C75"
            ]
        ],
        "C85": [
            false,
            [
                "C79",
                "C110",
                "C125",
                "C26",
                "C72",
                "C116"
            ]
        ],
        "C86": [
            true,
            [
                "C77"
            ]
        ],
        "C87": [
            false,
            [
                "C95",
                "C23",
                "C106"
            ]
        ],
        "C88": [
            true,
            [
                "C125"
            ]
        ],
        "C89": [
            false,
            [
                "C68",
                "C1"
            ]
        ],
        "C90": [
            false,
            [
                "C62",
                "C64",
                "C117",
                "C115",
                "C37"
            ]
        ],
        "C91": [
            false,
            [
                "C49",
                "C16",
                "C57",
                "C58",
                "C51",
                "C96",
                "C25",
                "C72",
                "C55",
                "C74"
            ]
        ],
        "C92": [
            false,
            [
                "C81",
                "C109",
                "C77",
                "C98",
                "C126",
                "C19",
                "C23",
                "C87",
                "C48",
                "C95"
            ]
        ],
        "C93": [
            false,
            [
                "C122",
                "C57",
                "C3",
                "C52",
                "C53",
                "C65",
                "C16",
                "C97",
                "C2",
                "C77",
                "C98"
            ]
        ],
        "C94": [
            false,
            [
                "C12",
                "C123"
            ]
        ],
        "C95": [
            false,
            []
        ],
        "C96": [
            false,
            [
                "C87",
                "C9",
                "C19",
                "C71",
                "C35",
                "C122",
                "C80",
                "C93",
                "C43"
            ]
        ],
        "C97": [
            false,
            [
                "C60",
                "C93",
                "C66",
                "C13",
                "C85",
                "C127"
            ]
        ],
        "C98": [
            false,
            [
                "C7",
                "C21",
                "C63",
                "C105",
                "C43",
                "C66",
                "C57",
                "C69",
                "C84",
                "C118",
                "C22",
                "C95"
            ]
        ],
        "C99": [
            false,
            [
                "C108",
                "C105",
                "C20",
                "C74",
                "C33",
                "C87",
                "C14",
                "C66",
                "C104"
            ]
        ],
        "C100": [
            false,
            [
                "C102"
            ]
        ],
        "C101": [
            true,
            [
                "C122"
            ]
        ],
        "C102": [
            true,
            [
                "C55"
            ]
        ],
        "C103": [
            true,
            [
                "C125",
                "C28"
            ]
        ],
        "C104": [
            false,
            [
                "C125",
                "C27",
                "C21",
                "C81"
            ]
        ],
        "C105": [
            false,
            [
                "C61",
                "C3",
                "C107",
                "C12",
                "C104",
                "C111"
            ]
        ],
        "C106": [
            false,
            [
                "C21",
                "C49",
                "C24",
                "C46",
                "C29",
                "C32",
                "C117",
                "C65",
                "C97",
                "C60"
            ]
        ],
        "C107": [
            false,
            [
                "C26",
                "C97",
                "C20",
                "C34",
                "C48"
            ]
        ],
        "C108": [
            false,
            [
                "C109",
                "C29",
                "C19",
                "C34"
            ]
        ],
        "C109": [
            false,
            [
                "C52",
                "C49",
                "C9",
                "C110",
                "C88",
                "C36"
            ]
        ],
        "C110": [
            false,
            [
                "C58",
                "C1"
            ]
        ],
        "C111": [
            true,
            []
        ],
        "C112": [
            false,
            [
                "C68",
                "C98",
                "C56",
                "C77",
                "C20",
                "C106",
                "C91",
                "C81",
                "C108"
            ]
        ],
        "C113": [
            false,
            [
                "C111"
            ]
        ],
        "C114": [
            false,
            [
                "C20",
                "C68",
                "C10",
                "C32",
                "C16",
                "C43",
                "C6",
                "C51",
                "C3",
                "C44"
            ]
        ],
        "C115": [
            false,
            [
                "C117",
                "C55",
                "C109",
                "C51",
                "C97",
                "C86",
                "C105",
                "C120",
                "C95",
                "C103"
            ]
        ],
        "C116": [
            true,
            [
                "C98",
                "C90",
                "C65",
                "C46",
                "C8",
                "C83",
                "C39",
                "C41",
                "C115"
            ]
        ],
        "C117": [
            false,
            [
                "C81",
                "C1",
                "C77",
                "C73",
                "C107",
                "C82",
                "C97",
                "C115",
                "C8",
                "C28"
            ]
        ],
        "C118": [
            false,
            [
                "C106",
                "C36",
                "C128",
                "C91",
                "C77",
                "C18",
                "C103",
                "C76",
                "C16",
                "C71",
                "C74"
            ]
        ],
        "C119": [
            true,
            [
                "C97"
            ]
        ],
        "C120": [
            true,
            [
                "C97",
                "C4",
                "C88",
                "C46",
                "C90",
                "C112",
                "C56",
                "C70"
            ]
        ],
        "C121": [
            false,
            [
                "C86",
                "C3",
                "C55",
                "C10",
                "C52",
                "C36",
                "C66",
                "C68",
                "C15"
            ]
        ],
        "C122": [
            false,
            []
        ],
        "C123": [
            false,
            [
                "C16",
                "C81",
                "C65",
                "C40",
                "C41",
                "C20",
                "C77",
                "C50",
                "C53"
            ]
        ],
        "C124": [
            false,
            [
                "C1",
                "C120",
                "C70",
                "C128",
                "C118",
                "C73",
                "C89",
                "C48",
                "C68",
                "C31"
            ]
        ],
        "C125": [
            false,
            []
        ],
        "C126": [
            false,
            [
                "C119",
                "C74",
                "C12",
                "C37",
                "C95",
                "C48",
                "C117",
                "C41",
                "C15",
                "C77"
            ]
        ],
        "C127": [
            false,
            [
                "C104",
                "C113",
                "C75",
                "C106",
                "C63",
                "C34"
            ]
        ],
        "C128": [
            false,
            [
                "C27",
                "C96",
                "C79",
                "C123",
                "C65"
            ]
        ]
    },
    "ground_truth_fault_paths": [
        [
            "C101",
            "C38",
            "C46",
            "C120",
            "C37",
            "C52"
        ],
        [
            "C86",
            "C46",
            "C120",
            "C37",
            "C52"
        ],
        [
            "C88",
            "C120",
            "C37",
            "C52"
        ],
        [
            "C101",
            "C38",
            "C46",
            "C116"
        ],
        [
            "C101",
            "C38",
            "C12",
            "C52"
        ],
        [
            "C101",
            "C38",
            "C1",
            "C52"
        ],
        [
            "C101",
            "C38",
            "C1",
            "C51"
        ],
        [
            "C101",
            "C38",
            "C1",
            "C30"
        ],
        [
            "C101",
            "C38",
            "C1",
            "C19"
        ],
        [
            "C39",
            "C37",
            "C52"
        ],
        [
            "C86",
            "C46",
            "C116"
        ],
        [
            "C71",
            "C42",
            "C36"
        ],
        [
            "C101",
            "C38",
            "C51"
        ],
        [
            "C39",
            "C116"
        ],
        [
            "C86",
            "C79"
        ],
        [
            "C71",
            "C58"
        ],
        [
            "C71",
            "C52"
        ],
        [
            "C71",
            "C19"
        ],
        [
            "C102",
            "C58"
        ],
        [
            "C111",
            "C51"
        ],
        [
            "C119",
            "C51"
        ],
        [
            "C20",
            "C40"
        ],
        [
            "C103"
        ]
    ],
    "error_codes": {
        "E0": [
            "FC0",
            [
                "C52",
                "C7",
                "C18",
                "C119",
                "C40",
                "C57",
                "C128",
                "C84",
                "C116"
            ]
        ],
        "E1": [
            "FC1",
            [
                "C52",
                "C111",
                "C104",
                "C91",
                "C81",
                "C37",
                "C67",
                "C92"
            ]
        ],
        "E2": [
            "FC2",
            [
                "C52",
                "C63"
            ]
        ],
        "E3": [
            "FC3",
            [
                "C116",
                "C38",
                "C64"
            ]
        ],
        "E4": [
            "FC4",
            [
                "C52",
                "C1",
                "C13",
                "C94",
                "C54",
                "C96",
                "C89",
                "C111",
                "C120",
                "C51",
                "C127",
                "C47"
            ]
        ],
        "E5": [
            "FC5",
            [
                "C52",
                "C125",
                "C98",
                "C18",
                "C35",
                "C68",
                "C69",
                "C28"
            ]
        ],
        "E6": [
            "FC6",
            [
                "C51",
                "C38",
                "C59",
                "C107",
                "C4",
                "C43",
                "C110",
                "C5"
            ]
        ],
        "E7": [
            "FC7",
            [
                "C30",
                "C1",
                "C124",
                "C50",
                "C95",
                "C69",
                "C74",
                "C105",
                "C61",
                "C44"
            ]
        ],
        "E8": [
            "FC8",
            [
                "C19",
                "C38",
                "C120",
                "C79",
                "C109",
                "C39",
                "C12",
                "C104"
            ]
        ],
        "E9": [
            "FC9",
            [
                "C52",
                "C39",
                "C125",
                "C57",
                "C84",
                "C97",
                "C82"
            ]
        ],
        "E10": [
            "FC10",
            [
                "C116",
                "C39",
                "C11",
                "C13",
                "C20",
                "C127",
                "C102"
            ]
        ],
        "E11": [
            "FC11",
            [
                "C36",
                "C99",
                "C100",
                "C109",
                "C127",
                "C31",
                "C82",
                "C104",
                "C51",
                "C4",
                "C112"
            ]
        ],
        "E12": [
            "FC12",
            [
                "C51",
                "C93",
                "C35",
                "C87",
                "C115",
                "C117",
                "C119",
                "C98",
                "C97",
                "C12",
                "C8",
                "C4",
                "C43"
            ]
        ],
        "E13": [
            "FC13",
            [
                "C116",
                "C53",
                "C24",
                "C61",
                "C119",
                "C35",
                "C107",
                "C84",
                "C18"
            ]
        ],
        "E14": [
            "FC14",
            [
                "C79",
                "C82",
                "C80",
                "C87"
            ]
        ],
        "E15": [
            "FC15",
            [
                "C58",
                "C35",
                "C95",
                "C33",
                "C63",
                "C67",
                "C12",
                "C46",
                "C21"
            ]
        ],
        "E16": [
            "FC16",
            [
                "C52",
                "C15",
                "C102"
            ]
        ],
        "E17": [
            "FC17",
            [
                "C19",
                "C53",
                "C109",
                "C112",
                "C117",
                "C72"
            ]
        ],
        "E18": [
            "FC18",
            [
                "C58",
                "C116",
                "C119",
                "C73",
                "C41",
                "C11"
            ]
        ],
        "E19": [
            "FC19",
            [
                "C51",
                "C9",
                "C54",
                "C26",
                "C44",
                "C123",
                "C60"
            ]
        ],
        "E20": [
            "FC20",
            [
                "C51",
                "C44",
                "C27",
                "C25",
                "C109",
                "C122",
                "C118",
                "C21"
            ]
        ],
        "E21": [
            "FC21",
            [
                "C40",
                "C101"
            ]
        ],
        "E22": [
            "FC22",
            [
                "C103",
                "C70",
                "C114",
                "C63",
                "C14",
                "C32",
                "C50",
                "C35"
            ]
        ]
    },
    "sim_accuracies": {
        "C0": [
            "0.9857923526953608",
            "False"
        ],
        "C1": [
            "0.9884285765389238",
            "True"
        ],
        "C2": [
            "0.9717431429334406",
            "False"
        ],
        "C3": [
            "0.9785007481188975",
            "False"
        ],
        "C4": [
            "0.970972373956865",
            "False"
        ],
        "C5": [
            "0.9819538516865249",
            "False"
        ],
        "C6": [
            "0.9768890983389146",
            "False"
        ],
        "C7": [
            "0.9688800536857676",
            "False"
        ],
        "C8": [
            "0.97056472642223",
            "False"
        ],
        "C9": [
            "0.9859620392160859",
            "False"
        ],
        "C10": [
            "0.9730204725266098",
            "False"
        ],
        "C11": [
            "0.975516839383755",
            "False"
        ],
        "C12": [
            "0.951219377408575",
            "True"
        ],
        "C13": [
            "0.9510078693362557",
            "False"
        ],
        "C14": [
            "0.9638007191110728",
            "False"
        ],
        "C15": [
            "0.9568534185249671",
            "False"
        ],
        "C16": [
            "0.9839653819546625",
            "False"
        ],
        "C17": [
            "0.9676727830785803",
            "False"
        ],
        "C18": [
            "0.9746369039043478",
            "False"
        ],
        "C19": [
            "0.9737660092419347",
            "True"
        ],
        "C20": [
            "0.9868643396764208",
            "True"
        ],
        "C21": [
            "0.9794895972055915",
            "False"
        ],
        "C22": [
            "0.9795362919433426",
            "False"
        ],
        "C23": [
            "0.9683442983308281",
            "False"
        ],
        "C24": [
            "0.9655330538973467",
            "False"
        ],
        "C25": [
            "0.9598565800430975",
            "False"
        ],
        "C26": [
            "0.9874509078165548",
            "False"
        ],
        "C27": [
            "0.9515393886275281",
            "False"
        ],
        "C28": [
            "0.9701434718604421",
            "False"
        ],
        "C29": [
            "0.9886253913809891",
            "False"
        ],
        "C30": [
            "0.9839042327170454",
            "True"
        ],
        "C31": [
            "0.9539051285454971",
            "False"
        ],
        "C32": [
            "0.9782264311445253",
            "False"
        ],
        "C33": [
            "0.9580611967583942",
            "False"
        ],
        "C34": [
            "0.9640582353913077",
            "False"
        ],
        "C35": [
            "0.984519240608749",
            "False"
        ],
        "C36": [
            "0.9837201370278724",
            "True"
        ],
        "C37": [
            "0.9705662385393253",
            "True"
        ],
        "C38": [
            "0.964692906948936",
            "True"
        ],
        "C39": [
            "0.9548024648855167",
            "True"
        ],
        "C40": [
            "0.9677208297645217",
            "True"
        ],
        "C41": [
            "0.9781705114434043",
            "False"
        ],
        "C42": [
            "0.9501061515123556",
            "True"
        ],
        "C43": [
            "0.9856600361045803",
            "False"
        ],
        "C44": [
            "0.978119931286192",
            "False"
        ],
        "C45": [
            "0.976831336170614",
            "False"
        ],
        "C46": [
            "0.9779236732529036",
            "True"
        ],
        "C47": [
            "0.9581411362613661",
            "False"
        ],
        "C48": [
            "0.9803396489067426",
            "False"
        ],
        "C49": [
            "0.9771058581897538",
            "False"
        ],
        "C50": [
            "0.96784213959145",
            "False"
        ],
        "C51": [
            "0.9768912581993268",
            "True"
        ],
        "C52": [
            "0.9718239824922733",
            "True"
        ],
        "C53": [
            "0.9843567376160964",
            "False"
        ],
        "C54": [
            "0.9793914366577587",
            "False"
        ],
        "C55": [
            "0.9543711728891776",
            "False"
        ],
        "C56": [
            "0.9898822741967771",
            "False"
        ],
        "C57": [
            "0.9654718933927652",
            "False"
        ],
        "C58": [
            "0.9737104077468948",
            "True"
        ],
        "C59": [
            "0.9772760190723971",
            "False"
        ],
        "C60": [
            "0.9773830454104",
            "False"
        ],
        "C61": [
            "0.9508776070195847",
            "False"
        ],
        "C62": [
            "0.9673632876719325",
            "False"
        ],
        "C63": [
            "0.9618959964709268",
            "False"
        ],
        "C64": [
            "0.9662892005221737",
            "False"
        ],
        "C65": [
            "0.963591686098649",
            "False"
        ],
        "C66": [
            "0.9792404999066344",
            "False"
        ],
        "C67": [
            "0.972964761078868",
            "False"
        ],
        "C68": [
            "0.9680018422500525",
            "False"
        ],
        "C69": [
            "0.9800605150392447",
            "False"
        ],
        "C70": [
            "0.9599431127897132",
            "False"
        ],
        "C71": [
            "0.9622394925282344",
            "True"
        ],
        "C72": [
            "0.9654504164638467",
            "False"
        ],
        "C73": [
            "0.9760139274814197",
            "False"
        ],
        "C74": [
            "0.9777100281321851",
            "False"
        ],
        "C75": [
            "0.970463637581325",
            "False"
        ],
        "C76": [
            "0.9539024063576941",
            "False"
        ],
        "C77": [
            "0.9696541418065575",
            "False"
        ],
        "C78": [
            "0.9533830952810314",
            "False"
        ],
        "C79": [
            "0.9843044616815181",
            "True"
        ],
        "C80": [
            "0.9757957631817467",
            "False"
        ],
        "C81": [
            "0.9524187526721071",
            "False"
        ],
        "C82": [
            "0.9694148813290524",
            "False"
        ],
        "C83": [
            "0.9673645017321073",
            "False"
        ],
        "C84": [
            "0.9543825986778206",
            "False"
        ],
        "C85": [
            "0.9549690403171215",
            "False"
        ],
        "C86": [
            "0.9746159370794039",
            "True"
        ],
        "C87": [
            "0.961806302205549",
            "False"
        ],
        "C88": [
            "0.9608053435298242",
            "True"
        ],
        "C89": [
            "0.9531175507479078",
            "False"
        ],
        "C90": [
            "0.9725410782014517",
            "False"
        ],
        "C91": [
            "0.9579861511369802",
            "False"
        ],
        "C92": [
            "0.9712129489787972",
            "False"
        ],
        "C93": [
            "0.9706222674999487",
            "False"
        ],
        "C94": [
            "0.9713732628484258",
            "False"
        ],
        "C95": [
            "0.9885577081258782",
            "False"
        ],
        "C96": [
            "0.9665145119293054",
            "False"
        ],
        "C97": [
            "0.9599088324775413",
            "False"
        ],
        "C98": [
            "0.9564475212305745",
            "False"
        ],
        "C99": [
            "0.9656130393137157",
            "False"
        ],
        "C100": [
            "0.9718654958739936",
            "False"
        ],
        "C101": [
            "0.9536178003637498",
            "True"
        ],
        "C102": [
            "0.9664419804614348",
            "True"
        ],
        "C103": [
            "0.9640531941549341",
            "True"
        ],
        "C104": [
            "0.9640194294054966",
            "False"
        ],
        "C105": [
            "0.9847334059896656",
            "False"
        ],
        "C106": [
            "0.9589598137393761",
            "False"
        ],
        "C107": [
            "0.9565386499419398",
            "False"
        ],
        "C108": [
            "0.9753272288084196",
            "False"
        ],
        "C109": [
            "0.968761242095668",
            "False"
        ],
        "C110": [
            "0.953179856041067",
            "False"
        ],
        "C111": [
            "0.983372367571792",
            "True"
        ],
        "C112": [
            "0.9551137938487422",
            "False"
        ],
        "C113": [
            "0.9848560893027277",
            "False"
        ],
        "C114": [
            "0.9714336556453161",
            "False"
        ],
        "C115": [
            "0.9643261118553782",
            "False"
        ],
        "C116": [
            "0.9869853577020207",
            "True"
        ],
        "C117": [
            "0.9611480959764843",
            "False"
        ],
        "C118": [
            "0.9576610639671833",
            "False"
        ],
        "C119": [
            "0.9662447835921716",
            "True"
        ],
        "C120": [
            "0.953777787906",
            "True"
        ],
        "C121": [
            "0.9875247872293882",
            "False"
        ],
        "C122": [
            "0.9737448149410606",
            "False"
        ],
        "C123": [
            "0.9888798094108724",
            "False"
        ],
        "C124": [
            "0.9784323299902554",
            "False"
        ],
        "C125": [
            "0.9777991816752661",
            "False"
        ],
        "C126": [
            "0.9771249676903316",
            "False"
        ],
        "C127": [
            "0.9584724785697538",
            "False"
        ],
        "C128": [
            "0.9893777396970838",
            "False"
        ]
    }
}