{
    "suspect_components": {
        "C0": [
            false,
            [
                "C74",
                "C107"
            ]
        ],
        "C1": [
            false,
            []
        ],
        "C2": [
            false,
            [
                "C121",
                "C9",
                "C89",
                "C4",
                "C34"
            ]
        ],
        "C3": [
            false,
            [
                "C23",
                "C24",
                "C35",
                "C84",
                "C2",
                "C94",
                "C55",
                "C101",
                "C43",
                "C16",
                "C117"
            ]
        ],
        "C4": [
            false,
            [
                "C12",
                "C37",
                "C71",
                "C90",
                "C94",
                "C96",
                "C116",
                "C65",
                "C111",
                "C60",
                "C73",
                "C77"
            ]
        ],
        "C5": [
            false,
            [
                "C45",
                "C33",
                "C41"
            ]
        ],
        "C6": [
            true,
            [
                "C49",
                "C114",
                "C43",
                "C19",
                "C50",
                "C2",
                "C47",
                "C126"
            ]
        ],
        "C7": [
            false,
            [
                "C47",
                "C32",
                "C77"
            ]
        ],
        "C8": [
            false,
            [
                "C73",
                "C2",
                "C6",
                "C3"
            ]
        ],
        "C9": [
            true,
            [
                "C90",
                "C55",
                "C76",
                "C73"
            ]
        ],
        "C10": [
            false,
            [
                "C100",
                "C47",
                "C43",
                "C127"
            ]
        ],
        "C11": [
            false,
            [
                "C34",
                "C128",
                "C18",
                "C126",
                "C39",
                "C123",
                "C45",
                "C70",
                "C62",
                "C50",
                "C67"
            ]
        ],
        "C12": [
            false,
            [
                "C114",
                "C42",
                "C5",
                "C67",
                "C73",
                "C61",
                "C125"
            ]
        ],
        "C13": [
            false,
            [
                "C37",
                "C38",
                "C86",
                "C94",
                "C78",
                "C73"
            ]
        ],
        "C14": [
            false,
            [
                "C41",
                "C127",
                "C89",
                "C99",
                "C93",
                "C94",
                "C126",
                "C111"
            ]
        ],
        "C15": [
            false,
            [
                "C64",
                "C27",
                "C60",
                "C6",
                "C0",
                "C112",
                "C23",
                "C13",
                "C108",
                "C37",
                "C56",
                "C85"
            ]
        ],
        "C16": [
            false,
            [
                "C28",
                "C100",
                "C54",
                "C27",
                "C47",
                "C67",
                "C70",
                "C98",
                "C73",
                "C82",
                "C102",
                "C85"
            ]
        ],
        "C17": [
            true,
            [
                "C106",
                "C2",
                "C47",
                "C7",
                "C126",
                "C109"
            ]
        ],
        "C18": [
            false,
            [
                "C36",
                "C71",
                "C80",
                "C20",
                "C60",
                "C15",
                "C104",
                "C28",
                "C117",
                "C57"
            ]
        ],
        "C19": [
            false,
            [
                "C85",
                "C123",
                "C79",
                "C76"
            ]
        ],
        "C20": [
            false,
            [
                "C73"
            ]
        ],
        "C21": [
            false,
            [
                "C76",
                "C42",
                "C111",
                "C82",
                "C70",
                "C81",
                "C57",
                "C112",
                "C10",
                "C94",
                "C120"
            ]
        ],
        "C22": [
            false,
            [
                "C89",
                "C69",
                "C75",
                "C21",
                "C84",
                "C118",
                "C78",
                "C31",
                "C87",
                "C3",
                "C44",
                "C36"
            ]
        ],
        "C23": [
            false,
            [
                "C84",
                "C17"
            ]
        ],
        "C24": [
            false,
            [
                "C95",
                "C112",
                "C96",
                "C21",
                "C19",
                "C97",
                "C80",
                "C90",
                "C1",
                "C28",
                "C79"
            ]
        ],
        "C25": [
            false,
            [
                "C15",
                "C112",
                "C108",
                "C30",
                "C95",
                "C119",
                "C71",
                "C7",
                "C77"
            ]
        ],
        "C26": [
            false,
            [
                "C109",
                "C11",
                "C3",
                "C39",
                "C96",
                "C127",
                "C36",
                "C41",
                "C65",
                "C60",
                "C79"
            ]
        ],
        "C27": [
            false,
            [
                "C127",
                "C68"
            ]
        ],
        "C28": [
            false,
            [
                "C115",
                "C75",
                "C117",
                "C82",
                "C43",
                "C42",
                "C16",
                "C94",
                "C86"
            ]
        ],
        "C29": [
            false,
            [
                "C80"
            ]
        ],
        "C30": [
            true,
            [
                "C47",
                "C76",
                "C59",
                "C125",
                "C35",
                "C80"
            ]
        ],
        "C31": [
            false,
            [
                "C34",
                "C8",
                "C69",
                "C52",
                "C24",
                "C103",
                "C14",
                "C73",
                "C35",
                "C106",
                "C58",
                "C126"
            ]
        ],
        "C32": [
            false,
            [
                "C122",
                "C46",
                "C78",
                "C99",
                "C92"
            ]
        ],
        "C33": [
            false,
            [
                "C87",
                "C117",
                "C105",
                "C7",
                "C94",
                "C4",
                "C82",
                "C120"
            ]
        ],
        "C34": [
            false,
            [
                "C120",
                "C92",
                "C50",
                "C41",
                "C21"
            ]
        ],
        "C35": [
            false,
            [
                "C27",
                "C65",
                "C10",
                "C88",
                "C71",
                "C128",
                "C64",
                "C105"
            ]
        ],
        "C36": [
            false,
            [
                "C91",
                "C44",
                "C20",
                "C49",
                "C92",
                "C13",
                "C93",
                "C50",
                "C12",
                "C113",
                "C98"
            ]
        ],
        "C37": [
            false,
            [
                "C35",
                "C0",
                "C81",
                "C64",
                "C34",
                "C102",
                "C6",
                "C36"
            ]
        ],
        "C38": [
            false,
            [
                "C71",
                "C70",
                "C32",
                "C30",
                "C23",
                "C123",
                "C58",
                "C128",
                "C72",
                "C98",
                "C39",
                "C115"
            ]
        ],
        "C39": [
            false,
            [
                "C63",
                "C105",
                "C78",
                "C93"
            ]
        ],
        "C40": [
            false,
            []
        ],
        "C41": [
            false,
            [
                "C5",
                "C17",
                "C61",
                "C77",
                "C35",
                "C44",
                "C58"
            ]
        ],
        "C42": [
            true,
            [
                "C81",
                "C6",
                "C70",
                "C78",
                "C95"
            ]
        ],
        "C43": [
            false,
            [
                "C28",
                "C13",
                "C110",
                "C33",
                "C8",
                "C39",
                "C0"
            ]
        ],
        "C44": [
            false,
            [
                "C26"
            ]
        ],
        "C45": [
            false,
            []
        ],
        "C46": [
            false,
            [
                "C22",
                "C36",
                "C92",
                "C105"
            ]
        ],
        "C47": [
            false,
            [
                "C11",
                "C74",
                "C100",
                "C0",
                "C34",
                "C41",
                "C80",
                "C42",
                "C7",
                "C31",
                "C26"
            ]
        ],
        "C48": [
            true,
            [
                "C128",
                "C83",
                "C86",
                "C41",
                "C101",
                "C21",
                "C125",
                "C35",
                "C34"
            ]
        ],
        "C49": [
            false,
            [
                "C10",
                "C32",
                "C96",
                "C30",
                "C33",
                "C95",
                "C112"
            ]
        ],
        "C50": [
            false,
            [
                "C125",
                "C103",
                "C1",
                "C64",
                "C11",
                "C46",
                "C115",
                "C28",
                "C54"
            ]
        ],
        "C51": [
            false,
            [
                "C3",
                "C29",
                "C2",
                "C12",
                "C69",
                "C89",
                "C37",
                "C87",
                "C66",
                "C9",
                "C54",
                "C93"
            ]
        ],
        "C52": [
            false,
            [
                "C28",
                "C54",
                "C70",
                "C80",
                "C126",
                "C98",
                "C72",
                "C76",
                "C113",
                "C116"
            ]
        ],
        "C53": [
            true,
            [
                "C39",
                "C98",
                "C18",
                "C21",
                "C103",
                "C20",
                "C105",
                "C66",
                "C99"
            ]
        ],
        "C54": [
            false,
            [
                "C100",
                "C55",
                "C47",
                "C111",
                "C110",
                "C57"
            ]
        ],
        "C55": [
            false,
            [
                "C20",
                "C34",
                "C112",
                "C128",
                "C117",
                "C97",
                "C38",
                "C74",
                "C94",
                "C77"
            ]
        ],
        "C56": [
            true,
            [
                "C81",
                "C22",
                "C100",
                "C110",
                "C46",
                "C109",
                "C57",
                "C87"
            ]
        ],
        "C57": [
            false,
            [
                "C82",
                "C75",
                "C84",
                "C44",
                "C76",
                "C7",
                "C88"
            ]
        ],
        "C58": [
            true,
            [
                "C28",
                "C105",
                "C50",
                "C51"
            ]
        ],
        "C59": [
            true,
            [
                "C67"
            ]
        ],
        "C60": [
            false,
            [
                "C29",
                "C78"
            ]
        ],
        "C61": [
            false,
            [
                "C45",
                "C60",
                "C8",
                "C48",
                "C40",
                "C115",
                "C12"
            ]
        ],
        "C62": [
            true,
            [
                "C85",
                "C76",
                "C71",
                "C2",
                "C43"
            ]
        ],
        "C63": [
            false,
            [
                "C75",
                "C23",
                "C44",
                "C64",
                "C57",
                "C39",
                "C1"
            ]
        ],
        "C64": [
            false,
            [
                "C84",
                "C40",
                "C7",
                "C121",
                "C3",
                "C66",
                "C38",
                "C98",
                "C111",
                "C24",
                "C62"
            ]
        ],
        "C65": [
            false,
            [
                "C119",
                "C106",
                "C49",
                "C78",
                "C92",
                "C33"
            ]
        ],
        "C66": [
            false,
            [
                "C83",
                "C37",
                "C80",
                "C1",
                "C53",
                "C24",
                "C38",
                "C6"
            ]
        ],
        "C67": [
            false,
            [
                "C58"
            ]
        ],
        "C68": [
            false,
            [
                "C43",
                "C123",
                "C101",
                "C86",
                "C94",
                "C103",
                "C82",
                "C40",
                "C19",
                "C22",
                "C121"
            ]
        ],
        "C69": [
            false,
            [
                "C4",
                "C2",
                "C42",
                "C128",
                "C28",
                "C14",
                "C81"
            ]
        ],
        "C70": [
            false,
            [
                "C54",
                "C5",
                "C62",
                "C13",
                "C96",
                "C79",
                "C31",
                "C127",
                "C42"
            ]
        ],
        "C71": [
            true,
            [
                "C21",
                "C77",
                "C47",
                "C14",
                "C119",
                "C48",
                "C70",
                "C0",
                "C25",
                "C5",
                "C118"
            ]
        ],
        "C72": [
            false,
            [
                "C34",
                "C89",
                "C3",
                "C33",
                "C31",
                "C11",
                "C86"
            ]
        ],
        "C73": [
            false,
            [
                "C55",
                "C14",
                "C110",
                "C0",
                "C69",
                "C50",
                "C37",
                "C23",
                "C62"
            ]
        ],
        "C74": [
            false,
            [
                "C48",
                "C69",
                "C23",
                "C30",
                "C123"
            ]
        ],
        "C75": [
            false,
            [
                "C119",
                "C69"
            ]
        ],
        "C76": [
            false,
            [
                "C49",
                "C59"
            ]
        ],
        "C77": [
            true,
            [
                "C21",
                "C119",
                "C88",
                "C110",
                "C17",
                "C48",
                "C50",
                "C29",
                "C92",
                "C97",
                "C89",
                "C19"
            ]
        ],
        "C78": [
            false,
            [
                "C117",
                "C15",
                "C87",
                "C126",
                "C100",
                "C60",
                "C67",
                "C31",
                "C110",
                "C47",
                "C95"
            ]
        ],
        "C79": [
            false,
            [
                "C28",
                "C109",
                "C68"
            ]
        ],
        "C80": [
            true,
            []
        ],
        "C81": [
            false,
            [
                "C44",
                "C53",
                "C115",
                "C59",
                "C55",
                "C13",
                "C68",
                "C94",
                "C118",
                "C71"
            ]
        ],
        "C82": [
            true,
            [
                "C32"
            ]
        ],
        "C83": [
            false,
            [
                "C109",
                "C5",
                "C63",
                "C121",
                "C122",
                "C7",
                "C85",
                "C66",
                "C39"
            ]
        ],
        "C84": [
            true,
            [
                "C56",
                "C21",
                "C121",
                "C6",
                "C33"
            ]
        ],
        "C85": [
            false,
            [
                "C118",
                "C124",
                "C44",
                "C25",
                "C117",
                "C125",
                "C39"
            ]
        ],
        "C86": [
            false,
            [
                "C116",
                "C39",
                "C99",
                "C87",
                "C2",
                "C12",
                "C52",
                "C20"
            ]
        ],
        "C87": [
            false,
            [
                "C43",
                "C53",
                "C95",
                "C72",
                "C59",
                "C111",
                "C107",
                "C40",
                "C81",
                "C58",
                "C96"
            ]
        ],
        "C88": [
            false,
            [
                "C28",
                "C53",
                "C37",
                "C55",
                "C84",
                "C50",
                "C1"
            ]
        ],
        "C89": [
            true,
            [
                "C18",
                "C87"
            ]
        ],
        "C90": [
            false,
            [
                "C89",
                "C47",
                "C39",
                "C54",
                "C59"
            ]
        ],
        "C91": [
            true,
            [
                "C86"
            ]
        ],
        "C92": [
            false,
            [
                "C20",
                "C8",
                "C91",
                "C23",
                "C85",
                "C10",
                "C123",
                "C32",
                "C41"
            ]
        ],
        "C93": [
            true,
            [
                "C25",
                "C12",
                "C28",
                "C113",
                "C2",
                "C85",
                "C10",
                "C56"
            ]
        ],
        "C94": [
            true,
            [
                "C25",
                "C56",
                "C32",
                "C8",
                "C59",
                "C102",
                "C5",
                "C101"
            ]
        ],
        "C95": [
            false,
            []
        ],
        "C96": [
            false,
            [
                "C58",
                "C126",
                "C70"
            ]
        ],
        "C97": [
            false,
            [
                "C102",
                "C18",
                "C43",
                "C0",
                "C115",
                "C33",
                "C128",
                "C15",
                "C120"
            ]
        ],
        "C98": [
            false,
            [
                "C63",
                "C73",
                "C74",
                "C109",
                "C96",
                "C0",
                "C28",
                "C12",
                "C40"
            ]
        ],
        "C99": [
            false,
            [
                "C20",
                "C61",
                "C113"
            ]
        ],
        "C100": [
            false,
            [
                "C15",
                "C69",
                "C68",
                "C103",
                "C0",
                "C1",
                "C126",
                "C20",
                "C64"
            ]
        ],
        "C101": [
            true,
            [
                "C43",
                "C55",
                "C84",
                "C40",
                "C15",
                "C45",
                "C124",
                "C53",
                "C13"
            ]
        ],
        "C102": [
            false,
            [
                "C79",
                "C125",
                "C8",
                "C84",
                "C82",
                "C11",
                "C27",
                "C76",
                "C71",
                "C56",
                "C0",
                "C25"
            ]
        ],
        "C103": [
            false,
            [
                "C17"
            ]
        ],
        "C104": [
            false,
            [
                "C109",
                "C124",
                "C7",
                "C88",
                "C26",
                "C35",
                "C18",
                "C14",
                "C121",
                "C80"
            ]
        ],
        "C105": [
            false,
            [
                "C82",
                "C50",
                "C90"
            ]
        ],
        "C106": [
            false,
            [
                "C75",
                "C42",
                "C63",
                "C109",
                "C94",
                "C53",
                "C122",
                "C89",
                "C95",
                "C67",
                "C24",
                "C32"
            ]
        ],
        "C107": [
            false,
            [
                "C45",
                "C98",
                "C79",
                "C46",
                "C78",
                "C20",
                "C68",
                "C85",
                "C102",
                "C29"
            ]
        ],
        "C108": [
            false,
            [
                "C75",
                "C103",
                "C82",
                "C86",
                "C65",
                "C112",
                "C57",
                "C61"
            ]
        ],
        "C109": [
            false,
            [
                "C3",
                "C21",
                "C30",
                "C45",
                "C120",
                "C36",
                "C76",
                "C46",
                "C96",
                "C33"
            ]
        ],
        "C110": [
            false,
            [
                "C20",
                "C16",
                "C82",
                "C5",
                "C114",
                "C30",
                "C107",
                "C32"
            ]
        ],
        "C111": [
            true,
            [
                "C37",
                "C30",
                "C124"
            ]
        ],
        "C112": [
            true,
            [
                "C21"
            ]
        ],
        "C113": [
            false,
            [
                "C96",
                "C118",
                "C81",
                "C53"
            ]
        ],
        "C114": [
            false,
            []
        ],
        "C115": [
            false,
            [
                "C80"
            ]
        ],
        "C116": [
            false,
            [
                "C124",
                "C14",
                "C84",
                "C90",
                "C114",
                "C9",
                "C26",
                "C70",
                "C62",
                "C5",
                "C37",
                "C113"
            ]
        ],
        "C117": [
            true,
            [
                "C100",
                "C115",
                "C31",
                "C32",
                "C70",
                "C2",
                "C71",
                "C36",
                "C57",
                "C64",
                "C43"
            ]
        ],
        "C118": [
            false,
            []
        ],
        "C119": [
            false,
            []
        ],
        "C120": [
            false,
            [
                "C84",
                "C68",
                "C20",
                "C9",
                "C75",
                "C32",
                "C119",
                "C104",
                "C121"
            ]
        ],
        "C121": [
            false,
            [
                "C75",
                "C35",
                "C105",
                "C63",
                "C58",
                "C53"
            ]
        ],
        "C122": [
            false,
            [
                "C51"
            ]
        ],
        "C123": [
            false,
            [
                "C91",
                "C106"
            ]
        ],
        "C124": [
            false,
            [
                "C21",
                "C44"
            ]
        ],
        "C125": [
            false,
            [
                "C119",
                "C70",
                "C21",
                "C79",
                "C3",
                "C85",
                "C94",
                "C25",
                "C111",
                "C32"
            ]
        ],
        "C126": [
            false,
            [
                "C119",
                "C38",
                "C17",
                "C103",
                "C31",
                "C107",
                "C56",
                "C71",
                "C106",
                "C22",
                "C117"
            ]
        ],
        "C127": [
            true,
            [
                "C101",
                "C64",
                "C115",
                "C128"
            ]
        ],
        "C128": [
            true,
            [
                "C14",
                "C120"
            ]
        ]
    },
    "ground_truth_fault_paths": [
        [
            "C56",
            "C84",
            "C101",
            "C48",
            "C77",
            "C71",
            "C117"
        ],
        [
            "C56",
            "C84",
            "C101",
            "C48",
            "C77",
            "C71",
            "C62"
        ],
        [
            "C6",
            "C84",
            "C101",
            "C48",
            "C77",
            "C71",
            "C117"
        ],
        [
            "C6",
            "C84",
            "C101",
            "C48",
            "C77",
            "C71",
            "C62"
        ],
        [
            "C53",
            "C101",
            "C48",
            "C77",
            "C71",
            "C117"
        ],
        [
            "C53",
            "C101",
            "C48",
            "C77",
            "C71",
            "C62"
        ],
        [
            "C56",
            "C84",
            "C101",
            "C48",
            "C71",
            "C117"
        ],
        [
            "C56",
            "C84",
            "C101",
            "C48",
            "C71",
            "C62"
        ],
        [
            "C6",
            "C84",
            "C101",
            "C48",
            "C71",
            "C117"
        ],
        [
            "C6",
            "C84",
            "C101",
            "C48",
            "C71",
            "C62"
        ],
        [
            "C128",
            "C48",
            "C77",
            "C71",
            "C117"
        ],
        [
            "C128",
            "C48",
            "C77",
            "C71",
            "C62"
        ],
        [
            "C53",
            "C101",
            "C48",
            "C71",
            "C117"
        ],
        [
            "C53",
            "C101",
            "C48",
            "C71",
            "C62"
        ],
        [
            "C128",
            "C48",
            "C71",
            "C117"
        ],
        [
            "C128",
            "C48",
            "C71",
            "C62"
        ],
        [
            "C56",
            "C84",
            "C101",
            "C127"
        ],
        [
            "C56",
            "C84",
            "C101",
            "C94"
        ],
        [
            "C6",
            "C84",
            "C101",
            "C127"
        ],
        [
            "C6",
            "C84",
            "C101",
            "C94"
        ],
        [
            "C89",
            "C77",
            "C71",
            "C117"
        ],
        [
            "C89",
            "C77",
            "C71",
            "C62"
        ],
        [
            "C17",
            "C77",
            "C71",
            "C117"
        ],
        [
            "C17",
            "C77",
            "C71",
            "C62"
        ],
        [
            "C53",
            "C101",
            "C127"
        ],
        [
            "C53",
            "C101",
            "C94"
        ],
        [
            "C59",
            "C30",
            "C111"
        ],
        [
            "C80",
            "C30",
            "C111"
        ],
        [
            "C128",
            "C127"
        ],
        [
            "C59",
            "C94"
        ],
        [
            "C56",
            "C94"
        ],
        [
            "C56",
            "C93"
        ],
        [
            "C6",
            "C42"
        ],
        [
            "C9"
        ],
        [
            "C58"
        ],
        [
            "C82"
        ],
        [
            "C91"
        ],
        [
            "C112"
        ]
    ],
    "error_codes": {
        "E0": [
            "FC0",
            [
                "C117",
                "C77",
                "C101",
                "C38",
                "C15",
                "C127",
                "C86",
                "C120",
                "C4",
                "C68",
                "C98",
                "C70",
                "C51",
                "C118",
                "C20"
            ]
        ],
        "E1": [
            "FC1",
            [
                "C62",
                "C84",
                "C49"
            ]
        ],
        "E2": [
            "FC2",
            [
                "C117",
                "C48",
                "C28",
                "C124",
                "C71",
                "C26"
            ]
        ],
        "E3": [
            "FC3",
            [
                "C62",
                "C48",
                "C101",
                "C26",
                "C37",
                "C31",
                "C46"
            ]
        ],
        "E4": [
            "FC4",
            [
                "C117",
                "C101",
                "C107",
                "C116",
                "C57",
                "C75",
                "C127",
                "C81"
            ]
        ],
        "E5": [
            "FC5",
            [
                "C62",
                "C26",
                "C122",
                "C75",
                "C20",
                "C108",
                "C64",
                "C118",
                "C86",
                "C96",
                "C5",
                "C27"
            ]
        ],
        "E6": [
            "FC6",
            [
                "C117",
                "C48",
                "C94",
                "C70",
                "C26",
                "C95",
                "C116",
                "C109",
                "C30",
                "C66",
                "C38",
                "C46",
                "C59",
                "C35"
            ]
        ],
        "E7": [
            "FC7",
            [
                "C62",
                "C71",
                "C84",
                "C112"
            ]
        ],
        "E8": [
            "FC8",
            [
                "C117",
                "C71",
                "C48",
                "C39",
                "C63",
                "C83"
            ]
        ],
        "E9": [
            "FC9",
            [
                "C62",
                "C45",
                "C38",
                "C30",
                "C57",
                "C39"
            ]
        ],
        "E10": [
            "FC10",
            [
                "C117",
                "C71",
                "C127",
                "C55",
                "C42",
                "C83",
                "C99",
                "C13",
                "C62",
                "C72",
                "C126",
                "C91",
                "C95",
                "C77"
            ]
        ],
        "E11": [
            "FC11",
            [
                "C62",
                "C48",
                "C11",
                "C25",
                "C65"
            ]
        ],
        "E12": [
            "FC12",
            [
                "C117",
                "C72",
                "C93",
                "C18",
                "C112",
                "C116",
                "C5",
                "C27",
                "C125",
                "C19",
                "C88"
            ]
        ],
        "E13": [
            "FC13",
            [
                "C62",
                "C48",
                "C81",
                "C13",
                "C95",
                "C63",
                "C98",
                "C32",
                "C61",
                "C110",
                "C3",
                "C113"
            ]
        ],
        "E14": [
            "FC14",
            [
                "C117",
                "C48",
                "C58",
                "C113",
                "C72",
                "C4",
                "C97",
                "C128",
                "C83"
            ]
        ],
        "E15": [
            "FC15",
            [
                "C62",
                "C71",
                "C93",
                "C35",
                "C17",
                "C84",
                "C123",
                "C37",
                "C73"
            ]
        ],
        "E16": [
            "FC16",
            [
                "C127",
                "C101",
                "C108",
                "C72",
                "C54",
                "C120",
                "C55"
            ]
        ],
        "E17": [
            "FC17",
            [
                "C94",
                "C112",
                "C1",
                "C0",
                "C71",
                "C101",
                "C104",
                "C106",
                "C15",
                "C92",
                "C41",
                "C34",
                "C105"
            ]
        ],
        "E18": [
            "FC18",
            [
                "C127",
                "C76",
                "C124",
                "C28"
            ]
        ],
        "E19": [
            "FC19",
            [
                "C94",
                "C84"
            ]
        ],
        "E20": [
            "FC20",
            [
                "C117",
                "C101"
            ]
        ],
        "E21": [
            "FC21",
            [
                "C62",
                "C89",
                "C16",
                "C20",
                "C115",
                "C3",
                "C101",
                "C110",
                "C58",
                "C81",
                "C75",
                "C27",
                "C5",
                "C41"
            ]
        ],
        "E22": [
            "FC22",
            [
                "C117",
                "C67",
                "C7"
            ]
        ],
        "E23": [
            "FC23",
            [
                "C62",
                "C80",
                "C26",
                "C102",
                "C125",
                "C49",
                "C55"
            ]
        ],
        "E24": [
            "FC24",
            [
                "C127",
                "C116",
                "C0",
                "C74",
                "C49"
            ]
        ],
        "E25": [
            "FC25",
            [
                "C94",
                "C104",
                "C60",
                "C47",
                "C121",
                "C120",
                "C12"
            ]
        ],
        "E26": [
            "FC26",
            [
                "C111",
                "C103",
                "C17",
                "C56",
                "C38"
            ]
        ],
        "E27": [
            "FC27",
            [
                "C111",
                "C126",
                "C87",
                "C35",
                "C81",
                "C119",
                "C109",
                "C120",
                "C89",
                "C46"
            ]
        ],
        "E28": [
            "FC28",
            [
                "C127",
                "C68",
                "C63",
                "C112",
                "C125",
                "C86",
                "C35",
                "C77"
            ]
        ],
        "E29": [
            "FC29",
            [
                "C94",
                "C25",
                "C117",
                "C23"
            ]
        ],
        "E30": [
            "FC30",
            [
                "C94",
                "C30",
                "C106",
                "C68",
                "C85",
                "C43",
                "C96",
                "C55",
                "C79",
                "C75",
                "C80"
            ]
        ],
        "E31": [
            "FC31",
            [
                "C93",
                "C10",
                "C83",
                "C54",
                "C118",
                "C69",
                "C14",
                "C70",
                "C86",
                "C30",
                "C16"
            ]
        ],
        "E32": [
            "FC32",
            [
                "C42",
                "C65",
                "C28",
                "C2",
                "C20",
                "C1",
                "C118",
                "C96",
                "C4",
                "C89",
                "C78",
                "C115",
                "C24"
            ]
        ],
        "E33": [
            "FC33",
            [
                "C9",
                "C126",
                "C49",
                "C32",
                "C96"
            ]
        ],
        "E34": [
            "FC34",
            [
                "C58",
                "C97",
                "C108",
                "C95",
                "C18",
                "C51",
                "C120",
                "C1",
                "C48",
                "C68",
                "C126",
                "C56",
                "C27"
            ]
        ],
        "E35": [
            "FC35",
            [
                "C82",
                "C84",
                "C71",
                "C126"
            ]
        ],
        "E36": [
            "FC36",
            [
                "C91",
                "C126"
            ]
        ],
        "E37": [
            "FC37",
            [
                "C112",
                "C24",
                "C75",
                "C126",
                "C107",
                "C79",
                "C15"
            ]
        ]
    },
    "sim_accuracies": {
        "C0": [
            "0.9522940614665828",
            "False"
        ],
        "C1": [
            "0.9561305885115423",
            "False"
        ],
        "C2": [
            "0.9662184520022468",
            "False"
        ],
        "C3": [
            "0.9600022157225601",
            "False"
        ],
        "C4": [
            "0.9538177682206648",
            "False"
        ],
        "C5": [
            "0.981727096149276",
            "False"
        ],
        "C6": [
            "0.9870023797313426",
            "True"
        ],
        "C7": [
            "0.9595662274244199",
            "False"
        ],
        "C8": [
            "0.95361250924583",
            "False"
        ],
        "C9": [
            "0.9869399609776739",
            "True"
        ],
        "C10": [
            "0.9709198708414482",
            "False"
        ],
        "C11": [
            "0.9518112864599962",
            "False"
        ],
        "C12": [
            "0.9607818609168407",
            "False"
        ],
        "C13": [
            "0.9871289239752847",
            "False"
        ],
        "C14": [
            "0.9712641970993877",
            "False"
        ],
        "C15": [
            "0.9556204965265425",
            "False"
        ],
        "C16": [
            "0.9635373238809444",
            "False"
        ],
        "C17": [
            "0.9654178430695922",
            "True"
        ],
        "C18": [
            "0.9668239018633452",
            "False"
        ],
        "C19": [
            "0.9574024402736402",
            "False"
        ],
        "C20": [
            "0.9716236003127359",
            "False"
        ],
        "C21": [
            "0.9874042353529745",
            "False"
        ],
        "C22": [
            "0.9803317320274954",
            "False"
        ],
        "C23": [
            "0.9619003272203095",
            "False"
        ],
        "C24": [
            "0.9835932757021206",
            "False"
        ],
        "C25": [
            "0.9559518148168399",
            "False"
        ],
        "C26": [
            "0.9817960940807401",
            "False"
        ],
        "C27": [
            "0.9680782788192963",
            "False"
        ],
        "C28": [
            "0.9878471305235528",
            "False"
        ],
        "C29": [
            "0.9553077883844912",
            "False"
        ],
        "C30": [
            "0.9755447896603822",
            "True"
        ],
        "C31": [
            "0.9615978747258129",
            "False"
        ],
        "C32": [
            "0.9884866139405366",
            "False"
        ],
        "C33": [
            "0.9651174134942461",
            "False"
        ],
        "C34": [
            "0.9699606906802205",
            "False"
        ],
        "C35": [
            "0.9826147574324335",
            "False"
        ],
        "C36": [
            "0.9713058357018333",
            "False"
        ],
        "C37": [
            "0.9678175050120582",
            "False"
        ],
        "C38": [
            "0.9601965606164852",
            "False"
        ],
        "C39": [
            "0.9616367839492862",
            "False"
        ],
        "C40": [
            "0.9532664652602201",
            "False"
        ],
        "C41": [
            "0.9662830143167636",
            "False"
        ],
        "C42": [
            "0.9509352399355232",
            "True"
        ],
        "C43": [
            "0.9780720419260365",
            "False"
        ],
        "C44": [
            "0.9880633899621319",
            "False"
        ],
        "C45": [
            "0.9824061844201446",
            "False"
        ],
        "C46": [
            "0.9691704626966394",
            "False"
        ],
        "C47": [
            "0.9865711162575349",
            "False"
        ],
        "C48": [
            "0.975682773450869",
            "True"
        ],
        "C49": [
            "0.9698757450542411",
            "False"
        ],
        "C50": [
            "0.9602637546923461",
            "False"
        ],
        "C51": [
            "0.9576502987382376",
            "False"
        ],
        "C52": [
            "0.9896179035731832",
            "False"
        ],
        "C53": [
            "0.9796812784703173",
            "True"
        ],
        "C54": [
            "0.9643187612433494",
            "False"
        ],
        "C55": [
            "0.9512138834485024",
            "False"
        ],
        "C56": [
            "0.9515563463505685",
            "True"
        ],
        "C57": [
            "0.9807857169491505",
            "False"
        ],
        "C58": [
            "0.9816511790947503",
            "True"
        ],
        "C59": [
            "0.9606720485299882",
            "True"
        ],
        "C60": [
            "0.9587091748087145",
            "False"
        ],
        "C61": [
            "0.9634404073946198",
            "False"
        ],
        "C62": [
            "0.9671289607120389",
            "True"
        ],
        "C63": [
            "0.9500778817576299",
            "False"
        ],
        "C64": [
            "0.9854061536458145",
            "False"
        ],
        "C65": [
            "0.9634926576253479",
            "False"
        ],
        "C66": [
            "0.9813958596645287",
            "False"
        ],
        "C67": [
            "0.9810884455874659",
            "False"
        ],
        "C68": [
            "0.9605444200976386",
            "False"
        ],
        "C69": [
            "0.9773064661582843",
            "False"
        ],
        "C70": [
            "0.9569490892325153",
            "False"
        ],
        "C71": [
            "0.9584792330443989",
            "True"
        ],
        "C72": [
            "0.9674910745050066",
            "False"
        ],
        "C73": [
            "0.9666632574775501",
            "False"
        ],
        "C74": [
            "0.9806649412808707",
            "False"
        ],
        "C75": [
            "0.9736983621866806",
            "False"
        ],
        "C76": [
            "0.9577004563142124",
            "False"
        ],
        "C77": [
            "0.9619074116478601",
            "True"
        ],
        "C78": [
            "0.9553554423406269",
            "False"
        ],
        "C79": [
            "0.9770587946256848",
            "False"
        ],
        "C80": [
            "0.9731759153865787",
            "True"
        ],
        "C81": [
            "0.976482687061656",
            "False"
        ],
        "C82": [
            "0.956297638991475",
            "True"
        ],
        "C83": [
            "0.9541479727223449",
            "False"
        ],
        "C84": [
            "0.9632031074553339",
            "True"
        ],
        "C85": [
            "0.9729632680721392",
            "False"
        ],
        "C86": [
            "0.9731421471717316",
            "False"
        ],
        "C87": [
            "0.9729422118871068",
            "False"
        ],
        "C88": [
            "0.9658558753368183",
            "False"
        ],
        "C89": [
            "0.9797625043394833",
            "True"
        ],
        "C90": [
            "0.9680631055314131",
            "False"
        ],
        "C91": [
            "0.9514071246808226",
            "True"
        ],
        "C92": [
            "0.9703405274521499",
            "False"
        ],
        "C93": [
            "0.9643368422432291",
            "True"
        ],
        "C94": [
            "0.9607147012780325",
            "True"
        ],
        "C95": [
            "0.9794178568455941",
            "False"
        ],
        "C96": [
            "0.9545101751565237",
            "False"
        ],
        "C97": [
            "0.9704355812485403",
            "False"
        ],
        "C98": [
            "0.9672859061559114",
            "False"
        ],
        "C99": [
            "0.9741488655805117",
            "False"
        ],
        "C100": [
            "0.976443466166296",
            "False"
        ],
        "C101": [
            "0.9752263911989247",
            "True"
        ],
        "C102": [
            "0.9505759888659512",
            "False"
        ],
        "C103": [
            "0.9771454485027925",
            "False"
        ],
        "C104": [
            "0.9600250089419581",
            "False"
        ],
        "C105": [
            "0.9781227684567955",
            "False"
        ],
        "C106": [
            "0.964842093851816",
            "False"
        ],
        "C107": [
            "0.9622896616112442",
            "False"
        ],
        "C108": [
            "0.9555563656383953",
            "False"
        ],
        "C109": [
            "0.9670107061278997",
            "False"
        ],
        "C110": [
            "0.9585621091823339",
            "False"
        ],
        "C111": [
            "0.980362429975615",
            "True"
        ],
        "C112": [
            "0.9621002952276119",
            "True"
        ],
        "C113": [
            "0.9715383385697366",
            "False"
        ],
        "C114": [
            "0.9791485665098841",
            "False"
        ],
        "C115": [
            "0.9832699865115462",
            "False"
        ],
        "C116": [
            "0.9734795324974808",
            "False"
        ],
        "C117": [
            "0.9795261686826542",
            "True"
        ],
        "C118": [
            "0.9610079280112662",
            "False"
        ],
        "C119": [
            "0.9516742287595131",
            "False"
        ],
        "C120": [
            "0.9728204336555842",
            "False"
        ],
        "C121": [
            "0.9618701285859609",
            "False"
        ],
        "C122": [
            "0.9755921139562562",
            "False"
        ],
        "C123": [
            "0.9674222641776337",
            "False"
        ],
        "C124": [
            "0.9664402229846089",
            "False"
        ],
        "C125": [
            "0.9783953077483853",
            "False"
        ],
        "C126": [
            "0.9697209754171356",
            "False"
        ],
        "C127": [
            "0.9768965581175565",
            "True"
        ],
        "C128": [
            "0.9633094833223814",
            "True"
        ]
    }
}