{
    "suspect_components": {
        "C0": [
            false,
            [
                "C30",
                "C38",
                "C75",
                "C15",
                "C23",
                "C81",
                "C40",
                "C22",
                "C49",
                "C48",
                "C11"
            ]
        ],
        "C1": [
            false,
            [
                "C119",
                "C73",
                "C53",
                "C114",
                "C78",
                "C112",
                "C39",
                "C104",
                "C108",
                "C30"
            ]
        ],
        "C2": [
            false,
            [
                "C38",
                "C82",
                "C48",
                "C88",
                "C91",
                "C90",
                "C35",
                "C49",
                "C128"
            ]
        ],
        "C3": [
            false,
            [
                "C85",
                "C64",
                "C17",
                "C114",
                "C63",
                "C49",
                "C113",
                "C87"
            ]
        ],
        "C4": [
            false,
            [
                "C2",
                "C42",
                "C11",
                "C87",
                "C126",
                "C58",
                "C90",
                "C9",
                "C98",
                "C80"
            ]
        ],
        "C5": [
            false,
            [
                "C41",
                "C105"
            ]
        ],
        "C6": [
            false,
            [
                "C78",
                "C62",
                "C111",
                "C25",
                "C80",
                "C86",
                "C56",
                "C105"
            ]
        ],
        "C7": [
            false,
            [
                "C64",
                "C53",
                "C73",
                "C76",
                "C82",
                "C97",
                "C35",
                "C80"
            ]
        ],
        "C8": [
            false,
            []
        ],
        "C9": [
            false,
            []
        ],
        "C10": [
            false,
            [
                "C3",
                "C98",
                "C4",
                "C87",
                "C14",
                "C28",
                "C94",
                "C91",
                "C63"
            ]
        ],
        "C11": [
            false,
            [
                "C6",
                "C57",
                "C26",
                "C109",
                "C76"
            ]
        ],
        "C12": [
            false,
            [
                "C35",
                "C4",
                "C32",
                "C6",
                "C46",
                "C128"
            ]
        ],
        "C13": [
            false,
            [
                "C25",
                "C0",
                "C48",
                "C17"
            ]
        ],
        "C14": [
            true,
            [
                "C102",
                "C54",
                "C112",
                "C33",
                "C120",
                "C28",
                "C29",
                "C83",
                "C16",
                "C26"
            ]
        ],
        "C15": [
            false,
            [
                "C128",
                "C97",
                "C105",
                "C69",
                "C117",
                "C120",
                "C0",
                "C47",
                "C53",
                "C126",
                "C21",
                "C59"
            ]
        ],
        "C16": [
            false,
            [
                "C30",
                "C20",
                "C39",
                "C63"
            ]
        ],
        "C17": [
            false,
            [
                "C9",
                "C93",
                "C2",
                "C88",
                "C112",
                "C94",
                "C47"
            ]
        ],
        "C18": [
            false,
            [
                "C20",
                "C126",
                "C98",
                "C15",
                "C74",
                "C37",
                "C110"
            ]
        ],
        "C19": [
            false,
            [
                "C51",
                "C119",
                "C72",
                "C114",
                "C3",
                "C87",
                "C13",
                "C38",
                "C65",
                "C96",
                "C95"
            ]
        ],
        "C20": [
            false,
            [
                "C89",
                "C30",
                "C79",
                "C10",
                "C46",
                "C19"
            ]
        ],
        "C21": [
            true,
            [
                "C81",
                "C102",
                "C118",
                "C13",
                "C88",
                "C3",
                "C46",
                "C9",
                "C100",
                "C49",
                "C115",
                "C24"
            ]
        ],
        "C22": [
            false,
            [
                "C33"
            ]
        ],
        "C23": [
            false,
            [
                "C123",
                "C49",
                "C13",
                "C57"
            ]
        ],
        "C24": [
            false,
            [
                "C67",
                "C125",
                "C119",
                "C77",
                "C86",
                "C78",
                "C79",
                "C31"
            ]
        ],
        "C25": [
            false,
            []
        ],
        "C26": [
            true,
            [
                "C115",
                "C67",
                "C10",
                "C73",
                "C2",
                "C58",
                "C20"
            ]
        ],
        "C27": [
            false,
            [
                "C109",
                "C40",
                "C26",
                "C81",
                "C120",
                "C68",
                "C72",
                "C118",
                "C50"
            ]
        ],
        "C28": [
            false,
            [
                "C111",
                "C32"
            ]
        ],
        "C29": [
            false,
            []
        ],
        "C30": [
            false,
            [
                "C18",
                "C70",
                "C123",
                "C105",
                "C61",
                "C77",
                "C68"
            ]
        ],
        "C31": [
            false,
            [
                "C75",
                "C92",
                "C62",
                "C84",
                "C54",
                "C100",
                "C5",
                "C78",
                "C50"
            ]
        ],
        "C32": [
            true,
            [
                "C115"
            ]
        ],
        "C33": [
            false,
            [
                "C70",
                "C107",
                "C106",
                "C121"
            ]
        ],
        "C34": [
            false,
            [
                "C111",
                "C1",
                "C53",
                "C58",
                "C45",
                "C71",
                "C77"
            ]
        ],
        "C35": [
            false,
            [
                "C0",
                "C122",
                "C91",
                "C10",
                "C111"
            ]
        ],
        "C36": [
            false,
            [
                "C90",
                "C118",
                "C104"
            ]
        ],
        "C37": [
            false,
            [
                "C44",
                "C85",
                "C69",
                "C111"
            ]
        ],
        "C38": [
            false,
            [
                "C30",
                "C128",
                "C91",
                "C79"
            ]
        ],
        "C39": [
            false,
            [
                "C49",
                "C61",
                "C24",
                "C6",
                "C124",
                "C72"
            ]
        ],
        "C40": [
            false,
            [
                "C65",
                "C71",
                "C100",
                "C108",
                "C8",
                "C101",
                "C49",
                "C106",
                "C51"
            ]
        ],
        "C41": [
            false,
            []
        ],
        "C42": [
            false,
            [
                "C89",
                "C104",
                "C2",
                "C81",
                "C68",
                "C67",
                "C83",
                "C106"
            ]
        ],
        "C43": [
            false,
            [
                "C73"
            ]
        ],
        "C44": [
            false,
            [
                "C127",
                "C86",
                "C20",
                "C24",
                "C83",
                "C26",
                "C108",
                "C114",
                "C61",
                "C43",
                "C31",
                "C93"
            ]
        ],
        "C45": [
            true,
            [
                "C74",
                "C107",
                "C13",
                "C79",
                "C127",
                "C91",
                "C26",
                "C6",
                "C53",
                "C2"
            ]
        ],
        "C46": [
            false,
            [
                "C82",
                "C7",
                "C63",
                "C54",
                "C60",
                "C12",
                "C78",
                "C69",
                "C62",
                "C9",
                "C121"
            ]
        ],
        "C47": [
            true,
            [
                "C91",
                "C1"
            ]
        ],
        "C48": [
            false,
            [
                "C17",
                "C82"
            ]
        ],
        "C49": [
            false,
            [
                "C89",
                "C20",
                "C54",
                "C13",
                "C86"
            ]
        ],
        "C50": [
            true,
            [
                "C116",
                "C73"
            ]
        ],
        "C51": [
            false,
            [
                "C106"
            ]
        ],
        "C52": [
            false,
            [
                "C102",
                "C69",
                "C110"
            ]
        ],
        "C53": [
            false,
            [
                "C99",
                "C4",
                "C118",
                "C50",
                "C18",
                "C52",
                "C25",
                "C15",
                "C108",
                "C107",
                "C47",
                "C98"
            ]
        ],
        "C54": [
            false,
            [
                "C26",
                "C113",
                "C21",
                "C87",
                "C8",
                "C88",
                "C79",
                "C77"
            ]
        ],
        "C55": [
            true,
            [
                "C84",
                "C25",
                "C47",
                "C106",
                "C36",
                "C18",
                "C71",
                "C51"
            ]
        ],
        "C56": [
            false,
            [
                "C1",
                "C48",
                "C22",
                "C59",
                "C65",
                "C37",
                "C40"
            ]
        ],
        "C57": [
            false,
            [
                "C56",
                "C46",
                "C109",
                "C2",
                "C128",
                "C19",
                "C116",
                "C68",
                "C62",
                "C115",
                "C25",
                "C72"
            ]
        ],
        "C58": [
            true,
            [
                "C19",
                "C118",
                "C17",
                "C87",
                "C107",
                "C12",
                "C105",
                "C11",
                "C76",
                "C95",
                "C102",
                "C100"
            ]
        ],
        "C59": [
            false,
            [
                "C85",
                "C39",
                "C103",
                "C48",
                "C40",
                "C38"
            ]
        ],
        "C60": [
            false,
            [
                "C108",
                "C7",
                "C47",
                "C30",
                "C113",
                "C32",
                "C66",
                "C95",
                "C82"
            ]
        ],
        "C61": [
            false,
            [
                "C112",
                "C8",
                "C91",
                "C85",
                "C103",
                "C13",
                "C74",
                "C72",
                "C122"
            ]
        ],
        "C62": [
            false,
            [
                "C21",
                "C113",
                "C6"
            ]
        ],
        "C63": [
            false,
            [
                "C37",
                "C9",
                "C81",
                "C74",
                "C72",
                "C29",
                "C93"
            ]
        ],
        "C64": [
            false,
            [
                "C80",
                "C90",
                "C18",
                "C0",
                "C112",
                "C5",
                "C26",
                "C44",
                "C70",
                "C117",
                "C116",
                "C113"
            ]
        ],
        "C65": [
            false,
            [
                "C123"
            ]
        ],
        "C66": [
            false,
            [
                "C42",
                "C112",
                "C79",
                "C19",
                "C20",
                "C53",
                "C88",
                "C55"
            ]
        ],
        "C67": [
            true,
            [
                "C1",
                "C41",
                "C89",
                "C10",
                "C2",
                "C118",
                "C21",
                "C29",
                "C14"
            ]
        ],
        "C68": [
            false,
            []
        ],
        "C69": [
            true,
            [
                "C54",
                "C6",
                "C37",
                "C28"
            ]
        ],
        "C70": [
            false,
            [
                "C2",
                "C61",
                "C64"
            ]
        ],
        "C71": [
            false,
            [
                "C34",
                "C31"
            ]
        ],
        "C72": [
            true,
            [
                "C3",
                "C46",
                "C125",
                "C84",
                "C99"
            ]
        ],
        "C73": [
            false,
            []
        ],
        "C74": [
            false,
            [
                "C38",
                "C79",
                "C72",
                "C77",
                "C5"
            ]
        ],
        "C75": [
            false,
            [
                "C18",
                "C84"
            ]
        ],
        "C76": [
            true,
            [
                "C32",
                "C36",
                "C21"
            ]
        ],
        "C77": [
            true,
            [
                "C14",
                "C66",
                "C61",
                "C76",
                "C102",
                "C32",
                "C7",
                "C42"
            ]
        ],
        "C78": [
            true,
            [
                "C9",
                "C56",
                "C10",
                "C15",
                "C105"
            ]
        ],
        "C79": [
            false,
            [
                "C111",
                "C122",
                "C50"
            ]
        ],
        "C80": [
            false,
            [
                "C83",
                "C76"
            ]
        ],
        "C81": [
            true,
            [
                "C109",
                "C105",
                "C34",
                "C89",
                "C63",
                "C104",
                "C32"
            ]
        ],
        "C82": [
            false,
            [
                "C43"
            ]
        ],
        "C83": [
            false,
            []
        ],
        "C84": [
            false,
            [
                "C32"
            ]
        ],
        "C85": [
            false,
            []
        ],
        "C86": [
            true,
            [
                "C111",
                "C74",
                "C63",
                "C56",
                "C35",
                "C124",
                "C46",
                "C7"
            ]
        ],
        "C87": [
            false,
            [
                "C92",
                "C15",
                "C95",
                "C98",
                "C83",
                "C120",
                "C6",
                "C67"
            ]
        ],
        "C88": [
            false,
            [
                "C102",
                "C68",
                "C58",
                "C122"
            ]
        ],
        "C89": [
            false,
            [
                "C104",
                "C0",
                "C105",
                "C107",
                "C110",
                "C114",
                "C44",
                "C73",
                "C99",
                "C61",
                "C80"
            ]
        ],
        "C90": [
            false,
            [
                "C47",
                "C107"
            ]
        ],
        "C91": [
            false,
            [
                "C22",
                "C120",
                "C74",
                "C28",
                "C77"
            ]
        ],
        "C92": [
            false,
            [
                "C3",
                "C117",
                "C41",
                "C2"
            ]
        ],
        "C93": [
            false,
            [
                "C1",
                "C27",
                "C96",
                "C14",
                "C39",
                "C52",
                "C33",
                "C75",
                "C108",
                "C22",
                "C82",
                "C63"
            ]
        ],
        "C94": [
            false,
            [
                "C88",
                "C55",
                "C113",
                "C37",
                "C50",
                "C6",
                "C58",
                "C45",
                "C101",
                "C53",
                "C104",
                "C20"
            ]
        ],
        "C95": [
            false,
            []
        ],
        "C96": [
            false,
            [
                "C81",
                "C92",
                "C24",
                "C114",
                "C19",
                "C76",
                "C104",
                "C108"
            ]
        ],
        "C97": [
            false,
            []
        ],
        "C98": [
            false,
            [
                "C120",
                "C70",
                "C15"
            ]
        ],
        "C99": [
            false,
            []
        ],
        "C100": [
            false,
            [
                "C77",
                "C64",
                "C23",
                "C24",
                "C123",
                "C48"
            ]
        ],
        "C101": [
            true,
            []
        ],
        "C102": [
            true,
            [
                "C24",
                "C10",
                "C89",
                "C36",
                "C60",
                "C59",
                "C13"
            ]
        ],
        "C103": [
            false,
            [
                "C92",
                "C74",
                "C52",
                "C76"
            ]
        ],
        "C104": [
            false,
            [
                "C51",
                "C79",
                "C112",
                "C95",
                "C48",
                "C90",
                "C72",
                "C91"
            ]
        ],
        "C105": [
            false,
            [
                "C72",
                "C8",
                "C106",
                "C63",
                "C66",
                "C76",
                "C23",
                "C33",
                "C38",
                "C91",
                "C107",
                "C111"
            ]
        ],
        "C106": [
            false,
            [
                "C79",
                "C107"
            ]
        ],
        "C107": [
            false,
            [
                "C25",
                "C46",
                "C64",
                "C28",
                "C124",
                "C116",
                "C114",
                "C98",
                "C47",
                "C61",
                "C66",
                "C88"
            ]
        ],
        "C108": [
            false,
            [
                "C102",
                "C80",
                "C31",
                "C34",
                "C114",
                "C100",
                "C41",
                "C89"
            ]
        ],
        "C109": [
            false,
            [
                "C0",
                "C114",
                "C54",
                "C47"
            ]
        ],
        "C110": [
            false,
            [
                "C8",
                "C9",
                "C46",
                "C31",
                "C122"
            ]
        ],
        "C111": [
            true,
            [
                "C53",
                "C103",
                "C8",
                "C52",
                "C112",
                "C50",
                "C19",
                "C69",
                "C34",
                "C80",
                "C31"
            ]
        ],
        "C112": [
            false,
            [
                "C83",
                "C45",
                "C110",
                "C39"
            ]
        ],
        "C113": [
            true,
            [
                "C122",
                "C26",
                "C106",
                "C0",
                "C38",
                "C107",
                "C53",
                "C76",
                "C127",
                "C4"
            ]
        ],
        "C114": [
            false,
            [
                "C66",
                "C124",
                "C51",
                "C1",
                "C38",
                "C77",
                "C106",
                "C14"
            ]
        ],
        "C115": [
            false,
            [
                "C27",
                "C35",
                "C90",
                "C32",
                "C7",
                "C70",
                "C111",
                "C122",
                "C5",
                "C44",
                "C96",
                "C52"
            ]
        ],
        "C116": [
            true,
            [
                "C57"
            ]
        ],
        "C117": [
            false,
            [
                "C68",
                "C64",
                "C19",
                "C51",
                "C94",
                "C49"
            ]
        ],
        "C118": [
            true,
            [
                "C24",
                "C86",
                "C102",
                "C83",
                "C71",
                "C128",
                "C43",
                "C74",
                "C17",
                "C37",
                "C46"
            ]
        ],
        "C119": [
            false,
            [
                "C8",
                "C89",
                "C122",
                "C18",
                "C75",
                "C14",
                "C2",
                "C114",
                "C57",
                "C30",
                "C102"
            ]
        ],
        "C120": [
            false,
            [
                "C54",
                "C114",
                "C2",
                "C21",
                "C36",
                "C58",
                "C76"
            ]
        ],
        "C121": [
            true,
            [
                "C6",
                "C103",
                "C37"
            ]
        ],
        "C122": [
            false,
            [
                "C76",
                "C4",
                "C85",
                "C18",
                "C62",
                "C5"
            ]
        ],
        "C123": [
            false,
            [
                "C0",
                "C57",
                "C113",
                "C20",
                "C46",
                "C7",
                "C108",
                "C126",
                "C96"
            ]
        ],
        "C124": [
            false,
            [
                "C72",
                "C117",
                "C77",
                "C101",
                "C54",
                "C93",
                "C36",
                "C114",
                "C115"
            ]
        ],
        "C125": [
            false,
            [
                "C121",
                "C61",
                "C30",
                "C114",
                "C117",
                "C89",
                "C119",
                "C105",
                "C115",
                "C111"
            ]
        ],
        "C126": [
            false,
            [
                "C122",
                "C83",
                "C3",
                "C0",
                "C60",
                "C33",
                "C71",
                "C61",
                "C23"
            ]
        ],
        "C127": [
            true,
            [
                "C40",
                "C5",
                "C63",
                "C110",
                "C91",
                "C60",
                "C98",
                "C34",
                "C17"
            ]
        ],
        "C128": [
            true,
            [
                "C1",
                "C68",
                "C52",
                "C111",
                "C0",
                "C37",
                "C8",
                "C9",
                "C81"
            ]
        ]
    },
    "ground_truth_fault_paths": [
        [
            "C116",
            "C50",
            "C111",
            "C128",
            "C118",
            "C21",
            "C76",
            "C58",
            "C26",
            "C14",
            "C77"
        ],
        [
            "C116",
            "C50",
            "C111",
            "C128",
            "C118",
            "C21",
            "C76",
            "C58",
            "C26",
            "C14",
            "C67"
        ],
        [
            "C116",
            "C50",
            "C111",
            "C86",
            "C118",
            "C21",
            "C76",
            "C58",
            "C26",
            "C14",
            "C77"
        ],
        [
            "C116",
            "C50",
            "C111",
            "C86",
            "C118",
            "C21",
            "C76",
            "C58",
            "C26",
            "C14",
            "C67"
        ],
        [
            "C69",
            "C111",
            "C128",
            "C118",
            "C21",
            "C76",
            "C58",
            "C26",
            "C14",
            "C77"
        ],
        [
            "C69",
            "C111",
            "C128",
            "C118",
            "C21",
            "C76",
            "C58",
            "C26",
            "C14",
            "C67"
        ],
        [
            "C69",
            "C111",
            "C86",
            "C118",
            "C21",
            "C76",
            "C58",
            "C26",
            "C14",
            "C77"
        ],
        [
            "C69",
            "C111",
            "C86",
            "C118",
            "C21",
            "C76",
            "C58",
            "C26",
            "C14",
            "C67"
        ],
        [
            "C32",
            "C81",
            "C128",
            "C118",
            "C21",
            "C76",
            "C58",
            "C26",
            "C14",
            "C77"
        ],
        [
            "C32",
            "C81",
            "C128",
            "C118",
            "C21",
            "C76",
            "C58",
            "C26",
            "C14",
            "C67"
        ],
        [
            "C116",
            "C50",
            "C111",
            "C128",
            "C118",
            "C21",
            "C76",
            "C58",
            "C26",
            "C113"
        ],
        [
            "C116",
            "C50",
            "C111",
            "C128",
            "C118",
            "C21",
            "C76",
            "C58",
            "C26",
            "C45"
        ],
        [
            "C116",
            "C50",
            "C111",
            "C128",
            "C118",
            "C21",
            "C67",
            "C26",
            "C14",
            "C77"
        ],
        [
            "C116",
            "C50",
            "C111",
            "C86",
            "C118",
            "C21",
            "C76",
            "C58",
            "C26",
            "C113"
        ],
        [
            "C116",
            "C50",
            "C111",
            "C86",
            "C118",
            "C21",
            "C76",
            "C58",
            "C26",
            "C45"
        ],
        [
            "C116",
            "C50",
            "C111",
            "C86",
            "C118",
            "C21",
            "C67",
            "C26",
            "C14",
            "C77"
        ],
        [
            "C69",
            "C111",
            "C128",
            "C118",
            "C21",
            "C76",
            "C58",
            "C26",
            "C113"
        ],
        [
            "C69",
            "C111",
            "C128",
            "C118",
            "C21",
            "C76",
            "C58",
            "C26",
            "C45"
        ],
        [
            "C69",
            "C111",
            "C128",
            "C118",
            "C21",
            "C67",
            "C26",
            "C14",
            "C77"
        ],
        [
            "C69",
            "C111",
            "C86",
            "C118",
            "C21",
            "C76",
            "C58",
            "C26",
            "C113"
        ],
        [
            "C69",
            "C111",
            "C86",
            "C118",
            "C21",
            "C76",
            "C58",
            "C26",
            "C45"
        ],
        [
            "C69",
            "C111",
            "C86",
            "C118",
            "C21",
            "C67",
            "C26",
            "C14",
            "C77"
        ],
        [
            "C32",
            "C81",
            "C128",
            "C118",
            "C21",
            "C76",
            "C58",
            "C26",
            "C113"
        ],
        [
            "C32",
            "C81",
            "C128",
            "C118",
            "C21",
            "C76",
            "C58",
            "C26",
            "C45"
        ],
        [
            "C32",
            "C81",
            "C128",
            "C118",
            "C21",
            "C67",
            "C26",
            "C14",
            "C77"
        ],
        [
            "C116",
            "C50",
            "C111",
            "C128",
            "C118",
            "C67",
            "C26",
            "C14",
            "C77"
        ],
        [
            "C116",
            "C50",
            "C111",
            "C128",
            "C118",
            "C58",
            "C26",
            "C14",
            "C77"
        ],
        [
            "C116",
            "C50",
            "C111",
            "C128",
            "C118",
            "C58",
            "C26",
            "C14",
            "C67"
        ],
        [
            "C116",
            "C50",
            "C111",
            "C128",
            "C118",
            "C21",
            "C67",
            "C26",
            "C113"
        ],
        [
            "C116",
            "C50",
            "C111",
            "C128",
            "C118",
            "C21",
            "C67",
            "C26",
            "C45"
        ],
        [
            "C116",
            "C50",
            "C111",
            "C86",
            "C118",
            "C67",
            "C26",
            "C14",
            "C77"
        ],
        [
            "C116",
            "C50",
            "C111",
            "C86",
            "C118",
            "C58",
            "C26",
            "C14",
            "C77"
        ],
        [
            "C116",
            "C50",
            "C111",
            "C86",
            "C118",
            "C58",
            "C26",
            "C14",
            "C67"
        ],
        [
            "C116",
            "C50",
            "C111",
            "C86",
            "C118",
            "C21",
            "C67",
            "C26",
            "C113"
        ],
        [
            "C116",
            "C50",
            "C111",
            "C86",
            "C118",
            "C21",
            "C67",
            "C26",
            "C45"
        ],
        [
            "C102",
            "C118",
            "C21",
            "C76",
            "C58",
            "C26",
            "C14",
            "C77"
        ],
        [
            "C102",
            "C118",
            "C21",
            "C76",
            "C58",
            "C26",
            "C14",
            "C67"
        ],
        [
            "C69",
            "C111",
            "C128",
            "C118",
            "C67",
            "C26",
            "C14",
            "C77"
        ],
        [
            "C69",
            "C111",
            "C128",
            "C118",
            "C58",
            "C26",
            "C14",
            "C77"
        ],
        [
            "C69",
            "C111",
            "C128",
            "C118",
            "C58",
            "C26",
            "C14",
            "C67"
        ],
        [
            "C69",
            "C111",
            "C128",
            "C118",
            "C21",
            "C67",
            "C26",
            "C113"
        ],
        [
            "C69",
            "C111",
            "C128",
            "C118",
            "C21",
            "C67",
            "C26",
            "C45"
        ],
        [
            "C69",
            "C111",
            "C86",
            "C118",
            "C67",
            "C26",
            "C14",
            "C77"
        ],
        [
            "C69",
            "C111",
            "C86",
            "C118",
            "C58",
            "C26",
            "C14",
            "C77"
        ],
        [
            "C69",
            "C111",
            "C86",
            "C118",
            "C58",
            "C26",
            "C14",
            "C67"
        ],
        [
            "C69",
            "C111",
            "C86",
            "C118",
            "C21",
            "C67",
            "C26",
            "C113"
        ],
        [
            "C69",
            "C111",
            "C86",
            "C118",
            "C21",
            "C67",
            "C26",
            "C45"
        ],
        [
            "C32",
            "C81",
            "C128",
            "C118",
            "C67",
            "C26",
            "C14",
            "C77"
        ],
        [
            "C32",
            "C81",
            "C128",
            "C118",
            "C58",
            "C26",
            "C14",
            "C77"
        ],
        [
            "C32",
            "C81",
            "C128",
            "C118",
            "C58",
            "C26",
            "C14",
            "C67"
        ],
        [
            "C32",
            "C81",
            "C128",
            "C118",
            "C21",
            "C67",
            "C26",
            "C113"
        ],
        [
            "C32",
            "C81",
            "C128",
            "C118",
            "C21",
            "C67",
            "C26",
            "C45"
        ],
        [
            "C32",
            "C81",
            "C21",
            "C76",
            "C58",
            "C26",
            "C14",
            "C77"
        ],
        [
            "C32",
            "C81",
            "C21",
            "C76",
            "C58",
            "C26",
            "C14",
            "C67"
        ],
        [
            "C116",
            "C50",
            "C111",
            "C128",
            "C118",
            "C67",
            "C26",
            "C113"
        ],
        [
            "C116",
            "C50",
            "C111",
            "C128",
            "C118",
            "C67",
            "C26",
            "C45"
        ],
        [
            "C116",
            "C50",
            "C111",
            "C128",
            "C118",
            "C58",
            "C26",
            "C113"
        ],
        [
            "C116",
            "C50",
            "C111",
            "C128",
            "C118",
            "C58",
            "C26",
            "C45"
        ],
        [
            "C116",
            "C50",
            "C111",
            "C128",
            "C118",
            "C21",
            "C76",
            "C113"
        ],
        [
            "C116",
            "C50",
            "C111",
            "C128",
            "C118",
            "C21",
            "C76",
            "C77"
        ],
        [
            "C116",
            "C50",
            "C111",
            "C86",
            "C118",
            "C67",
            "C26",
            "C113"
        ],
        [
            "C116",
            "C50",
            "C111",
            "C86",
            "C118",
            "C67",
            "C26",
            "C45"
        ],
        [
            "C116",
            "C50",
            "C111",
            "C86",
            "C118",
            "C58",
            "C26",
            "C113"
        ],
        [
            "C116",
            "C50",
            "C111",
            "C86",
            "C118",
            "C58",
            "C26",
            "C45"
        ],
        [
            "C116",
            "C50",
            "C111",
            "C86",
            "C118",
            "C21",
            "C76",
            "C113"
        ],
        [
            "C116",
            "C50",
            "C111",
            "C86",
            "C118",
            "C21",
            "C76",
            "C77"
        ],
        [
            "C102",
            "C118",
            "C21",
            "C76",
            "C58",
            "C26",
            "C113"
        ],
        [
            "C102",
            "C118",
            "C21",
            "C76",
            "C58",
            "C26",
            "C45"
        ],
        [
            "C102",
            "C118",
            "C21",
            "C67",
            "C26",
            "C14",
            "C77"
        ],
        [
            "C102",
            "C21",
            "C76",
            "C58",
            "C26",
            "C14",
            "C77"
        ],
        [
            "C102",
            "C21",
            "C76",
            "C58",
            "C26",
            "C14",
            "C67"
        ],
        [
            "C69",
            "C111",
            "C128",
            "C118",
            "C67",
            "C26",
            "C113"
        ],
        [
            "C69",
            "C111",
            "C128",
            "C118",
            "C67",
            "C26",
            "C45"
        ],
        [
            "C69",
            "C111",
            "C128",
            "C118",
            "C58",
            "C26",
            "C113"
        ],
        [
            "C69",
            "C111",
            "C128",
            "C118",
            "C58",
            "C26",
            "C45"
        ],
        [
            "C69",
            "C111",
            "C128",
            "C118",
            "C21",
            "C76",
            "C113"
        ],
        [
            "C69",
            "C111",
            "C128",
            "C118",
            "C21",
            "C76",
            "C77"
        ],
        [
            "C69",
            "C111",
            "C86",
            "C118",
            "C67",
            "C26",
            "C113"
        ],
        [
            "C69",
            "C111",
            "C86",
            "C118",
            "C67",
            "C26",
            "C45"
        ],
        [
            "C69",
            "C111",
            "C86",
            "C118",
            "C58",
            "C26",
            "C113"
        ],
        [
            "C69",
            "C111",
            "C86",
            "C118",
            "C58",
            "C26",
            "C45"
        ],
        [
            "C69",
            "C111",
            "C86",
            "C118",
            "C21",
            "C76",
            "C113"
        ],
        [
            "C69",
            "C111",
            "C86",
            "C118",
            "C21",
            "C76",
            "C77"
        ],
        [
            "C32",
            "C81",
            "C128",
            "C118",
            "C67",
            "C26",
            "C113"
        ],
        [
            "C32",
            "C81",
            "C128",
            "C118",
            "C67",
            "C26",
            "C45"
        ],
        [
            "C32",
            "C81",
            "C128",
            "C118",
            "C58",
            "C26",
            "C113"
        ],
        [
            "C32",
            "C81",
            "C128",
            "C118",
            "C58",
            "C26",
            "C45"
        ],
        [
            "C32",
            "C81",
            "C128",
            "C118",
            "C21",
            "C76",
            "C113"
        ],
        [
            "C32",
            "C81",
            "C128",
            "C118",
            "C21",
            "C76",
            "C77"
        ],
        [
            "C32",
            "C81",
            "C21",
            "C76",
            "C58",
            "C26",
            "C113"
        ],
        [
            "C32",
            "C81",
            "C21",
            "C76",
            "C58",
            "C26",
            "C45"
        ],
        [
            "C32",
            "C81",
            "C21",
            "C67",
            "C26",
            "C14",
            "C77"
        ],
        [
            "C102",
            "C118",
            "C67",
            "C26",
            "C14",
            "C77"
        ],
        [
            "C102",
            "C118",
            "C58",
            "C26",
            "C14",
            "C77"
        ],
        [
            "C102",
            "C118",
            "C58",
            "C26",
            "C14",
            "C67"
        ],
        [
            "C102",
            "C118",
            "C21",
            "C67",
            "C26",
            "C113"
        ],
        [
            "C102",
            "C118",
            "C21",
            "C67",
            "C26",
            "C45"
        ],
        [
            "C102",
            "C21",
            "C76",
            "C58",
            "C26",
            "C113"
        ],
        [
            "C102",
            "C21",
            "C76",
            "C58",
            "C26",
            "C45"
        ],
        [
            "C102",
            "C21",
            "C67",
            "C26",
            "C14",
            "C77"
        ],
        [
            "C32",
            "C81",
            "C21",
            "C67",
            "C26",
            "C113"
        ],
        [
            "C32",
            "C81",
            "C21",
            "C67",
            "C26",
            "C45"
        ],
        [
            "C32",
            "C76",
            "C58",
            "C26",
            "C14",
            "C77"
        ],
        [
            "C32",
            "C76",
            "C58",
            "C26",
            "C14",
            "C67"
        ],
        [
            "C102",
            "C118",
            "C67",
            "C26",
            "C113"
        ],
        [
            "C102",
            "C118",
            "C67",
            "C26",
            "C45"
        ],
        [
            "C102",
            "C118",
            "C58",
            "C26",
            "C113"
        ],
        [
            "C102",
            "C118",
            "C58",
            "C26",
            "C45"
        ],
        [
            "C102",
            "C118",
            "C21",
            "C76",
            "C113"
        ],
        [
            "C102",
            "C118",
            "C21",
            "C76",
            "C77"
        ],
        [
            "C102",
            "C58",
            "C26",
            "C14",
            "C77"
        ],
        [
            "C102",
            "C58",
            "C26",
            "C14",
            "C67"
        ],
        [
            "C102",
            "C21",
            "C67",
            "C26",
            "C113"
        ],
        [
            "C102",
            "C21",
            "C67",
            "C26",
            "C45"
        ],
        [
            "C102",
            "C14",
            "C67",
            "C26",
            "C113"
        ],
        [
            "C102",
            "C14",
            "C67",
            "C26",
            "C45"
        ],
        [
            "C32",
            "C81",
            "C21",
            "C76",
            "C113"
        ],
        [
            "C32",
            "C81",
            "C21",
            "C76",
            "C77"
        ],
        [
            "C32",
            "C76",
            "C58",
            "C26",
            "C113"
        ],
        [
            "C32",
            "C76",
            "C58",
            "C26",
            "C45"
        ],
        [
            "C102",
            "C58",
            "C26",
            "C113"
        ],
        [
            "C102",
            "C58",
            "C26",
            "C45"
        ],
        [
            "C102",
            "C21",
            "C76",
            "C113"
        ],
        [
            "C102",
            "C21",
            "C76",
            "C77"
        ],
        [
            "C102",
            "C14",
            "C77"
        ],
        [
            "C32",
            "C76",
            "C113"
        ],
        [
            "C32",
            "C76",
            "C77"
        ],
        [
            "C102",
            "C77"
        ],
        [
            "C127",
            "C113"
        ],
        [
            "C127",
            "C45"
        ],
        [
            "C32",
            "C77"
        ],
        [
            "C47",
            "C55"
        ],
        [
            "C72"
        ],
        [
            "C78"
        ],
        [
            "C101"
        ],
        [
            "C121"
        ]
    ],
    "error_codes": {
        "E0": [
            "FC0",
            [
                "C77",
                "C29",
                "C116",
                "C107",
                "C15",
                "C115",
                "C73",
                "C56",
                "C14",
                "C25",
                "C9",
                "C21",
                "C68"
            ]
        ],
        "E1": [
            "FC1",
            [
                "C67",
                "C50",
                "C76",
                "C110",
                "C83",
                "C84",
                "C90",
                "C81",
                "C124",
                "C5",
                "C104",
                "C57",
                "C30",
                "C39",
                "C36"
            ]
        ],
        "E2": [
            "FC2",
            [
                "C77",
                "C26",
                "C25",
                "C87",
                "C53",
                "C122",
                "C59",
                "C69"
            ]
        ],
        "E3": [
            "FC3",
            [
                "C67",
                "C26",
                "C86",
                "C50",
                "C32"
            ]
        ],
        "E4": [
            "FC4",
            [
                "C77",
                "C118",
                "C69",
                "C58",
                "C26",
                "C67",
                "C53",
                "C45",
                "C70",
                "C31",
                "C121",
                "C5",
                "C35",
                "C87",
                "C68"
            ]
        ],
        "E5": [
            "FC5",
            [
                "C67",
                "C38",
                "C2",
                "C87"
            ]
        ],
        "E6": [
            "FC6",
            [
                "C77",
                "C118",
                "C111",
                "C119",
                "C63",
                "C15",
                "C105",
                "C26",
                "C32",
                "C84",
                "C96"
            ]
        ],
        "E7": [
            "FC7",
            [
                "C67",
                "C69",
                "C56",
                "C111",
                "C29",
                "C77",
                "C49",
                "C91",
                "C30",
                "C96",
                "C19"
            ]
        ],
        "E8": [
            "FC8",
            [
                "C77",
                "C32",
                "C86",
                "C74",
                "C25",
                "C42",
                "C38",
                "C20"
            ]
        ],
        "E9": [
            "FC9",
            [
                "C67",
                "C14",
                "C58",
                "C118",
                "C39",
                "C64",
                "C35",
                "C105",
                "C98",
                "C101",
                "C128"
            ]
        ],
        "E10": [
            "FC10",
            [
                "C113",
                "C111",
                "C33",
                "C56"
            ]
        ],
        "E11": [
            "FC11",
            [
                "C45",
                "C50",
                "C116",
                "C76",
                "C81",
                "C119",
                "C48"
            ]
        ],
        "E12": [
            "FC12",
            [
                "C77",
                "C128",
                "C26",
                "C21",
                "C14",
                "C29",
                "C54",
                "C64",
                "C75",
                "C66",
                "C68",
                "C120",
                "C90",
                "C30"
            ]
        ],
        "E13": [
            "FC13",
            [
                "C113",
                "C58",
                "C17",
                "C59",
                "C61",
                "C126",
                "C34",
                "C82",
                "C87",
                "C123",
                "C50",
                "C29",
                "C15",
                "C43"
            ]
        ],
        "E14": [
            "FC14",
            [
                "C45",
                "C26",
                "C99"
            ]
        ],
        "E15": [
            "FC15",
            [
                "C77",
                "C67",
                "C21",
                "C116",
                "C71"
            ]
        ],
        "E16": [
            "FC16",
            [
                "C113",
                "C118",
                "C21",
                "C43",
                "C13",
                "C120",
                "C105",
                "C128",
                "C22",
                "C60",
                "C64",
                "C85",
                "C74",
                "C112",
                "C52"
            ]
        ],
        "E17": [
            "FC17",
            [
                "C45",
                "C55",
                "C91",
                "C79",
                "C58",
                "C115",
                "C99"
            ]
        ],
        "E18": [
            "FC18",
            [
                "C77",
                "C67",
                "C21",
                "C104",
                "C62",
                "C47",
                "C43",
                "C127",
                "C80",
                "C93",
                "C110"
            ]
        ],
        "E19": [
            "FC19",
            [
                "C113",
                "C111",
                "C34",
                "C62",
                "C65",
                "C110",
                "C66"
            ]
        ],
        "E20": [
            "FC20",
            [
                "C45",
                "C79",
                "C24"
            ]
        ],
        "E21": [
            "FC21",
            [
                "C77",
                "C14",
                "C52",
                "C80",
                "C64",
                "C60",
                "C30",
                "C9",
                "C11",
                "C107",
                "C100",
                "C38",
                "C21",
                "C39"
            ]
        ],
        "E22": [
            "FC22",
            [
                "C113",
                "C83",
                "C2",
                "C109",
                "C106"
            ]
        ],
        "E23": [
            "FC23",
            [
                "C45",
                "C107",
                "C123",
                "C8",
                "C55",
                "C48",
                "C75",
                "C119"
            ]
        ],
        "E24": [
            "FC24",
            [
                "C77",
                "C118",
                "C81",
                "C14",
                "C28",
                "C67",
                "C55",
                "C123",
                "C2",
                "C96",
                "C35",
                "C59"
            ]
        ],
        "E25": [
            "FC25",
            [
                "C77",
                "C128",
                "C31",
                "C106",
                "C118",
                "C98"
            ]
        ],
        "E26": [
            "FC26",
            [
                "C77",
                "C116",
                "C111",
                "C128",
                "C112",
                "C75",
                "C19",
                "C9",
                "C22",
                "C90",
                "C2"
            ]
        ],
        "E27": [
            "FC27",
            [
                "C67",
                "C26",
                "C116",
                "C58",
                "C87",
                "C45",
                "C33",
                "C27",
                "C65",
                "C31",
                "C71",
                "C96",
                "C102",
                "C77",
                "C70",
                "C30"
            ]
        ],
        "E28": [
            "FC28",
            [
                "C113",
                "C128",
                "C62",
                "C15",
                "C36",
                "C58",
                "C27",
                "C91",
                "C48",
                "C116",
                "C55",
                "C59",
                "C43",
                "C42"
            ]
        ],
        "E29": [
            "FC29",
            [
                "C45",
                "C97",
                "C90",
                "C104",
                "C93",
                "C124",
                "C98",
                "C115",
                "C76",
                "C14",
                "C58",
                "C114"
            ]
        ],
        "E30": [
            "FC30",
            [
                "C77",
                "C116",
                "C106",
                "C10",
                "C58",
                "C22",
                "C17",
                "C53",
                "C57",
                "C0"
            ]
        ],
        "E31": [
            "FC31",
            [
                "C77",
                "C26",
                "C111",
                "C107",
                "C62",
                "C22"
            ]
        ],
        "E32": [
            "FC32",
            [
                "C67",
                "C111",
                "C118",
                "C26",
                "C27",
                "C125",
                "C92",
                "C16"
            ]
        ],
        "E33": [
            "FC33",
            [
                "C113",
                "C84",
                "C128",
                "C70",
                "C76"
            ]
        ],
        "E34": [
            "FC34",
            [
                "C45",
                "C84",
                "C128",
                "C28",
                "C44",
                "C74",
                "C47",
                "C33",
                "C70"
            ]
        ],
        "E35": [
            "FC35",
            [
                "C77",
                "C35",
                "C59",
                "C1",
                "C72",
                "C33",
                "C102",
                "C14"
            ]
        ],
        "E36": [
            "FC36",
            [
                "C67",
                "C58",
                "C96",
                "C51",
                "C74",
                "C95",
                "C30",
                "C112",
                "C128",
                "C118"
            ]
        ],
        "E37": [
            "FC37",
            [
                "C77",
                "C67",
                "C111",
                "C16",
                "C86",
                "C121"
            ]
        ],
        "E38": [
            "FC38",
            [
                "C77",
                "C115",
                "C86",
                "C124",
                "C41",
                "C90",
                "C87",
                "C91",
                "C65",
                "C97"
            ]
        ],
        "E39": [
            "FC39",
            [
                "C67",
                "C31"
            ]
        ],
        "E40": [
            "FC40",
            [
                "C113",
                "C118",
                "C18",
                "C74",
                "C11",
                "C42"
            ]
        ],
        "E41": [
            "FC41",
            [
                "C45",
                "C59",
                "C15",
                "C98",
                "C97",
                "C35",
                "C110"
            ]
        ],
        "E42": [
            "FC42",
            [
                "C77",
                "C69",
                "C67",
                "C26",
                "C47",
                "C74",
                "C44",
                "C61",
                "C95",
                "C100",
                "C29"
            ]
        ],
        "E43": [
            "FC43",
            [
                "C77",
                "C26",
                "C118",
                "C58",
                "C86",
                "C8"
            ]
        ],
        "E44": [
            "FC44",
            [
                "C67",
                "C116",
                "C39",
                "C48",
                "C111",
                "C101",
                "C74",
                "C19",
                "C46",
                "C112"
            ]
        ],
        "E45": [
            "FC45",
            [
                "C113",
                "C21",
                "C112",
                "C18",
                "C118",
                "C27",
                "C4",
                "C110",
                "C81",
                "C17",
                "C97"
            ]
        ],
        "E46": [
            "FC46",
            [
                "C45",
                "C69",
                "C26",
                "C1",
                "C110",
                "C109",
                "C24",
                "C42"
            ]
        ],
        "E47": [
            "FC47",
            [
                "C77",
                "C128",
                "C15",
                "C119"
            ]
        ],
        "E48": [
            "FC48",
            [
                "C77",
                "C118",
                "C14",
                "C51"
            ]
        ],
        "E49": [
            "FC49",
            [
                "C67",
                "C55",
                "C74",
                "C43",
                "C15",
                "C77",
                "C52"
            ]
        ],
        "E50": [
            "FC50",
            [
                "C113",
                "C128",
                "C26",
                "C118",
                "C6",
                "C5",
                "C8",
                "C9",
                "C121",
                "C83",
                "C108",
                "C10"
            ]
        ],
        "E51": [
            "FC51",
            [
                "C45",
                "C32",
                "C81",
                "C128",
                "C107",
                "C89",
                "C116",
                "C22",
                "C74",
                "C119",
                "C4",
                "C91",
                "C8",
                "C23",
                "C24"
            ]
        ],
        "E52": [
            "FC52",
            [
                "C77",
                "C76",
                "C21",
                "C81",
                "C23",
                "C26",
                "C19"
            ]
        ],
        "E53": [
            "FC53",
            [
                "C67",
                "C21",
                "C32",
                "C35",
                "C22",
                "C77",
                "C3",
                "C69"
            ]
        ],
        "E54": [
            "FC54",
            [
                "C113",
                "C118",
                "C111",
                "C26",
                "C107",
                "C25"
            ]
        ],
        "E55": [
            "FC55",
            [
                "C45",
                "C50",
                "C117",
                "C91",
                "C101",
                "C17",
                "C88"
            ]
        ],
        "E56": [
            "FC56",
            [
                "C113",
                "C128",
                "C26",
                "C49"
            ]
        ],
        "E57": [
            "FC57",
            [
                "C45",
                "C111",
                "C95",
                "C103",
                "C79",
                "C57"
            ]
        ],
        "E58": [
            "FC58",
            [
                "C113",
                "C118",
                "C50",
                "C116",
                "C122",
                "C24",
                "C4",
                "C92",
                "C64",
                "C27",
                "C37",
                "C35",
                "C36"
            ]
        ],
        "E59": [
            "FC59",
            [
                "C77",
                "C53",
                "C59",
                "C114",
                "C3",
                "C14"
            ]
        ],
        "E60": [
            "FC60",
            [
                "C113",
                "C116",
                "C26",
                "C102"
            ]
        ],
        "E61": [
            "FC61",
            [
                "C45",
                "C4",
                "C112",
                "C0",
                "C90",
                "C13",
                "C8",
                "C10",
                "C98",
                "C118"
            ]
        ],
        "E62": [
            "FC62",
            [
                "C113",
                "C83",
                "C85",
                "C16",
                "C39",
                "C37",
                "C13"
            ]
        ],
        "E63": [
            "FC63",
            [
                "C45",
                "C116",
                "C50",
                "C58",
                "C94",
                "C32",
                "C84",
                "C37",
                "C16",
                "C7",
                "C106"
            ]
        ],
        "E64": [
            "FC64",
            [
                "C113",
                "C76",
                "C116",
                "C105",
                "C66",
                "C9",
                "C45",
                "C44",
                "C120",
                "C5",
                "C32",
                "C28"
            ]
        ],
        "E65": [
            "FC65",
            [
                "C77",
                "C21",
                "C86",
                "C78",
                "C74",
                "C76",
                "C39",
                "C128",
                "C125",
                "C92",
                "C15",
                "C96",
                "C54",
                "C70",
                "C43"
            ]
        ],
        "E66": [
            "FC66",
            [
                "C113",
                "C76",
                "C25",
                "C61",
                "C82",
                "C77",
                "C57",
                "C102",
                "C100",
                "C3",
                "C41",
                "C49"
            ]
        ],
        "E67": [
            "FC67",
            [
                "C45",
                "C96",
                "C106",
                "C116",
                "C25",
                "C42",
                "C104",
                "C26",
                "C11",
                "C54",
                "C48"
            ]
        ],
        "E68": [
            "FC68",
            [
                "C77",
                "C26",
                "C67",
                "C19",
                "C52",
                "C58",
                "C68",
                "C2",
                "C3",
                "C56",
                "C46",
                "C61",
                "C5",
                "C76"
            ]
        ],
        "E69": [
            "FC69",
            [
                "C77",
                "C11",
                "C91",
                "C68",
                "C1",
                "C60"
            ]
        ],
        "E70": [
            "FC70",
            [
                "C67",
                "C26",
                "C102",
                "C74"
            ]
        ],
        "E71": [
            "FC71",
            [
                "C113",
                "C52",
                "C91"
            ]
        ],
        "E72": [
            "FC72",
            [
                "C45",
                "C118",
                "C111",
                "C89",
                "C72"
            ]
        ],
        "E73": [
            "FC73",
            [
                "C113",
                "C111",
                "C46",
                "C125",
                "C88",
                "C62",
                "C56"
            ]
        ],
        "E74": [
            "FC74",
            [
                "C45",
                "C128",
                "C57",
                "C51",
                "C11",
                "C120",
                "C60",
                "C88",
                "C27"
            ]
        ],
        "E75": [
            "FC75",
            [
                "C113",
                "C69",
                "C95",
                "C66",
                "C102"
            ]
        ],
        "E76": [
            "FC76",
            [
                "C77",
                "C118",
                "C21",
                "C25"
            ]
        ],
        "E77": [
            "FC77",
            [
                "C113",
                "C67",
                "C104",
                "C80",
                "C127",
                "C105",
                "C36",
                "C34",
                "C94",
                "C58"
            ]
        ],
        "E78": [
            "FC78",
            [
                "C45",
                "C86",
                "C126",
                "C50",
                "C25",
                "C52",
                "C26",
                "C19",
                "C51",
                "C75",
                "C47",
                "C97",
                "C46",
                "C56"
            ]
        ],
        "E79": [
            "FC79",
            [
                "C113",
                "C111",
                "C26",
                "C112",
                "C28",
                "C11",
                "C128",
                "C42",
                "C1",
                "C38",
                "C48",
                "C91",
                "C109",
                "C8"
            ]
        ],
        "E80": [
            "FC80",
            [
                "C45",
                "C111",
                "C58",
                "C18",
                "C35",
                "C94",
                "C43",
                "C92",
                "C68",
                "C110",
                "C23"
            ]
        ],
        "E81": [
            "FC81",
            [
                "C113",
                "C120",
                "C95"
            ]
        ],
        "E82": [
            "FC82",
            [
                "C77",
                "C21",
                "C7",
                "C64",
                "C52",
                "C63",
                "C56",
                "C78",
                "C96",
                "C128",
                "C6",
                "C13",
                "C31",
                "C51"
            ]
        ],
        "E83": [
            "FC83",
            [
                "C113",
                "C128",
                "C2",
                "C103",
                "C74",
                "C73",
                "C8"
            ]
        ],
        "E84": [
            "FC84",
            [
                "C45",
                "C67",
                "C54",
                "C78",
                "C62",
                "C101",
                "C36"
            ]
        ],
        "E85": [
            "FC85",
            [
                "C113",
                "C118",
                "C32",
                "C5"
            ]
        ],
        "E86": [
            "FC86",
            [
                "C45",
                "C81",
                "C57",
                "C114",
                "C124",
                "C83",
                "C119",
                "C15",
                "C50",
                "C51"
            ]
        ],
        "E87": [
            "FC87",
            [
                "C113",
                "C54",
                "C17",
                "C22",
                "C7",
                "C100",
                "C36",
                "C60",
                "C23",
                "C78"
            ]
        ],
        "E88": [
            "FC88",
            [
                "C77",
                "C99",
                "C3",
                "C81",
                "C90"
            ]
        ],
        "E89": [
            "FC89",
            [
                "C113",
                "C21",
                "C78",
                "C64",
                "C52",
                "C33",
                "C128",
                "C70"
            ]
        ],
        "E90": [
            "FC90",
            [
                "C45",
                "C58",
                "C82",
                "C14",
                "C102",
                "C15",
                "C64",
                "C27",
                "C21",
                "C128",
                "C55"
            ]
        ],
        "E91": [
            "FC91",
            [
                "C77",
                "C26",
                "C106",
                "C36",
                "C17",
                "C15",
                "C100",
                "C80",
                "C32",
                "C120",
                "C127"
            ]
        ],
        "E92": [
            "FC92",
            [
                "C77",
                "C102",
                "C35",
                "C24",
                "C38",
                "C101",
                "C56",
                "C32",
                "C65",
                "C28",
                "C123",
                "C59",
                "C118"
            ]
        ],
        "E93": [
            "FC93",
            [
                "C77",
                "C58",
                "C102",
                "C55",
                "C71",
                "C45",
                "C25"
            ]
        ],
        "E94": [
            "FC94",
            [
                "C67",
                "C58",
                "C108",
                "C90",
                "C54",
                "C55"
            ]
        ],
        "E95": [
            "FC95",
            [
                "C113",
                "C26",
                "C103",
                "C64",
                "C35",
                "C53",
                "C48",
                "C125",
                "C87",
                "C102",
                "C83",
                "C109",
                "C32"
            ]
        ],
        "E96": [
            "FC96",
            [
                "C45",
                "C26",
                "C66",
                "C78"
            ]
        ],
        "E97": [
            "FC97",
            [
                "C113",
                "C58",
                "C26",
                "C38",
                "C110",
                "C37",
                "C25",
                "C32",
                "C79",
                "C95",
                "C104",
                "C13",
                "C74",
                "C82"
            ]
        ],
        "E98": [
            "FC98",
            [
                "C45",
                "C21",
                "C92",
                "C88",
                "C102",
                "C15",
                "C20",
                "C94",
                "C127",
                "C40",
                "C10",
                "C46",
                "C56",
                "C68"
            ]
        ],
        "E99": [
            "FC99",
            [
                "C77",
                "C67",
                "C71",
                "C17",
                "C48",
                "C79",
                "C51",
                "C108",
                "C73",
                "C47",
                "C44",
                "C69",
                "C46"
            ]
        ],
        "E100": [
            "FC100",
            [
                "C113",
                "C81",
                "C84",
                "C117",
                "C116",
                "C33",
                "C28",
                "C106",
                "C76",
                "C7"
            ]
        ],
        "E101": [
            "FC101",
            [
                "C45",
                "C67",
                "C76",
                "C15",
                "C71",
                "C38",
                "C106",
                "C94",
                "C58",
                "C120",
                "C3",
                "C32"
            ]
        ],
        "E102": [
            "FC102",
            [
                "C77",
                "C26",
                "C58",
                "C64",
                "C42",
                "C39",
                "C111",
                "C61",
                "C32",
                "C59",
                "C76"
            ]
        ],
        "E103": [
            "FC103",
            [
                "C67",
                "C104",
                "C45",
                "C30",
                "C123",
                "C79",
                "C88",
                "C125",
                "C10",
                "C87",
                "C53",
                "C28"
            ]
        ],
        "E104": [
            "FC104",
            [
                "C113",
                "C109",
                "C81",
                "C78",
                "C29",
                "C102"
            ]
        ],
        "E105": [
            "FC105",
            [
                "C45",
                "C61",
                "C108",
                "C51"
            ]
        ],
        "E106": [
            "FC106",
            [
                "C113",
                "C118",
                "C61",
                "C122",
                "C39",
                "C99",
                "C67",
                "C94",
                "C26"
            ]
        ],
        "E107": [
            "FC107",
            [
                "C45",
                "C26",
                "C92",
                "C93",
                "C6"
            ]
        ],
        "E108": [
            "FC108",
            [
                "C113",
                "C76",
                "C46",
                "C69",
                "C45",
                "C128",
                "C8"
            ]
        ],
        "E109": [
            "FC109",
            [
                "C77",
                "C118",
                "C70",
                "C68",
                "C50",
                "C12",
                "C38",
                "C4",
                "C85",
                "C101",
                "C96",
                "C32"
            ]
        ],
        "E110": [
            "FC110",
            [
                "C77",
                "C58",
                "C18",
                "C108",
                "C80",
                "C4",
                "C116",
                "C40",
                "C53",
                "C6",
                "C23"
            ]
        ],
        "E111": [
            "FC111",
            [
                "C67",
                "C58",
                "C6",
                "C101"
            ]
        ],
        "E112": [
            "FC112",
            [
                "C113",
                "C67",
                "C30",
                "C9",
                "C35",
                "C61",
                "C110",
                "C92",
                "C39",
                "C83",
                "C50"
            ]
        ],
        "E113": [
            "FC113",
            [
                "C45",
                "C21",
                "C51",
                "C49",
                "C15",
                "C93",
                "C114",
                "C78",
                "C23",
                "C97",
                "C6",
                "C42",
                "C120"
            ]
        ],
        "E114": [
            "FC114",
            [
                "C113",
                "C14",
                "C108",
                "C59",
                "C58",
                "C22"
            ]
        ],
        "E115": [
            "FC115",
            [
                "C45",
                "C77",
                "C43",
                "C70",
                "C36",
                "C11",
                "C14"
            ]
        ],
        "E116": [
            "FC116",
            [
                "C113",
                "C126",
                "C71",
                "C46",
                "C8",
                "C83",
                "C120"
            ]
        ],
        "E117": [
            "FC117",
            [
                "C77",
                "C21",
                "C7",
                "C126",
                "C117",
                "C69",
                "C12",
                "C97",
                "C3",
                "C118",
                "C61",
                "C120",
                "C100"
            ]
        ],
        "E118": [
            "FC118",
            [
                "C113",
                "C58",
                "C85",
                "C78",
                "C0",
                "C9",
                "C25",
                "C70",
                "C122",
                "C34",
                "C19"
            ]
        ],
        "E119": [
            "FC119",
            [
                "C45",
                "C76",
                "C24",
                "C12"
            ]
        ],
        "E120": [
            "FC120",
            [
                "C113",
                "C119",
                "C15",
                "C25",
                "C63",
                "C90",
                "C69"
            ]
        ],
        "E121": [
            "FC121",
            [
                "C45",
                "C114",
                "C10",
                "C86",
                "C5",
                "C77",
                "C36",
                "C109"
            ]
        ],
        "E122": [
            "FC122",
            [
                "C113",
                "C103"
            ]
        ],
        "E123": [
            "FC123",
            [
                "C77",
                "C76",
                "C13",
                "C93",
                "C120",
                "C113",
                "C47",
                "C64",
                "C27"
            ]
        ],
        "E124": [
            "FC124",
            [
                "C77",
                "C64",
                "C14",
                "C119",
                "C101",
                "C66",
                "C113"
            ]
        ],
        "E125": [
            "FC125",
            [
                "C113",
                "C51",
                "C25"
            ]
        ],
        "E126": [
            "FC126",
            [
                "C77",
                "C42",
                "C40"
            ]
        ],
        "E127": [
            "FC127",
            [
                "C77",
                "C74",
                "C4",
                "C83",
                "C62",
                "C93",
                "C116",
                "C50",
                "C24",
                "C97"
            ]
        ],
        "E128": [
            "FC128",
            [
                "C113",
                "C87",
                "C76",
                "C80",
                "C54",
                "C84",
                "C11",
                "C8",
                "C6",
                "C31"
            ]
        ],
        "E129": [
            "FC129",
            [
                "C45",
                "C92",
                "C76",
                "C40",
                "C43"
            ]
        ],
        "E130": [
            "FC130",
            [
                "C77",
                "C108",
                "C43"
            ]
        ],
        "E131": [
            "FC131",
            [
                "C55",
                "C42"
            ]
        ],
        "E132": [
            "FC132",
            [
                "C72",
                "C36",
                "C45",
                "C53",
                "C125",
                "C80",
                "C1"
            ]
        ],
        "E133": [
            "FC133",
            [
                "C78",
                "C46",
                "C23",
                "C27",
                "C61",
                "C118",
                "C0",
                "C34",
                "C120",
                "C65"
            ]
        ],
        "E134": [
            "FC134",
            [
                "C101",
                "C115",
                "C56",
                "C30",
                "C85",
                "C92",
                "C111",
                "C66"
            ]
        ],
        "E135": [
            "FC135",
            [
                "C121",
                "C21",
                "C56",
                "C123",
                "C114",
                "C112"
            ]
        ]
    },
    "sim_accuracies": {
        "C0": [
            "0.9828314172141823",
            "False"
        ],
        "C1": [
            "0.9785079777230012",
            "False"
        ],
        "C2": [
            "0.9719338661396852",
            "False"
        ],
        "C3": [
            "0.9802423809885681",
            "False"
        ],
        "C4": [
            "0.976480830550422",
            "False"
        ],
        "C5": [
            "0.9781244387217436",
            "False"
        ],
        "C6": [
            "0.9576365568822319",
            "False"
        ],
        "C7": [
            "0.9612073844283794",
            "False"
        ],
        "C8": [
            "0.9800801312078541",
            "False"
        ],
        "C9": [
            "0.957843872801943",
            "False"
        ],
        "C10": [
            "0.9500525388377364",
            "False"
        ],
        "C11": [
            "0.9611311045601901",
            "False"
        ],
        "C12": [
            "0.9560368658421707",
            "False"
        ],
        "C13": [
            "0.9606815510249943",
            "False"
        ],
        "C14": [
            "0.987051201237816",
            "True"
        ],
        "C15": [
            "0.9503772639631692",
            "False"
        ],
        "C16": [
            "0.9753225380758185",
            "False"
        ],
        "C17": [
            "0.9572642436341283",
            "False"
        ],
        "C18": [
            "0.9533073050797136",
            "False"
        ],
        "C19": [
            "0.9534479543629343",
            "False"
        ],
        "C20": [
            "0.9845236405516639",
            "False"
        ],
        "C21": [
            "0.9878795836684946",
            "True"
        ],
        "C22": [
            "0.9859324603264517",
            "False"
        ],
        "C23": [
            "0.9875473551214253",
            "False"
        ],
        "C24": [
            "0.9563674475727217",
            "False"
        ],
        "C25": [
            "0.9535058295963613",
            "False"
        ],
        "C26": [
            "0.9697762156014303",
            "True"
        ],
        "C27": [
            "0.9589535375506263",
            "False"
        ],
        "C28": [
            "0.970249669227557",
            "False"
        ],
        "C29": [
            "0.9760294021773552",
            "False"
        ],
        "C30": [
            "0.9559886555673301",
            "False"
        ],
        "C31": [
            "0.959892353087399",
            "False"
        ],
        "C32": [
            "0.9696903021170776",
            "True"
        ],
        "C33": [
            "0.9591701238467798",
            "False"
        ],
        "C34": [
            "0.9663569361045536",
            "False"
        ],
        "C35": [
            "0.9564358337435702",
            "False"
        ],
        "C36": [
            "0.9703979213367493",
            "False"
        ],
        "C37": [
            "0.9707597351015245",
            "False"
        ],
        "C38": [
            "0.9758324553037528",
            "False"
        ],
        "C39": [
            "0.989338697728098",
            "False"
        ],
        "C40": [
            "0.9829067294045957",
            "False"
        ],
        "C41": [
            "0.9709736131765139",
            "False"
        ],
        "C42": [
            "0.9516796492242163",
            "False"
        ],
        "C43": [
            "0.955055139470037",
            "False"
        ],
        "C44": [
            "0.9795556773115203",
            "False"
        ],
        "C45": [
            "0.9793748389532729",
            "True"
        ],
        "C46": [
            "0.9539451475952153",
            "False"
        ],
        "C47": [
            "0.9708773956826219",
            "True"
        ],
        "C48": [
            "0.9754161231058013",
            "False"
        ],
        "C49": [
            "0.9778370430083566",
            "False"
        ],
        "C50": [
            "0.9512659719348872",
            "True"
        ],
        "C51": [
            "0.9566015154266297",
            "False"
        ],
        "C52": [
            "0.9734300709096956",
            "False"
        ],
        "C53": [
            "0.9671862472266469",
            "False"
        ],
        "C54": [
            "0.9599509382301341",
            "False"
        ],
        "C55": [
            "0.9608081867869375",
            "True"
        ],
        "C56": [
            "0.9506304260771774",
            "False"
        ],
        "C57": [
            "0.9745935459329683",
            "False"
        ],
        "C58": [
            "0.9510389847541564",
            "True"
        ],
        "C59": [
            "0.974585642085694",
            "False"
        ],
        "C60": [
            "0.981229652208671",
            "False"
        ],
        "C61": [
            "0.9613178032324082",
            "False"
        ],
        "C62": [
            "0.9887307798224274",
            "False"
        ],
        "C63": [
            "0.9890013867627434",
            "False"
        ],
        "C64": [
            "0.9893493017652292",
            "False"
        ],
        "C65": [
            "0.9787946792804573",
            "False"
        ],
        "C66": [
            "0.9565044537042056",
            "False"
        ],
        "C67": [
            "0.9695251076199548",
            "True"
        ],
        "C68": [
            "0.9863752521136249",
            "False"
        ],
        "C69": [
            "0.9648930901868693",
            "True"
        ],
        "C70": [
            "0.9790421105117054",
            "False"
        ],
        "C71": [
            "0.9820689581864827",
            "False"
        ],
        "C72": [
            "0.9764610640580619",
            "True"
        ],
        "C73": [
            "0.9859670936968866",
            "False"
        ],
        "C74": [
            "0.9564243944181385",
            "False"
        ],
        "C75": [
            "0.9581130721183011",
            "False"
        ],
        "C76": [
            "0.965955032457465",
            "True"
        ],
        "C77": [
            "0.9819052036101266",
            "True"
        ],
        "C78": [
            "0.9775308725648393",
            "True"
        ],
        "C79": [
            "0.959613205545541",
            "False"
        ],
        "C80": [
            "0.966314582954011",
            "False"
        ],
        "C81": [
            "0.961968234030313",
            "True"
        ],
        "C82": [
            "0.9579012131110718",
            "False"
        ],
        "C83": [
            "0.9659616932856427",
            "False"
        ],
        "C84": [
            "0.9597705733362716",
            "False"
        ],
        "C85": [
            "0.9781686926208769",
            "False"
        ],
        "C86": [
            "0.9506905148589098",
            "True"
        ],
        "C87": [
            "0.9739950110470639",
            "False"
        ],
        "C88": [
            "0.9778658571193564",
            "False"
        ],
        "C89": [
            "0.952890730980784",
            "False"
        ],
        "C90": [
            "0.9712761490380794",
            "False"
        ],
        "C91": [
            "0.9508820071640404",
            "False"
        ],
        "C92": [
            "0.9889834254125575",
            "False"
        ],
        "C93": [
            "0.9843983834069415",
            "False"
        ],
        "C94": [
            "0.9864768247411824",
            "False"
        ],
        "C95": [
            "0.9745175440579787",
            "False"
        ],
        "C96": [
            "0.9880755509140898",
            "False"
        ],
        "C97": [
            "0.9812081853122522",
            "False"
        ],
        "C98": [
            "0.969264395823411",
            "False"
        ],
        "C99": [
            "0.9726981402203109",
            "False"
        ],
        "C100": [
            "0.9816366833273962",
            "False"
        ],
        "C101": [
            "0.9838726306241439",
            "True"
        ],
        "C102": [
            "0.9581296451948423",
            "True"
        ],
        "C103": [
            "0.9636833902266128",
            "False"
        ],
        "C104": [
            "0.9805315835548735",
            "False"
        ],
        "C105": [
            "0.9742546363175819",
            "False"
        ],
        "C106": [
            "0.9541613773104206",
            "False"
        ],
        "C107": [
            "0.9561396014425539",
            "False"
        ],
        "C108": [
            "0.9882701107915691",
            "False"
        ],
        "C109": [
            "0.9610024458854439",
            "False"
        ],
        "C110": [
            "0.9537987125489814",
            "False"
        ],
        "C111": [
            "0.9768233903598669",
            "True"
        ],
        "C112": [
            "0.9870120558206723",
            "False"
        ],
        "C113": [
            "0.9811738579349295",
            "True"
        ],
        "C114": [
            "0.9821599224782355",
            "False"
        ],
        "C115": [
            "0.9632591335325715",
            "False"
        ],
        "C116": [
            "0.9504307598016173",
            "True"
        ],
        "C117": [
            "0.9833030971215366",
            "False"
        ],
        "C118": [
            "0.9765459691713737",
            "True"
        ],
        "C119": [
            "0.9850681937863126",
            "False"
        ],
        "C120": [
            "0.95943136161084",
            "False"
        ],
        "C121": [
            "0.951811488793474",
            "True"
        ],
        "C122": [
            "0.9828070504340394",
            "False"
        ],
        "C123": [
            "0.9736389881738703",
            "False"
        ],
        "C124": [
            "0.9754371992052061",
            "False"
        ],
        "C125": [
            "0.9630797329929823",
            "False"
        ],
        "C126": [
            "0.9610027510830886",
            "False"
        ],
        "C127": [
            "0.9559975281931865",
            "True"
        ],
        "C128": [
            "0.9870588087210503",
            "True"
        ]
    }
}