{
    "suspect_components": {
        "C0": [
            false,
            [
                "C109",
                "C84",
                "C26",
                "C46",
                "C62",
                "C64",
                "C65",
                "C55",
                "C1",
                "C118"
            ]
        ],
        "C1": [
            false,
            [
                "C79",
                "C84",
                "C116",
                "C128",
                "C67",
                "C64",
                "C15",
                "C43",
                "C59",
                "C14"
            ]
        ],
        "C2": [
            false,
            [
                "C121",
                "C29",
                "C79",
                "C98",
                "C84",
                "C8",
                "C38"
            ]
        ],
        "C3": [
            true,
            [
                "C108",
                "C19",
                "C63",
                "C113",
                "C104",
                "C17",
                "C8",
                "C18"
            ]
        ],
        "C4": [
            false,
            [
                "C24",
                "C56",
                "C121",
                "C14",
                "C28",
                "C11",
                "C72",
                "C117",
                "C0",
                "C68",
                "C70",
                "C64"
            ]
        ],
        "C5": [
            false,
            [
                "C80",
                "C58",
                "C34",
                "C89"
            ]
        ],
        "C6": [
            true,
            [
                "C120",
                "C34",
                "C22",
                "C16",
                "C84",
                "C19"
            ]
        ],
        "C7": [
            false,
            [
                "C1"
            ]
        ],
        "C8": [
            false,
            [
                "C69",
                "C92",
                "C33",
                "C102",
                "C90",
                "C18",
                "C104",
                "C87",
                "C91"
            ]
        ],
        "C9": [
            false,
            [
                "C76"
            ]
        ],
        "C10": [
            true,
            [
                "C111",
                "C44",
                "C2",
                "C0",
                "C1",
                "C120",
                "C107",
                "C76",
                "C27",
                "C78",
                "C61",
                "C117"
            ]
        ],
        "C11": [
            false,
            [
                "C42",
                "C40",
                "C45",
                "C94",
                "C83",
                "C109",
                "C48"
            ]
        ],
        "C12": [
            false,
            [
                "C71"
            ]
        ],
        "C13": [
            false,
            [
                "C59",
                "C90",
                "C73",
                "C18",
                "C11",
                "C126",
                "C51",
                "C36",
                "C118"
            ]
        ],
        "C14": [
            false,
            [
                "C18",
                "C10",
                "C60",
                "C114",
                "C120",
                "C115"
            ]
        ],
        "C15": [
            false,
            [
                "C22",
                "C24",
                "C2"
            ]
        ],
        "C16": [
            false,
            [
                "C43",
                "C81",
                "C49",
                "C116",
                "C56",
                "C53",
                "C84",
                "C80",
                "C29",
                "C88",
                "C17",
                "C75"
            ]
        ],
        "C17": [
            false,
            [
                "C70",
                "C10",
                "C5",
                "C126",
                "C67",
                "C110",
                "C121",
                "C34",
                "C58"
            ]
        ],
        "C18": [
            false,
            [
                "C117",
                "C20",
                "C26",
                "C36",
                "C24",
                "C12",
                "C112",
                "C96",
                "C8"
            ]
        ],
        "C19": [
            false,
            [
                "C93",
                "C81",
                "C118",
                "C11",
                "C64"
            ]
        ],
        "C20": [
            false,
            [
                "C94",
                "C57"
            ]
        ],
        "C21": [
            false,
            [
                "C112",
                "C119",
                "C104",
                "C122",
                "C63",
                "C33",
                "C95",
                "C69",
                "C100",
                "C97",
                "C7"
            ]
        ],
        "C22": [
            false,
            [
                "C1",
                "C45",
                "C120",
                "C54",
                "C126",
                "C32",
                "C53"
            ]
        ],
        "C23": [
            false,
            [
                "C7",
                "C92",
                "C116",
                "C29",
                "C39",
                "C103",
                "C111",
                "C46"
            ]
        ],
        "C24": [
            false,
            [
                "C98",
                "C46",
                "C122",
                "C58",
                "C67",
                "C43",
                "C15",
                "C101",
                "C83"
            ]
        ],
        "C25": [
            false,
            [
                "C74",
                "C100",
                "C0",
                "C103",
                "C84",
                "C61",
                "C37",
                "C18",
                "C19",
                "C58",
                "C48"
            ]
        ],
        "C26": [
            false,
            [
                "C8",
                "C71",
                "C76",
                "C32",
                "C24",
                "C122",
                "C83",
                "C53",
                "C88",
                "C106",
                "C64"
            ]
        ],
        "C27": [
            true,
            [
                "C3",
                "C72",
                "C79",
                "C106",
                "C43"
            ]
        ],
        "C28": [
            false,
            [
                "C6",
                "C79",
                "C74",
                "C24"
            ]
        ],
        "C29": [
            false,
            [
                "C55",
                "C23",
                "C108",
                "C98",
                "C73",
                "C24"
            ]
        ],
        "C30": [
            false,
            [
                "C14",
                "C13",
                "C15",
                "C56",
                "C112",
                "C4",
                "C65"
            ]
        ],
        "C31": [
            false,
            [
                "C68",
                "C32",
                "C29",
                "C33",
                "C10",
                "C108",
                "C101"
            ]
        ],
        "C32": [
            false,
            []
        ],
        "C33": [
            false,
            [
                "C128",
                "C6",
                "C83",
                "C107",
                "C1"
            ]
        ],
        "C34": [
            true,
            [
                "C33",
                "C24",
                "C127",
                "C13",
                "C128",
                "C2",
                "C112",
                "C36",
                "C70",
                "C38",
                "C15",
                "C122"
            ]
        ],
        "C35": [
            true,
            [
                "C60",
                "C4",
                "C113",
                "C118",
                "C37"
            ]
        ],
        "C36": [
            false,
            [
                "C97",
                "C108"
            ]
        ],
        "C37": [
            false,
            [
                "C100",
                "C113",
                "C57",
                "C71",
                "C80",
                "C111",
                "C15",
                "C22",
                "C83",
                "C9",
                "C11",
                "C95"
            ]
        ],
        "C38": [
            false,
            [
                "C82",
                "C69",
                "C17",
                "C74",
                "C99",
                "C89",
                "C111",
                "C127",
                "C43",
                "C28",
                "C36",
                "C112"
            ]
        ],
        "C39": [
            false,
            [
                "C81"
            ]
        ],
        "C40": [
            false,
            [
                "C103",
                "C23"
            ]
        ],
        "C41": [
            true,
            [
                "C31",
                "C107",
                "C120",
                "C15",
                "C110",
                "C61",
                "C121"
            ]
        ],
        "C42": [
            false,
            [
                "C6",
                "C17"
            ]
        ],
        "C43": [
            false,
            [
                "C111",
                "C65",
                "C80",
                "C66",
                "C118",
                "C20",
                "C63",
                "C56",
                "C34",
                "C83",
                "C23",
                "C104"
            ]
        ],
        "C44": [
            false,
            [
                "C64",
                "C23",
                "C58"
            ]
        ],
        "C45": [
            false,
            []
        ],
        "C46": [
            false,
            []
        ],
        "C47": [
            true,
            [
                "C61",
                "C98",
                "C36",
                "C95"
            ]
        ],
        "C48": [
            false,
            [
                "C100",
                "C29",
                "C85",
                "C62",
                "C61",
                "C1",
                "C87",
                "C20",
                "C127",
                "C97"
            ]
        ],
        "C49": [
            false,
            [
                "C72",
                "C0"
            ]
        ],
        "C50": [
            false,
            [
                "C109",
                "C96",
                "C23",
                "C7"
            ]
        ],
        "C51": [
            true,
            [
                "C8"
            ]
        ],
        "C52": [
            true,
            [
                "C16",
                "C88",
                "C17",
                "C96",
                "C23",
                "C51"
            ]
        ],
        "C53": [
            false,
            [
                "C38",
                "C110",
                "C83",
                "C49",
                "C109",
                "C98",
                "C28",
                "C76",
                "C91",
                "C4",
                "C19"
            ]
        ],
        "C54": [
            false,
            [
                "C18",
                "C122",
                "C92",
                "C14",
                "C58",
                "C118",
                "C77",
                "C51"
            ]
        ],
        "C55": [
            false,
            [
                "C19",
                "C45",
                "C86",
                "C16",
                "C72",
                "C42"
            ]
        ],
        "C56": [
            true,
            [
                "C99",
                "C24",
                "C20",
                "C33",
                "C79",
                "C16",
                "C83",
                "C40",
                "C17",
                "C39",
                "C61",
                "C54"
            ]
        ],
        "C57": [
            false,
            [
                "C116",
                "C52",
                "C4",
                "C11",
                "C98",
                "C9",
                "C60",
                "C40"
            ]
        ],
        "C58": [
            false,
            [
                "C113",
                "C91",
                "C118",
                "C119",
                "C94",
                "C111",
                "C75",
                "C26",
                "C5",
                "C78",
                "C35",
                "C8"
            ]
        ],
        "C59": [
            false,
            [
                "C32",
                "C86",
                "C69",
                "C1",
                "C49",
                "C126",
                "C98"
            ]
        ],
        "C60": [
            false,
            [
                "C76",
                "C20",
                "C49",
                "C5"
            ]
        ],
        "C61": [
            false,
            [
                "C65",
                "C81",
                "C92",
                "C39",
                "C34",
                "C95",
                "C82",
                "C74",
                "C32"
            ]
        ],
        "C62": [
            true,
            [
                "C87",
                "C18"
            ]
        ],
        "C63": [
            false,
            [
                "C23",
                "C60",
                "C100",
                "C51"
            ]
        ],
        "C64": [
            false,
            [
                "C89",
                "C80"
            ]
        ],
        "C65": [
            true,
            [
                "C110",
                "C27",
                "C60",
                "C54",
                "C48",
                "C2",
                "C89",
                "C109"
            ]
        ],
        "C66": [
            false,
            [
                "C58"
            ]
        ],
        "C67": [
            false,
            [
                "C19"
            ]
        ],
        "C68": [
            false,
            [
                "C62"
            ]
        ],
        "C69": [
            false,
            [
                "C35",
                "C52",
                "C107",
                "C120",
                "C13",
                "C46",
                "C31"
            ]
        ],
        "C70": [
            false,
            [
                "C94",
                "C45",
                "C38"
            ]
        ],
        "C71": [
            false,
            [
                "C30"
            ]
        ],
        "C72": [
            true,
            [
                "C26"
            ]
        ],
        "C73": [
            false,
            [
                "C7",
                "C55",
                "C12",
                "C123",
                "C54",
                "C56",
                "C52",
                "C11"
            ]
        ],
        "C74": [
            false,
            [
                "C16",
                "C48",
                "C21",
                "C108",
                "C5",
                "C41",
                "C4",
                "C39",
                "C104"
            ]
        ],
        "C75": [
            false,
            [
                "C30",
                "C68",
                "C60",
                "C52",
                "C81",
                "C107",
                "C45",
                "C63",
                "C94",
                "C2"
            ]
        ],
        "C76": [
            false,
            [
                "C115",
                "C124",
                "C111",
                "C128",
                "C9"
            ]
        ],
        "C77": [
            true,
            [
                "C104",
                "C126",
                "C13",
                "C45",
                "C71",
                "C72",
                "C107"
            ]
        ],
        "C78": [
            true,
            [
                "C69",
                "C40",
                "C51",
                "C88"
            ]
        ],
        "C79": [
            true,
            [
                "C97",
                "C69",
                "C7",
                "C47",
                "C120",
                "C37",
                "C10",
                "C124",
                "C95"
            ]
        ],
        "C80": [
            true,
            [
                "C37",
                "C39",
                "C67",
                "C9"
            ]
        ],
        "C81": [
            false,
            [
                "C77"
            ]
        ],
        "C82": [
            true,
            [
                "C99",
                "C53",
                "C102",
                "C48",
                "C27",
                "C85",
                "C100"
            ]
        ],
        "C83": [
            false,
            [
                "C96",
                "C106",
                "C27",
                "C69",
                "C13"
            ]
        ],
        "C84": [
            false,
            [
                "C63",
                "C69",
                "C64",
                "C87",
                "C70",
                "C83",
                "C61",
                "C107",
                "C116",
                "C48",
                "C44",
                "C106"
            ]
        ],
        "C85": [
            false,
            [
                "C55",
                "C66",
                "C88"
            ]
        ],
        "C86": [
            false,
            [
                "C113",
                "C14",
                "C18",
                "C121",
                "C91",
                "C96",
                "C104",
                "C22",
                "C74",
                "C78"
            ]
        ],
        "C87": [
            false,
            [
                "C108",
                "C99",
                "C95",
                "C68",
                "C15",
                "C89",
                "C120",
                "C31",
                "C12",
                "C123"
            ]
        ],
        "C88": [
            false,
            []
        ],
        "C89": [
            false,
            [
                "C29",
                "C24",
                "C65",
                "C3",
                "C45",
                "C42"
            ]
        ],
        "C90": [
            false,
            [
                "C54",
                "C86",
                "C106",
                "C2",
                "C96",
                "C89",
                "C85",
                "C44",
                "C45",
                "C92"
            ]
        ],
        "C91": [
            true,
            []
        ],
        "C92": [
            false,
            [
                "C77",
                "C73",
                "C54",
                "C111",
                "C4",
                "C69",
                "C101",
                "C16",
                "C27"
            ]
        ],
        "C93": [
            false,
            [
                "C72",
                "C82",
                "C112",
                "C80",
                "C103",
                "C33",
                "C110"
            ]
        ],
        "C94": [
            false,
            [
                "C54",
                "C111",
                "C3",
                "C9",
                "C121",
                "C59",
                "C12",
                "C56",
                "C108",
                "C90"
            ]
        ],
        "C95": [
            false,
            [
                "C8",
                "C119",
                "C70",
                "C108",
                "C112",
                "C64",
                "C55",
                "C49",
                "C76"
            ]
        ],
        "C96": [
            true,
            []
        ],
        "C97": [
            false,
            [
                "C116",
                "C13",
                "C82",
                "C86",
                "C7",
                "C28",
                "C51",
                "C52",
                "C49"
            ]
        ],
        "C98": [
            false,
            [
                "C74",
                "C58",
                "C22",
                "C120",
                "C34",
                "C124",
                "C73",
                "C108",
                "C57",
                "C24",
                "C128",
                "C91"
            ]
        ],
        "C99": [
            false,
            [
                "C65",
                "C5",
                "C37"
            ]
        ],
        "C100": [
            false,
            [
                "C31",
                "C12",
                "C84",
                "C81",
                "C38",
                "C97"
            ]
        ],
        "C101": [
            false,
            [
                "C43",
                "C53",
                "C21"
            ]
        ],
        "C102": [
            false,
            []
        ],
        "C103": [
            false,
            [
                "C86",
                "C120",
                "C121",
                "C72",
                "C107",
                "C36",
                "C8"
            ]
        ],
        "C104": [
            true,
            [
                "C74",
                "C34",
                "C4",
                "C22",
                "C23"
            ]
        ],
        "C105": [
            false,
            [
                "C107",
                "C100",
                "C44",
                "C120",
                "C42",
                "C102",
                "C58",
                "C77"
            ]
        ],
        "C106": [
            false,
            []
        ],
        "C107": [
            false,
            [
                "C23"
            ]
        ],
        "C108": [
            true,
            [
                "C112",
                "C65",
                "C27",
                "C19"
            ]
        ],
        "C109": [
            false,
            [
                "C32",
                "C118",
                "C20",
                "C91",
                "C26",
                "C49",
                "C28",
                "C69"
            ]
        ],
        "C110": [
            false,
            [
                "C43",
                "C35",
                "C119",
                "C106",
                "C56",
                "C69",
                "C53",
                "C67"
            ]
        ],
        "C111": [
            false,
            [
                "C59",
                "C95",
                "C114",
                "C26",
                "C102",
                "C50"
            ]
        ],
        "C112": [
            false,
            [
                "C71",
                "C120",
                "C59",
                "C119",
                "C73"
            ]
        ],
        "C113": [
            false,
            [
                "C117",
                "C28",
                "C79",
                "C114",
                "C47"
            ]
        ],
        "C114": [
            false,
            [
                "C67",
                "C116",
                "C51",
                "C31",
                "C6",
                "C113",
                "C18"
            ]
        ],
        "C115": [
            false,
            [
                "C63",
                "C48"
            ]
        ],
        "C116": [
            true,
            [
                "C113",
                "C26",
                "C37",
                "C27",
                "C84",
                "C90"
            ]
        ],
        "C117": [
            false,
            [
                "C40",
                "C56",
                "C112",
                "C62"
            ]
        ],
        "C118": [
            true,
            [
                "C115",
                "C5",
                "C69",
                "C26",
                "C64",
                "C86",
                "C105",
                "C21",
                "C55"
            ]
        ],
        "C119": [
            false,
            [
                "C69",
                "C49",
                "C38",
                "C62",
                "C94",
                "C8"
            ]
        ],
        "C120": [
            false,
            [
                "C62",
                "C32",
                "C117",
                "C115",
                "C82",
                "C86"
            ]
        ],
        "C121": [
            false,
            [
                "C128",
                "C73",
                "C9",
                "C3"
            ]
        ],
        "C122": [
            false,
            [
                "C38",
                "C17",
                "C0",
                "C124"
            ]
        ],
        "C123": [
            false,
            [
                "C85",
                "C117",
                "C104",
                "C1",
                "C17",
                "C103",
                "C106",
                "C99",
                "C113"
            ]
        ],
        "C124": [
            false,
            [
                "C52",
                "C47",
                "C126",
                "C49",
                "C99",
                "C8",
                "C10",
                "C46",
                "C4"
            ]
        ],
        "C125": [
            false,
            [
                "C60",
                "C62",
                "C18",
                "C3",
                "C27",
                "C48",
                "C103"
            ]
        ],
        "C126": [
            true,
            [
                "C71",
                "C1"
            ]
        ],
        "C127": [
            false,
            [
                "C48",
                "C20",
                "C85",
                "C38",
                "C96",
                "C66",
                "C101",
                "C123"
            ]
        ],
        "C128": [
            false,
            [
                "C64",
                "C82",
                "C105",
                "C49"
            ]
        ]
    },
    "ground_truth_fault_paths": [
        [
            "C51",
            "C78",
            "C10",
            "C79",
            "C27",
            "C65",
            "C108",
            "C3"
        ],
        [
            "C65",
            "C108",
            "C3",
            "C27",
            "C10",
            "C79",
            "C56"
        ],
        [
            "C34",
            "C104",
            "C3",
            "C27",
            "C10",
            "C79",
            "C56"
        ],
        [
            "C51",
            "C78",
            "C10",
            "C79",
            "C27",
            "C108",
            "C3"
        ],
        [
            "C34",
            "C104",
            "C3",
            "C27",
            "C65",
            "C108"
        ],
        [
            "C47",
            "C79",
            "C27",
            "C65",
            "C108",
            "C3"
        ],
        [
            "C51",
            "C78",
            "C10",
            "C79",
            "C27",
            "C116"
        ],
        [
            "C51",
            "C78",
            "C10",
            "C79",
            "C27",
            "C82"
        ],
        [
            "C65",
            "C108",
            "C3",
            "C27",
            "C116"
        ],
        [
            "C65",
            "C108",
            "C3",
            "C27",
            "C82"
        ],
        [
            "C34",
            "C104",
            "C3",
            "C27",
            "C116"
        ],
        [
            "C34",
            "C104",
            "C3",
            "C27",
            "C108"
        ],
        [
            "C34",
            "C104",
            "C3",
            "C27",
            "C82"
        ],
        [
            "C47",
            "C79",
            "C27",
            "C108",
            "C3"
        ],
        [
            "C51",
            "C78",
            "C10",
            "C79",
            "C56"
        ],
        [
            "C72",
            "C27",
            "C65",
            "C108",
            "C3"
        ],
        [
            "C72",
            "C27",
            "C10",
            "C79",
            "C56"
        ],
        [
            "C47",
            "C79",
            "C27",
            "C116"
        ],
        [
            "C47",
            "C79",
            "C27",
            "C82"
        ],
        [
            "C47",
            "C79",
            "C27",
            "C10"
        ],
        [
            "C72",
            "C27",
            "C108",
            "C3"
        ],
        [
            "C108",
            "C3",
            "C27",
            "C65"
        ],
        [
            "C34",
            "C104",
            "C77"
        ],
        [
            "C47",
            "C79",
            "C56"
        ],
        [
            "C72",
            "C27",
            "C116"
        ],
        [
            "C72",
            "C27",
            "C82"
        ],
        [
            "C34",
            "C6"
        ],
        [
            "C51",
            "C52"
        ],
        [
            "C72",
            "C77"
        ],
        [
            "C126",
            "C77"
        ],
        [
            "C96",
            "C52"
        ],
        [
            "C118",
            "C35"
        ],
        [
            "C41"
        ],
        [
            "C62"
        ],
        [
            "C80"
        ],
        [
            "C91"
        ]
    ],
    "error_codes": {
        "E0": [
            "FC0",
            [
                "C3",
                "C10",
                "C84",
                "C5",
                "C93",
                "C78",
                "C97",
                "C119",
                "C73",
                "C128",
                "C2",
                "C95",
                "C67"
            ]
        ],
        "E1": [
            "FC1",
            [
                "C56",
                "C3",
                "C1",
                "C7",
                "C32"
            ]
        ],
        "E2": [
            "FC2",
            [
                "C56",
                "C10",
                "C79",
                "C57",
                "C77",
                "C115"
            ]
        ],
        "E3": [
            "FC3",
            [
                "C3",
                "C44",
                "C72",
                "C49",
                "C128",
                "C15"
            ]
        ],
        "E4": [
            "FC4",
            [
                "C108",
                "C118",
                "C45",
                "C69",
                "C40"
            ]
        ],
        "E5": [
            "FC5",
            [
                "C3",
                "C108",
                "C27",
                "C103"
            ]
        ],
        "E6": [
            "FC6",
            [
                "C116",
                "C79",
                "C10",
                "C57",
                "C86",
                "C59",
                "C119",
                "C80",
                "C27",
                "C45",
                "C38"
            ]
        ],
        "E7": [
            "FC7",
            [
                "C82",
                "C35",
                "C21",
                "C81",
                "C12",
                "C84",
                "C98",
                "C1",
                "C45"
            ]
        ],
        "E8": [
            "FC8",
            [
                "C116",
                "C68",
                "C126",
                "C9"
            ]
        ],
        "E9": [
            "FC9",
            [
                "C82",
                "C21",
                "C60",
                "C48"
            ]
        ],
        "E10": [
            "FC10",
            [
                "C116",
                "C34",
                "C99"
            ]
        ],
        "E11": [
            "FC11",
            [
                "C108",
                "C34",
                "C104",
                "C71",
                "C37",
                "C59",
                "C92",
                "C83",
                "C93",
                "C10",
                "C112",
                "C48"
            ]
        ],
        "E12": [
            "FC12",
            [
                "C82",
                "C9"
            ]
        ],
        "E13": [
            "FC13",
            [
                "C3",
                "C32",
                "C76",
                "C68",
                "C31",
                "C56",
                "C10",
                "C98",
                "C25",
                "C0",
                "C94",
                "C81"
            ]
        ],
        "E14": [
            "FC14",
            [
                "C56",
                "C51",
                "C31",
                "C48",
                "C104",
                "C65",
                "C0"
            ]
        ],
        "E15": [
            "FC15",
            [
                "C3",
                "C65",
                "C95",
                "C27"
            ]
        ],
        "E16": [
            "FC16",
            [
                "C56",
                "C34",
                "C46",
                "C43",
                "C73",
                "C28",
                "C57",
                "C42",
                "C95",
                "C15"
            ]
        ],
        "E17": [
            "FC17",
            [
                "C116",
                "C32"
            ]
        ],
        "E18": [
            "FC18",
            [
                "C82",
                "C49",
                "C40",
                "C30"
            ]
        ],
        "E19": [
            "FC19",
            [
                "C10",
                "C34",
                "C80",
                "C30",
                "C72",
                "C47",
                "C126",
                "C59",
                "C81",
                "C9",
                "C44"
            ]
        ],
        "E20": [
            "FC20",
            [
                "C3",
                "C68",
                "C21"
            ]
        ],
        "E21": [
            "FC21",
            [
                "C65",
                "C108",
                "C21"
            ]
        ],
        "E22": [
            "FC22",
            [
                "C77",
                "C86",
                "C57",
                "C36",
                "C23",
                "C0",
                "C84",
                "C122",
                "C128",
                "C76",
                "C45"
            ]
        ],
        "E23": [
            "FC23",
            [
                "C56",
                "C22",
                "C75",
                "C63",
                "C82",
                "C30",
                "C77",
                "C31",
                "C119",
                "C124",
                "C104",
                "C61"
            ]
        ],
        "E24": [
            "FC24",
            [
                "C116",
                "C27"
            ]
        ],
        "E25": [
            "FC25",
            [
                "C82",
                "C26",
                "C27",
                "C89",
                "C70",
                "C53",
                "C29",
                "C111",
                "C114",
                "C13",
                "C20"
            ]
        ],
        "E26": [
            "FC26",
            [
                "C6",
                "C74",
                "C28",
                "C0",
                "C77",
                "C35",
                "C7",
                "C104",
                "C67",
                "C89",
                "C97",
                "C37"
            ]
        ],
        "E27": [
            "FC27",
            [
                "C52",
                "C7",
                "C6",
                "C48",
                "C45",
                "C126",
                "C110",
                "C94",
                "C37",
                "C116",
                "C33",
                "C95"
            ]
        ],
        "E28": [
            "FC28",
            [
                "C77",
                "C32",
                "C13",
                "C80",
                "C96",
                "C89",
                "C105",
                "C118",
                "C24",
                "C108",
                "C113",
                "C18"
            ]
        ],
        "E29": [
            "FC29",
            [
                "C77",
                "C118",
                "C79",
                "C69"
            ]
        ],
        "E30": [
            "FC30",
            [
                "C52",
                "C4",
                "C24",
                "C58",
                "C5",
                "C89",
                "C115",
                "C33",
                "C82",
                "C51",
                "C63",
                "C42",
                "C79"
            ]
        ],
        "E31": [
            "FC31",
            [
                "C35",
                "C116",
                "C11",
                "C117",
                "C50",
                "C4",
                "C101",
                "C108",
                "C120",
                "C111",
                "C29",
                "C46"
            ]
        ],
        "E32": [
            "FC32",
            [
                "C41",
                "C34"
            ]
        ],
        "E33": [
            "FC33",
            [
                "C62",
                "C36",
                "C88",
                "C73",
                "C11",
                "C68",
                "C3",
                "C103",
                "C23",
                "C109",
                "C99",
                "C65",
                "C81"
            ]
        ],
        "E34": [
            "FC34",
            [
                "C80",
                "C15",
                "C25",
                "C81",
                "C110",
                "C33",
                "C42",
                "C87",
                "C67",
                "C29",
                "C4",
                "C104"
            ]
        ],
        "E35": [
            "FC35",
            [
                "C91",
                "C74"
            ]
        ]
    },
    "sim_accuracies": {
        "C0": [
            "0.9632930796827803",
            "False"
        ],
        "C1": [
            "0.9757953359927046",
            "False"
        ],
        "C2": [
            "0.9743938486407465",
            "False"
        ],
        "C3": [
            "0.9574332620818845",
            "True"
        ],
        "C4": [
            "0.9675549279300238",
            "False"
        ],
        "C5": [
            "0.9525992751965529",
            "False"
        ],
        "C6": [
            "0.986012743554641",
            "True"
        ],
        "C7": [
            "0.9890387645469885",
            "False"
        ],
        "C8": [
            "0.9636600803326791",
            "False"
        ],
        "C9": [
            "0.9796939886911245",
            "False"
        ],
        "C10": [
            "0.9620445718206685",
            "True"
        ],
        "C11": [
            "0.9810333715263122",
            "False"
        ],
        "C12": [
            "0.9770882323670652",
            "False"
        ],
        "C13": [
            "0.9837368328820877",
            "False"
        ],
        "C14": [
            "0.9558233316485985",
            "False"
        ],
        "C15": [
            "0.9549541485816995",
            "False"
        ],
        "C16": [
            "0.9660084544311148",
            "False"
        ],
        "C17": [
            "0.970529119102724",
            "False"
        ],
        "C18": [
            "0.9625446724365909",
            "False"
        ],
        "C19": [
            "0.9597530520626356",
            "False"
        ],
        "C20": [
            "0.9608247220380484",
            "False"
        ],
        "C21": [
            "0.9899339110730105",
            "False"
        ],
        "C22": [
            "0.959012865183332",
            "False"
        ],
        "C23": [
            "0.9717772410207257",
            "False"
        ],
        "C24": [
            "0.9827260614062496",
            "False"
        ],
        "C25": [
            "0.9508366884623342",
            "False"
        ],
        "C26": [
            "0.975473980646824",
            "False"
        ],
        "C27": [
            "0.9666998575929879",
            "True"
        ],
        "C28": [
            "0.9681482009604814",
            "False"
        ],
        "C29": [
            "0.9703953011786323",
            "False"
        ],
        "C30": [
            "0.9578887963918922",
            "False"
        ],
        "C31": [
            "0.9547152492554153",
            "False"
        ],
        "C32": [
            "0.9892509209251928",
            "False"
        ],
        "C33": [
            "0.9570520442454845",
            "False"
        ],
        "C34": [
            "0.9807499843664471",
            "True"
        ],
        "C35": [
            "0.9519979985068385",
            "True"
        ],
        "C36": [
            "0.9636338075064391",
            "False"
        ],
        "C37": [
            "0.9561100793013831",
            "False"
        ],
        "C38": [
            "0.9757065738329965",
            "False"
        ],
        "C39": [
            "0.9660038349803608",
            "False"
        ],
        "C40": [
            "0.9635208739681128",
            "False"
        ],
        "C41": [
            "0.9709437957435109",
            "True"
        ],
        "C42": [
            "0.9892870289650905",
            "False"
        ],
        "C43": [
            "0.9603287941978731",
            "False"
        ],
        "C44": [
            "0.9520719550075218",
            "False"
        ],
        "C45": [
            "0.9714845182918499",
            "False"
        ],
        "C46": [
            "0.964326295386885",
            "False"
        ],
        "C47": [
            "0.9642583166760886",
            "True"
        ],
        "C48": [
            "0.9746442654175381",
            "False"
        ],
        "C49": [
            "0.9645839280125421",
            "False"
        ],
        "C50": [
            "0.9733571698711441",
            "False"
        ],
        "C51": [
            "0.9688325115283993",
            "True"
        ],
        "C52": [
            "0.9602825432118448",
            "True"
        ],
        "C53": [
            "0.9597478240061578",
            "False"
        ],
        "C54": [
            "0.9742283459814008",
            "False"
        ],
        "C55": [
            "0.9638271736929139",
            "False"
        ],
        "C56": [
            "0.9513894043121017",
            "True"
        ],
        "C57": [
            "0.9895382362233411",
            "False"
        ],
        "C58": [
            "0.9618662991381731",
            "False"
        ],
        "C59": [
            "0.9783087629069648",
            "False"
        ],
        "C60": [
            "0.9767392523993416",
            "False"
        ],
        "C61": [
            "0.9765656910243007",
            "False"
        ],
        "C62": [
            "0.9846741494150261",
            "True"
        ],
        "C63": [
            "0.9781831830685853",
            "False"
        ],
        "C64": [
            "0.9779899467716506",
            "False"
        ],
        "C65": [
            "0.9792798816823288",
            "True"
        ],
        "C66": [
            "0.9817807841718532",
            "False"
        ],
        "C67": [
            "0.9801973693627992",
            "False"
        ],
        "C68": [
            "0.9506997575142849",
            "False"
        ],
        "C69": [
            "0.964881209218508",
            "False"
        ],
        "C70": [
            "0.9628070233360712",
            "False"
        ],
        "C71": [
            "0.9608150428356579",
            "False"
        ],
        "C72": [
            "0.9741036311050842",
            "True"
        ],
        "C73": [
            "0.9573030831677984",
            "False"
        ],
        "C74": [
            "0.9710521180065741",
            "False"
        ],
        "C75": [
            "0.952894313286159",
            "False"
        ],
        "C76": [
            "0.9539159610289925",
            "False"
        ],
        "C77": [
            "0.9681090452935636",
            "True"
        ],
        "C78": [
            "0.9778744353563564",
            "True"
        ],
        "C79": [
            "0.9841364044800083",
            "True"
        ],
        "C80": [
            "0.9871631645831526",
            "True"
        ],
        "C81": [
            "0.9733467734735965",
            "False"
        ],
        "C82": [
            "0.9861475197285068",
            "True"
        ],
        "C83": [
            "0.9863709363732853",
            "False"
        ],
        "C84": [
            "0.9573497589944786",
            "False"
        ],
        "C85": [
            "0.9705463931669568",
            "False"
        ],
        "C86": [
            "0.9556259791922687",
            "False"
        ],
        "C87": [
            "0.9754250474492634",
            "False"
        ],
        "C88": [
            "0.9634021740159986",
            "False"
        ],
        "C89": [
            "0.9700374459893024",
            "False"
        ],
        "C90": [
            "0.9683619382947061",
            "False"
        ],
        "C91": [
            "0.9849276662754738",
            "True"
        ],
        "C92": [
            "0.95621137810895",
            "False"
        ],
        "C93": [
            "0.9880127441769042",
            "False"
        ],
        "C94": [
            "0.9862807258666608",
            "False"
        ],
        "C95": [
            "0.9856055613159127",
            "False"
        ],
        "C96": [
            "0.9830311226587682",
            "True"
        ],
        "C97": [
            "0.9664133571807808",
            "False"
        ],
        "C98": [
            "0.9587820374976135",
            "False"
        ],
        "C99": [
            "0.9840862346524731",
            "False"
        ],
        "C100": [
            "0.9746051024967449",
            "False"
        ],
        "C101": [
            "0.9628308584760361",
            "False"
        ],
        "C102": [
            "0.9758674199405551",
            "False"
        ],
        "C103": [
            "0.9509296997092891",
            "False"
        ],
        "C104": [
            "0.9886265619966513",
            "True"
        ],
        "C105": [
            "0.9848077128243987",
            "False"
        ],
        "C106": [
            "0.9888975651387786",
            "False"
        ],
        "C107": [
            "0.9712584029591853",
            "False"
        ],
        "C108": [
            "0.9769590623318662",
            "True"
        ],
        "C109": [
            "0.9784064129844482",
            "False"
        ],
        "C110": [
            "0.9526859712247822",
            "False"
        ],
        "C111": [
            "0.967370791792046",
            "False"
        ],
        "C112": [
            "0.9718532617548205",
            "False"
        ],
        "C113": [
            "0.983274682810449",
            "False"
        ],
        "C114": [
            "0.9702496620030183",
            "False"
        ],
        "C115": [
            "0.9867247778366488",
            "False"
        ],
        "C116": [
            "0.9505357992641676",
            "True"
        ],
        "C117": [
            "0.9788441607323456",
            "False"
        ],
        "C118": [
            "0.9634570204376666",
            "True"
        ],
        "C119": [
            "0.9834621350657025",
            "False"
        ],
        "C120": [
            "0.9803602084996726",
            "False"
        ],
        "C121": [
            "0.963909591466871",
            "False"
        ],
        "C122": [
            "0.9565660974695396",
            "False"
        ],
        "C123": [
            "0.9548090314480786",
            "False"
        ],
        "C124": [
            "0.9863963858795007",
            "False"
        ],
        "C125": [
            "0.9736428489470014",
            "False"
        ],
        "C126": [
            "0.9850197718388857",
            "True"
        ],
        "C127": [
            "0.965245707082521",
            "False"
        ],
        "C128": [
            "0.959785246248055",
            "False"
        ]
    }
}