{
    "suspect_components": {
        "C0": [
            false,
            [
                "C41",
                "C123",
                "C26",
                "C36"
            ]
        ],
        "C1": [
            true,
            [
                "C72"
            ]
        ],
        "C2": [
            false,
            [
                "C65",
                "C71",
                "C114",
                "C78",
                "C98",
                "C1",
                "C75"
            ]
        ],
        "C3": [
            false,
            [
                "C63",
                "C116"
            ]
        ],
        "C4": [
            false,
            [
                "C123"
            ]
        ],
        "C5": [
            true,
            [
                "C64",
                "C121",
                "C46",
                "C20",
                "C67",
                "C110",
                "C117",
                "C127",
                "C86",
                "C12",
                "C69"
            ]
        ],
        "C6": [
            false,
            [
                "C36",
                "C46",
                "C108",
                "C114",
                "C109"
            ]
        ],
        "C7": [
            false,
            [
                "C128",
                "C116",
                "C118",
                "C120",
                "C84",
                "C75",
                "C71",
                "C66",
                "C115"
            ]
        ],
        "C8": [
            false,
            [
                "C75",
                "C17",
                "C60",
                "C71",
                "C1",
                "C29",
                "C34",
                "C54",
                "C106",
                "C0",
                "C84",
                "C111"
            ]
        ],
        "C9": [
            false,
            [
                "C116",
                "C85"
            ]
        ],
        "C10": [
            false,
            [
                "C16",
                "C53",
                "C64",
                "C96",
                "C63",
                "C6",
                "C28",
                "C39",
                "C71",
                "C73"
            ]
        ],
        "C11": [
            false,
            [
                "C75",
                "C122",
                "C62",
                "C108",
                "C89",
                "C104",
                "C30",
                "C17",
                "C92",
                "C102",
                "C34",
                "C33"
            ]
        ],
        "C12": [
            false,
            [
                "C61",
                "C15",
                "C119",
                "C7",
                "C107",
                "C85",
                "C64",
                "C80",
                "C59",
                "C26",
                "C96"
            ]
        ],
        "C13": [
            false,
            []
        ],
        "C14": [
            false,
            [
                "C33",
                "C115"
            ]
        ],
        "C15": [
            false,
            [
                "C76",
                "C61",
                "C63",
                "C13",
                "C54",
                "C112",
                "C45",
                "C125",
                "C17",
                "C105"
            ]
        ],
        "C16": [
            false,
            [
                "C41",
                "C72",
                "C76",
                "C116",
                "C90",
                "C107",
                "C48",
                "C26",
                "C33",
                "C19"
            ]
        ],
        "C17": [
            true,
            [
                "C3",
                "C125",
                "C47"
            ]
        ],
        "C18": [
            true,
            [
                "C124",
                "C12",
                "C101",
                "C106",
                "C19",
                "C81",
                "C76",
                "C88"
            ]
        ],
        "C19": [
            true,
            [
                "C84",
                "C102",
                "C96",
                "C59",
                "C90",
                "C110",
                "C83",
                "C75",
                "C20"
            ]
        ],
        "C20": [
            false,
            [
                "C7",
                "C42",
                "C45",
                "C86",
                "C35",
                "C19",
                "C43",
                "C97"
            ]
        ],
        "C21": [
            false,
            [
                "C10",
                "C80",
                "C69",
                "C99",
                "C79",
                "C44"
            ]
        ],
        "C22": [
            false,
            [
                "C128",
                "C40",
                "C73",
                "C114",
                "C9",
                "C84",
                "C39",
                "C11"
            ]
        ],
        "C23": [
            false,
            [
                "C20",
                "C56",
                "C42"
            ]
        ],
        "C24": [
            false,
            [
                "C117",
                "C23",
                "C42",
                "C53",
                "C40",
                "C4",
                "C110",
                "C97",
                "C111"
            ]
        ],
        "C25": [
            false,
            [
                "C32",
                "C113",
                "C123",
                "C99"
            ]
        ],
        "C26": [
            false,
            [
                "C109",
                "C86"
            ]
        ],
        "C27": [
            false,
            [
                "C120",
                "C36"
            ]
        ],
        "C28": [
            false,
            [
                "C118",
                "C96",
                "C7",
                "C62",
                "C38",
                "C1",
                "C123",
                "C114"
            ]
        ],
        "C29": [
            false,
            [
                "C57",
                "C68",
                "C112",
                "C20",
                "C1",
                "C104",
                "C46",
                "C58"
            ]
        ],
        "C30": [
            false,
            [
                "C68",
                "C88",
                "C94"
            ]
        ],
        "C31": [
            false,
            [
                "C62",
                "C87",
                "C108",
                "C44",
                "C49",
                "C33",
                "C115"
            ]
        ],
        "C32": [
            false,
            [
                "C9",
                "C14",
                "C65",
                "C84",
                "C54",
                "C86",
                "C91"
            ]
        ],
        "C33": [
            true,
            [
                "C120",
                "C55",
                "C15",
                "C32",
                "C118",
                "C56",
                "C43",
                "C88",
                "C114",
                "C5",
                "C79"
            ]
        ],
        "C34": [
            false,
            [
                "C41",
                "C65",
                "C10",
                "C39",
                "C84",
                "C87",
                "C86",
                "C74",
                "C105",
                "C57",
                "C115"
            ]
        ],
        "C35": [
            false,
            [
                "C9",
                "C75",
                "C26",
                "C106",
                "C122",
                "C17",
                "C92"
            ]
        ],
        "C36": [
            false,
            [
                "C107",
                "C73",
                "C102",
                "C117",
                "C59",
                "C100",
                "C87",
                "C97",
                "C2",
                "C76",
                "C71",
                "C67"
            ]
        ],
        "C37": [
            false,
            [
                "C110",
                "C127",
                "C58",
                "C53",
                "C47",
                "C45",
                "C18",
                "C41",
                "C72",
                "C84",
                "C90"
            ]
        ],
        "C38": [
            false,
            [
                "C119",
                "C112",
                "C7",
                "C2",
                "C108",
                "C41",
                "C61",
                "C67"
            ]
        ],
        "C39": [
            false,
            [
                "C71",
                "C40",
                "C107",
                "C70",
                "C8"
            ]
        ],
        "C40": [
            false,
            [
                "C105",
                "C6",
                "C82",
                "C52",
                "C15",
                "C21",
                "C32"
            ]
        ],
        "C41": [
            false,
            [
                "C12",
                "C57",
                "C62",
                "C7",
                "C30",
                "C61",
                "C127",
                "C23",
                "C96",
                "C36",
                "C63"
            ]
        ],
        "C42": [
            true,
            [
                "C108",
                "C13",
                "C82",
                "C19",
                "C9"
            ]
        ],
        "C43": [
            false,
            [
                "C4",
                "C29",
                "C93",
                "C55",
                "C52",
                "C117",
                "C71",
                "C50"
            ]
        ],
        "C44": [
            true,
            [
                "C103",
                "C117",
                "C5",
                "C33",
                "C115"
            ]
        ],
        "C45": [
            false,
            [
                "C42",
                "C117",
                "C18",
                "C81",
                "C97",
                "C93",
                "C110"
            ]
        ],
        "C46": [
            false,
            [
                "C94",
                "C118",
                "C75",
                "C90",
                "C126",
                "C87",
                "C6",
                "C82",
                "C61",
                "C99"
            ]
        ],
        "C47": [
            false,
            [
                "C21",
                "C113"
            ]
        ],
        "C48": [
            false,
            [
                "C76"
            ]
        ],
        "C49": [
            false,
            [
                "C93",
                "C73",
                "C19",
                "C57",
                "C88",
                "C41",
                "C80",
                "C33"
            ]
        ],
        "C50": [
            true,
            [
                "C93",
                "C36",
                "C15",
                "C116",
                "C128",
                "C41",
                "C19",
                "C100",
                "C80",
                "C24",
                "C17"
            ]
        ],
        "C51": [
            false,
            [
                "C47",
                "C23",
                "C76",
                "C95",
                "C125",
                "C75",
                "C81",
                "C38",
                "C15"
            ]
        ],
        "C52": [
            false,
            [
                "C10",
                "C34",
                "C121",
                "C98",
                "C67",
                "C118",
                "C51",
                "C6",
                "C36",
                "C76",
                "C14",
                "C48"
            ]
        ],
        "C53": [
            true,
            [
                "C92",
                "C61",
                "C44",
                "C23",
                "C43",
                "C72",
                "C73",
                "C2",
                "C51",
                "C111",
                "C59"
            ]
        ],
        "C54": [
            false,
            [
                "C5",
                "C64",
                "C23",
                "C45"
            ]
        ],
        "C55": [
            false,
            [
                "C22",
                "C9",
                "C92",
                "C42",
                "C90",
                "C122",
                "C81",
                "C15",
                "C6",
                "C72",
                "C64",
                "C34"
            ]
        ],
        "C56": [
            false,
            [
                "C60",
                "C39",
                "C83",
                "C77",
                "C104",
                "C2",
                "C22",
                "C29",
                "C52",
                "C59",
                "C67",
                "C128"
            ]
        ],
        "C57": [
            false,
            [
                "C93",
                "C121",
                "C17",
                "C51",
                "C54",
                "C110",
                "C45",
                "C118",
                "C109",
                "C106",
                "C22"
            ]
        ],
        "C58": [
            false,
            [
                "C126",
                "C61"
            ]
        ],
        "C59": [
            false,
            [
                "C32",
                "C29",
                "C38",
                "C6"
            ]
        ],
        "C60": [
            false,
            [
                "C42",
                "C22",
                "C52",
                "C128",
                "C21",
                "C57",
                "C10",
                "C23",
                "C74",
                "C78",
                "C8",
                "C41"
            ]
        ],
        "C61": [
            false,
            [
                "C12",
                "C17",
                "C97",
                "C105",
                "C77",
                "C92",
                "C40",
                "C48",
                "C29"
            ]
        ],
        "C62": [
            false,
            [
                "C27",
                "C9",
                "C39",
                "C17",
                "C55",
                "C49",
                "C82",
                "C100",
                "C52"
            ]
        ],
        "C63": [
            true,
            [
                "C113"
            ]
        ],
        "C64": [
            false,
            [
                "C59",
                "C110"
            ]
        ],
        "C65": [
            false,
            [
                "C102",
                "C125",
                "C13",
                "C76",
                "C17",
                "C123",
                "C21",
                "C2",
                "C55",
                "C23"
            ]
        ],
        "C66": [
            false,
            [
                "C29",
                "C122",
                "C74",
                "C9",
                "C82",
                "C7",
                "C28",
                "C61",
                "C52"
            ]
        ],
        "C67": [
            false,
            [
                "C40",
                "C5",
                "C63",
                "C69",
                "C94",
                "C110",
                "C7",
                "C126",
                "C19",
                "C65",
                "C121",
                "C100"
            ]
        ],
        "C68": [
            true,
            [
                "C14",
                "C126",
                "C116",
                "C88",
                "C39"
            ]
        ],
        "C69": [
            false,
            [
                "C117",
                "C38",
                "C57",
                "C19",
                "C96"
            ]
        ],
        "C70": [
            true,
            [
                "C53",
                "C30",
                "C100",
                "C6",
                "C50",
                "C127",
                "C128",
                "C19",
                "C23",
                "C14",
                "C80",
                "C112"
            ]
        ],
        "C71": [
            false,
            []
        ],
        "C72": [
            false,
            [
                "C97",
                "C52",
                "C15"
            ]
        ],
        "C73": [
            false,
            [
                "C102",
                "C118",
                "C5",
                "C3",
                "C88",
                "C71"
            ]
        ],
        "C74": [
            false,
            [
                "C101",
                "C62",
                "C35",
                "C63",
                "C55",
                "C118"
            ]
        ],
        "C75": [
            false,
            []
        ],
        "C76": [
            false,
            []
        ],
        "C77": [
            false,
            [
                "C27",
                "C81",
                "C2",
                "C6",
                "C126",
                "C16",
                "C70"
            ]
        ],
        "C78": [
            true,
            [
                "C12",
                "C107",
                "C50",
                "C63",
                "C46",
                "C55",
                "C76",
                "C7",
                "C103",
                "C86"
            ]
        ],
        "C79": [
            false,
            [
                "C125",
                "C75",
                "C73",
                "C49",
                "C43",
                "C62",
                "C119",
                "C85"
            ]
        ],
        "C80": [
            false,
            [
                "C1",
                "C126",
                "C47",
                "C36",
                "C83",
                "C95",
                "C86",
                "C70",
                "C91"
            ]
        ],
        "C81": [
            false,
            [
                "C28",
                "C54",
                "C29",
                "C107",
                "C6"
            ]
        ],
        "C82": [
            false,
            [
                "C79",
                "C42",
                "C60"
            ]
        ],
        "C83": [
            false,
            [
                "C126",
                "C52",
                "C125",
                "C50",
                "C101",
                "C49"
            ]
        ],
        "C84": [
            true,
            [
                "C61",
                "C4"
            ]
        ],
        "C85": [
            false,
            []
        ],
        "C86": [
            false,
            [
                "C60",
                "C105",
                "C65",
                "C112"
            ]
        ],
        "C87": [
            false,
            [
                "C79",
                "C105",
                "C107",
                "C70",
                "C110"
            ]
        ],
        "C88": [
            true,
            [
                "C122",
                "C68",
                "C25",
                "C100",
                "C59",
                "C125",
                "C22",
                "C33",
                "C9",
                "C102",
                "C58"
            ]
        ],
        "C89": [
            false,
            [
                "C117"
            ]
        ],
        "C90": [
            false,
            [
                "C88",
                "C43",
                "C113",
                "C123",
                "C102"
            ]
        ],
        "C91": [
            false,
            []
        ],
        "C92": [
            false,
            [
                "C66"
            ]
        ],
        "C93": [
            false,
            [
                "C77",
                "C1",
                "C26",
                "C28",
                "C68"
            ]
        ],
        "C94": [
            false,
            [
                "C20",
                "C112",
                "C45",
                "C28"
            ]
        ],
        "C95": [
            false,
            [
                "C79",
                "C54",
                "C97",
                "C17",
                "C18",
                "C106",
                "C30",
                "C26",
                "C78",
                "C98",
                "C7"
            ]
        ],
        "C96": [
            false,
            [
                "C19",
                "C22",
                "C42"
            ]
        ],
        "C97": [
            true,
            [
                "C5",
                "C85",
                "C87",
                "C86",
                "C69",
                "C89"
            ]
        ],
        "C98": [
            false,
            [
                "C44",
                "C101",
                "C128",
                "C63"
            ]
        ],
        "C99": [
            false,
            [
                "C65",
                "C59",
                "C127",
                "C115",
                "C22",
                "C68"
            ]
        ],
        "C100": [
            false,
            [
                "C6",
                "C50",
                "C74",
                "C69",
                "C80",
                "C71",
                "C86",
                "C90",
                "C105",
                "C108",
                "C7",
                "C2"
            ]
        ],
        "C101": [
            false,
            [
                "C1",
                "C22",
                "C23"
            ]
        ],
        "C102": [
            false,
            [
                "C105",
                "C35",
                "C38",
                "C127",
                "C56",
                "C96",
                "C120",
                "C68",
                "C32"
            ]
        ],
        "C103": [
            false,
            [
                "C25",
                "C113",
                "C53",
                "C99",
                "C59",
                "C94",
                "C14",
                "C83",
                "C115",
                "C5",
                "C49"
            ]
        ],
        "C104": [
            true,
            [
                "C7",
                "C21",
                "C92",
                "C8"
            ]
        ],
        "C105": [
            false,
            [
                "C29",
                "C17",
                "C48",
                "C66",
                "C4",
                "C61",
                "C70",
                "C64"
            ]
        ],
        "C106": [
            false,
            [
                "C69",
                "C48",
                "C121",
                "C118",
                "C8",
                "C3",
                "C107",
                "C44"
            ]
        ],
        "C107": [
            false,
            [
                "C124",
                "C84",
                "C85",
                "C31",
                "C78",
                "C46",
                "C90",
                "C65",
                "C72",
                "C99",
                "C109",
                "C75"
            ]
        ],
        "C108": [
            true,
            [
                "C21",
                "C121"
            ]
        ],
        "C109": [
            true,
            [
                "C90",
                "C111",
                "C33",
                "C121",
                "C87",
                "C43",
                "C128",
                "C1",
                "C3",
                "C28",
                "C106"
            ]
        ],
        "C110": [
            false,
            [
                "C17",
                "C114",
                "C52",
                "C69",
                "C78",
                "C118",
                "C72",
                "C81",
                "C47",
                "C59",
                "C80"
            ]
        ],
        "C111": [
            false,
            [
                "C30",
                "C104",
                "C54",
                "C58",
                "C41",
                "C108",
                "C71",
                "C124",
                "C23",
                "C11"
            ]
        ],
        "C112": [
            true,
            []
        ],
        "C113": [
            true,
            [
                "C3"
            ]
        ],
        "C114": [
            false,
            [
                "C26",
                "C32",
                "C72",
                "C86",
                "C103",
                "C19",
                "C61"
            ]
        ],
        "C115": [
            true,
            []
        ],
        "C116": [
            false,
            [
                "C77",
                "C72",
                "C23",
                "C73"
            ]
        ],
        "C117": [
            true,
            [
                "C62",
                "C80"
            ]
        ],
        "C118": [
            false,
            [
                "C89",
                "C38",
                "C51",
                "C54",
                "C123",
                "C43",
                "C120",
                "C91",
                "C103",
                "C125",
                "C31"
            ]
        ],
        "C119": [
            true,
            [
                "C53",
                "C12",
                "C35",
                "C106",
                "C83",
                "C96",
                "C70",
                "C116",
                "C120",
                "C24"
            ]
        ],
        "C120": [
            false,
            [
                "C87"
            ]
        ],
        "C121": [
            false,
            [
                "C33",
                "C16",
                "C119",
                "C9",
                "C71",
                "C18",
                "C0",
                "C124"
            ]
        ],
        "C122": [
            true,
            [
                "C30",
                "C29",
                "C106",
                "C19",
                "C76",
                "C102",
                "C65",
                "C97",
                "C20",
                "C26",
                "C61"
            ]
        ],
        "C123": [
            false,
            []
        ],
        "C124": [
            false,
            [
                "C117",
                "C92",
                "C77",
                "C44",
                "C125",
                "C54",
                "C86",
                "C47",
                "C61",
                "C127",
                "C123",
                "C74"
            ]
        ],
        "C125": [
            false,
            [
                "C126",
                "C117",
                "C1",
                "C14",
                "C120",
                "C30",
                "C37",
                "C87"
            ]
        ],
        "C126": [
            false,
            [
                "C44",
                "C85",
                "C24"
            ]
        ],
        "C127": [
            false,
            [
                "C22",
                "C7"
            ]
        ],
        "C128": [
            false,
            [
                "C41",
                "C42",
                "C103",
                "C123",
                "C15",
                "C104",
                "C105",
                "C4"
            ]
        ]
    },
    "ground_truth_fault_paths": [
        [
            "C117",
            "C5",
            "C97",
            "C122",
            "C88",
            "C33",
            "C44",
            "C53",
            "C70",
            "C119"
        ],
        [
            "C117",
            "C5",
            "C97",
            "C122",
            "C88",
            "C33",
            "C44",
            "C53",
            "C119"
        ],
        [
            "C84",
            "C19",
            "C122",
            "C88",
            "C33",
            "C44",
            "C53",
            "C70",
            "C119"
        ],
        [
            "C84",
            "C19",
            "C122",
            "C88",
            "C33",
            "C44",
            "C53",
            "C119"
        ],
        [
            "C68",
            "C88",
            "C33",
            "C44",
            "C53",
            "C70",
            "C119"
        ],
        [
            "C117",
            "C5",
            "C97",
            "C122",
            "C88",
            "C33",
            "C109"
        ],
        [
            "C117",
            "C5",
            "C33",
            "C44",
            "C53",
            "C70",
            "C119"
        ],
        [
            "C68",
            "C88",
            "C33",
            "C44",
            "C53",
            "C119"
        ],
        [
            "C117",
            "C5",
            "C97",
            "C122",
            "C88",
            "C68"
        ],
        [
            "C117",
            "C5",
            "C97",
            "C122",
            "C88",
            "C18"
        ],
        [
            "C117",
            "C5",
            "C44",
            "C53",
            "C70",
            "C119"
        ],
        [
            "C117",
            "C5",
            "C33",
            "C44",
            "C53",
            "C119"
        ],
        [
            "C84",
            "C19",
            "C122",
            "C88",
            "C33",
            "C109"
        ],
        [
            "C115",
            "C44",
            "C53",
            "C70",
            "C119"
        ],
        [
            "C117",
            "C44",
            "C53",
            "C70",
            "C119"
        ],
        [
            "C117",
            "C5",
            "C44",
            "C53",
            "C119"
        ],
        [
            "C117",
            "C5",
            "C33",
            "C88",
            "C68"
        ],
        [
            "C117",
            "C5",
            "C33",
            "C88",
            "C18"
        ],
        [
            "C84",
            "C19",
            "C122",
            "C88",
            "C68"
        ],
        [
            "C84",
            "C19",
            "C122",
            "C88",
            "C18"
        ],
        [
            "C84",
            "C19",
            "C50",
            "C70",
            "C119"
        ],
        [
            "C68",
            "C88",
            "C33",
            "C109"
        ],
        [
            "C17",
            "C50",
            "C70",
            "C119"
        ],
        [
            "C115",
            "C44",
            "C53",
            "C119"
        ],
        [
            "C117",
            "C44",
            "C53",
            "C119"
        ],
        [
            "C117",
            "C5",
            "C33",
            "C109"
        ],
        [
            "C84",
            "C19",
            "C70",
            "C119"
        ],
        [
            "C84",
            "C19",
            "C50",
            "C78"
        ],
        [
            "C68",
            "C88",
            "C18"
        ],
        [
            "C112",
            "C70",
            "C119"
        ],
        [
            "C113",
            "C63",
            "C78"
        ],
        [
            "C17",
            "C50",
            "C78"
        ],
        [
            "C84",
            "C19",
            "C42"
        ],
        [
            "C84",
            "C19",
            "C18"
        ],
        [
            "C1",
            "C109"
        ],
        [
            "C108",
            "C42"
        ],
        [
            "C104"
        ]
    ],
    "error_codes": {
        "E0": [
            "FC0",
            [
                "C119",
                "C70",
                "C92",
                "C52",
                "C55",
                "C117",
                "C16",
                "C104",
                "C78"
            ]
        ],
        "E1": [
            "FC1",
            [
                "C119",
                "C97",
                "C5",
                "C117",
                "C48"
            ]
        ],
        "E2": [
            "FC2",
            [
                "C119",
                "C84",
                "C70",
                "C88",
                "C15",
                "C106",
                "C111",
                "C57",
                "C42",
                "C9",
                "C127",
                "C8"
            ]
        ],
        "E3": [
            "FC3",
            [
                "C119",
                "C33",
                "C69",
                "C39",
                "C111",
                "C125",
                "C77",
                "C112",
                "C104",
                "C45",
                "C88"
            ]
        ],
        "E4": [
            "FC4",
            [
                "C119",
                "C73",
                "C68",
                "C87",
                "C101",
                "C81",
                "C113",
                "C34",
                "C109"
            ]
        ],
        "E5": [
            "FC5",
            [
                "C109",
                "C122",
                "C70",
                "C22",
                "C41",
                "C128",
                "C26",
                "C114"
            ]
        ],
        "E6": [
            "FC6",
            [
                "C119",
                "C33",
                "C44",
                "C89",
                "C0",
                "C10",
                "C49",
                "C78",
                "C85",
                "C38",
                "C15"
            ]
        ],
        "E7": [
            "FC7",
            [
                "C119",
                "C45",
                "C101",
                "C57",
                "C14",
                "C55",
                "C32",
                "C99"
            ]
        ],
        "E8": [
            "FC8",
            [
                "C68",
                "C97",
                "C5",
                "C113",
                "C57",
                "C61",
                "C2",
                "C8",
                "C118"
            ]
        ],
        "E9": [
            "FC9",
            [
                "C18",
                "C117",
                "C97",
                "C58",
                "C85",
                "C22",
                "C110",
                "C87",
                "C37",
                "C38",
                "C69",
                "C119",
                "C102",
                "C122"
            ]
        ],
        "E10": [
            "FC10",
            [
                "C119",
                "C117",
                "C87",
                "C51",
                "C123"
            ]
        ],
        "E11": [
            "FC11",
            [
                "C119",
                "C53",
                "C117",
                "C91"
            ]
        ],
        "E12": [
            "FC12",
            [
                "C109",
                "C104",
                "C53",
                "C49",
                "C34",
                "C126",
                "C111",
                "C59"
            ]
        ],
        "E13": [
            "FC13",
            [
                "C119",
                "C33",
                "C38",
                "C90",
                "C102",
                "C40"
            ]
        ],
        "E14": [
            "FC14",
            [
                "C119",
                "C35",
                "C56",
                "C127",
                "C45",
                "C47",
                "C86",
                "C53",
                "C26"
            ]
        ],
        "E15": [
            "FC15",
            [
                "C119",
                "C58",
                "C120",
                "C13",
                "C1"
            ]
        ],
        "E16": [
            "FC16",
            [
                "C68",
                "C5",
                "C53",
                "C64",
                "C8",
                "C52",
                "C114",
                "C2",
                "C50",
                "C48",
                "C59",
                "C31",
                "C71"
            ]
        ],
        "E17": [
            "FC17",
            [
                "C18",
                "C88",
                "C21",
                "C32",
                "C92",
                "C124",
                "C3",
                "C68",
                "C118",
                "C56",
                "C112",
                "C25",
                "C95"
            ]
        ],
        "E18": [
            "FC18",
            [
                "C68",
                "C107",
                "C98",
                "C4",
                "C75",
                "C94",
                "C91",
                "C78",
                "C77"
            ]
        ],
        "E19": [
            "FC19",
            [
                "C18",
                "C94",
                "C125"
            ]
        ],
        "E20": [
            "FC20",
            [
                "C119",
                "C40",
                "C111",
                "C74",
                "C7",
                "C82",
                "C52",
                "C37",
                "C115"
            ]
        ],
        "E21": [
            "FC21",
            [
                "C109",
                "C92",
                "C52",
                "C67",
                "C33",
                "C54",
                "C9",
                "C56",
                "C116",
                "C119",
                "C55",
                "C20"
            ]
        ],
        "E22": [
            "FC22",
            [
                "C119",
                "C17",
                "C42",
                "C24",
                "C95",
                "C107"
            ]
        ],
        "E23": [
            "FC23",
            [
                "C119",
                "C53",
                "C7",
                "C32"
            ]
        ],
        "E24": [
            "FC24",
            [
                "C119",
                "C117",
                "C111",
                "C103",
                "C9",
                "C57",
                "C76",
                "C126",
                "C106"
            ]
        ],
        "E25": [
            "FC25",
            [
                "C109",
                "C117",
                "C63",
                "C36",
                "C91",
                "C22",
                "C0"
            ]
        ],
        "E26": [
            "FC26",
            [
                "C119",
                "C85",
                "C47",
                "C79",
                "C37",
                "C120",
                "C97",
                "C43",
                "C39",
                "C26"
            ]
        ],
        "E27": [
            "FC27",
            [
                "C78",
                "C50",
                "C102",
                "C61",
                "C113",
                "C75",
                "C52",
                "C106",
                "C58",
                "C65",
                "C86",
                "C73"
            ]
        ],
        "E28": [
            "FC28",
            [
                "C18",
                "C51"
            ]
        ],
        "E29": [
            "FC29",
            [
                "C119",
                "C89",
                "C82",
                "C73",
                "C106",
                "C92",
                "C111",
                "C94",
                "C50",
                "C19"
            ]
        ],
        "E30": [
            "FC30",
            [
                "C78",
                "C14",
                "C125",
                "C55",
                "C8",
                "C13",
                "C38",
                "C23",
                "C4"
            ]
        ],
        "E31": [
            "FC31",
            [
                "C78",
                "C37",
                "C119",
                "C52",
                "C97",
                "C96",
                "C56",
                "C42",
                "C89",
                "C99",
                "C118",
                "C47"
            ]
        ],
        "E32": [
            "FC32",
            [
                "C42",
                "C52",
                "C72",
                "C115"
            ]
        ],
        "E33": [
            "FC33",
            [
                "C18",
                "C54",
                "C16",
                "C109",
                "C100",
                "C1"
            ]
        ],
        "E34": [
            "FC34",
            [
                "C109",
                "C31",
                "C8"
            ]
        ],
        "E35": [
            "FC35",
            [
                "C42",
                "C2",
                "C77",
                "C110",
                "C101",
                "C5",
                "C113",
                "C53",
                "C39",
                "C105",
                "C79"
            ]
        ],
        "E36": [
            "FC36",
            [
                "C104",
                "C114",
                "C50",
                "C120",
                "C91",
                "C92"
            ]
        ]
    },
    "sim_accuracies": {
        "C0": [
            "0.9752040371118322",
            "False"
        ],
        "C1": [
            "0.9611757257853047",
            "True"
        ],
        "C2": [
            "0.9693737539624332",
            "False"
        ],
        "C3": [
            "0.9672298195347069",
            "False"
        ],
        "C4": [
            "0.9523311843833006",
            "False"
        ],
        "C5": [
            "0.9826436223436474",
            "True"
        ],
        "C6": [
            "0.9768358120391395",
            "False"
        ],
        "C7": [
            "0.9739788047068797",
            "False"
        ],
        "C8": [
            "0.9698259535720132",
            "False"
        ],
        "C9": [
            "0.9867382864400248",
            "False"
        ],
        "C10": [
            "0.9617054286346708",
            "False"
        ],
        "C11": [
            "0.9875084003124128",
            "False"
        ],
        "C12": [
            "0.978290315466205",
            "False"
        ],
        "C13": [
            "0.9764742321865997",
            "False"
        ],
        "C14": [
            "0.9755400246231517",
            "False"
        ],
        "C15": [
            "0.9723690855823285",
            "False"
        ],
        "C16": [
            "0.9505791587488543",
            "False"
        ],
        "C17": [
            "0.9640027799460968",
            "True"
        ],
        "C18": [
            "0.9696336963220267",
            "True"
        ],
        "C19": [
            "0.9598769923197544",
            "True"
        ],
        "C20": [
            "0.9608760063107212",
            "False"
        ],
        "C21": [
            "0.9674131625775594",
            "False"
        ],
        "C22": [
            "0.9729859354601477",
            "False"
        ],
        "C23": [
            "0.9620058823391621",
            "False"
        ],
        "C24": [
            "0.9865666632335656",
            "False"
        ],
        "C25": [
            "0.9817110029498959",
            "False"
        ],
        "C26": [
            "0.9775466462851767",
            "False"
        ],
        "C27": [
            "0.9887412116628317",
            "False"
        ],
        "C28": [
            "0.9715824754358768",
            "False"
        ],
        "C29": [
            "0.9807245405164666",
            "False"
        ],
        "C30": [
            "0.9852873239090918",
            "False"
        ],
        "C31": [
            "0.9797680117997506",
            "False"
        ],
        "C32": [
            "0.9814551651155532",
            "False"
        ],
        "C33": [
            "0.9877903788422165",
            "True"
        ],
        "C34": [
            "0.9630232763680123",
            "False"
        ],
        "C35": [
            "0.9700469380448415",
            "False"
        ],
        "C36": [
            "0.9729040005892499",
            "False"
        ],
        "C37": [
            "0.9763672358786329",
            "False"
        ],
        "C38": [
            "0.9655596430411169",
            "False"
        ],
        "C39": [
            "0.9637908208126994",
            "False"
        ],
        "C40": [
            "0.9894946444296466",
            "False"
        ],
        "C41": [
            "0.9721250323031492",
            "False"
        ],
        "C42": [
            "0.9677000822252989",
            "True"
        ],
        "C43": [
            "0.9819539040010956",
            "False"
        ],
        "C44": [
            "0.9621177165925949",
            "True"
        ],
        "C45": [
            "0.9679743976719805",
            "False"
        ],
        "C46": [
            "0.9536228357533857",
            "False"
        ],
        "C47": [
            "0.9711466061837563",
            "False"
        ],
        "C48": [
            "0.9801460634290414",
            "False"
        ],
        "C49": [
            "0.9700982741225926",
            "False"
        ],
        "C50": [
            "0.9890665770903411",
            "True"
        ],
        "C51": [
            "0.9609375566975806",
            "False"
        ],
        "C52": [
            "0.9826115284156868",
            "False"
        ],
        "C53": [
            "0.9641904074082959",
            "True"
        ],
        "C54": [
            "0.9742492070255908",
            "False"
        ],
        "C55": [
            "0.9661310674274299",
            "False"
        ],
        "C56": [
            "0.9627564548310547",
            "False"
        ],
        "C57": [
            "0.9585728736231816",
            "False"
        ],
        "C58": [
            "0.9516230718478773",
            "False"
        ],
        "C59": [
            "0.9563097055992205",
            "False"
        ],
        "C60": [
            "0.9629348048739903",
            "False"
        ],
        "C61": [
            "0.9559918791770171",
            "False"
        ],
        "C62": [
            "0.9518031524156045",
            "False"
        ],
        "C63": [
            "0.9844229506166722",
            "True"
        ],
        "C64": [
            "0.9757969759677925",
            "False"
        ],
        "C65": [
            "0.9831479274252255",
            "False"
        ],
        "C66": [
            "0.965597380185252",
            "False"
        ],
        "C67": [
            "0.9657312505847856",
            "False"
        ],
        "C68": [
            "0.9743303954459136",
            "True"
        ],
        "C69": [
            "0.9755912030236124",
            "False"
        ],
        "C70": [
            "0.9606087085397061",
            "True"
        ],
        "C71": [
            "0.9588916538054258",
            "False"
        ],
        "C72": [
            "0.9809811389073329",
            "False"
        ],
        "C73": [
            "0.9592877749676487",
            "False"
        ],
        "C74": [
            "0.9600454126383036",
            "False"
        ],
        "C75": [
            "0.9662280150040581",
            "False"
        ],
        "C76": [
            "0.9631990653803361",
            "False"
        ],
        "C77": [
            "0.9898698374963099",
            "False"
        ],
        "C78": [
            "0.957466587668731",
            "True"
        ],
        "C79": [
            "0.954084918107399",
            "False"
        ],
        "C80": [
            "0.9642267708149183",
            "False"
        ],
        "C81": [
            "0.9512877439923717",
            "False"
        ],
        "C82": [
            "0.9594053803397429",
            "False"
        ],
        "C83": [
            "0.9680749365876608",
            "False"
        ],
        "C84": [
            "0.9502043615344503",
            "True"
        ],
        "C85": [
            "0.9718360653653761",
            "False"
        ],
        "C86": [
            "0.9583830780774705",
            "False"
        ],
        "C87": [
            "0.9847112561197106",
            "False"
        ],
        "C88": [
            "0.9667843015855245",
            "True"
        ],
        "C89": [
            "0.9616294957345011",
            "False"
        ],
        "C90": [
            "0.9670866629483377",
            "False"
        ],
        "C91": [
            "0.9861884126960203",
            "False"
        ],
        "C92": [
            "0.9734962191588822",
            "False"
        ],
        "C93": [
            "0.9523439291751198",
            "False"
        ],
        "C94": [
            "0.9690775765187625",
            "False"
        ],
        "C95": [
            "0.9603822810772944",
            "False"
        ],
        "C96": [
            "0.9610481865583527",
            "False"
        ],
        "C97": [
            "0.9672125046654508",
            "True"
        ],
        "C98": [
            "0.9865602450319645",
            "False"
        ],
        "C99": [
            "0.9549010269811968",
            "False"
        ],
        "C100": [
            "0.979667102361125",
            "False"
        ],
        "C101": [
            "0.9532767431217519",
            "False"
        ],
        "C102": [
            "0.9532425514418669",
            "False"
        ],
        "C103": [
            "0.9570967725264407",
            "False"
        ],
        "C104": [
            "0.9824995870405523",
            "True"
        ],
        "C105": [
            "0.9517711892679371",
            "False"
        ],
        "C106": [
            "0.9801823500507294",
            "False"
        ],
        "C107": [
            "0.9790809817834356",
            "False"
        ],
        "C108": [
            "0.9826459159495173",
            "True"
        ],
        "C109": [
            "0.9662024172242738",
            "True"
        ],
        "C110": [
            "0.9625203877624972",
            "False"
        ],
        "C111": [
            "0.9640459133837369",
            "False"
        ],
        "C112": [
            "0.9815460546042846",
            "True"
        ],
        "C113": [
            "0.9784064258643116",
            "True"
        ],
        "C114": [
            "0.9784382816929204",
            "False"
        ],
        "C115": [
            "0.9780763784259945",
            "True"
        ],
        "C116": [
            "0.9755389447698083",
            "False"
        ],
        "C117": [
            "0.9861176328774781",
            "True"
        ],
        "C118": [
            "0.9517765784389988",
            "False"
        ],
        "C119": [
            "0.9815131559457028",
            "True"
        ],
        "C120": [
            "0.9621079165108869",
            "False"
        ],
        "C121": [
            "0.9625542388919395",
            "False"
        ],
        "C122": [
            "0.9740871132080587",
            "True"
        ],
        "C123": [
            "0.9585942921688184",
            "False"
        ],
        "C124": [
            "0.9649122742208904",
            "False"
        ],
        "C125": [
            "0.983803697092476",
            "False"
        ],
        "C126": [
            "0.9666393547399785",
            "False"
        ],
        "C127": [
            "0.9786049075906001",
            "False"
        ],
        "C128": [
            "0.9660437077287642",
            "False"
        ]
    }
}