{
    "suspect_components": {
        "C0": [
            false,
            [
                "C53",
                "C70",
                "C120",
                "C44",
                "C119",
                "C55",
                "C124",
                "C126"
            ]
        ],
        "C1": [
            true,
            [
                "C69",
                "C23",
                "C13",
                "C120",
                "C110",
                "C58",
                "C27",
                "C15",
                "C5",
                "C88",
                "C67",
                "C28"
            ]
        ],
        "C2": [
            true,
            [
                "C106",
                "C104",
                "C31",
                "C78",
                "C92",
                "C65",
                "C86"
            ]
        ],
        "C3": [
            false,
            [
                "C124",
                "C84",
                "C44",
                "C126",
                "C120",
                "C16",
                "C83",
                "C14",
                "C29",
                "C46",
                "C123"
            ]
        ],
        "C4": [
            false,
            [
                "C114"
            ]
        ],
        "C5": [
            false,
            [
                "C1",
                "C9",
                "C107"
            ]
        ],
        "C6": [
            false,
            [
                "C57",
                "C93",
                "C30"
            ]
        ],
        "C7": [
            false,
            [
                "C59",
                "C114",
                "C85",
                "C60"
            ]
        ],
        "C8": [
            true,
            [
                "C34",
                "C63",
                "C29",
                "C104",
                "C51",
                "C107",
                "C127"
            ]
        ],
        "C9": [
            false,
            []
        ],
        "C10": [
            false,
            [
                "C97",
                "C3",
                "C9",
                "C66"
            ]
        ],
        "C11": [
            false,
            [
                "C74",
                "C41",
                "C112",
                "C122",
                "C126"
            ]
        ],
        "C12": [
            false,
            [
                "C10"
            ]
        ],
        "C13": [
            false,
            [
                "C18",
                "C15",
                "C112",
                "C38",
                "C79",
                "C78",
                "C68",
                "C57"
            ]
        ],
        "C14": [
            false,
            [
                "C125",
                "C127",
                "C50",
                "C10",
                "C87",
                "C83",
                "C42",
                "C5"
            ]
        ],
        "C15": [
            false,
            [
                "C101",
                "C66",
                "C84",
                "C106",
                "C126",
                "C62",
                "C120",
                "C24",
                "C22",
                "C98",
                "C42"
            ]
        ],
        "C16": [
            false,
            []
        ],
        "C17": [
            true,
            [
                "C96",
                "C72",
                "C125"
            ]
        ],
        "C18": [
            false,
            [
                "C34",
                "C76",
                "C113",
                "C123",
                "C107",
                "C42"
            ]
        ],
        "C19": [
            false,
            [
                "C10",
                "C64",
                "C83",
                "C28",
                "C100",
                "C55",
                "C77"
            ]
        ],
        "C20": [
            false,
            [
                "C4",
                "C87"
            ]
        ],
        "C21": [
            false,
            [
                "C70",
                "C86",
                "C68"
            ]
        ],
        "C22": [
            false,
            [
                "C78",
                "C46",
                "C104",
                "C14",
                "C45",
                "C31",
                "C12",
                "C124",
                "C24",
                "C42",
                "C8"
            ]
        ],
        "C23": [
            false,
            [
                "C71"
            ]
        ],
        "C24": [
            true,
            [
                "C82",
                "C77",
                "C5",
                "C96",
                "C122",
                "C78",
                "C86",
                "C37",
                "C112",
                "C13",
                "C98",
                "C23"
            ]
        ],
        "C25": [
            false,
            [
                "C95",
                "C112",
                "C17",
                "C42",
                "C115",
                "C79",
                "C70",
                "C22",
                "C118",
                "C29",
                "C101"
            ]
        ],
        "C26": [
            false,
            [
                "C76",
                "C51",
                "C101",
                "C84",
                "C92",
                "C82"
            ]
        ],
        "C27": [
            false,
            []
        ],
        "C28": [
            false,
            [
                "C83",
                "C47",
                "C82",
                "C27",
                "C45",
                "C25",
                "C55",
                "C0",
                "C18"
            ]
        ],
        "C29": [
            false,
            [
                "C113",
                "C70",
                "C58",
                "C72",
                "C30",
                "C18",
                "C62",
                "C47"
            ]
        ],
        "C30": [
            false,
            [
                "C85",
                "C4",
                "C1",
                "C96",
                "C50",
                "C26",
                "C86",
                "C122",
                "C42",
                "C9"
            ]
        ],
        "C31": [
            false,
            [
                "C70",
                "C49",
                "C23",
                "C57",
                "C42",
                "C124",
                "C39"
            ]
        ],
        "C32": [
            true,
            [
                "C6",
                "C123",
                "C105",
                "C79",
                "C43",
                "C87",
                "C42",
                "C47"
            ]
        ],
        "C33": [
            true,
            []
        ],
        "C34": [
            false,
            [
                "C73",
                "C113",
                "C90",
                "C60",
                "C52",
                "C50",
                "C114",
                "C80",
                "C13"
            ]
        ],
        "C35": [
            false,
            [
                "C91",
                "C108",
                "C77",
                "C124",
                "C81",
                "C117",
                "C123",
                "C61",
                "C115",
                "C15",
                "C100",
                "C18"
            ]
        ],
        "C36": [
            false,
            [
                "C27",
                "C80",
                "C125",
                "C57",
                "C51",
                "C39",
                "C29",
                "C26",
                "C105",
                "C95",
                "C52"
            ]
        ],
        "C37": [
            true,
            [
                "C33"
            ]
        ],
        "C38": [
            false,
            [
                "C100",
                "C114",
                "C74",
                "C27",
                "C66",
                "C112",
                "C93",
                "C115"
            ]
        ],
        "C39": [
            false,
            [
                "C92",
                "C122"
            ]
        ],
        "C40": [
            false,
            [
                "C25",
                "C93",
                "C36",
                "C2",
                "C62",
                "C50",
                "C60",
                "C45",
                "C77",
                "C23",
                "C103",
                "C27"
            ]
        ],
        "C41": [
            true,
            [
                "C126",
                "C106",
                "C51"
            ]
        ],
        "C42": [
            false,
            [
                "C23",
                "C1",
                "C30",
                "C31",
                "C63",
                "C90",
                "C128",
                "C39",
                "C114",
                "C20",
                "C52"
            ]
        ],
        "C43": [
            true,
            [
                "C96",
                "C25",
                "C91",
                "C124",
                "C16",
                "C98",
                "C41",
                "C52",
                "C118",
                "C14",
                "C86",
                "C38"
            ]
        ],
        "C44": [
            false,
            [
                "C103",
                "C76",
                "C95",
                "C52",
                "C111",
                "C60"
            ]
        ],
        "C45": [
            false,
            [
                "C19",
                "C30",
                "C8",
                "C79",
                "C4",
                "C91",
                "C31"
            ]
        ],
        "C46": [
            false,
            [
                "C64",
                "C62",
                "C109",
                "C125",
                "C103",
                "C119",
                "C5",
                "C6",
                "C26",
                "C124",
                "C104",
                "C108"
            ]
        ],
        "C47": [
            false,
            [
                "C30",
                "C18",
                "C58",
                "C45",
                "C68",
                "C17",
                "C94",
                "C11",
                "C64",
                "C12",
                "C105"
            ]
        ],
        "C48": [
            false,
            [
                "C52"
            ]
        ],
        "C49": [
            false,
            [
                "C82",
                "C115",
                "C25",
                "C96",
                "C45",
                "C2",
                "C119",
                "C5",
                "C0"
            ]
        ],
        "C50": [
            true,
            [
                "C42"
            ]
        ],
        "C51": [
            false,
            [
                "C5",
                "C92",
                "C110",
                "C89",
                "C125",
                "C116",
                "C60",
                "C112",
                "C33",
                "C73",
                "C34",
                "C22"
            ]
        ],
        "C52": [
            false,
            []
        ],
        "C53": [
            false,
            [
                "C7",
                "C19"
            ]
        ],
        "C54": [
            true,
            [
                "C39",
                "C56",
                "C78",
                "C97",
                "C124",
                "C120",
                "C107",
                "C93"
            ]
        ],
        "C55": [
            false,
            [
                "C117",
                "C128",
                "C95",
                "C45",
                "C22",
                "C84",
                "C23"
            ]
        ],
        "C56": [
            false,
            [
                "C48",
                "C109"
            ]
        ],
        "C57": [
            false,
            [
                "C79",
                "C91",
                "C70",
                "C83",
                "C85",
                "C10",
                "C96",
                "C99",
                "C46",
                "C14"
            ]
        ],
        "C58": [
            false,
            [
                "C1",
                "C11",
                "C5",
                "C50",
                "C107",
                "C21",
                "C17",
                "C99"
            ]
        ],
        "C59": [
            false,
            [
                "C103",
                "C18",
                "C47",
                "C26",
                "C27"
            ]
        ],
        "C60": [
            false,
            [
                "C5",
                "C15",
                "C57",
                "C62",
                "C10"
            ]
        ],
        "C61": [
            true,
            [
                "C84",
                "C115"
            ]
        ],
        "C62": [
            true,
            [
                "C119",
                "C125",
                "C121",
                "C76",
                "C60",
                "C55",
                "C97",
                "C3",
                "C113",
                "C19",
                "C29"
            ]
        ],
        "C63": [
            false,
            [
                "C28",
                "C83",
                "C35",
                "C85",
                "C128",
                "C3",
                "C66"
            ]
        ],
        "C64": [
            false,
            [
                "C60",
                "C71",
                "C124",
                "C88",
                "C19",
                "C42",
                "C29",
                "C63",
                "C58",
                "C103"
            ]
        ],
        "C65": [
            false,
            [
                "C82",
                "C26",
                "C19",
                "C98",
                "C39",
                "C128",
                "C125",
                "C119",
                "C0",
                "C29",
                "C90"
            ]
        ],
        "C66": [
            false,
            [
                "C30",
                "C124",
                "C17"
            ]
        ],
        "C67": [
            true,
            [
                "C38",
                "C66",
                "C63",
                "C10"
            ]
        ],
        "C68": [
            false,
            [
                "C24",
                "C87",
                "C6",
                "C81",
                "C126",
                "C94",
                "C62"
            ]
        ],
        "C69": [
            true,
            []
        ],
        "C70": [
            false,
            []
        ],
        "C71": [
            false,
            [
                "C90",
                "C89",
                "C42",
                "C122",
                "C67",
                "C36",
                "C108",
                "C69",
                "C40"
            ]
        ],
        "C72": [
            false,
            [
                "C117",
                "C66",
                "C98",
                "C108",
                "C107",
                "C101",
                "C119"
            ]
        ],
        "C73": [
            false,
            [
                "C15",
                "C23",
                "C87",
                "C72",
                "C8",
                "C124",
                "C86"
            ]
        ],
        "C74": [
            false,
            [
                "C25",
                "C113",
                "C35"
            ]
        ],
        "C75": [
            false,
            [
                "C5",
                "C9",
                "C44",
                "C101",
                "C82",
                "C83",
                "C69",
                "C14"
            ]
        ],
        "C76": [
            false,
            [
                "C117",
                "C79",
                "C13",
                "C95",
                "C41",
                "C115",
                "C47",
                "C63",
                "C87",
                "C34",
                "C61",
                "C24"
            ]
        ],
        "C77": [
            false,
            [
                "C90",
                "C58",
                "C73",
                "C28",
                "C37",
                "C25",
                "C29",
                "C54"
            ]
        ],
        "C78": [
            false,
            [
                "C107",
                "C24",
                "C96",
                "C64",
                "C18",
                "C57",
                "C37",
                "C95",
                "C63"
            ]
        ],
        "C79": [
            false,
            []
        ],
        "C80": [
            false,
            [
                "C16",
                "C81",
                "C117",
                "C106",
                "C3",
                "C29"
            ]
        ],
        "C81": [
            false,
            [
                "C110",
                "C93",
                "C11",
                "C77"
            ]
        ],
        "C82": [
            false,
            [
                "C89",
                "C88",
                "C0",
                "C117",
                "C6",
                "C35",
                "C109",
                "C67",
                "C47"
            ]
        ],
        "C83": [
            false,
            [
                "C94",
                "C14",
                "C49",
                "C66",
                "C91"
            ]
        ],
        "C84": [
            true,
            [
                "C90",
                "C7"
            ]
        ],
        "C85": [
            false,
            [
                "C9",
                "C35",
                "C127",
                "C57",
                "C29",
                "C21",
                "C125",
                "C11",
                "C119"
            ]
        ],
        "C86": [
            false,
            [
                "C66",
                "C72",
                "C99",
                "C50",
                "C112",
                "C83",
                "C67"
            ]
        ],
        "C87": [
            false,
            [
                "C45",
                "C18",
                "C68",
                "C12",
                "C8",
                "C54",
                "C47",
                "C100"
            ]
        ],
        "C88": [
            false,
            [
                "C59",
                "C60",
                "C95",
                "C126",
                "C96",
                "C103",
                "C5"
            ]
        ],
        "C89": [
            false,
            [
                "C3",
                "C126",
                "C91",
                "C121",
                "C68",
                "C114",
                "C72",
                "C83",
                "C10",
                "C111",
                "C30",
                "C8"
            ]
        ],
        "C90": [
            true,
            [
                "C67",
                "C89",
                "C80",
                "C36",
                "C93"
            ]
        ],
        "C91": [
            false,
            [
                "C38",
                "C5",
                "C92",
                "C124",
                "C10",
                "C90",
                "C17",
                "C37",
                "C25"
            ]
        ],
        "C92": [
            false,
            [
                "C59"
            ]
        ],
        "C93": [
            false,
            [
                "C67",
                "C113",
                "C76",
                "C27",
                "C54",
                "C55",
                "C20"
            ]
        ],
        "C94": [
            false,
            [
                "C67",
                "C95",
                "C7",
                "C25",
                "C23",
                "C105",
                "C39",
                "C43",
                "C18",
                "C42",
                "C96"
            ]
        ],
        "C95": [
            true,
            [
                "C11",
                "C19",
                "C66",
                "C120",
                "C26",
                "C68",
                "C69",
                "C108",
                "C30",
                "C109",
                "C17"
            ]
        ],
        "C96": [
            false,
            [
                "C95",
                "C93",
                "C73",
                "C1",
                "C89",
                "C113",
                "C97",
                "C13",
                "C125"
            ]
        ],
        "C97": [
            true,
            [
                "C47",
                "C106",
                "C55"
            ]
        ],
        "C98": [
            false,
            [
                "C65",
                "C1",
                "C17",
                "C107",
                "C67",
                "C103",
                "C85",
                "C127",
                "C61",
                "C104",
                "C102",
                "C38"
            ]
        ],
        "C99": [
            false,
            [
                "C108"
            ]
        ],
        "C100": [
            false,
            [
                "C55",
                "C11",
                "C36",
                "C76",
                "C42",
                "C16",
                "C91",
                "C94",
                "C92",
                "C71",
                "C128"
            ]
        ],
        "C101": [
            false,
            [
                "C117",
                "C16",
                "C25",
                "C96",
                "C92",
                "C40"
            ]
        ],
        "C102": [
            false,
            [
                "C120",
                "C90",
                "C78",
                "C57",
                "C38",
                "C123",
                "C63",
                "C117",
                "C45",
                "C116",
                "C27"
            ]
        ],
        "C103": [
            true,
            []
        ],
        "C104": [
            false,
            [
                "C126",
                "C47"
            ]
        ],
        "C105": [
            false,
            [
                "C25",
                "C55"
            ]
        ],
        "C106": [
            false,
            [
                "C89"
            ]
        ],
        "C107": [
            true,
            [
                "C53",
                "C1",
                "C73",
                "C61",
                "C109",
                "C46",
                "C27",
                "C36",
                "C60",
                "C14",
                "C57",
                "C93"
            ]
        ],
        "C108": [
            false,
            [
                "C128"
            ]
        ],
        "C109": [
            false,
            [
                "C54",
                "C30",
                "C102",
                "C53"
            ]
        ],
        "C110": [
            true,
            [
                "C4",
                "C44",
                "C48",
                "C16",
                "C24",
                "C41",
                "C59",
                "C39"
            ]
        ],
        "C111": [
            false,
            [
                "C58",
                "C15",
                "C6",
                "C22",
                "C79",
                "C23",
                "C105",
                "C117",
                "C27",
                "C76",
                "C89",
                "C85"
            ]
        ],
        "C112": [
            false,
            [
                "C115",
                "C36",
                "C105",
                "C126",
                "C48",
                "C1"
            ]
        ],
        "C113": [
            false,
            [
                "C120",
                "C110",
                "C46",
                "C44",
                "C116",
                "C9",
                "C96",
                "C121"
            ]
        ],
        "C114": [
            false,
            [
                "C35",
                "C105",
                "C22",
                "C27",
                "C37",
                "C44"
            ]
        ],
        "C115": [
            false,
            [
                "C33",
                "C27",
                "C45",
                "C106",
                "C71",
                "C92",
                "C88",
                "C20",
                "C89"
            ]
        ],
        "C116": [
            true,
            [
                "C111",
                "C14",
                "C7",
                "C25",
                "C120",
                "C87",
                "C112",
                "C110",
                "C11",
                "C43",
                "C114",
                "C80"
            ]
        ],
        "C117": [
            false,
            [
                "C86",
                "C42",
                "C114",
                "C8",
                "C58",
                "C33",
                "C29"
            ]
        ],
        "C118": [
            true,
            [
                "C23",
                "C110",
                "C12",
                "C119",
                "C6",
                "C17",
                "C48",
                "C80",
                "C111",
                "C10"
            ]
        ],
        "C119": [
            false,
            [
                "C81"
            ]
        ],
        "C120": [
            false,
            [
                "C109",
                "C116",
                "C104",
                "C73",
                "C41",
                "C13",
                "C93",
                "C4"
            ]
        ],
        "C121": [
            false,
            [
                "C51",
                "C1"
            ]
        ],
        "C122": [
            true,
            [
                "C124",
                "C59",
                "C22",
                "C107",
                "C84"
            ]
        ],
        "C123": [
            false,
            [
                "C127",
                "C93",
                "C72",
                "C48",
                "C49",
                "C92",
                "C68",
                "C119",
                "C6",
                "C87",
                "C61",
                "C71"
            ]
        ],
        "C124": [
            false,
            [
                "C94",
                "C1",
                "C58",
                "C108",
                "C36",
                "C77",
                "C104"
            ]
        ],
        "C125": [
            false,
            [
                "C47",
                "C25",
                "C62",
                "C10"
            ]
        ],
        "C126": [
            false,
            [
                "C93",
                "C40",
                "C17",
                "C83",
                "C28",
                "C63",
                "C117"
            ]
        ],
        "C127": [
            false,
            [
                "C90",
                "C103",
                "C123",
                "C122",
                "C0",
                "C81",
                "C108",
                "C60",
                "C15"
            ]
        ],
        "C128": [
            false,
            [
                "C84",
                "C73",
                "C114",
                "C13",
                "C65",
                "C53",
                "C105",
                "C36",
                "C37",
                "C85",
                "C35",
                "C98"
            ]
        ]
    },
    "ground_truth_fault_paths": [
        [
            "C67",
            "C90",
            "C84",
            "C61",
            "C107",
            "C122",
            "C24",
            "C110",
            "C118",
            "C43",
            "C116"
        ],
        [
            "C67",
            "C90",
            "C84",
            "C61",
            "C107",
            "C122",
            "C24",
            "C110",
            "C118",
            "C43",
            "C32"
        ],
        [
            "C69",
            "C1",
            "C107",
            "C122",
            "C24",
            "C110",
            "C118",
            "C43",
            "C116"
        ],
        [
            "C69",
            "C1",
            "C107",
            "C122",
            "C24",
            "C110",
            "C118",
            "C43",
            "C32"
        ],
        [
            "C67",
            "C90",
            "C84",
            "C122",
            "C24",
            "C110",
            "C118",
            "C43",
            "C116"
        ],
        [
            "C67",
            "C90",
            "C84",
            "C122",
            "C24",
            "C110",
            "C118",
            "C43",
            "C32"
        ],
        [
            "C67",
            "C90",
            "C84",
            "C122",
            "C24",
            "C110",
            "C1",
            "C107",
            "C54"
        ],
        [
            "C67",
            "C90",
            "C84",
            "C122",
            "C24",
            "C110",
            "C1",
            "C107",
            "C8"
        ],
        [
            "C67",
            "C90",
            "C84",
            "C61",
            "C107",
            "C122",
            "C24",
            "C110",
            "C116"
        ],
        [
            "C67",
            "C90",
            "C84",
            "C61",
            "C107",
            "C122",
            "C24",
            "C110",
            "C1"
        ],
        [
            "C67",
            "C1",
            "C107",
            "C122",
            "C24",
            "C110",
            "C118",
            "C43",
            "C116"
        ],
        [
            "C67",
            "C1",
            "C107",
            "C122",
            "C24",
            "C110",
            "C118",
            "C43",
            "C32"
        ],
        [
            "C69",
            "C1",
            "C107",
            "C122",
            "C24",
            "C110",
            "C116"
        ],
        [
            "C67",
            "C90",
            "C84",
            "C122",
            "C24",
            "C110",
            "C116"
        ],
        [
            "C67",
            "C1",
            "C107",
            "C122",
            "C24",
            "C110",
            "C116"
        ],
        [
            "C33",
            "C37",
            "C24",
            "C110",
            "C118",
            "C43",
            "C116"
        ],
        [
            "C33",
            "C37",
            "C24",
            "C110",
            "C118",
            "C43",
            "C32"
        ],
        [
            "C33",
            "C37",
            "C24",
            "C110",
            "C1",
            "C107",
            "C122"
        ],
        [
            "C33",
            "C37",
            "C24",
            "C110",
            "C1",
            "C107",
            "C54"
        ],
        [
            "C33",
            "C37",
            "C24",
            "C110",
            "C1",
            "C107",
            "C8"
        ],
        [
            "C41",
            "C110",
            "C1",
            "C107",
            "C122",
            "C24"
        ],
        [
            "C67",
            "C90",
            "C84",
            "C61",
            "C107",
            "C54"
        ],
        [
            "C67",
            "C90",
            "C84",
            "C61",
            "C107",
            "C8"
        ],
        [
            "C41",
            "C110",
            "C118",
            "C43",
            "C116"
        ],
        [
            "C41",
            "C110",
            "C118",
            "C43",
            "C32"
        ],
        [
            "C41",
            "C110",
            "C1",
            "C107",
            "C54"
        ],
        [
            "C41",
            "C110",
            "C1",
            "C107",
            "C8"
        ],
        [
            "C33",
            "C37",
            "C24",
            "C110",
            "C116"
        ],
        [
            "C17",
            "C118",
            "C43",
            "C116"
        ],
        [
            "C17",
            "C118",
            "C43",
            "C32"
        ],
        [
            "C69",
            "C1",
            "C107",
            "C54"
        ],
        [
            "C69",
            "C1",
            "C107",
            "C8"
        ],
        [
            "C67",
            "C1",
            "C107",
            "C54"
        ],
        [
            "C67",
            "C1",
            "C107",
            "C8"
        ],
        [
            "C41",
            "C110",
            "C116"
        ],
        [
            "C41",
            "C43",
            "C116"
        ],
        [
            "C41",
            "C43",
            "C32"
        ],
        [
            "C17",
            "C95"
        ],
        [
            "C69",
            "C95"
        ],
        [
            "C97",
            "C62"
        ],
        [
            "C97",
            "C54"
        ],
        [
            "C2"
        ],
        [
            "C50"
        ],
        [
            "C103"
        ]
    ],
    "error_codes": {
        "E0": [
            "FC0",
            [
                "C116",
                "C61",
                "C84",
                "C118",
                "C67",
                "C0",
                "C88",
                "C17",
                "C49"
            ]
        ],
        "E1": [
            "FC1",
            [
                "C32",
                "C43",
                "C94",
                "C63"
            ]
        ],
        "E2": [
            "FC2",
            [
                "C116",
                "C113",
                "C93",
                "C78",
                "C66",
                "C18",
                "C100",
                "C92",
                "C71",
                "C126",
                "C17",
                "C30",
                "C81"
            ]
        ],
        "E3": [
            "FC3",
            [
                "C32",
                "C69",
                "C107",
                "C52",
                "C26",
                "C93",
                "C103",
                "C89",
                "C68",
                "C65",
                "C122",
                "C117",
                "C37",
                "C126",
                "C27"
            ]
        ],
        "E4": [
            "FC4",
            [
                "C116",
                "C84",
                "C40",
                "C38",
                "C12",
                "C105",
                "C11"
            ]
        ],
        "E5": [
            "FC5",
            [
                "C32",
                "C43",
                "C37",
                "C104",
                "C51",
                "C0",
                "C48"
            ]
        ],
        "E6": [
            "FC6",
            [
                "C54",
                "C1",
                "C122",
                "C67",
                "C49",
                "C100",
                "C128",
                "C47",
                "C27"
            ]
        ],
        "E7": [
            "FC7",
            [
                "C8",
                "C67",
                "C122",
                "C72",
                "C30",
                "C104",
                "C11",
                "C120",
                "C79",
                "C43"
            ]
        ],
        "E8": [
            "FC8",
            [
                "C116",
                "C51",
                "C32",
                "C43",
                "C44",
                "C28",
                "C30",
                "C65",
                "C20",
                "C113",
                "C88"
            ]
        ],
        "E9": [
            "FC9",
            [
                "C1",
                "C24",
                "C84",
                "C73",
                "C27",
                "C125",
                "C113"
            ]
        ],
        "E10": [
            "FC10",
            [
                "C116",
                "C1",
                "C118",
                "C110",
                "C115",
                "C48"
            ]
        ],
        "E11": [
            "FC11",
            [
                "C32",
                "C24",
                "C110",
                "C77",
                "C10",
                "C122",
                "C39",
                "C4"
            ]
        ],
        "E12": [
            "FC12",
            [
                "C116",
                "C110",
                "C26",
                "C85",
                "C63",
                "C113",
                "C30"
            ]
        ],
        "E13": [
            "FC13",
            [
                "C116",
                "C67",
                "C122",
                "C77",
                "C81",
                "C50",
                "C74",
                "C57",
                "C94",
                "C22"
            ]
        ],
        "E14": [
            "FC14",
            [
                "C116",
                "C110",
                "C75",
                "C74",
                "C31",
                "C108",
                "C23",
                "C7"
            ]
        ],
        "E15": [
            "FC15",
            [
                "C116",
                "C33",
                "C65",
                "C40",
                "C2",
                "C13",
                "C3",
                "C10",
                "C18"
            ]
        ],
        "E16": [
            "FC16",
            [
                "C32",
                "C66",
                "C112",
                "C96"
            ]
        ],
        "E17": [
            "FC17",
            [
                "C122",
                "C24",
                "C37",
                "C112",
                "C29",
                "C57",
                "C18"
            ]
        ],
        "E18": [
            "FC18",
            [
                "C54",
                "C33",
                "C110",
                "C6",
                "C125",
                "C95",
                "C93",
                "C119",
                "C53",
                "C21",
                "C58",
                "C120"
            ]
        ],
        "E19": [
            "FC19",
            [
                "C8",
                "C24",
                "C110",
                "C78",
                "C57",
                "C105"
            ]
        ],
        "E20": [
            "FC20",
            [
                "C24",
                "C78"
            ]
        ],
        "E21": [
            "FC21",
            [
                "C54",
                "C107",
                "C73",
                "C33"
            ]
        ],
        "E22": [
            "FC22",
            [
                "C8",
                "C88",
                "C21",
                "C62",
                "C9",
                "C115"
            ]
        ],
        "E23": [
            "FC23",
            [
                "C116",
                "C43",
                "C8",
                "C60",
                "C110"
            ]
        ],
        "E24": [
            "FC24",
            [
                "C32",
                "C40",
                "C23",
                "C83",
                "C66",
                "C103",
                "C115",
                "C124",
                "C84",
                "C34"
            ]
        ],
        "E25": [
            "FC25",
            [
                "C54",
                "C1",
                "C56",
                "C76",
                "C35",
                "C116",
                "C60",
                "C111"
            ]
        ],
        "E26": [
            "FC26",
            [
                "C8",
                "C85",
                "C87",
                "C32",
                "C26",
                "C47",
                "C94"
            ]
        ],
        "E27": [
            "FC27",
            [
                "C116",
                "C13",
                "C81",
                "C58",
                "C125",
                "C50",
                "C47",
                "C94",
                "C108",
                "C65",
                "C90"
            ]
        ],
        "E28": [
            "FC28",
            [
                "C116",
                "C17",
                "C2",
                "C64",
                "C20"
            ]
        ],
        "E29": [
            "FC29",
            [
                "C32",
                "C43",
                "C42",
                "C15"
            ]
        ],
        "E30": [
            "FC30",
            [
                "C54",
                "C23",
                "C96",
                "C46",
                "C110",
                "C74",
                "C70",
                "C12"
            ]
        ],
        "E31": [
            "FC31",
            [
                "C8",
                "C107",
                "C83",
                "C128",
                "C118",
                "C94",
                "C51",
                "C19",
                "C76",
                "C13",
                "C122",
                "C99"
            ]
        ],
        "E32": [
            "FC32",
            [
                "C54",
                "C1",
                "C101"
            ]
        ],
        "E33": [
            "FC33",
            [
                "C8",
                "C100",
                "C25",
                "C19",
                "C11",
                "C6",
                "C74"
            ]
        ],
        "E34": [
            "FC34",
            [
                "C116",
                "C108",
                "C35",
                "C75"
            ]
        ],
        "E35": [
            "FC35",
            [
                "C116",
                "C3",
                "C27",
                "C110",
                "C35",
                "C67",
                "C41",
                "C90"
            ]
        ],
        "E36": [
            "FC36",
            [
                "C32",
                "C86",
                "C98",
                "C49",
                "C93",
                "C10"
            ]
        ],
        "E37": [
            "FC37",
            [
                "C95",
                "C57"
            ]
        ],
        "E38": [
            "FC38",
            [
                "C95",
                "C55",
                "C69",
                "C84",
                "C33",
                "C17",
                "C82",
                "C109",
                "C9"
            ]
        ],
        "E39": [
            "FC39",
            [
                "C62",
                "C50",
                "C46",
                "C34",
                "C76",
                "C107",
                "C27",
                "C77",
                "C68",
                "C123"
            ]
        ],
        "E40": [
            "FC40",
            [
                "C54",
                "C126"
            ]
        ],
        "E41": [
            "FC41",
            [
                "C2",
                "C7",
                "C91",
                "C55",
                "C4",
                "C79",
                "C109",
                "C89",
                "C41",
                "C72",
                "C121",
                "C12"
            ]
        ],
        "E42": [
            "FC42",
            [
                "C50",
                "C92",
                "C93",
                "C46",
                "C84",
                "C122"
            ]
        ],
        "E43": [
            "FC43",
            [
                "C103",
                "C72",
                "C3",
                "C123",
                "C76",
                "C80",
                "C86",
                "C65",
                "C1"
            ]
        ]
    },
    "sim_accuracies": {
        "C0": [
            "0.9895836764913506",
            "False"
        ],
        "C1": [
            "0.9563356922190795",
            "True"
        ],
        "C2": [
            "0.966052871194972",
            "True"
        ],
        "C3": [
            "0.9881873816610083",
            "False"
        ],
        "C4": [
            "0.9519758965520216",
            "False"
        ],
        "C5": [
            "0.9783156642895279",
            "False"
        ],
        "C6": [
            "0.97383046745399",
            "False"
        ],
        "C7": [
            "0.9881201516224872",
            "False"
        ],
        "C8": [
            "0.9868407027391453",
            "True"
        ],
        "C9": [
            "0.9685198425466046",
            "False"
        ],
        "C10": [
            "0.9705154944783316",
            "False"
        ],
        "C11": [
            "0.9743962036940381",
            "False"
        ],
        "C12": [
            "0.9822670039633078",
            "False"
        ],
        "C13": [
            "0.9582293882535249",
            "False"
        ],
        "C14": [
            "0.9794157525912255",
            "False"
        ],
        "C15": [
            "0.9741570942318255",
            "False"
        ],
        "C16": [
            "0.9842679652648101",
            "False"
        ],
        "C17": [
            "0.9541641208680564",
            "True"
        ],
        "C18": [
            "0.9754969732293705",
            "False"
        ],
        "C19": [
            "0.9743554999523831",
            "False"
        ],
        "C20": [
            "0.9586194208389691",
            "False"
        ],
        "C21": [
            "0.9646530291628661",
            "False"
        ],
        "C22": [
            "0.9786783419667002",
            "False"
        ],
        "C23": [
            "0.9663072367548844",
            "False"
        ],
        "C24": [
            "0.9573433332050131",
            "True"
        ],
        "C25": [
            "0.9680235657715291",
            "False"
        ],
        "C26": [
            "0.9602588465840995",
            "False"
        ],
        "C27": [
            "0.9670103652971574",
            "False"
        ],
        "C28": [
            "0.9700639953801282",
            "False"
        ],
        "C29": [
            "0.9770337165336199",
            "False"
        ],
        "C30": [
            "0.959012146189384",
            "False"
        ],
        "C31": [
            "0.9576261553365719",
            "False"
        ],
        "C32": [
            "0.9824713026662224",
            "True"
        ],
        "C33": [
            "0.9809339577035503",
            "True"
        ],
        "C34": [
            "0.977186689103737",
            "False"
        ],
        "C35": [
            "0.9628860341668571",
            "False"
        ],
        "C36": [
            "0.9603728112272125",
            "False"
        ],
        "C37": [
            "0.9856334867494438",
            "True"
        ],
        "C38": [
            "0.965604464251183",
            "False"
        ],
        "C39": [
            "0.9847051650549183",
            "False"
        ],
        "C40": [
            "0.9596112719870683",
            "False"
        ],
        "C41": [
            "0.95312528403242",
            "True"
        ],
        "C42": [
            "0.9727486446443886",
            "False"
        ],
        "C43": [
            "0.9512240120503733",
            "True"
        ],
        "C44": [
            "0.9581401491008106",
            "False"
        ],
        "C45": [
            "0.9688975332648568",
            "False"
        ],
        "C46": [
            "0.9722921729581417",
            "False"
        ],
        "C47": [
            "0.9819415495264177",
            "False"
        ],
        "C48": [
            "0.9676520484538481",
            "False"
        ],
        "C49": [
            "0.9581367187804953",
            "False"
        ],
        "C50": [
            "0.9503675593535185",
            "True"
        ],
        "C51": [
            "0.9543985436071709",
            "False"
        ],
        "C52": [
            "0.9674762998176715",
            "False"
        ],
        "C53": [
            "0.9618851396291155",
            "False"
        ],
        "C54": [
            "0.9861824146563605",
            "True"
        ],
        "C55": [
            "0.9830108570706535",
            "False"
        ],
        "C56": [
            "0.9823847859792194",
            "False"
        ],
        "C57": [
            "0.966630183920058",
            "False"
        ],
        "C58": [
            "0.9521980070720225",
            "False"
        ],
        "C59": [
            "0.9561989999904804",
            "False"
        ],
        "C60": [
            "0.9737247085051824",
            "False"
        ],
        "C61": [
            "0.9577342425748862",
            "True"
        ],
        "C62": [
            "0.9566764984197522",
            "True"
        ],
        "C63": [
            "0.9622682987459436",
            "False"
        ],
        "C64": [
            "0.9734392011600694",
            "False"
        ],
        "C65": [
            "0.9800429099712449",
            "False"
        ],
        "C66": [
            "0.9517287320242103",
            "False"
        ],
        "C67": [
            "0.9730363215828788",
            "True"
        ],
        "C68": [
            "0.9785100697689384",
            "False"
        ],
        "C69": [
            "0.9639855944831605",
            "True"
        ],
        "C70": [
            "0.9841013869784647",
            "False"
        ],
        "C71": [
            "0.9576846793399146",
            "False"
        ],
        "C72": [
            "0.9753149446301745",
            "False"
        ],
        "C73": [
            "0.9771324428807034",
            "False"
        ],
        "C74": [
            "0.9726845350576839",
            "False"
        ],
        "C75": [
            "0.9839968922680368",
            "False"
        ],
        "C76": [
            "0.9590946252767155",
            "False"
        ],
        "C77": [
            "0.9758366668364941",
            "False"
        ],
        "C78": [
            "0.958739158512035",
            "False"
        ],
        "C79": [
            "0.9686073397734843",
            "False"
        ],
        "C80": [
            "0.9887805713276463",
            "False"
        ],
        "C81": [
            "0.9724253060856068",
            "False"
        ],
        "C82": [
            "0.9572950546735098",
            "False"
        ],
        "C83": [
            "0.9853042329111389",
            "False"
        ],
        "C84": [
            "0.9658651730659761",
            "True"
        ],
        "C85": [
            "0.9710757893634236",
            "False"
        ],
        "C86": [
            "0.9804547802491465",
            "False"
        ],
        "C87": [
            "0.9584370036346979",
            "False"
        ],
        "C88": [
            "0.952546456245813",
            "False"
        ],
        "C89": [
            "0.9665209861689041",
            "False"
        ],
        "C90": [
            "0.9710544739541987",
            "True"
        ],
        "C91": [
            "0.9657518882295912",
            "False"
        ],
        "C92": [
            "0.9620570004489832",
            "False"
        ],
        "C93": [
            "0.9562424656035757",
            "False"
        ],
        "C94": [
            "0.9608960734672469",
            "False"
        ],
        "C95": [
            "0.9602163922366608",
            "True"
        ],
        "C96": [
            "0.95419928154851",
            "False"
        ],
        "C97": [
            "0.9839874633365551",
            "True"
        ],
        "C98": [
            "0.9778563326864861",
            "False"
        ],
        "C99": [
            "0.974499944191319",
            "False"
        ],
        "C100": [
            "0.9736246443892496",
            "False"
        ],
        "C101": [
            "0.982038022228642",
            "False"
        ],
        "C102": [
            "0.979504867218398",
            "False"
        ],
        "C103": [
            "0.988244037866169",
            "True"
        ],
        "C104": [
            "0.9503375293646938",
            "False"
        ],
        "C105": [
            "0.9584244372537201",
            "False"
        ],
        "C106": [
            "0.9678149517483765",
            "False"
        ],
        "C107": [
            "0.9684408464018172",
            "True"
        ],
        "C108": [
            "0.9556631041936313",
            "False"
        ],
        "C109": [
            "0.9669874776018771",
            "False"
        ],
        "C110": [
            "0.9574623388911724",
            "True"
        ],
        "C111": [
            "0.970485085052401",
            "False"
        ],
        "C112": [
            "0.9680456423006387",
            "False"
        ],
        "C113": [
            "0.9720658896239771",
            "False"
        ],
        "C114": [
            "0.9798283661192184",
            "False"
        ],
        "C115": [
            "0.981922897960999",
            "False"
        ],
        "C116": [
            "0.9592481110055155",
            "True"
        ],
        "C117": [
            "0.9870986271618819",
            "False"
        ],
        "C118": [
            "0.9897022719585791",
            "True"
        ],
        "C119": [
            "0.9742341582711314",
            "False"
        ],
        "C120": [
            "0.9743943939527328",
            "False"
        ],
        "C121": [
            "0.9613651618542254",
            "False"
        ],
        "C122": [
            "0.9844394466668089",
            "True"
        ],
        "C123": [
            "0.9795466631026603",
            "False"
        ],
        "C124": [
            "0.9777353117089342",
            "False"
        ],
        "C125": [
            "0.9721870199058039",
            "False"
        ],
        "C126": [
            "0.9612670600391431",
            "False"
        ],
        "C127": [
            "0.9823036425955662",
            "False"
        ],
        "C128": [
            "0.9773404938774977",
            "False"
        ]
    }
}