{
    "suspect_components": {
        "C0": [
            false,
            [
                "C9",
                "C118",
                "C109",
                "C84",
                "C20",
                "C57",
                "C25",
                "C26",
                "C127"
            ]
        ],
        "C1": [
            true,
            []
        ],
        "C2": [
            true,
            [
                "C117",
                "C19",
                "C85",
                "C114",
                "C66",
                "C30",
                "C108",
                "C124",
                "C17",
                "C82"
            ]
        ],
        "C3": [
            false,
            [
                "C120",
                "C12",
                "C110",
                "C126",
                "C84",
                "C30"
            ]
        ],
        "C4": [
            false,
            [
                "C108",
                "C45",
                "C5",
                "C51",
                "C94",
                "C37",
                "C93",
                "C119",
                "C76",
                "C15",
                "C16"
            ]
        ],
        "C5": [
            false,
            [
                "C73",
                "C21",
                "C94",
                "C4",
                "C102"
            ]
        ],
        "C6": [
            false,
            [
                "C87",
                "C22",
                "C27",
                "C23",
                "C20",
                "C97",
                "C125",
                "C51"
            ]
        ],
        "C7": [
            true,
            [
                "C14",
                "C82",
                "C29",
                "C64"
            ]
        ],
        "C8": [
            false,
            [
                "C103",
                "C105",
                "C115",
                "C95",
                "C117",
                "C25",
                "C97",
                "C81",
                "C74"
            ]
        ],
        "C9": [
            false,
            []
        ],
        "C10": [
            false,
            [
                "C49",
                "C24"
            ]
        ],
        "C11": [
            false,
            [
                "C51",
                "C73",
                "C47",
                "C98",
                "C50",
                "C97",
                "C88",
                "C118",
                "C24",
                "C56",
                "C90",
                "C5"
            ]
        ],
        "C12": [
            false,
            []
        ],
        "C13": [
            true,
            [
                "C108"
            ]
        ],
        "C14": [
            false,
            [
                "C74",
                "C88",
                "C16",
                "C37",
                "C43",
                "C69",
                "C15",
                "C44"
            ]
        ],
        "C15": [
            false,
            [
                "C113",
                "C48",
                "C11"
            ]
        ],
        "C16": [
            false,
            [
                "C29",
                "C75",
                "C119"
            ]
        ],
        "C17": [
            false,
            [
                "C13",
                "C70",
                "C0",
                "C101",
                "C47",
                "C108"
            ]
        ],
        "C18": [
            false,
            [
                "C41",
                "C38"
            ]
        ],
        "C19": [
            false,
            [
                "C91",
                "C51",
                "C113",
                "C109",
                "C43"
            ]
        ],
        "C20": [
            true,
            [
                "C1"
            ]
        ],
        "C21": [
            false,
            [
                "C92",
                "C51",
                "C46",
                "C113",
                "C33",
                "C112",
                "C34",
                "C10",
                "C110",
                "C101",
                "C118"
            ]
        ],
        "C22": [
            false,
            [
                "C70",
                "C3",
                "C93",
                "C127",
                "C54"
            ]
        ],
        "C23": [
            false,
            []
        ],
        "C24": [
            false,
            [
                "C116",
                "C82",
                "C61"
            ]
        ],
        "C25": [
            false,
            [
                "C65",
                "C95",
                "C15",
                "C52",
                "C1",
                "C102",
                "C35"
            ]
        ],
        "C26": [
            false,
            [
                "C66",
                "C31",
                "C113",
                "C13",
                "C71",
                "C107",
                "C124",
                "C38",
                "C76"
            ]
        ],
        "C27": [
            false,
            [
                "C114",
                "C21"
            ]
        ],
        "C28": [
            true,
            [
                "C17",
                "C109",
                "C54",
                "C115",
                "C7",
                "C9",
                "C68",
                "C114",
                "C37"
            ]
        ],
        "C29": [
            false,
            []
        ],
        "C30": [
            false,
            [
                "C43",
                "C54"
            ]
        ],
        "C31": [
            false,
            [
                "C113",
                "C124",
                "C0",
                "C112",
                "C121",
                "C9",
                "C17",
                "C80",
                "C43"
            ]
        ],
        "C32": [
            false,
            [
                "C76",
                "C44",
                "C68",
                "C72",
                "C63",
                "C22",
                "C11",
                "C55",
                "C36",
                "C24",
                "C5"
            ]
        ],
        "C33": [
            false,
            [
                "C103",
                "C120",
                "C67"
            ]
        ],
        "C34": [
            true,
            []
        ],
        "C35": [
            false,
            []
        ],
        "C36": [
            false,
            [
                "C47",
                "C87",
                "C67",
                "C37",
                "C127",
                "C6",
                "C55",
                "C27",
                "C31"
            ]
        ],
        "C37": [
            false,
            [
                "C15",
                "C60",
                "C71",
                "C48",
                "C7",
                "C116",
                "C26",
                "C77"
            ]
        ],
        "C38": [
            false,
            [
                "C55",
                "C10",
                "C84",
                "C78",
                "C88",
                "C6",
                "C33",
                "C126"
            ]
        ],
        "C39": [
            false,
            [
                "C91",
                "C101",
                "C94",
                "C24",
                "C126",
                "C71",
                "C76",
                "C106",
                "C112",
                "C66"
            ]
        ],
        "C40": [
            false,
            [
                "C39",
                "C43",
                "C48",
                "C102",
                "C65",
                "C42",
                "C85",
                "C2"
            ]
        ],
        "C41": [
            true,
            [
                "C104",
                "C71",
                "C118",
                "C23"
            ]
        ],
        "C42": [
            false,
            [
                "C124",
                "C74",
                "C35",
                "C99",
                "C92",
                "C76",
                "C13",
                "C104",
                "C111",
                "C21",
                "C38"
            ]
        ],
        "C43": [
            false,
            [
                "C88",
                "C6",
                "C21",
                "C17"
            ]
        ],
        "C44": [
            false,
            [
                "C9",
                "C25",
                "C40",
                "C69",
                "C29",
                "C26"
            ]
        ],
        "C45": [
            false,
            [
                "C104"
            ]
        ],
        "C46": [
            false,
            []
        ],
        "C47": [
            false,
            [
                "C101",
                "C45",
                "C25",
                "C5",
                "C102",
                "C41",
                "C104"
            ]
        ],
        "C48": [
            false,
            [
                "C46",
                "C23",
                "C96",
                "C69",
                "C120",
                "C4",
                "C40",
                "C12",
                "C97",
                "C49",
                "C17"
            ]
        ],
        "C49": [
            false,
            [
                "C79",
                "C17",
                "C8",
                "C33",
                "C71",
                "C65",
                "C54",
                "C46",
                "C91",
                "C76",
                "C1",
                "C88"
            ]
        ],
        "C50": [
            true,
            [
                "C111",
                "C99",
                "C73",
                "C37",
                "C100",
                "C31",
                "C125",
                "C44",
                "C70",
                "C117",
                "C35",
                "C53"
            ]
        ],
        "C51": [
            false,
            [
                "C125"
            ]
        ],
        "C52": [
            false,
            []
        ],
        "C53": [
            false,
            [
                "C12",
                "C79",
                "C68",
                "C99",
                "C36",
                "C4"
            ]
        ],
        "C54": [
            false,
            [
                "C113",
                "C72",
                "C73"
            ]
        ],
        "C55": [
            false,
            [
                "C90",
                "C121",
                "C18",
                "C19",
                "C111",
                "C122",
                "C51",
                "C72",
                "C37",
                "C65",
                "C23"
            ]
        ],
        "C56": [
            false,
            [
                "C71"
            ]
        ],
        "C57": [
            false,
            []
        ],
        "C58": [
            false,
            [
                "C19",
                "C59",
                "C111",
                "C97",
                "C79",
                "C33",
                "C2"
            ]
        ],
        "C59": [
            true,
            [
                "C14",
                "C49",
                "C56",
                "C74",
                "C44",
                "C118",
                "C29"
            ]
        ],
        "C60": [
            false,
            [
                "C56",
                "C67",
                "C36",
                "C76",
                "C125",
                "C14",
                "C106",
                "C34",
                "C32",
                "C80",
                "C113"
            ]
        ],
        "C61": [
            false,
            [
                "C24",
                "C107",
                "C74",
                "C12",
                "C7",
                "C71",
                "C128",
                "C92",
                "C41",
                "C67",
                "C30",
                "C68"
            ]
        ],
        "C62": [
            false,
            [
                "C71",
                "C93",
                "C109"
            ]
        ],
        "C63": [
            false,
            [
                "C104",
                "C101",
                "C55",
                "C123"
            ]
        ],
        "C64": [
            false,
            [
                "C128"
            ]
        ],
        "C65": [
            false,
            []
        ],
        "C66": [
            true,
            [
                "C35"
            ]
        ],
        "C67": [
            false,
            [
                "C11",
                "C98",
                "C53",
                "C61",
                "C90",
                "C126",
                "C91",
                "C122",
                "C69",
                "C119",
                "C80"
            ]
        ],
        "C68": [
            false,
            [
                "C117",
                "C91",
                "C107",
                "C71",
                "C96",
                "C108"
            ]
        ],
        "C69": [
            false,
            [
                "C96",
                "C101",
                "C112",
                "C65",
                "C23",
                "C56",
                "C77"
            ]
        ],
        "C70": [
            false,
            [
                "C26",
                "C100",
                "C71",
                "C3",
                "C54",
                "C42",
                "C77",
                "C36",
                "C41",
                "C28",
                "C108"
            ]
        ],
        "C71": [
            false,
            [
                "C65",
                "C90",
                "C51",
                "C34",
                "C72",
                "C73",
                "C30",
                "C78",
                "C102",
                "C24",
                "C3"
            ]
        ],
        "C72": [
            false,
            []
        ],
        "C73": [
            false,
            [
                "C49",
                "C80",
                "C10",
                "C13"
            ]
        ],
        "C74": [
            false,
            [
                "C128",
                "C25",
                "C49",
                "C108",
                "C93"
            ]
        ],
        "C75": [
            false,
            [
                "C74"
            ]
        ],
        "C76": [
            false,
            [
                "C14",
                "C82",
                "C21",
                "C58",
                "C123",
                "C105"
            ]
        ],
        "C77": [
            true,
            [
                "C52",
                "C117",
                "C8",
                "C9",
                "C82"
            ]
        ],
        "C78": [
            true,
            [
                "C55",
                "C65",
                "C23",
                "C4",
                "C12",
                "C127",
                "C91"
            ]
        ],
        "C79": [
            false,
            []
        ],
        "C80": [
            false,
            [
                "C84",
                "C15",
                "C54",
                "C82",
                "C69",
                "C95",
                "C28",
                "C53",
                "C110"
            ]
        ],
        "C81": [
            false,
            [
                "C9",
                "C32",
                "C76",
                "C44"
            ]
        ],
        "C82": [
            false,
            [
                "C38",
                "C11",
                "C85",
                "C0",
                "C48",
                "C25",
                "C37",
                "C24",
                "C92",
                "C86",
                "C91"
            ]
        ],
        "C83": [
            false,
            [
                "C94",
                "C44",
                "C68",
                "C17",
                "C112",
                "C28",
                "C110",
                "C100",
                "C86"
            ]
        ],
        "C84": [
            true,
            [
                "C55",
                "C97",
                "C11",
                "C30",
                "C22"
            ]
        ],
        "C85": [
            true,
            [
                "C120"
            ]
        ],
        "C86": [
            false,
            [
                "C0",
                "C52",
                "C33",
                "C11",
                "C63",
                "C38",
                "C90",
                "C51",
                "C101",
                "C18",
                "C73",
                "C68"
            ]
        ],
        "C87": [
            false,
            [
                "C31",
                "C120",
                "C39",
                "C18",
                "C107",
                "C86",
                "C79",
                "C30",
                "C16",
                "C25",
                "C75"
            ]
        ],
        "C88": [
            true,
            [
                "C127",
                "C45",
                "C97",
                "C29",
                "C30",
                "C126"
            ]
        ],
        "C89": [
            true,
            [
                "C122",
                "C3",
                "C44"
            ]
        ],
        "C90": [
            false,
            [
                "C95"
            ]
        ],
        "C91": [
            false,
            [
                "C65",
                "C89",
                "C10"
            ]
        ],
        "C92": [
            true,
            [
                "C83",
                "C101",
                "C118"
            ]
        ],
        "C93": [
            false,
            [
                "C22",
                "C50",
                "C27"
            ]
        ],
        "C94": [
            true,
            [
                "C30",
                "C51"
            ]
        ],
        "C95": [
            false,
            [
                "C19",
                "C47",
                "C79",
                "C50",
                "C65",
                "C97",
                "C99",
                "C32",
                "C28",
                "C51",
                "C96",
                "C45"
            ]
        ],
        "C96": [
            false,
            [
                "C85"
            ]
        ],
        "C97": [
            true,
            [
                "C70",
                "C66",
                "C3"
            ]
        ],
        "C98": [
            true,
            [
                "C0",
                "C19",
                "C74",
                "C107",
                "C28",
                "C33",
                "C2",
                "C87",
                "C70",
                "C72",
                "C65",
                "C115"
            ]
        ],
        "C99": [
            true,
            [
                "C56",
                "C51",
                "C108",
                "C15",
                "C7"
            ]
        ],
        "C100": [
            false,
            [
                "C75",
                "C27",
                "C51",
                "C48",
                "C94",
                "C60",
                "C54"
            ]
        ],
        "C101": [
            false,
            [
                "C62",
                "C109",
                "C70",
                "C16",
                "C113",
                "C89",
                "C28",
                "C128",
                "C7",
                "C0",
                "C114"
            ]
        ],
        "C102": [
            true,
            [
                "C89",
                "C98",
                "C94",
                "C36",
                "C86",
                "C83",
                "C66",
                "C61",
                "C109",
                "C96"
            ]
        ],
        "C103": [
            true,
            [
                "C36"
            ]
        ],
        "C104": [
            false,
            [
                "C87",
                "C124",
                "C0"
            ]
        ],
        "C105": [
            false,
            [
                "C1",
                "C122",
                "C52",
                "C10",
                "C15"
            ]
        ],
        "C106": [
            false,
            [
                "C32",
                "C64",
                "C80",
                "C98",
                "C63",
                "C99",
                "C109"
            ]
        ],
        "C107": [
            false,
            [
                "C113",
                "C49",
                "C25",
                "C54",
                "C103",
                "C45"
            ]
        ],
        "C108": [
            false,
            [
                "C101",
                "C63",
                "C52",
                "C117",
                "C85",
                "C78",
                "C125",
                "C5",
                "C30",
                "C20",
                "C46"
            ]
        ],
        "C109": [
            false,
            [
                "C73"
            ]
        ],
        "C110": [
            false,
            [
                "C91",
                "C48",
                "C58"
            ]
        ],
        "C111": [
            false,
            [
                "C66",
                "C41",
                "C113",
                "C43",
                "C38",
                "C30",
                "C89",
                "C106",
                "C94"
            ]
        ],
        "C112": [
            false,
            [
                "C97",
                "C3",
                "C75",
                "C13",
                "C44",
                "C118",
                "C72",
                "C78",
                "C117",
                "C4",
                "C98"
            ]
        ],
        "C113": [
            false,
            [
                "C20",
                "C52",
                "C61",
                "C86"
            ]
        ],
        "C114": [
            false,
            [
                "C40",
                "C39",
                "C68",
                "C72",
                "C33",
                "C59",
                "C83"
            ]
        ],
        "C115": [
            false,
            [
                "C11",
                "C103",
                "C79",
                "C55",
                "C63",
                "C57",
                "C99",
                "C6",
                "C100",
                "C37",
                "C108",
                "C50"
            ]
        ],
        "C116": [
            false,
            [
                "C37",
                "C58",
                "C28",
                "C35",
                "C75",
                "C120",
                "C128",
                "C71"
            ]
        ],
        "C117": [
            false,
            [
                "C65",
                "C92",
                "C107",
                "C3",
                "C49"
            ]
        ],
        "C118": [
            false,
            [
                "C31",
                "C105",
                "C98",
                "C92",
                "C46",
                "C121",
                "C79",
                "C29",
                "C45",
                "C75"
            ]
        ],
        "C119": [
            false,
            [
                "C72",
                "C33",
                "C117",
                "C126",
                "C31"
            ]
        ],
        "C120": [
            false,
            [
                "C88",
                "C20",
                "C31",
                "C67",
                "C28",
                "C58",
                "C102",
                "C76",
                "C79"
            ]
        ],
        "C121": [
            false,
            [
                "C114",
                "C120",
                "C41",
                "C24",
                "C30",
                "C128",
                "C72",
                "C79",
                "C11",
                "C29"
            ]
        ],
        "C122": [
            false,
            [
                "C65",
                "C114",
                "C0",
                "C45",
                "C50",
                "C22",
                "C96",
                "C28",
                "C120",
                "C36",
                "C90",
                "C34"
            ]
        ],
        "C123": [
            false,
            [
                "C66",
                "C67",
                "C43",
                "C113",
                "C30",
                "C7",
                "C92",
                "C83",
                "C23",
                "C44"
            ]
        ],
        "C124": [
            false,
            [
                "C95",
                "C29",
                "C41",
                "C27",
                "C122",
                "C78",
                "C113",
                "C108"
            ]
        ],
        "C125": [
            false,
            [
                "C58",
                "C100",
                "C87",
                "C31",
                "C128",
                "C55",
                "C120",
                "C6",
                "C77",
                "C117",
                "C10",
                "C41"
            ]
        ],
        "C126": [
            true,
            [
                "C116",
                "C31",
                "C41"
            ]
        ],
        "C127": [
            false,
            [
                "C5",
                "C96",
                "C47",
                "C28",
                "C35"
            ]
        ],
        "C128": [
            true,
            []
        ]
    },
    "ground_truth_fault_paths": [
        [
            "C66",
            "C2",
            "C98",
            "C102"
        ],
        [
            "C7",
            "C28",
            "C98",
            "C102"
        ],
        [
            "C85",
            "C2",
            "C98",
            "C102"
        ],
        [
            "C41",
            "C126",
            "C88"
        ],
        [
            "C66",
            "C97",
            "C88"
        ],
        [
            "C66",
            "C97",
            "C84"
        ],
        [
            "C7",
            "C99",
            "C50"
        ],
        [
            "C66",
            "C102"
        ],
        [
            "C94",
            "C102"
        ],
        [
            "C89",
            "C102"
        ],
        [
            "C1",
            "C20"
        ],
        [
            "C13"
        ],
        [
            "C34"
        ],
        [
            "C59"
        ],
        [
            "C77"
        ],
        [
            "C78"
        ],
        [
            "C92"
        ],
        [
            "C103"
        ],
        [
            "C128"
        ]
    ],
    "error_codes": {
        "E0": [
            "FC0",
            [
                "C102",
                "C30",
                "C61",
                "C113",
                "C84",
                "C21",
                "C110"
            ]
        ],
        "E1": [
            "FC1",
            [
                "C102",
                "C67",
                "C95",
                "C38",
                "C8",
                "C93",
                "C92",
                "C119",
                "C44",
                "C59",
                "C16",
                "C80",
                "C91"
            ]
        ],
        "E2": [
            "FC2",
            [
                "C102",
                "C39",
                "C112",
                "C123"
            ]
        ],
        "E3": [
            "FC3",
            [
                "C88",
                "C46"
            ]
        ],
        "E4": [
            "FC4",
            [
                "C88",
                "C72",
                "C90",
                "C81",
                "C80",
                "C34",
                "C40"
            ]
        ],
        "E5": [
            "FC5",
            [
                "C84",
                "C82"
            ]
        ],
        "E6": [
            "FC6",
            [
                "C50",
                "C128",
                "C115",
                "C45",
                "C28",
                "C47"
            ]
        ],
        "E7": [
            "FC7",
            [
                "C102",
                "C114",
                "C61",
                "C63",
                "C93",
                "C60",
                "C116",
                "C7",
                "C109",
                "C55",
                "C37"
            ]
        ],
        "E8": [
            "FC8",
            [
                "C102",
                "C13",
                "C0",
                "C19",
                "C112"
            ]
        ],
        "E9": [
            "FC9",
            [
                "C102",
                "C90",
                "C91"
            ]
        ],
        "E10": [
            "FC10",
            [
                "C20",
                "C110",
                "C48",
                "C33",
                "C95",
                "C30",
                "C100",
                "C105",
                "C32"
            ]
        ],
        "E11": [
            "FC11",
            [
                "C13",
                "C89",
                "C108"
            ]
        ],
        "E12": [
            "FC12",
            [
                "C34",
                "C121",
                "C69",
                "C96",
                "C52",
                "C127",
                "C72",
                "C125",
                "C13",
                "C60",
                "C4",
                "C54"
            ]
        ],
        "E13": [
            "FC13",
            [
                "C59",
                "C100",
                "C62",
                "C109",
                "C13",
                "C32",
                "C98",
                "C116"
            ]
        ],
        "E14": [
            "FC14",
            [
                "C77",
                "C116",
                "C85"
            ]
        ],
        "E15": [
            "FC15",
            [
                "C78",
                "C66",
                "C5",
                "C85",
                "C57",
                "C17",
                "C104",
                "C84",
                "C83",
                "C46"
            ]
        ],
        "E16": [
            "FC16",
            [
                "C92",
                "C120",
                "C99",
                "C31"
            ]
        ],
        "E17": [
            "FC17",
            [
                "C103",
                "C40",
                "C118",
                "C69",
                "C106",
                "C14",
                "C2",
                "C62",
                "C75"
            ]
        ],
        "E18": [
            "FC18",
            [
                "C128",
                "C0",
                "C95"
            ]
        ]
    },
    "sim_accuracies": {
        "C0": [
            "0.9846250994684924",
            "False"
        ],
        "C1": [
            "0.9876920887219861",
            "True"
        ],
        "C2": [
            "0.9722802159704509",
            "True"
        ],
        "C3": [
            "0.9821692524934226",
            "False"
        ],
        "C4": [
            "0.9680387437427199",
            "False"
        ],
        "C5": [
            "0.983616249333502",
            "False"
        ],
        "C6": [
            "0.9649207338955238",
            "False"
        ],
        "C7": [
            "0.9690715417523426",
            "True"
        ],
        "C8": [
            "0.973554857846576",
            "False"
        ],
        "C9": [
            "0.9607695676897543",
            "False"
        ],
        "C10": [
            "0.9799701671876136",
            "False"
        ],
        "C11": [
            "0.9726301975384058",
            "False"
        ],
        "C12": [
            "0.9603200084980414",
            "False"
        ],
        "C13": [
            "0.9506037842765332",
            "True"
        ],
        "C14": [
            "0.9885599854553925",
            "False"
        ],
        "C15": [
            "0.9508118941199255",
            "False"
        ],
        "C16": [
            "0.9690696406512647",
            "False"
        ],
        "C17": [
            "0.9670896393857448",
            "False"
        ],
        "C18": [
            "0.9879437016430445",
            "False"
        ],
        "C19": [
            "0.9898797515803266",
            "False"
        ],
        "C20": [
            "0.9520142846709034",
            "True"
        ],
        "C21": [
            "0.9886105929887758",
            "False"
        ],
        "C22": [
            "0.9689097275316743",
            "False"
        ],
        "C23": [
            "0.9897823250507685",
            "False"
        ],
        "C24": [
            "0.9756054139654727",
            "False"
        ],
        "C25": [
            "0.9772221366525746",
            "False"
        ],
        "C26": [
            "0.9591497930287766",
            "False"
        ],
        "C27": [
            "0.9615153425836993",
            "False"
        ],
        "C28": [
            "0.9667206430752209",
            "True"
        ],
        "C29": [
            "0.9538785860910587",
            "False"
        ],
        "C30": [
            "0.983830140485286",
            "False"
        ],
        "C31": [
            "0.9631443973260965",
            "False"
        ],
        "C32": [
            "0.9633753625101991",
            "False"
        ],
        "C33": [
            "0.9833797081946858",
            "False"
        ],
        "C34": [
            "0.9604088385789002",
            "True"
        ],
        "C35": [
            "0.9512040700885902",
            "False"
        ],
        "C36": [
            "0.9554987794004733",
            "False"
        ],
        "C37": [
            "0.9675707887292327",
            "False"
        ],
        "C38": [
            "0.982309803569188",
            "False"
        ],
        "C39": [
            "0.9790893954588488",
            "False"
        ],
        "C40": [
            "0.9521532824973903",
            "False"
        ],
        "C41": [
            "0.9644762699462363",
            "True"
        ],
        "C42": [
            "0.9525536492808226",
            "False"
        ],
        "C43": [
            "0.9591641047372258",
            "False"
        ],
        "C44": [
            "0.9512031149547686",
            "False"
        ],
        "C45": [
            "0.970558077983369",
            "False"
        ],
        "C46": [
            "0.9760823583287931",
            "False"
        ],
        "C47": [
            "0.9591351308210233",
            "False"
        ],
        "C48": [
            "0.9640299866171393",
            "False"
        ],
        "C49": [
            "0.9544499096496596",
            "False"
        ],
        "C50": [
            "0.9807366205554039",
            "True"
        ],
        "C51": [
            "0.9755053253830996",
            "False"
        ],
        "C52": [
            "0.9629313977466651",
            "False"
        ],
        "C53": [
            "0.9774948080894656",
            "False"
        ],
        "C54": [
            "0.9823742732773383",
            "False"
        ],
        "C55": [
            "0.964094619990534",
            "False"
        ],
        "C56": [
            "0.955096639736558",
            "False"
        ],
        "C57": [
            "0.9853980653749752",
            "False"
        ],
        "C58": [
            "0.9891994949777865",
            "False"
        ],
        "C59": [
            "0.9582040489503427",
            "True"
        ],
        "C60": [
            "0.9630966728306221",
            "False"
        ],
        "C61": [
            "0.9808055776520889",
            "False"
        ],
        "C62": [
            "0.9832617413445303",
            "False"
        ],
        "C63": [
            "0.9720204316272583",
            "False"
        ],
        "C64": [
            "0.9669049209443191",
            "False"
        ],
        "C65": [
            "0.9774929424517194",
            "False"
        ],
        "C66": [
            "0.987335230255198",
            "True"
        ],
        "C67": [
            "0.981388957224774",
            "False"
        ],
        "C68": [
            "0.9861664887493121",
            "False"
        ],
        "C69": [
            "0.9843635655095742",
            "False"
        ],
        "C70": [
            "0.9695295124822428",
            "False"
        ],
        "C71": [
            "0.988094606032156",
            "False"
        ],
        "C72": [
            "0.9653367335746105",
            "False"
        ],
        "C73": [
            "0.9823115102850006",
            "False"
        ],
        "C74": [
            "0.9504841430953969",
            "False"
        ],
        "C75": [
            "0.9849709059478859",
            "False"
        ],
        "C76": [
            "0.985003816503744",
            "False"
        ],
        "C77": [
            "0.9653616919406135",
            "True"
        ],
        "C78": [
            "0.9503986064875102",
            "True"
        ],
        "C79": [
            "0.9521199646382228",
            "False"
        ],
        "C80": [
            "0.9637392669072457",
            "False"
        ],
        "C81": [
            "0.9850460657655935",
            "False"
        ],
        "C82": [
            "0.9784613890706827",
            "False"
        ],
        "C83": [
            "0.9615905839288166",
            "False"
        ],
        "C84": [
            "0.964192088274804",
            "True"
        ],
        "C85": [
            "0.9535243700565081",
            "True"
        ],
        "C86": [
            "0.9591644886666523",
            "False"
        ],
        "C87": [
            "0.9720667885929428",
            "False"
        ],
        "C88": [
            "0.9610198167031992",
            "True"
        ],
        "C89": [
            "0.983108521609826",
            "True"
        ],
        "C90": [
            "0.9798130685380864",
            "False"
        ],
        "C91": [
            "0.9763767395299429",
            "False"
        ],
        "C92": [
            "0.9790057427526865",
            "True"
        ],
        "C93": [
            "0.951628113524418",
            "False"
        ],
        "C94": [
            "0.9748119717896819",
            "True"
        ],
        "C95": [
            "0.9609366685754481",
            "False"
        ],
        "C96": [
            "0.9864894028056137",
            "False"
        ],
        "C97": [
            "0.9897057436600788",
            "True"
        ],
        "C98": [
            "0.985519107805106",
            "True"
        ],
        "C99": [
            "0.9826931444382189",
            "True"
        ],
        "C100": [
            "0.9628510919884209",
            "False"
        ],
        "C101": [
            "0.9540502630038606",
            "False"
        ],
        "C102": [
            "0.9576059871133198",
            "True"
        ],
        "C103": [
            "0.9558575260234491",
            "True"
        ],
        "C104": [
            "0.9616309456328294",
            "False"
        ],
        "C105": [
            "0.954365362331543",
            "False"
        ],
        "C106": [
            "0.9860896121470776",
            "False"
        ],
        "C107": [
            "0.9643322408665131",
            "False"
        ],
        "C108": [
            "0.9562035188944058",
            "False"
        ],
        "C109": [
            "0.9760426282016548",
            "False"
        ],
        "C110": [
            "0.9532099941571717",
            "False"
        ],
        "C111": [
            "0.9599262499605259",
            "False"
        ],
        "C112": [
            "0.960420389496959",
            "False"
        ],
        "C113": [
            "0.9617414548630965",
            "False"
        ],
        "C114": [
            "0.9720881875823854",
            "False"
        ],
        "C115": [
            "0.9873409104657125",
            "False"
        ],
        "C116": [
            "0.9555332077785753",
            "False"
        ],
        "C117": [
            "0.9792804534879817",
            "False"
        ],
        "C118": [
            "0.9726529816190137",
            "False"
        ],
        "C119": [
            "0.9849233903950273",
            "False"
        ],
        "C120": [
            "0.9653869612127297",
            "False"
        ],
        "C121": [
            "0.9715811376856663",
            "False"
        ],
        "C122": [
            "0.9587657810234853",
            "False"
        ],
        "C123": [
            "0.987847283672107",
            "False"
        ],
        "C124": [
            "0.9569799472307329",
            "False"
        ],
        "C125": [
            "0.9595945952942347",
            "False"
        ],
        "C126": [
            "0.9581860529928035",
            "True"
        ],
        "C127": [
            "0.9885249280113285",
            "False"
        ],
        "C128": [
            "0.9760006859750899",
            "True"
        ]
    }
}