{
    "suspect_components": {
        "C0": [
            false,
            []
        ],
        "C1": [
            false,
            [
                "C10",
                "C117"
            ]
        ],
        "C2": [
            true,
            [
                "C21",
                "C41",
                "C20",
                "C102",
                "C6",
                "C78",
                "C9",
                "C31"
            ]
        ],
        "C3": [
            false,
            [
                "C41",
                "C107",
                "C86",
                "C13",
                "C9",
                "C58",
                "C16",
                "C92",
                "C97",
                "C50",
                "C79",
                "C52"
            ]
        ],
        "C4": [
            true,
            [
                "C115",
                "C25",
                "C30",
                "C53"
            ]
        ],
        "C5": [
            true,
            [
                "C27",
                "C49",
                "C90",
                "C37",
                "C126"
            ]
        ],
        "C6": [
            false,
            [
                "C66",
                "C98",
                "C24",
                "C108",
                "C38",
                "C1",
                "C39",
                "C111",
                "C128",
                "C55",
                "C113"
            ]
        ],
        "C7": [
            true,
            [
                "C89"
            ]
        ],
        "C8": [
            false,
            [
                "C23",
                "C68",
                "C5",
                "C103",
                "C43",
                "C76",
                "C126"
            ]
        ],
        "C9": [
            false,
            [
                "C28"
            ]
        ],
        "C10": [
            false,
            [
                "C63",
                "C86"
            ]
        ],
        "C11": [
            false,
            [
                "C118"
            ]
        ],
        "C12": [
            false,
            [
                "C86",
                "C84",
                "C125"
            ]
        ],
        "C13": [
            false,
            [
                "C39",
                "C79",
                "C73",
                "C49",
                "C116",
                "C99",
                "C48",
                "C17",
                "C51",
                "C19",
                "C14",
                "C94"
            ]
        ],
        "C14": [
            false,
            [
                "C89",
                "C110",
                "C11",
                "C79",
                "C21",
                "C126",
                "C101",
                "C88",
                "C75",
                "C77"
            ]
        ],
        "C15": [
            false,
            [
                "C115"
            ]
        ],
        "C16": [
            false,
            [
                "C112",
                "C94",
                "C35",
                "C59",
                "C25",
                "C109",
                "C85"
            ]
        ],
        "C17": [
            true,
            [
                "C107",
                "C69",
                "C117",
                "C11",
                "C45",
                "C109",
                "C7",
                "C21"
            ]
        ],
        "C18": [
            false,
            [
                "C110",
                "C11",
                "C64",
                "C121",
                "C68",
                "C50",
                "C105",
                "C73",
                "C97",
                "C15",
                "C92",
                "C102"
            ]
        ],
        "C19": [
            false,
            [
                "C86",
                "C70",
                "C21"
            ]
        ],
        "C20": [
            true,
            [
                "C62",
                "C11",
                "C80",
                "C48",
                "C110"
            ]
        ],
        "C21": [
            false,
            [
                "C122",
                "C118",
                "C42"
            ]
        ],
        "C22": [
            false,
            [
                "C55",
                "C41",
                "C16",
                "C77",
                "C111"
            ]
        ],
        "C23": [
            false,
            [
                "C108",
                "C88",
                "C19",
                "C36",
                "C103",
                "C124",
                "C57",
                "C4",
                "C110"
            ]
        ],
        "C24": [
            false,
            [
                "C65",
                "C58",
                "C49",
                "C124",
                "C64",
                "C10",
                "C40",
                "C93",
                "C83"
            ]
        ],
        "C25": [
            false,
            [
                "C69",
                "C8"
            ]
        ],
        "C26": [
            true,
            [
                "C14",
                "C56",
                "C92",
                "C55",
                "C36",
                "C68",
                "C72",
                "C81",
                "C112",
                "C104"
            ]
        ],
        "C27": [
            false,
            [
                "C63",
                "C53",
                "C82",
                "C23",
                "C100",
                "C101",
                "C9",
                "C127"
            ]
        ],
        "C28": [
            false,
            [
                "C48",
                "C109",
                "C100",
                "C116",
                "C49",
                "C118",
                "C104"
            ]
        ],
        "C29": [
            false,
            [
                "C98",
                "C115",
                "C27",
                "C116",
                "C26",
                "C49",
                "C47",
                "C3",
                "C37",
                "C59",
                "C105"
            ]
        ],
        "C30": [
            false,
            [
                "C121",
                "C44",
                "C41",
                "C122",
                "C102",
                "C127",
                "C37"
            ]
        ],
        "C31": [
            false,
            [
                "C40",
                "C54",
                "C42"
            ]
        ],
        "C32": [
            false,
            [
                "C1",
                "C118",
                "C86",
                "C110",
                "C29",
                "C18",
                "C90",
                "C82",
                "C120"
            ]
        ],
        "C33": [
            false,
            [
                "C72",
                "C67",
                "C113",
                "C98",
                "C105",
                "C25",
                "C9"
            ]
        ],
        "C34": [
            false,
            [
                "C106"
            ]
        ],
        "C35": [
            true,
            [
                "C44",
                "C19",
                "C6",
                "C61",
                "C15",
                "C36",
                "C74",
                "C91",
                "C11"
            ]
        ],
        "C36": [
            false,
            []
        ],
        "C37": [
            false,
            [
                "C102",
                "C124",
                "C13",
                "C58"
            ]
        ],
        "C38": [
            false,
            [
                "C25",
                "C100",
                "C32",
                "C41",
                "C42",
                "C114"
            ]
        ],
        "C39": [
            false,
            [
                "C13",
                "C11",
                "C45",
                "C103",
                "C23",
                "C110",
                "C111",
                "C89",
                "C54",
                "C76"
            ]
        ],
        "C40": [
            false,
            [
                "C46",
                "C86",
                "C15"
            ]
        ],
        "C41": [
            false,
            [
                "C99",
                "C66",
                "C100",
                "C6",
                "C7",
                "C23",
                "C94",
                "C90",
                "C30",
                "C101",
                "C111"
            ]
        ],
        "C42": [
            false,
            []
        ],
        "C43": [
            false,
            [
                "C45",
                "C99",
                "C83",
                "C58",
                "C12",
                "C57",
                "C111"
            ]
        ],
        "C44": [
            false,
            [
                "C77",
                "C23",
                "C106",
                "C95",
                "C4",
                "C121"
            ]
        ],
        "C45": [
            false,
            [
                "C99",
                "C93",
                "C100",
                "C123",
                "C61",
                "C89",
                "C117",
                "C94",
                "C16",
                "C114",
                "C22"
            ]
        ],
        "C46": [
            true,
            [
                "C91",
                "C43",
                "C42",
                "C79"
            ]
        ],
        "C47": [
            true,
            [
                "C68"
            ]
        ],
        "C48": [
            false,
            [
                "C29",
                "C14",
                "C5",
                "C82",
                "C54",
                "C72",
                "C10",
                "C68",
                "C74",
                "C66",
                "C26"
            ]
        ],
        "C49": [
            false,
            [
                "C29",
                "C118",
                "C108",
                "C58",
                "C87",
                "C14",
                "C55",
                "C120"
            ]
        ],
        "C50": [
            false,
            [
                "C8",
                "C12",
                "C100",
                "C80",
                "C108",
                "C46",
                "C53",
                "C57",
                "C124",
                "C36"
            ]
        ],
        "C51": [
            false,
            []
        ],
        "C52": [
            false,
            [
                "C51",
                "C6",
                "C122",
                "C100",
                "C104",
                "C127"
            ]
        ],
        "C53": [
            false,
            [
                "C8",
                "C14"
            ]
        ],
        "C54": [
            true,
            [
                "C69",
                "C61",
                "C79",
                "C39",
                "C38",
                "C63"
            ]
        ],
        "C55": [
            false,
            [
                "C109",
                "C59",
                "C31",
                "C103",
                "C60",
                "C113",
                "C4",
                "C81",
                "C33"
            ]
        ],
        "C56": [
            false,
            [
                "C101",
                "C128",
                "C50",
                "C115",
                "C62",
                "C84",
                "C67"
            ]
        ],
        "C57": [
            true,
            [
                "C99",
                "C103",
                "C24",
                "C72",
                "C34",
                "C80",
                "C84",
                "C78"
            ]
        ],
        "C58": [
            false,
            [
                "C83",
                "C82"
            ]
        ],
        "C59": [
            true,
            [
                "C39",
                "C87",
                "C60",
                "C51",
                "C127"
            ]
        ],
        "C60": [
            true,
            [
                "C82",
                "C122",
                "C95",
                "C36",
                "C65",
                "C7"
            ]
        ],
        "C61": [
            false,
            [
                "C58",
                "C67",
                "C24",
                "C90",
                "C87",
                "C53",
                "C48",
                "C99"
            ]
        ],
        "C62": [
            false,
            [
                "C12",
                "C84",
                "C94",
                "C49",
                "C112",
                "C40"
            ]
        ],
        "C63": [
            false,
            [
                "C26",
                "C83",
                "C91",
                "C4",
                "C119",
                "C25",
                "C108",
                "C32",
                "C116",
                "C128",
                "C95",
                "C74"
            ]
        ],
        "C64": [
            false,
            [
                "C69",
                "C37",
                "C10",
                "C95",
                "C122",
                "C91",
                "C67"
            ]
        ],
        "C65": [
            false,
            [
                "C84",
                "C45"
            ]
        ],
        "C66": [
            false,
            [
                "C105",
                "C117",
                "C41",
                "C96"
            ]
        ],
        "C67": [
            false,
            [
                "C98",
                "C22",
                "C25",
                "C45",
                "C49",
                "C3",
                "C85",
                "C11",
                "C63"
            ]
        ],
        "C68": [
            false,
            [
                "C80",
                "C4",
                "C79"
            ]
        ],
        "C69": [
            false,
            [
                "C89",
                "C91"
            ]
        ],
        "C70": [
            false,
            [
                "C53",
                "C101",
                "C49",
                "C87",
                "C31",
                "C17",
                "C14",
                "C52",
                "C90",
                "C50",
                "C114"
            ]
        ],
        "C71": [
            false,
            [
                "C92",
                "C102",
                "C60",
                "C88",
                "C99",
                "C89",
                "C61",
                "C22",
                "C90",
                "C109",
                "C77",
                "C43"
            ]
        ],
        "C72": [
            true,
            [
                "C34",
                "C121",
                "C116",
                "C45",
                "C50",
                "C102",
                "C17",
                "C61",
                "C20"
            ]
        ],
        "C73": [
            false,
            [
                "C62",
                "C79",
                "C33",
                "C0"
            ]
        ],
        "C74": [
            false,
            [
                "C43",
                "C79",
                "C57",
                "C116"
            ]
        ],
        "C75": [
            false,
            [
                "C110",
                "C66",
                "C64",
                "C6",
                "C10",
                "C3",
                "C96",
                "C49",
                "C37",
                "C47",
                "C53",
                "C29"
            ]
        ],
        "C76": [
            false,
            [
                "C78",
                "C82",
                "C97",
                "C109",
                "C39",
                "C47",
                "C44",
                "C91",
                "C26",
                "C77",
                "C84"
            ]
        ],
        "C77": [
            false,
            [
                "C0",
                "C22",
                "C48"
            ]
        ],
        "C78": [
            false,
            [
                "C76",
                "C65",
                "C6",
                "C114",
                "C115",
                "C91",
                "C22",
                "C92"
            ]
        ],
        "C79": [
            false,
            [
                "C80",
                "C105"
            ]
        ],
        "C80": [
            false,
            [
                "C46",
                "C39",
                "C91",
                "C56",
                "C11",
                "C45"
            ]
        ],
        "C81": [
            true,
            [
                "C104"
            ]
        ],
        "C82": [
            true,
            [
                "C49",
                "C0",
                "C77",
                "C115",
                "C105",
                "C121",
                "C62"
            ]
        ],
        "C83": [
            false,
            [
                "C14",
                "C21",
                "C128",
                "C53",
                "C72",
                "C71",
                "C58",
                "C24",
                "C13"
            ]
        ],
        "C84": [
            false,
            [
                "C75",
                "C13",
                "C47"
            ]
        ],
        "C85": [
            false,
            [
                "C84",
                "C14"
            ]
        ],
        "C86": [
            false,
            [
                "C103",
                "C17",
                "C121",
                "C35",
                "C32",
                "C54",
                "C90",
                "C59",
                "C12",
                "C57",
                "C56"
            ]
        ],
        "C87": [
            false,
            [
                "C123",
                "C62",
                "C43",
                "C25",
                "C99",
                "C106"
            ]
        ],
        "C88": [
            false,
            [
                "C20",
                "C33",
                "C98",
                "C27",
                "C28",
                "C46",
                "C78",
                "C49",
                "C38",
                "C54",
                "C40",
                "C84"
            ]
        ],
        "C89": [
            false,
            [
                "C116",
                "C74",
                "C75",
                "C78",
                "C85"
            ]
        ],
        "C90": [
            false,
            [
                "C107",
                "C60",
                "C94",
                "C57",
                "C95",
                "C64",
                "C19",
                "C15",
                "C50",
                "C42"
            ]
        ],
        "C91": [
            false,
            [
                "C111",
                "C118",
                "C116",
                "C108",
                "C107",
                "C30",
                "C31",
                "C60",
                "C0",
                "C25",
                "C64"
            ]
        ],
        "C92": [
            true,
            [
                "C76",
                "C74",
                "C29",
                "C12"
            ]
        ],
        "C93": [
            false,
            [
                "C106",
                "C5",
                "C109",
                "C56"
            ]
        ],
        "C94": [
            false,
            [
                "C101",
                "C17",
                "C67",
                "C65",
                "C13",
                "C99",
                "C80"
            ]
        ],
        "C95": [
            false,
            [
                "C58",
                "C116",
                "C57",
                "C0",
                "C16",
                "C54",
                "C25",
                "C15",
                "C85"
            ]
        ],
        "C96": [
            false,
            [
                "C117",
                "C27",
                "C110",
                "C77",
                "C57",
                "C22",
                "C83",
                "C99",
                "C111",
                "C120",
                "C76"
            ]
        ],
        "C97": [
            false,
            [
                "C72",
                "C114",
                "C84",
                "C100",
                "C37",
                "C23",
                "C125",
                "C5",
                "C110",
                "C81"
            ]
        ],
        "C98": [
            false,
            [
                "C1",
                "C38",
                "C39",
                "C75",
                "C85",
                "C88",
                "C116"
            ]
        ],
        "C99": [
            false,
            [
                "C31",
                "C60",
                "C3",
                "C89",
                "C120",
                "C109",
                "C27"
            ]
        ],
        "C100": [
            false,
            [
                "C9",
                "C29",
                "C93",
                "C95",
                "C31",
                "C53",
                "C48",
                "C75"
            ]
        ],
        "C101": [
            false,
            [
                "C43"
            ]
        ],
        "C102": [
            true,
            [
                "C16",
                "C91",
                "C12"
            ]
        ],
        "C103": [
            false,
            [
                "C53",
                "C63",
                "C121",
                "C124",
                "C123",
                "C65",
                "C120",
                "C76",
                "C111",
                "C60"
            ]
        ],
        "C104": [
            false,
            [
                "C106",
                "C5",
                "C2",
                "C12",
                "C49",
                "C32",
                "C8",
                "C96",
                "C101",
                "C58",
                "C19"
            ]
        ],
        "C105": [
            false,
            [
                "C121",
                "C119",
                "C29",
                "C33",
                "C39",
                "C12",
                "C76",
                "C72",
                "C32",
                "C71",
                "C30",
                "C97"
            ]
        ],
        "C106": [
            false,
            [
                "C11",
                "C124",
                "C43",
                "C90",
                "C86",
                "C49"
            ]
        ],
        "C107": [
            true,
            [
                "C73",
                "C84",
                "C125",
                "C88",
                "C101",
                "C57",
                "C75",
                "C46",
                "C36",
                "C114",
                "C122",
                "C51"
            ]
        ],
        "C108": [
            true,
            [
                "C64",
                "C58",
                "C51",
                "C55"
            ]
        ],
        "C109": [
            false,
            [
                "C103",
                "C37",
                "C68"
            ]
        ],
        "C110": [
            false,
            [
                "C13",
                "C1",
                "C5",
                "C25",
                "C7",
                "C52",
                "C121",
                "C104",
                "C21",
                "C79",
                "C118",
                "C48"
            ]
        ],
        "C111": [
            true,
            [
                "C46",
                "C32",
                "C15"
            ]
        ],
        "C112": [
            false,
            [
                "C102",
                "C51",
                "C57",
                "C95",
                "C71",
                "C26",
                "C1",
                "C60",
                "C66",
                "C91"
            ]
        ],
        "C113": [
            false,
            [
                "C88",
                "C14",
                "C27",
                "C67",
                "C86"
            ]
        ],
        "C114": [
            false,
            [
                "C14",
                "C124",
                "C55"
            ]
        ],
        "C115": [
            false,
            [
                "C13",
                "C7",
                "C44",
                "C34",
                "C0",
                "C112",
                "C62",
                "C122",
                "C110",
                "C83",
                "C95",
                "C94"
            ]
        ],
        "C116": [
            true,
            []
        ],
        "C117": [
            true,
            [
                "C73",
                "C78",
                "C100",
                "C47",
                "C44",
                "C3",
                "C49",
                "C102",
                "C85",
                "C121",
                "C88",
                "C62"
            ]
        ],
        "C118": [
            false,
            [
                "C11",
                "C45",
                "C26",
                "C47",
                "C5",
                "C33",
                "C13",
                "C41"
            ]
        ],
        "C119": [
            false,
            [
                "C58"
            ]
        ],
        "C120": [
            false,
            [
                "C103",
                "C70"
            ]
        ],
        "C121": [
            true,
            [
                "C1",
                "C20",
                "C27",
                "C100",
                "C106",
                "C35",
                "C38",
                "C113",
                "C61",
                "C15",
                "C23"
            ]
        ],
        "C122": [
            false,
            [
                "C91",
                "C83",
                "C90",
                "C8",
                "C119",
                "C108",
                "C24",
                "C63",
                "C12",
                "C92",
                "C5",
                "C13"
            ]
        ],
        "C123": [
            false,
            [
                "C114"
            ]
        ],
        "C124": [
            false,
            [
                "C43",
                "C8",
                "C11",
                "C118",
                "C40",
                "C117"
            ]
        ],
        "C125": [
            false,
            [
                "C0",
                "C3",
                "C92",
                "C36",
                "C87",
                "C73",
                "C105",
                "C50"
            ]
        ],
        "C126": [
            true,
            []
        ],
        "C127": [
            false,
            [
                "C109",
                "C78",
                "C111",
                "C96",
                "C47",
                "C73",
                "C48",
                "C70",
                "C28",
                "C60",
                "C67"
            ]
        ],
        "C128": [
            false,
            [
                "C37",
                "C85",
                "C91",
                "C74",
                "C90",
                "C94",
                "C45",
                "C39",
                "C23"
            ]
        ]
    },
    "ground_truth_fault_paths": [
        [
            "C35",
            "C121",
            "C117",
            "C17",
            "C72",
            "C57",
            "C107"
        ],
        [
            "C20",
            "C121",
            "C117",
            "C17",
            "C72",
            "C57",
            "C107"
        ],
        [
            "C35",
            "C121",
            "C117",
            "C17",
            "C72",
            "C26"
        ],
        [
            "C35",
            "C121",
            "C72",
            "C57",
            "C107",
            "C17"
        ],
        [
            "C20",
            "C121",
            "C117",
            "C17",
            "C72",
            "C26"
        ],
        [
            "C20",
            "C121",
            "C72",
            "C57",
            "C107",
            "C17"
        ],
        [
            "C102",
            "C117",
            "C17",
            "C72",
            "C57",
            "C107"
        ],
        [
            "C47",
            "C117",
            "C17",
            "C72",
            "C57",
            "C107"
        ],
        [
            "C35",
            "C121",
            "C82",
            "C60",
            "C59"
        ],
        [
            "C20",
            "C121",
            "C82",
            "C60",
            "C59"
        ],
        [
            "C20",
            "C72",
            "C57",
            "C107",
            "C17"
        ],
        [
            "C102",
            "C117",
            "C17",
            "C72",
            "C26"
        ],
        [
            "C102",
            "C72",
            "C57",
            "C107",
            "C17"
        ],
        [
            "C47",
            "C117",
            "C17",
            "C72",
            "C26"
        ],
        [
            "C46",
            "C107",
            "C17",
            "C72",
            "C57"
        ],
        [
            "C46",
            "C107",
            "C17",
            "C72",
            "C26"
        ],
        [
            "C57",
            "C107",
            "C17",
            "C72",
            "C26"
        ],
        [
            "C116",
            "C72",
            "C57",
            "C107",
            "C17"
        ],
        [
            "C7",
            "C17",
            "C72",
            "C57",
            "C107"
        ],
        [
            "C35",
            "C121",
            "C72",
            "C26"
        ],
        [
            "C20",
            "C121",
            "C72",
            "C26"
        ],
        [
            "C7",
            "C17",
            "C72",
            "C26"
        ],
        [
            "C20",
            "C72",
            "C26"
        ],
        [
            "C102",
            "C72",
            "C26"
        ],
        [
            "C116",
            "C72",
            "C26"
        ],
        [
            "C7",
            "C60",
            "C59"
        ],
        [
            "C20",
            "C2"
        ],
        [
            "C102",
            "C2"
        ],
        [
            "C46",
            "C111"
        ],
        [
            "C81",
            "C26"
        ],
        [
            "C92",
            "C26"
        ],
        [
            "C126",
            "C5"
        ],
        [
            "C4"
        ],
        [
            "C54"
        ],
        [
            "C108"
        ]
    ],
    "error_codes": {
        "E0": [
            "FC0",
            [
                "C107",
                "C57",
                "C34",
                "C33",
                "C62",
                "C77",
                "C7",
                "C45",
                "C117",
                "C92"
            ]
        ],
        "E1": [
            "FC1",
            [
                "C107",
                "C121",
                "C61",
                "C116",
                "C80",
                "C83",
                "C56",
                "C34",
                "C69"
            ]
        ],
        "E2": [
            "FC2",
            [
                "C26",
                "C17",
                "C72",
                "C102",
                "C126",
                "C97",
                "C18",
                "C55",
                "C104",
                "C21",
                "C117",
                "C58",
                "C86"
            ]
        ],
        "E3": [
            "FC3",
            [
                "C17",
                "C35",
                "C51",
                "C82",
                "C110",
                "C117",
                "C76",
                "C34",
                "C19",
                "C4",
                "C74",
                "C50",
                "C22"
            ]
        ],
        "E4": [
            "FC4",
            [
                "C26",
                "C59",
                "C8",
                "C23",
                "C37",
                "C18",
                "C91",
                "C93",
                "C11",
                "C9",
                "C29",
                "C121"
            ]
        ],
        "E5": [
            "FC5",
            [
                "C17",
                "C107",
                "C121",
                "C83",
                "C109",
                "C105"
            ]
        ],
        "E6": [
            "FC6",
            [
                "C107",
                "C17",
                "C102",
                "C122",
                "C67",
                "C38",
                "C70",
                "C8",
                "C97",
                "C71",
                "C11",
                "C100"
            ]
        ],
        "E7": [
            "FC7",
            [
                "C107",
                "C17",
                "C57",
                "C98"
            ]
        ],
        "E8": [
            "FC8",
            [
                "C59",
                "C121",
                "C92",
                "C123",
                "C90",
                "C42",
                "C61"
            ]
        ],
        "E9": [
            "FC9",
            [
                "C59",
                "C120",
                "C17",
                "C23",
                "C69",
                "C111"
            ]
        ],
        "E10": [
            "FC10",
            [
                "C17",
                "C114",
                "C121",
                "C36",
                "C0",
                "C12",
                "C117",
                "C76",
                "C50",
                "C81",
                "C94",
                "C49"
            ]
        ],
        "E11": [
            "FC11",
            [
                "C26",
                "C101"
            ]
        ],
        "E12": [
            "FC12",
            [
                "C17",
                "C107",
                "C45",
                "C26"
            ]
        ],
        "E13": [
            "FC13",
            [
                "C26",
                "C17",
                "C56",
                "C47"
            ]
        ],
        "E14": [
            "FC14",
            [
                "C57",
                "C101",
                "C52",
                "C81",
                "C116",
                "C39",
                "C18",
                "C36",
                "C84",
                "C22",
                "C108"
            ]
        ],
        "E15": [
            "FC15",
            [
                "C26",
                "C6",
                "C92",
                "C42",
                "C25"
            ]
        ],
        "E16": [
            "FC16",
            [
                "C26",
                "C107",
                "C121",
                "C75",
                "C28",
                "C46",
                "C38",
                "C20"
            ]
        ],
        "E17": [
            "FC17",
            [
                "C17",
                "C72",
                "C111",
                "C21",
                "C22",
                "C114",
                "C117"
            ]
        ],
        "E18": [
            "FC18",
            [
                "C107",
                "C17",
                "C49",
                "C85",
                "C105",
                "C45",
                "C52",
                "C44",
                "C99",
                "C28"
            ]
        ],
        "E19": [
            "FC19",
            [
                "C26",
                "C46"
            ]
        ],
        "E20": [
            "FC20",
            [
                "C26",
                "C20",
                "C31",
                "C78",
                "C76",
                "C40"
            ]
        ],
        "E21": [
            "FC21",
            [
                "C26",
                "C7",
                "C28"
            ]
        ],
        "E22": [
            "FC22",
            [
                "C26",
                "C22",
                "C11",
                "C2",
                "C0",
                "C93",
                "C52",
                "C112",
                "C12",
                "C97",
                "C30",
                "C122"
            ]
        ],
        "E23": [
            "FC23",
            [
                "C26",
                "C45",
                "C54",
                "C35"
            ]
        ],
        "E24": [
            "FC24",
            [
                "C26",
                "C63",
                "C125",
                "C75"
            ]
        ],
        "E25": [
            "FC25",
            [
                "C59",
                "C19",
                "C44",
                "C43",
                "C6",
                "C118",
                "C13",
                "C115"
            ]
        ],
        "E26": [
            "FC26",
            [
                "C2",
                "C18",
                "C125",
                "C16",
                "C122"
            ]
        ],
        "E27": [
            "FC27",
            [
                "C2",
                "C119",
                "C101",
                "C46",
                "C55",
                "C112",
                "C96"
            ]
        ],
        "E28": [
            "FC28",
            [
                "C111",
                "C92",
                "C97",
                "C102",
                "C56",
                "C116",
                "C101",
                "C60",
                "C115"
            ]
        ],
        "E29": [
            "FC29",
            [
                "C26",
                "C49",
                "C85",
                "C64",
                "C119"
            ]
        ],
        "E30": [
            "FC30",
            [
                "C26",
                "C71",
                "C7",
                "C16"
            ]
        ],
        "E31": [
            "FC31",
            [
                "C5",
                "C17",
                "C92",
                "C25",
                "C2",
                "C86",
                "C106",
                "C97",
                "C28",
                "C84"
            ]
        ],
        "E32": [
            "FC32",
            [
                "C4",
                "C94",
                "C49",
                "C80",
                "C19",
                "C60",
                "C82"
            ]
        ],
        "E33": [
            "FC33",
            [
                "C54",
                "C41",
                "C15",
                "C117",
                "C101",
                "C106",
                "C124",
                "C104",
                "C65",
                "C34",
                "C126",
                "C84"
            ]
        ],
        "E34": [
            "FC34",
            [
                "C108",
                "C74",
                "C99",
                "C100",
                "C32",
                "C50",
                "C77",
                "C68",
                "C101",
                "C46",
                "C34",
                "C117",
                "C120"
            ]
        ]
    },
    "sim_accuracies": {
        "C0": [
            "0.9654998102364661",
            "False"
        ],
        "C1": [
            "0.9532836436547435",
            "False"
        ],
        "C2": [
            "0.9708279155786099",
            "True"
        ],
        "C3": [
            "0.9692485451719057",
            "False"
        ],
        "C4": [
            "0.9640343563190559",
            "True"
        ],
        "C5": [
            "0.9512063677682798",
            "True"
        ],
        "C6": [
            "0.9857299530863967",
            "False"
        ],
        "C7": [
            "0.9524375687776115",
            "True"
        ],
        "C8": [
            "0.9530063117168921",
            "False"
        ],
        "C9": [
            "0.962120866116679",
            "False"
        ],
        "C10": [
            "0.9579648133539778",
            "False"
        ],
        "C11": [
            "0.9621356809565776",
            "False"
        ],
        "C12": [
            "0.9733980534728176",
            "False"
        ],
        "C13": [
            "0.9667943263976357",
            "False"
        ],
        "C14": [
            "0.9584724405688599",
            "False"
        ],
        "C15": [
            "0.9561358324041744",
            "False"
        ],
        "C16": [
            "0.9701273002146652",
            "False"
        ],
        "C17": [
            "0.9717508364688928",
            "True"
        ],
        "C18": [
            "0.9544924844882574",
            "False"
        ],
        "C19": [
            "0.9560864439865735",
            "False"
        ],
        "C20": [
            "0.9796379165817938",
            "True"
        ],
        "C21": [
            "0.9661534936024305",
            "False"
        ],
        "C22": [
            "0.980657141252442",
            "False"
        ],
        "C23": [
            "0.9519488259633255",
            "False"
        ],
        "C24": [
            "0.9504514077458878",
            "False"
        ],
        "C25": [
            "0.9741923031072898",
            "False"
        ],
        "C26": [
            "0.9500697249086825",
            "True"
        ],
        "C27": [
            "0.9735253594931651",
            "False"
        ],
        "C28": [
            "0.967838938138471",
            "False"
        ],
        "C29": [
            "0.9769487823661345",
            "False"
        ],
        "C30": [
            "0.9652223142373653",
            "False"
        ],
        "C31": [
            "0.9739781389954928",
            "False"
        ],
        "C32": [
            "0.9563319121412904",
            "False"
        ],
        "C33": [
            "0.9819974914204844",
            "False"
        ],
        "C34": [
            "0.9744103762476615",
            "False"
        ],
        "C35": [
            "0.9737558130527789",
            "True"
        ],
        "C36": [
            "0.9680506920623778",
            "False"
        ],
        "C37": [
            "0.9711230706228717",
            "False"
        ],
        "C38": [
            "0.9545396068029222",
            "False"
        ],
        "C39": [
            "0.9794391267897318",
            "False"
        ],
        "C40": [
            "0.9894990405503707",
            "False"
        ],
        "C41": [
            "0.9539754154902524",
            "False"
        ],
        "C42": [
            "0.9500586412064693",
            "False"
        ],
        "C43": [
            "0.9895118142275291",
            "False"
        ],
        "C44": [
            "0.9599262487567594",
            "False"
        ],
        "C45": [
            "0.9524872548169047",
            "False"
        ],
        "C46": [
            "0.9710592872673224",
            "True"
        ],
        "C47": [
            "0.9692027757792526",
            "True"
        ],
        "C48": [
            "0.9737089200313099",
            "False"
        ],
        "C49": [
            "0.9825924578134206",
            "False"
        ],
        "C50": [
            "0.9834152292340427",
            "False"
        ],
        "C51": [
            "0.9575955821873156",
            "False"
        ],
        "C52": [
            "0.969281575120821",
            "False"
        ],
        "C53": [
            "0.9842078414378074",
            "False"
        ],
        "C54": [
            "0.9661805579935944",
            "True"
        ],
        "C55": [
            "0.969406573957324",
            "False"
        ],
        "C56": [
            "0.981750284946506",
            "False"
        ],
        "C57": [
            "0.9746135804083915",
            "True"
        ],
        "C58": [
            "0.9749154375471898",
            "False"
        ],
        "C59": [
            "0.9614025548523386",
            "True"
        ],
        "C60": [
            "0.9781225322813268",
            "True"
        ],
        "C61": [
            "0.9556325776114417",
            "False"
        ],
        "C62": [
            "0.9850771139148367",
            "False"
        ],
        "C63": [
            "0.9514448521034742",
            "False"
        ],
        "C64": [
            "0.972761385178575",
            "False"
        ],
        "C65": [
            "0.9577620549881833",
            "False"
        ],
        "C66": [
            "0.974967087276249",
            "False"
        ],
        "C67": [
            "0.9760982935675433",
            "False"
        ],
        "C68": [
            "0.9524989241918078",
            "False"
        ],
        "C69": [
            "0.9819219910422565",
            "False"
        ],
        "C70": [
            "0.9586839367683573",
            "False"
        ],
        "C71": [
            "0.9564213289942982",
            "False"
        ],
        "C72": [
            "0.9825704746154917",
            "True"
        ],
        "C73": [
            "0.9527467257670108",
            "False"
        ],
        "C74": [
            "0.972710716852088",
            "False"
        ],
        "C75": [
            "0.9685524681911404",
            "False"
        ],
        "C76": [
            "0.9865528277201526",
            "False"
        ],
        "C77": [
            "0.9881491658352944",
            "False"
        ],
        "C78": [
            "0.9516566697963019",
            "False"
        ],
        "C79": [
            "0.950895420316731",
            "False"
        ],
        "C80": [
            "0.9828939397877958",
            "False"
        ],
        "C81": [
            "0.9817547949602698",
            "True"
        ],
        "C82": [
            "0.9658618379104079",
            "True"
        ],
        "C83": [
            "0.9535544232613186",
            "False"
        ],
        "C84": [
            "0.9733097788672564",
            "False"
        ],
        "C85": [
            "0.9761595817328648",
            "False"
        ],
        "C86": [
            "0.960852913187909",
            "False"
        ],
        "C87": [
            "0.9716016808252445",
            "False"
        ],
        "C88": [
            "0.9628270153754487",
            "False"
        ],
        "C89": [
            "0.9674015703180279",
            "False"
        ],
        "C90": [
            "0.9899185474849745",
            "False"
        ],
        "C91": [
            "0.9774263024049298",
            "False"
        ],
        "C92": [
            "0.973502436013852",
            "True"
        ],
        "C93": [
            "0.9761097431078476",
            "False"
        ],
        "C94": [
            "0.974645304775776",
            "False"
        ],
        "C95": [
            "0.9651370082022831",
            "False"
        ],
        "C96": [
            "0.9729246326572748",
            "False"
        ],
        "C97": [
            "0.9819774335116508",
            "False"
        ],
        "C98": [
            "0.958016943875605",
            "False"
        ],
        "C99": [
            "0.9754354348244981",
            "False"
        ],
        "C100": [
            "0.9700900014209822",
            "False"
        ],
        "C101": [
            "0.9664204380934021",
            "False"
        ],
        "C102": [
            "0.9542832795950141",
            "True"
        ],
        "C103": [
            "0.9513890752961542",
            "False"
        ],
        "C104": [
            "0.9832297166738612",
            "False"
        ],
        "C105": [
            "0.9713251756520538",
            "False"
        ],
        "C106": [
            "0.966150452666876",
            "False"
        ],
        "C107": [
            "0.980179559026164",
            "True"
        ],
        "C108": [
            "0.9564545224942673",
            "True"
        ],
        "C109": [
            "0.952069174179004",
            "False"
        ],
        "C110": [
            "0.9631815242753118",
            "False"
        ],
        "C111": [
            "0.9875534912046163",
            "True"
        ],
        "C112": [
            "0.9715477818782322",
            "False"
        ],
        "C113": [
            "0.9716492838205089",
            "False"
        ],
        "C114": [
            "0.9544894925054086",
            "False"
        ],
        "C115": [
            "0.9873866612380252",
            "False"
        ],
        "C116": [
            "0.9641049906494177",
            "True"
        ],
        "C117": [
            "0.9749324667818442",
            "True"
        ],
        "C118": [
            "0.9751827515358823",
            "False"
        ],
        "C119": [
            "0.954218320308269",
            "False"
        ],
        "C120": [
            "0.9662039741367348",
            "False"
        ],
        "C121": [
            "0.9807821823197496",
            "True"
        ],
        "C122": [
            "0.9695732834981047",
            "False"
        ],
        "C123": [
            "0.9870676256188413",
            "False"
        ],
        "C124": [
            "0.9804962356637331",
            "False"
        ],
        "C125": [
            "0.9859573650244896",
            "False"
        ],
        "C126": [
            "0.9615947510885673",
            "True"
        ],
        "C127": [
            "0.9719367069514482",
            "False"
        ],
        "C128": [
            "0.9775135924761861",
            "False"
        ]
    }
}