{
    "suspect_components": {
        "C0": [
            false,
            []
        ],
        "C1": [
            false,
            [
                "C64",
                "C100",
                "C8",
                "C121",
                "C67"
            ]
        ],
        "C2": [
            false,
            [
                "C86",
                "C26",
                "C124"
            ]
        ],
        "C3": [
            false,
            [
                "C49",
                "C20",
                "C112",
                "C41",
                "C108"
            ]
        ],
        "C4": [
            false,
            [
                "C8"
            ]
        ],
        "C5": [
            false,
            [
                "C67",
                "C83",
                "C101",
                "C51",
                "C19",
                "C64",
                "C114",
                "C26"
            ]
        ],
        "C6": [
            false,
            [
                "C45",
                "C107",
                "C85",
                "C12",
                "C124",
                "C92",
                "C81",
                "C49",
                "C121",
                "C122",
                "C20",
                "C109"
            ]
        ],
        "C7": [
            false,
            [
                "C107",
                "C11",
                "C103",
                "C84",
                "C19",
                "C26",
                "C114",
                "C73",
                "C77",
                "C121",
                "C49"
            ]
        ],
        "C8": [
            true,
            [
                "C46",
                "C21",
                "C121",
                "C115",
                "C82",
                "C75",
                "C81",
                "C118",
                "C73",
                "C122",
                "C5",
                "C101"
            ]
        ],
        "C9": [
            false,
            []
        ],
        "C10": [
            true,
            [
                "C87",
                "C86",
                "C48",
                "C79",
                "C95",
                "C106",
                "C72",
                "C59"
            ]
        ],
        "C11": [
            false,
            [
                "C119",
                "C93"
            ]
        ],
        "C12": [
            false,
            [
                "C21",
                "C18",
                "C82",
                "C109"
            ]
        ],
        "C13": [
            false,
            [
                "C38",
                "C121",
                "C116",
                "C21",
                "C88"
            ]
        ],
        "C14": [
            false,
            [
                "C41",
                "C99",
                "C102",
                "C20",
                "C94",
                "C32"
            ]
        ],
        "C15": [
            false,
            [
                "C38",
                "C6",
                "C11",
                "C83",
                "C65",
                "C101",
                "C60"
            ]
        ],
        "C16": [
            false,
            [
                "C108"
            ]
        ],
        "C17": [
            true,
            [
                "C71",
                "C104",
                "C10",
                "C102",
                "C79",
                "C51",
                "C41",
                "C61",
                "C124",
                "C85",
                "C84"
            ]
        ],
        "C18": [
            false,
            [
                "C53",
                "C51",
                "C57",
                "C58",
                "C22",
                "C67",
                "C63",
                "C39",
                "C91",
                "C73",
                "C83"
            ]
        ],
        "C19": [
            false,
            [
                "C42",
                "C128",
                "C44",
                "C2",
                "C100",
                "C109",
                "C111",
                "C82",
                "C53"
            ]
        ],
        "C20": [
            false,
            [
                "C127",
                "C114",
                "C22",
                "C8"
            ]
        ],
        "C21": [
            false,
            [
                "C5",
                "C38",
                "C0",
                "C10",
                "C52",
                "C42",
                "C107",
                "C102",
                "C104"
            ]
        ],
        "C22": [
            false,
            [
                "C119"
            ]
        ],
        "C23": [
            false,
            [
                "C3",
                "C103",
                "C65",
                "C78",
                "C17",
                "C100",
                "C36",
                "C126"
            ]
        ],
        "C24": [
            true,
            [
                "C124",
                "C105",
                "C88",
                "C0",
                "C37",
                "C75",
                "C41",
                "C90",
                "C15",
                "C21",
                "C39"
            ]
        ],
        "C25": [
            false,
            [
                "C29",
                "C92"
            ]
        ],
        "C26": [
            false,
            [
                "C94",
                "C51",
                "C116"
            ]
        ],
        "C27": [
            false,
            [
                "C40",
                "C123",
                "C18",
                "C118",
                "C101"
            ]
        ],
        "C28": [
            false,
            [
                "C100",
                "C29",
                "C96",
                "C42",
                "C73",
                "C34",
                "C48",
                "C54",
                "C6",
                "C12",
                "C121"
            ]
        ],
        "C29": [
            true,
            [
                "C11",
                "C112",
                "C118",
                "C75",
                "C78",
                "C101",
                "C5",
                "C56",
                "C96",
                "C67"
            ]
        ],
        "C30": [
            false,
            [
                "C29",
                "C124",
                "C82",
                "C2",
                "C116",
                "C51",
                "C24",
                "C33",
                "C52"
            ]
        ],
        "C31": [
            true,
            [
                "C29",
                "C81",
                "C57"
            ]
        ],
        "C32": [
            false,
            [
                "C127",
                "C96",
                "C44",
                "C26"
            ]
        ],
        "C33": [
            false,
            [
                "C73",
                "C18",
                "C7",
                "C56",
                "C115",
                "C89",
                "C26"
            ]
        ],
        "C34": [
            false,
            [
                "C27",
                "C97",
                "C71",
                "C104"
            ]
        ],
        "C35": [
            false,
            [
                "C98",
                "C47",
                "C48",
                "C116",
                "C49",
                "C33",
                "C113",
                "C100",
                "C8",
                "C40",
                "C74"
            ]
        ],
        "C36": [
            false,
            [
                "C105",
                "C55",
                "C92",
                "C93",
                "C91",
                "C4",
                "C17",
                "C16",
                "C20",
                "C67",
                "C89"
            ]
        ],
        "C37": [
            false,
            [
                "C82",
                "C48"
            ]
        ],
        "C38": [
            true,
            [
                "C93",
                "C60",
                "C1",
                "C21",
                "C99"
            ]
        ],
        "C39": [
            false,
            [
                "C69",
                "C124",
                "C14",
                "C86",
                "C74"
            ]
        ],
        "C40": [
            false,
            [
                "C92",
                "C25",
                "C66",
                "C80"
            ]
        ],
        "C41": [
            false,
            [
                "C18",
                "C1"
            ]
        ],
        "C42": [
            false,
            [
                "C9",
                "C52"
            ]
        ],
        "C43": [
            false,
            [
                "C121",
                "C0",
                "C115",
                "C18",
                "C63",
                "C109",
                "C5",
                "C73"
            ]
        ],
        "C44": [
            false,
            [
                "C17",
                "C36"
            ]
        ],
        "C45": [
            true,
            [
                "C1"
            ]
        ],
        "C46": [
            false,
            []
        ],
        "C47": [
            false,
            [
                "C104",
                "C124",
                "C120",
                "C90"
            ]
        ],
        "C48": [
            false,
            [
                "C20",
                "C10"
            ]
        ],
        "C49": [
            false,
            []
        ],
        "C50": [
            false,
            [
                "C72",
                "C110",
                "C80",
                "C76",
                "C44",
                "C88",
                "C84",
                "C98"
            ]
        ],
        "C51": [
            true,
            [
                "C46",
                "C42"
            ]
        ],
        "C52": [
            false,
            [
                "C14",
                "C82",
                "C68",
                "C72",
                "C24",
                "C117",
                "C22",
                "C4",
                "C88"
            ]
        ],
        "C53": [
            true,
            [
                "C127",
                "C54",
                "C36",
                "C55",
                "C105",
                "C8"
            ]
        ],
        "C54": [
            false,
            [
                "C2",
                "C97",
                "C64",
                "C126",
                "C36",
                "C61",
                "C85"
            ]
        ],
        "C55": [
            false,
            [
                "C48",
                "C85",
                "C21",
                "C118",
                "C93",
                "C35",
                "C13",
                "C77",
                "C123",
                "C5",
                "C10",
                "C78"
            ]
        ],
        "C56": [
            false,
            [
                "C50",
                "C1",
                "C114",
                "C100",
                "C33",
                "C118",
                "C63",
                "C43"
            ]
        ],
        "C57": [
            false,
            [
                "C87",
                "C54",
                "C40",
                "C117",
                "C78"
            ]
        ],
        "C58": [
            false,
            [
                "C59",
                "C39",
                "C101"
            ]
        ],
        "C59": [
            false,
            [
                "C41",
                "C32",
                "C86",
                "C14",
                "C108",
                "C53",
                "C77",
                "C116",
                "C60",
                "C35",
                "C0",
                "C18"
            ]
        ],
        "C60": [
            false,
            [
                "C105",
                "C65",
                "C108",
                "C123"
            ]
        ],
        "C61": [
            false,
            [
                "C7",
                "C63",
                "C14",
                "C83",
                "C75"
            ]
        ],
        "C62": [
            true,
            [
                "C80"
            ]
        ],
        "C63": [
            false,
            [
                "C42",
                "C15",
                "C54",
                "C126",
                "C26",
                "C11",
                "C30",
                "C5",
                "C70",
                "C69",
                "C55"
            ]
        ],
        "C64": [
            false,
            [
                "C9",
                "C93",
                "C11"
            ]
        ],
        "C65": [
            true,
            [
                "C13",
                "C61",
                "C10",
                "C104",
                "C5",
                "C14",
                "C123",
                "C103",
                "C128"
            ]
        ],
        "C66": [
            false,
            [
                "C100",
                "C95",
                "C83",
                "C77"
            ]
        ],
        "C67": [
            false,
            [
                "C41",
                "C89"
            ]
        ],
        "C68": [
            false,
            [
                "C118",
                "C112"
            ]
        ],
        "C69": [
            true,
            [
                "C90",
                "C119",
                "C85",
                "C93",
                "C111",
                "C75"
            ]
        ],
        "C70": [
            false,
            [
                "C36",
                "C44",
                "C126",
                "C87"
            ]
        ],
        "C71": [
            false,
            []
        ],
        "C72": [
            false,
            [
                "C53"
            ]
        ],
        "C73": [
            false,
            [
                "C92",
                "C33"
            ]
        ],
        "C74": [
            false,
            [
                "C104",
                "C112",
                "C79",
                "C71",
                "C35",
                "C47",
                "C44",
                "C23",
                "C108",
                "C98",
                "C14"
            ]
        ],
        "C75": [
            true,
            [
                "C90",
                "C44",
                "C48",
                "C26",
                "C70",
                "C115",
                "C19",
                "C73",
                "C46"
            ]
        ],
        "C76": [
            false,
            [
                "C5",
                "C56",
                "C81",
                "C116",
                "C127",
                "C115",
                "C30",
                "C45",
                "C64",
                "C12",
                "C74"
            ]
        ],
        "C77": [
            false,
            [
                "C62",
                "C98",
                "C54",
                "C96",
                "C37",
                "C58",
                "C17",
                "C125",
                "C86"
            ]
        ],
        "C78": [
            false,
            [
                "C89",
                "C52",
                "C55",
                "C119",
                "C51",
                "C76",
                "C123",
                "C110",
                "C15",
                "C111"
            ]
        ],
        "C79": [
            true,
            [
                "C91",
                "C36",
                "C116",
                "C110",
                "C76"
            ]
        ],
        "C80": [
            false,
            [
                "C99",
                "C17",
                "C88",
                "C125",
                "C56",
                "C7",
                "C62",
                "C82",
                "C26",
                "C68",
                "C79",
                "C32"
            ]
        ],
        "C81": [
            true,
            [
                "C51",
                "C104",
                "C119",
                "C29",
                "C5",
                "C117",
                "C80",
                "C6",
                "C101"
            ]
        ],
        "C82": [
            false,
            [
                "C25"
            ]
        ],
        "C83": [
            false,
            [
                "C88",
                "C90",
                "C93",
                "C24",
                "C11",
                "C126",
                "C76",
                "C31",
                "C102",
                "C97",
                "C26"
            ]
        ],
        "C84": [
            true,
            [
                "C95"
            ]
        ],
        "C85": [
            false,
            [
                "C7",
                "C16",
                "C124",
                "C18",
                "C128",
                "C112",
                "C32",
                "C116"
            ]
        ],
        "C86": [
            false,
            []
        ],
        "C87": [
            false,
            [
                "C47"
            ]
        ],
        "C88": [
            false,
            [
                "C54",
                "C29",
                "C91",
                "C103",
                "C43",
                "C66"
            ]
        ],
        "C89": [
            false,
            [
                "C15",
                "C99"
            ]
        ],
        "C90": [
            true,
            []
        ],
        "C91": [
            false,
            [
                "C17",
                "C24",
                "C103",
                "C123",
                "C106"
            ]
        ],
        "C92": [
            false,
            [
                "C2",
                "C87",
                "C68",
                "C63",
                "C85",
                "C38",
                "C103",
                "C32",
                "C17"
            ]
        ],
        "C93": [
            false,
            [
                "C76",
                "C114",
                "C21",
                "C0",
                "C33",
                "C63",
                "C44",
                "C127",
                "C26"
            ]
        ],
        "C94": [
            true,
            []
        ],
        "C95": [
            false,
            [
                "C121",
                "C63",
                "C32",
                "C87",
                "C115",
                "C93",
                "C35",
                "C30",
                "C46",
                "C61",
                "C9"
            ]
        ],
        "C96": [
            false,
            [
                "C51",
                "C76",
                "C15",
                "C83",
                "C104",
                "C64",
                "C52",
                "C20",
                "C113",
                "C35",
                "C14",
                "C71"
            ]
        ],
        "C97": [
            false,
            [
                "C53",
                "C17",
                "C18",
                "C98",
                "C116",
                "C4"
            ]
        ],
        "C98": [
            true,
            [
                "C17",
                "C126",
                "C53",
                "C89",
                "C5",
                "C81",
                "C77",
                "C75",
                "C92",
                "C48"
            ]
        ],
        "C99": [
            false,
            [
                "C27"
            ]
        ],
        "C100": [
            false,
            [
                "C24",
                "C38",
                "C91"
            ]
        ],
        "C101": [
            false,
            [
                "C113",
                "C0",
                "C127",
                "C49"
            ]
        ],
        "C102": [
            true,
            [
                "C26",
                "C60",
                "C91",
                "C5"
            ]
        ],
        "C103": [
            false,
            [
                "C71",
                "C1",
                "C115",
                "C105",
                "C65"
            ]
        ],
        "C104": [
            false,
            [
                "C123",
                "C28",
                "C98",
                "C33",
                "C69",
                "C49",
                "C48",
                "C22",
                "C75",
                "C85",
                "C59",
                "C72"
            ]
        ],
        "C105": [
            false,
            [
                "C2",
                "C119",
                "C34",
                "C5",
                "C112",
                "C64",
                "C88",
                "C70"
            ]
        ],
        "C106": [
            false,
            [
                "C77",
                "C13",
                "C45",
                "C33",
                "C41"
            ]
        ],
        "C107": [
            true,
            [
                "C123",
                "C96",
                "C1",
                "C33",
                "C24",
                "C13",
                "C108"
            ]
        ],
        "C108": [
            false,
            [
                "C111",
                "C124",
                "C32",
                "C85",
                "C45",
                "C114",
                "C49",
                "C72",
                "C65",
                "C69",
                "C89",
                "C31"
            ]
        ],
        "C109": [
            false,
            [
                "C9",
                "C103",
                "C112",
                "C125",
                "C76",
                "C36",
                "C16",
                "C1",
                "C49",
                "C3",
                "C106"
            ]
        ],
        "C110": [
            false,
            [
                "C70",
                "C75",
                "C51"
            ]
        ],
        "C111": [
            false,
            [
                "C125",
                "C26",
                "C4",
                "C65",
                "C42",
                "C84",
                "C113",
                "C88",
                "C69",
                "C47",
                "C58"
            ]
        ],
        "C112": [
            true,
            [
                "C61",
                "C86",
                "C53",
                "C66",
                "C116",
                "C32",
                "C79"
            ]
        ],
        "C113": [
            false,
            [
                "C107",
                "C49",
                "C42",
                "C41",
                "C85",
                "C56",
                "C86",
                "C6"
            ]
        ],
        "C114": [
            false,
            [
                "C46",
                "C66"
            ]
        ],
        "C115": [
            true,
            [
                "C101",
                "C1",
                "C49",
                "C58",
                "C65",
                "C125",
                "C28",
                "C56",
                "C122",
                "C2"
            ]
        ],
        "C116": [
            false,
            [
                "C126",
                "C125",
                "C85",
                "C35",
                "C41"
            ]
        ],
        "C117": [
            false,
            [
                "C21",
                "C41"
            ]
        ],
        "C118": [
            false,
            [
                "C11",
                "C8",
                "C78",
                "C3",
                "C38",
                "C54",
                "C71",
                "C34",
                "C12",
                "C48",
                "C57"
            ]
        ],
        "C119": [
            false,
            [
                "C122",
                "C53",
                "C77",
                "C95",
                "C91",
                "C8",
                "C13",
                "C32",
                "C24",
                "C80"
            ]
        ],
        "C120": [
            false,
            [
                "C105",
                "C61",
                "C50",
                "C103",
                "C96",
                "C106",
                "C71",
                "C48",
                "C104",
                "C86"
            ]
        ],
        "C121": [
            false,
            [
                "C96",
                "C77",
                "C18",
                "C122",
                "C82",
                "C29",
                "C56",
                "C79"
            ]
        ],
        "C122": [
            false,
            [
                "C80",
                "C82",
                "C63",
                "C41"
            ]
        ],
        "C123": [
            false,
            [
                "C99",
                "C127",
                "C48",
                "C125",
                "C80",
                "C79",
                "C39",
                "C53",
                "C22"
            ]
        ],
        "C124": [
            false,
            [
                "C100",
                "C27",
                "C101",
                "C107",
                "C102",
                "C58",
                "C62",
                "C76"
            ]
        ],
        "C125": [
            true,
            [
                "C8",
                "C20"
            ]
        ],
        "C126": [
            false,
            [
                "C86"
            ]
        ],
        "C127": [
            true,
            [
                "C28",
                "C97",
                "C44",
                "C75"
            ]
        ],
        "C128": [
            false,
            [
                "C118",
                "C116",
                "C1",
                "C91",
                "C66",
                "C29",
                "C18",
                "C8",
                "C109"
            ]
        ]
    },
    "ground_truth_fault_paths": [
        [
            "C79",
            "C10",
            "C65",
            "C115",
            "C75",
            "C127",
            "C53",
            "C112",
            "C29",
            "C81",
            "C8",
            "C125"
        ],
        [
            "C79",
            "C112",
            "C29",
            "C81",
            "C8",
            "C125",
            "C115",
            "C75",
            "C127",
            "C53",
            "C98"
        ],
        [
            "C79",
            "C10",
            "C65",
            "C115",
            "C75",
            "C127",
            "C53",
            "C112",
            "C29",
            "C81",
            "C98"
        ],
        [
            "C79",
            "C10",
            "C65",
            "C115",
            "C75",
            "C127",
            "C53",
            "C112",
            "C29",
            "C81",
            "C31"
        ],
        [
            "C79",
            "C10",
            "C65",
            "C115",
            "C75",
            "C8",
            "C53",
            "C112",
            "C29",
            "C81",
            "C98"
        ],
        [
            "C79",
            "C10",
            "C65",
            "C115",
            "C75",
            "C8",
            "C53",
            "C112",
            "C29",
            "C81",
            "C31"
        ],
        [
            "C51",
            "C81",
            "C8",
            "C125",
            "C115",
            "C75",
            "C127",
            "C53",
            "C112",
            "C29",
            "C31"
        ],
        [
            "C127",
            "C53",
            "C112",
            "C29",
            "C81",
            "C8",
            "C125",
            "C115",
            "C75",
            "C24",
            "C107"
        ],
        [
            "C8",
            "C125",
            "C115",
            "C75",
            "C127",
            "C53",
            "C112",
            "C29",
            "C81",
            "C98"
        ],
        [
            "C8",
            "C125",
            "C115",
            "C75",
            "C127",
            "C53",
            "C112",
            "C29",
            "C81",
            "C31"
        ],
        [
            "C79",
            "C112",
            "C29",
            "C81",
            "C8",
            "C125",
            "C115",
            "C75",
            "C24",
            "C107"
        ],
        [
            "C79",
            "C10",
            "C65",
            "C115",
            "C75",
            "C127",
            "C53",
            "C112",
            "C29",
            "C31"
        ],
        [
            "C79",
            "C10",
            "C65",
            "C115",
            "C75",
            "C29",
            "C81",
            "C8",
            "C53",
            "C112"
        ],
        [
            "C79",
            "C10",
            "C65",
            "C115",
            "C75",
            "C29",
            "C81",
            "C8",
            "C53",
            "C98"
        ],
        [
            "C79",
            "C10",
            "C65",
            "C115",
            "C75",
            "C8",
            "C53",
            "C112",
            "C29",
            "C31"
        ],
        [
            "C79",
            "C10",
            "C65",
            "C115",
            "C8",
            "C53",
            "C112",
            "C29",
            "C81",
            "C98"
        ],
        [
            "C79",
            "C10",
            "C65",
            "C115",
            "C8",
            "C53",
            "C112",
            "C29",
            "C81",
            "C31"
        ],
        [
            "C90",
            "C75",
            "C127",
            "C53",
            "C112",
            "C29",
            "C81",
            "C8",
            "C125",
            "C115"
        ],
        [
            "C127",
            "C53",
            "C112",
            "C29",
            "C81",
            "C8",
            "C125",
            "C115",
            "C75",
            "C98"
        ],
        [
            "C127",
            "C53",
            "C112",
            "C29",
            "C81",
            "C8",
            "C125",
            "C115",
            "C75",
            "C69"
        ],
        [
            "C125",
            "C115",
            "C75",
            "C127",
            "C53",
            "C112",
            "C29",
            "C81",
            "C8"
        ],
        [
            "C125",
            "C115",
            "C75",
            "C8",
            "C53",
            "C112",
            "C29",
            "C81",
            "C98"
        ],
        [
            "C125",
            "C115",
            "C75",
            "C8",
            "C53",
            "C112",
            "C29",
            "C81",
            "C31"
        ],
        [
            "C79",
            "C112",
            "C29",
            "C81",
            "C8",
            "C125",
            "C115",
            "C75",
            "C98"
        ],
        [
            "C79",
            "C112",
            "C29",
            "C81",
            "C8",
            "C125",
            "C115",
            "C75",
            "C69"
        ],
        [
            "C79",
            "C10",
            "C65",
            "C115",
            "C75",
            "C29",
            "C81",
            "C8",
            "C125"
        ],
        [
            "C79",
            "C10",
            "C65",
            "C115",
            "C8",
            "C53",
            "C112",
            "C29",
            "C31"
        ],
        [
            "C53",
            "C112",
            "C29",
            "C81",
            "C8",
            "C125",
            "C115",
            "C75",
            "C127"
        ],
        [
            "C29",
            "C81",
            "C8",
            "C125",
            "C115",
            "C75",
            "C127",
            "C53",
            "C112"
        ],
        [
            "C51",
            "C81",
            "C8",
            "C125",
            "C115",
            "C75",
            "C127",
            "C53",
            "C98"
        ],
        [
            "C125",
            "C115",
            "C75",
            "C29",
            "C81",
            "C8",
            "C53",
            "C112"
        ],
        [
            "C125",
            "C115",
            "C75",
            "C29",
            "C81",
            "C8",
            "C53",
            "C98"
        ],
        [
            "C125",
            "C115",
            "C75",
            "C8",
            "C53",
            "C112",
            "C29",
            "C31"
        ],
        [
            "C125",
            "C115",
            "C8",
            "C53",
            "C112",
            "C29",
            "C81",
            "C98"
        ],
        [
            "C125",
            "C115",
            "C8",
            "C53",
            "C112",
            "C29",
            "C81",
            "C31"
        ],
        [
            "C79",
            "C10",
            "C65",
            "C115",
            "C75",
            "C127",
            "C53",
            "C98"
        ],
        [
            "C79",
            "C10",
            "C65",
            "C115",
            "C75",
            "C29",
            "C81",
            "C98"
        ],
        [
            "C79",
            "C10",
            "C65",
            "C115",
            "C75",
            "C29",
            "C81",
            "C31"
        ],
        [
            "C79",
            "C10",
            "C65",
            "C115",
            "C75",
            "C8",
            "C53",
            "C98"
        ],
        [
            "C51",
            "C81",
            "C8",
            "C125",
            "C115",
            "C75",
            "C29",
            "C31"
        ],
        [
            "C51",
            "C81",
            "C8",
            "C125",
            "C115",
            "C75",
            "C24",
            "C107"
        ],
        [
            "C90",
            "C75",
            "C127",
            "C53",
            "C112",
            "C29",
            "C81",
            "C98"
        ],
        [
            "C90",
            "C75",
            "C127",
            "C53",
            "C112",
            "C29",
            "C81",
            "C31"
        ],
        [
            "C90",
            "C75",
            "C8",
            "C53",
            "C112",
            "C29",
            "C81",
            "C98"
        ],
        [
            "C90",
            "C75",
            "C8",
            "C53",
            "C112",
            "C29",
            "C81",
            "C31"
        ],
        [
            "C8",
            "C125",
            "C115",
            "C75",
            "C29",
            "C81",
            "C98"
        ],
        [
            "C8",
            "C125",
            "C115",
            "C75",
            "C29",
            "C81",
            "C31"
        ],
        [
            "C125",
            "C115",
            "C8",
            "C53",
            "C112",
            "C29",
            "C31"
        ],
        [
            "C79",
            "C112",
            "C29",
            "C81",
            "C8",
            "C53",
            "C98"
        ],
        [
            "C79",
            "C10",
            "C65",
            "C115",
            "C75",
            "C29",
            "C31"
        ],
        [
            "C79",
            "C10",
            "C65",
            "C115",
            "C75",
            "C24",
            "C107"
        ],
        [
            "C79",
            "C10",
            "C65",
            "C115",
            "C75",
            "C8",
            "C125"
        ],
        [
            "C79",
            "C10",
            "C65",
            "C115",
            "C8",
            "C53",
            "C98"
        ],
        [
            "C51",
            "C81",
            "C8",
            "C125",
            "C115",
            "C75",
            "C98"
        ],
        [
            "C51",
            "C81",
            "C8",
            "C125",
            "C115",
            "C75",
            "C69"
        ],
        [
            "C51",
            "C81",
            "C8",
            "C53",
            "C112",
            "C29",
            "C31"
        ],
        [
            "C90",
            "C75",
            "C127",
            "C53",
            "C112",
            "C29",
            "C31"
        ],
        [
            "C90",
            "C75",
            "C29",
            "C81",
            "C8",
            "C125",
            "C115"
        ],
        [
            "C90",
            "C75",
            "C29",
            "C81",
            "C8",
            "C53",
            "C112"
        ],
        [
            "C90",
            "C75",
            "C29",
            "C81",
            "C8",
            "C53",
            "C98"
        ],
        [
            "C90",
            "C75",
            "C8",
            "C53",
            "C112",
            "C29",
            "C31"
        ],
        [
            "C125",
            "C115",
            "C75",
            "C8",
            "C53",
            "C98"
        ],
        [
            "C79",
            "C10",
            "C65",
            "C115",
            "C75",
            "C98"
        ],
        [
            "C79",
            "C10",
            "C65",
            "C115",
            "C75",
            "C69"
        ],
        [
            "C79",
            "C10",
            "C65",
            "C115",
            "C8",
            "C125"
        ],
        [
            "C125",
            "C115",
            "C8",
            "C53",
            "C98"
        ],
        [
            "C79",
            "C112",
            "C29",
            "C81",
            "C98"
        ],
        [
            "C79",
            "C112",
            "C29",
            "C81",
            "C31"
        ],
        [
            "C51",
            "C81",
            "C8",
            "C53",
            "C98"
        ],
        [
            "C90",
            "C75",
            "C127",
            "C53",
            "C98"
        ],
        [
            "C90",
            "C75",
            "C29",
            "C81",
            "C98"
        ],
        [
            "C90",
            "C75",
            "C29",
            "C81",
            "C31"
        ],
        [
            "C90",
            "C75",
            "C8",
            "C125",
            "C115"
        ],
        [
            "C90",
            "C75",
            "C8",
            "C53",
            "C98"
        ],
        [
            "C79",
            "C112",
            "C29",
            "C31"
        ],
        [
            "C79",
            "C10",
            "C17",
            "C98"
        ],
        [
            "C90",
            "C75",
            "C29",
            "C31"
        ],
        [
            "C90",
            "C75",
            "C24",
            "C107"
        ],
        [
            "C79",
            "C17",
            "C98"
        ],
        [
            "C51",
            "C81",
            "C98"
        ],
        [
            "C51",
            "C81",
            "C31"
        ],
        [
            "C51",
            "C17",
            "C98"
        ],
        [
            "C90",
            "C75",
            "C98"
        ],
        [
            "C90",
            "C75",
            "C69"
        ],
        [
            "C90",
            "C24",
            "C107"
        ],
        [
            "C84",
            "C17",
            "C98"
        ],
        [
            "C102",
            "C17",
            "C98"
        ],
        [
            "C90",
            "C69"
        ],
        [
            "C38"
        ],
        [
            "C45"
        ],
        [
            "C62"
        ],
        [
            "C94"
        ]
    ],
    "error_codes": {
        "E0": [
            "FC0",
            [
                "C125",
                "C8",
                "C75",
                "C101",
                "C90",
                "C24",
                "C46",
                "C108",
                "C123",
                "C70",
                "C4"
            ]
        ],
        "E1": [
            "FC1",
            [
                "C98",
                "C125",
                "C81",
                "C112",
                "C63",
                "C66",
                "C93",
                "C105"
            ]
        ],
        "E2": [
            "FC2",
            [
                "C98",
                "C81",
                "C56",
                "C77",
                "C83",
                "C108"
            ]
        ],
        "E3": [
            "FC3",
            [
                "C31",
                "C10",
                "C127",
                "C39",
                "C54",
                "C13",
                "C76",
                "C124",
                "C102",
                "C9",
                "C87",
                "C109",
                "C114",
                "C104",
                "C93"
            ]
        ],
        "E4": [
            "FC4",
            [
                "C98",
                "C10",
                "C65",
                "C75",
                "C55",
                "C58",
                "C76",
                "C66",
                "C24",
                "C79",
                "C97",
                "C124",
                "C52",
                "C38"
            ]
        ],
        "E5": [
            "FC5",
            [
                "C31",
                "C65",
                "C81",
                "C73",
                "C57"
            ]
        ],
        "E6": [
            "FC6",
            [
                "C31",
                "C125",
                "C75",
                "C8",
                "C12",
                "C57",
                "C21",
                "C20",
                "C100",
                "C107",
                "C114",
                "C67",
                "C111",
                "C115"
            ]
        ],
        "E7": [
            "FC7",
            [
                "C107",
                "C112",
                "C117"
            ]
        ],
        "E8": [
            "FC8",
            [
                "C98",
                "C22",
                "C24",
                "C103",
                "C64",
                "C29",
                "C36",
                "C100",
                "C127",
                "C21"
            ]
        ],
        "E9": [
            "FC9",
            [
                "C31",
                "C29",
                "C8",
                "C125",
                "C53",
                "C118",
                "C68",
                "C5",
                "C89"
            ]
        ],
        "E10": [
            "FC10",
            [
                "C107",
                "C112",
                "C8",
                "C81",
                "C31",
                "C123",
                "C73",
                "C43",
                "C99",
                "C20",
                "C79",
                "C33",
                "C36",
                "C113",
                "C7"
            ]
        ],
        "E11": [
            "FC11",
            [
                "C31",
                "C127",
                "C10",
                "C42",
                "C84",
                "C128"
            ]
        ],
        "E12": [
            "FC12",
            [
                "C112",
                "C115",
                "C8",
                "C79",
                "C53",
                "C12",
                "C60"
            ]
        ],
        "E13": [
            "FC13",
            [
                "C98",
                "C8",
                "C75",
                "C22",
                "C29",
                "C9",
                "C7"
            ]
        ],
        "E14": [
            "FC14",
            [
                "C31",
                "C65",
                "C75",
                "C9",
                "C30",
                "C38",
                "C91",
                "C66",
                "C117",
                "C45"
            ]
        ],
        "E15": [
            "FC15",
            [
                "C98",
                "C115",
                "C10",
                "C53",
                "C18"
            ]
        ],
        "E16": [
            "FC16",
            [
                "C31",
                "C111",
                "C113",
                "C13",
                "C68",
                "C33",
                "C91",
                "C114",
                "C4",
                "C54"
            ]
        ],
        "E17": [
            "FC17",
            [
                "C115",
                "C112",
                "C90",
                "C69",
                "C38",
                "C40",
                "C56",
                "C92",
                "C128",
                "C71"
            ]
        ],
        "E18": [
            "FC18",
            [
                "C98",
                "C75",
                "C115",
                "C125",
                "C53",
                "C107",
                "C72",
                "C19",
                "C44",
                "C20",
                "C38",
                "C60",
                "C97",
                "C8"
            ]
        ],
        "E19": [
            "FC19",
            [
                "C69",
                "C29",
                "C115",
                "C100"
            ]
        ],
        "E20": [
            "FC20",
            [
                "C8",
                "C81",
                "C57",
                "C85",
                "C35"
            ]
        ],
        "E21": [
            "FC21",
            [
                "C98",
                "C53",
                "C8",
                "C29",
                "C28",
                "C62"
            ]
        ],
        "E22": [
            "FC22",
            [
                "C31",
                "C125",
                "C112",
                "C81",
                "C110",
                "C41"
            ]
        ],
        "E23": [
            "FC23",
            [
                "C98",
                "C75",
                "C125",
                "C128",
                "C126",
                "C11",
                "C13",
                "C110"
            ]
        ],
        "E24": [
            "FC24",
            [
                "C69",
                "C115",
                "C112",
                "C96",
                "C71",
                "C62",
                "C90",
                "C103"
            ]
        ],
        "E25": [
            "FC25",
            [
                "C125",
                "C111",
                "C108"
            ]
        ],
        "E26": [
            "FC26",
            [
                "C31",
                "C112",
                "C29",
                "C85",
                "C59",
                "C35",
                "C78",
                "C115",
                "C86",
                "C55",
                "C53"
            ]
        ],
        "E27": [
            "FC27",
            [
                "C127",
                "C100",
                "C19",
                "C53",
                "C32"
            ]
        ],
        "E28": [
            "FC28",
            [
                "C112",
                "C29",
                "C125",
                "C127",
                "C95",
                "C73"
            ]
        ],
        "E29": [
            "FC29",
            [
                "C98",
                "C125",
                "C51",
                "C115",
                "C2",
                "C55",
                "C20",
                "C119",
                "C18"
            ]
        ],
        "E30": [
            "FC30",
            [
                "C112",
                "C8",
                "C125",
                "C81",
                "C29",
                "C37",
                "C10",
                "C64",
                "C105",
                "C86",
                "C77"
            ]
        ],
        "E31": [
            "FC31",
            [
                "C98",
                "C53",
                "C8",
                "C99",
                "C56",
                "C100",
                "C49",
                "C29",
                "C36",
                "C35"
            ]
        ],
        "E32": [
            "FC32",
            [
                "C31",
                "C8",
                "C72"
            ]
        ],
        "E33": [
            "FC33",
            [
                "C98",
                "C115",
                "C59"
            ]
        ],
        "E34": [
            "FC34",
            [
                "C31",
                "C8",
                "C125",
                "C112",
                "C114",
                "C55",
                "C127",
                "C11",
                "C23",
                "C44",
                "C59",
                "C51",
                "C85",
                "C126",
                "C120"
            ]
        ],
        "E35": [
            "FC35",
            [
                "C98",
                "C79",
                "C10",
                "C33",
                "C39",
                "C6"
            ]
        ],
        "E36": [
            "FC36",
            [
                "C98",
                "C53",
                "C113",
                "C3",
                "C73"
            ]
        ],
        "E37": [
            "FC37",
            [
                "C31",
                "C75",
                "C79",
                "C82",
                "C12",
                "C120",
                "C20",
                "C57",
                "C39",
                "C34",
                "C50",
                "C105",
                "C108",
                "C61"
            ]
        ],
        "E38": [
            "FC38",
            [
                "C98",
                "C53",
                "C57",
                "C22",
                "C61",
                "C3",
                "C4",
                "C55",
                "C63",
                "C50",
                "C60"
            ]
        ],
        "E39": [
            "FC39",
            [
                "C31",
                "C125",
                "C29",
                "C81",
                "C15",
                "C72",
                "C127",
                "C105",
                "C19"
            ]
        ],
        "E40": [
            "FC40",
            [
                "C107",
                "C75",
                "C24",
                "C81",
                "C27"
            ]
        ],
        "E41": [
            "FC41",
            [
                "C98",
                "C19",
                "C2",
                "C101",
                "C73",
                "C38",
                "C47",
                "C42",
                "C60",
                "C16",
                "C125",
                "C87"
            ]
        ],
        "E42": [
            "FC42",
            [
                "C31",
                "C127",
                "C16"
            ]
        ],
        "E43": [
            "FC43",
            [
                "C98",
                "C19",
                "C1",
                "C123",
                "C40",
                "C58",
                "C37",
                "C36",
                "C127",
                "C76",
                "C112",
                "C60"
            ]
        ],
        "E44": [
            "FC44",
            [
                "C31",
                "C79",
                "C68"
            ]
        ],
        "E45": [
            "FC45",
            [
                "C98",
                "C52"
            ]
        ],
        "E46": [
            "FC46",
            [
                "C31",
                "C115",
                "C38",
                "C86",
                "C63",
                "C124",
                "C74"
            ]
        ],
        "E47": [
            "FC47",
            [
                "C31",
                "C76",
                "C23",
                "C126",
                "C128",
                "C84"
            ]
        ],
        "E48": [
            "FC48",
            [
                "C98",
                "C29",
                "C81",
                "C127",
                "C11",
                "C39",
                "C55",
                "C33",
                "C48",
                "C20",
                "C14",
                "C16",
                "C95",
                "C112",
                "C17"
            ]
        ],
        "E49": [
            "FC49",
            [
                "C31",
                "C79",
                "C65",
                "C61",
                "C113",
                "C44",
                "C23",
                "C7",
                "C39",
                "C77",
                "C36",
                "C89",
                "C11",
                "C82"
            ]
        ],
        "E50": [
            "FC50",
            [
                "C107",
                "C24",
                "C115",
                "C27",
                "C14",
                "C96",
                "C40"
            ]
        ],
        "E51": [
            "FC51",
            [
                "C125",
                "C75",
                "C72",
                "C16",
                "C119",
                "C110",
                "C106"
            ]
        ],
        "E52": [
            "FC52",
            [
                "C98",
                "C120",
                "C109",
                "C112",
                "C47",
                "C106",
                "C32",
                "C5",
                "C77",
                "C43",
                "C126",
                "C93",
                "C22"
            ]
        ],
        "E53": [
            "FC53",
            [
                "C98",
                "C79",
                "C16"
            ]
        ],
        "E54": [
            "FC54",
            [
                "C69",
                "C7",
                "C38",
                "C88",
                "C45",
                "C54",
                "C12",
                "C99",
                "C24",
                "C29",
                "C122",
                "C105",
                "C41"
            ]
        ],
        "E55": [
            "FC55",
            [
                "C31",
                "C51",
                "C38",
                "C6",
                "C10",
                "C79",
                "C106",
                "C93"
            ]
        ],
        "E56": [
            "FC56",
            [
                "C31",
                "C53",
                "C6",
                "C95",
                "C11",
                "C76",
                "C85",
                "C22",
                "C121",
                "C3",
                "C66",
                "C32"
            ]
        ],
        "E57": [
            "FC57",
            [
                "C115",
                "C122",
                "C53",
                "C5",
                "C112",
                "C84"
            ]
        ],
        "E58": [
            "FC58",
            [
                "C112",
                "C57",
                "C41",
                "C42",
                "C65",
                "C75",
                "C29",
                "C59"
            ]
        ],
        "E59": [
            "FC59",
            [
                "C98",
                "C49",
                "C82",
                "C13",
                "C44",
                "C18",
                "C15",
                "C55",
                "C122",
                "C3",
                "C7",
                "C36"
            ]
        ],
        "E60": [
            "FC60",
            [
                "C31",
                "C81",
                "C35",
                "C50",
                "C84"
            ]
        ],
        "E61": [
            "FC61",
            [
                "C98",
                "C44",
                "C119",
                "C79",
                "C21",
                "C94",
                "C121",
                "C13"
            ]
        ],
        "E62": [
            "FC62",
            [
                "C98",
                "C75",
                "C10",
                "C100",
                "C9",
                "C67"
            ]
        ],
        "E63": [
            "FC63",
            [
                "C69",
                "C25",
                "C79",
                "C57",
                "C87",
                "C71",
                "C56",
                "C77"
            ]
        ],
        "E64": [
            "FC64",
            [
                "C125",
                "C79",
                "C8",
                "C38",
                "C78",
                "C88",
                "C80",
                "C115",
                "C73",
                "C107",
                "C75",
                "C59",
                "C50"
            ]
        ],
        "E65": [
            "FC65",
            [
                "C98",
                "C69"
            ]
        ],
        "E66": [
            "FC66",
            [
                "C98",
                "C11",
                "C86",
                "C20",
                "C128"
            ]
        ],
        "E67": [
            "FC67",
            [
                "C31",
                "C89",
                "C60",
                "C87",
                "C0",
                "C110",
                "C32"
            ]
        ],
        "E68": [
            "FC68",
            [
                "C98",
                "C8",
                "C70",
                "C16",
                "C64",
                "C61",
                "C113"
            ]
        ],
        "E69": [
            "FC69",
            [
                "C98",
                "C54",
                "C17",
                "C45",
                "C52"
            ]
        ],
        "E70": [
            "FC70",
            [
                "C98",
                "C29",
                "C103",
                "C87",
                "C15",
                "C40",
                "C35",
                "C2"
            ]
        ],
        "E71": [
            "FC71",
            [
                "C31",
                "C48",
                "C76",
                "C126",
                "C39",
                "C115",
                "C94"
            ]
        ],
        "E72": [
            "FC72",
            [
                "C115",
                "C47",
                "C71",
                "C101",
                "C83"
            ]
        ],
        "E73": [
            "FC73",
            [
                "C98",
                "C48",
                "C94",
                "C25",
                "C65",
                "C111",
                "C29",
                "C42",
                "C11",
                "C67"
            ]
        ],
        "E74": [
            "FC74",
            [
                "C31",
                "C116",
                "C57",
                "C70",
                "C4",
                "C1",
                "C115",
                "C113",
                "C19",
                "C107",
                "C15",
                "C25",
                "C7"
            ]
        ],
        "E75": [
            "FC75",
            [
                "C98",
                "C112",
                "C61"
            ]
        ],
        "E76": [
            "FC76",
            [
                "C31",
                "C75",
                "C24",
                "C94",
                "C92"
            ]
        ],
        "E77": [
            "FC77",
            [
                "C107",
                "C61",
                "C118",
                "C82",
                "C51",
                "C26",
                "C126",
                "C83",
                "C33",
                "C96",
                "C25",
                "C47"
            ]
        ],
        "E78": [
            "FC78",
            [
                "C98",
                "C40",
                "C65",
                "C5",
                "C12",
                "C8",
                "C34",
                "C80",
                "C50",
                "C126",
                "C85",
                "C21"
            ]
        ],
        "E79": [
            "FC79",
            [
                "C98",
                "C58",
                "C87",
                "C9",
                "C11",
                "C47",
                "C37",
                "C121",
                "C68",
                "C3"
            ]
        ],
        "E80": [
            "FC80",
            [
                "C31",
                "C125",
                "C95",
                "C124",
                "C66",
                "C34",
                "C58",
                "C88",
                "C20",
                "C9",
                "C40",
                "C111"
            ]
        ],
        "E81": [
            "FC81",
            [
                "C98",
                "C46",
                "C28",
                "C77",
                "C35",
                "C76"
            ]
        ],
        "E82": [
            "FC82",
            [
                "C98",
                "C99",
                "C59"
            ]
        ],
        "E83": [
            "FC83",
            [
                "C69",
                "C71",
                "C73",
                "C125",
                "C119",
                "C47",
                "C124",
                "C106",
                "C50",
                "C38",
                "C1",
                "C88",
                "C94"
            ]
        ],
        "E84": [
            "FC84",
            [
                "C107",
                "C93",
                "C119"
            ]
        ],
        "E85": [
            "FC85",
            [
                "C98",
                "C64"
            ]
        ],
        "E86": [
            "FC86",
            [
                "C98",
                "C48",
                "C59",
                "C2",
                "C74",
                "C56",
                "C64"
            ]
        ],
        "E87": [
            "FC87",
            [
                "C69",
                "C28",
                "C92",
                "C36",
                "C99",
                "C120",
                "C74",
                "C56",
                "C61",
                "C126",
                "C52"
            ]
        ],
        "E88": [
            "FC88",
            [
                "C38",
                "C67",
                "C2"
            ]
        ],
        "E89": [
            "FC89",
            [
                "C45",
                "C5",
                "C58",
                "C12"
            ]
        ],
        "E90": [
            "FC90",
            [
                "C62",
                "C27",
                "C1",
                "C56",
                "C23",
                "C17",
                "C29",
                "C76",
                "C3",
                "C125"
            ]
        ],
        "E91": [
            "FC91",
            [
                "C94",
                "C95",
                "C119",
                "C111",
                "C43",
                "C18",
                "C106"
            ]
        ]
    },
    "sim_accuracies": {
        "C0": [
            "0.9862512604042767",
            "False"
        ],
        "C1": [
            "0.9600940077024561",
            "False"
        ],
        "C2": [
            "0.9622262739358795",
            "False"
        ],
        "C3": [
            "0.979448727352809",
            "False"
        ],
        "C4": [
            "0.9615173477632634",
            "False"
        ],
        "C5": [
            "0.9875629002032729",
            "False"
        ],
        "C6": [
            "0.9633433890978321",
            "False"
        ],
        "C7": [
            "0.9620459323902631",
            "False"
        ],
        "C8": [
            "0.9604305538330281",
            "True"
        ],
        "C9": [
            "0.9801093732220526",
            "False"
        ],
        "C10": [
            "0.9861332945462362",
            "True"
        ],
        "C11": [
            "0.9888983444382711",
            "False"
        ],
        "C12": [
            "0.9856994394524498",
            "False"
        ],
        "C13": [
            "0.9508421483018327",
            "False"
        ],
        "C14": [
            "0.9705911279165216",
            "False"
        ],
        "C15": [
            "0.9858174360481492",
            "False"
        ],
        "C16": [
            "0.9721841773824353",
            "False"
        ],
        "C17": [
            "0.9711296542391812",
            "True"
        ],
        "C18": [
            "0.9713316871399635",
            "False"
        ],
        "C19": [
            "0.9538988443983296",
            "False"
        ],
        "C20": [
            "0.9657658839464733",
            "False"
        ],
        "C21": [
            "0.9593196827016887",
            "False"
        ],
        "C22": [
            "0.9682868837275931",
            "False"
        ],
        "C23": [
            "0.9534098489824587",
            "False"
        ],
        "C24": [
            "0.9853879151723056",
            "True"
        ],
        "C25": [
            "0.9773652558074596",
            "False"
        ],
        "C26": [
            "0.9714152249266343",
            "False"
        ],
        "C27": [
            "0.9809230074372427",
            "False"
        ],
        "C28": [
            "0.9696232975202009",
            "False"
        ],
        "C29": [
            "0.9816499995679543",
            "True"
        ],
        "C30": [
            "0.9827365759442828",
            "False"
        ],
        "C31": [
            "0.9863805307401876",
            "True"
        ],
        "C32": [
            "0.9548816216908612",
            "False"
        ],
        "C33": [
            "0.9652337706754387",
            "False"
        ],
        "C34": [
            "0.963947675926455",
            "False"
        ],
        "C35": [
            "0.9617687225766473",
            "False"
        ],
        "C36": [
            "0.9713615016059459",
            "False"
        ],
        "C37": [
            "0.9673917000933723",
            "False"
        ],
        "C38": [
            "0.9707906597306792",
            "True"
        ],
        "C39": [
            "0.9665641976042709",
            "False"
        ],
        "C40": [
            "0.9804365563130165",
            "False"
        ],
        "C41": [
            "0.9752707921607002",
            "False"
        ],
        "C42": [
            "0.9863469841407844",
            "False"
        ],
        "C43": [
            "0.9830933721491678",
            "False"
        ],
        "C44": [
            "0.96775622164524",
            "False"
        ],
        "C45": [
            "0.9521029183892249",
            "True"
        ],
        "C46": [
            "0.9882922970850168",
            "False"
        ],
        "C47": [
            "0.95667306518537",
            "False"
        ],
        "C48": [
            "0.9710109267303111",
            "False"
        ],
        "C49": [
            "0.9805726841553779",
            "False"
        ],
        "C50": [
            "0.9800839069863598",
            "False"
        ],
        "C51": [
            "0.9692581993521889",
            "True"
        ],
        "C52": [
            "0.962487461152552",
            "False"
        ],
        "C53": [
            "0.9604634342310029",
            "True"
        ],
        "C54": [
            "0.9850651064161774",
            "False"
        ],
        "C55": [
            "0.9556242956152303",
            "False"
        ],
        "C56": [
            "0.9886801462454781",
            "False"
        ],
        "C57": [
            "0.9617000976289547",
            "False"
        ],
        "C58": [
            "0.9563991473256808",
            "False"
        ],
        "C59": [
            "0.9641027257868212",
            "False"
        ],
        "C60": [
            "0.9719856382381092",
            "False"
        ],
        "C61": [
            "0.9746835089267959",
            "False"
        ],
        "C62": [
            "0.9604922736783941",
            "True"
        ],
        "C63": [
            "0.972388376273793",
            "False"
        ],
        "C64": [
            "0.9520124969379595",
            "False"
        ],
        "C65": [
            "0.9594251691464047",
            "True"
        ],
        "C66": [
            "0.9790648306154767",
            "False"
        ],
        "C67": [
            "0.9548274663177522",
            "False"
        ],
        "C68": [
            "0.9703091198502258",
            "False"
        ],
        "C69": [
            "0.9701748750669555",
            "True"
        ],
        "C70": [
            "0.9759082550643091",
            "False"
        ],
        "C71": [
            "0.9788310404230202",
            "False"
        ],
        "C72": [
            "0.9791907569837169",
            "False"
        ],
        "C73": [
            "0.9827102685945566",
            "False"
        ],
        "C74": [
            "0.9798512875085179",
            "False"
        ],
        "C75": [
            "0.9814828288832043",
            "True"
        ],
        "C76": [
            "0.9601263046966929",
            "False"
        ],
        "C77": [
            "0.9763758297312869",
            "False"
        ],
        "C78": [
            "0.9708786662549944",
            "False"
        ],
        "C79": [
            "0.9570330737452932",
            "True"
        ],
        "C80": [
            "0.9590172482991441",
            "False"
        ],
        "C81": [
            "0.9754307594222311",
            "True"
        ],
        "C82": [
            "0.9834636274774589",
            "False"
        ],
        "C83": [
            "0.9861413060361761",
            "False"
        ],
        "C84": [
            "0.9518453280884895",
            "True"
        ],
        "C85": [
            "0.9729284433302907",
            "False"
        ],
        "C86": [
            "0.9762672344684825",
            "False"
        ],
        "C87": [
            "0.9698941209889655",
            "False"
        ],
        "C88": [
            "0.9536452750963414",
            "False"
        ],
        "C89": [
            "0.9846993404462323",
            "False"
        ],
        "C90": [
            "0.9863988931898329",
            "True"
        ],
        "C91": [
            "0.9810816615529517",
            "False"
        ],
        "C92": [
            "0.9878889679517471",
            "False"
        ],
        "C93": [
            "0.9526394312745299",
            "False"
        ],
        "C94": [
            "0.9580750679453541",
            "True"
        ],
        "C95": [
            "0.9846888664794703",
            "False"
        ],
        "C96": [
            "0.9618475594400276",
            "False"
        ],
        "C97": [
            "0.9515276370663756",
            "False"
        ],
        "C98": [
            "0.9559914835940482",
            "True"
        ],
        "C99": [
            "0.9528676973945701",
            "False"
        ],
        "C100": [
            "0.961400926700111",
            "False"
        ],
        "C101": [
            "0.966364349751155",
            "False"
        ],
        "C102": [
            "0.9592944887926009",
            "True"
        ],
        "C103": [
            "0.9640438760103682",
            "False"
        ],
        "C104": [
            "0.9675134221283005",
            "False"
        ],
        "C105": [
            "0.9818538799058915",
            "False"
        ],
        "C106": [
            "0.9598898656583097",
            "False"
        ],
        "C107": [
            "0.9523526067044656",
            "True"
        ],
        "C108": [
            "0.9844976910256157",
            "False"
        ],
        "C109": [
            "0.9628644589549529",
            "False"
        ],
        "C110": [
            "0.9638848926886704",
            "False"
        ],
        "C111": [
            "0.9828753986209985",
            "False"
        ],
        "C112": [
            "0.9775864363881165",
            "True"
        ],
        "C113": [
            "0.9576393429311487",
            "False"
        ],
        "C114": [
            "0.9752144031373856",
            "False"
        ],
        "C115": [
            "0.9547865333859239",
            "True"
        ],
        "C116": [
            "0.9606057203157478",
            "False"
        ],
        "C117": [
            "0.984189569615878",
            "False"
        ],
        "C118": [
            "0.9758644519309695",
            "False"
        ],
        "C119": [
            "0.9685340595179954",
            "False"
        ],
        "C120": [
            "0.9681765319896203",
            "False"
        ],
        "C121": [
            "0.9544300621731737",
            "False"
        ],
        "C122": [
            "0.9723315966297739",
            "False"
        ],
        "C123": [
            "0.9798865736872235",
            "False"
        ],
        "C124": [
            "0.9866096452628718",
            "False"
        ],
        "C125": [
            "0.9725822174951482",
            "True"
        ],
        "C126": [
            "0.9557608839128977",
            "False"
        ],
        "C127": [
            "0.9764715208546968",
            "True"
        ],
        "C128": [
            "0.9871746882759284",
            "False"
        ]
    }
}