{
    "suspect_components": {
        "C0": [
            false,
            [
                "C85",
                "C81",
                "C31",
                "C46"
            ]
        ],
        "C1": [
            false,
            [
                "C54",
                "C20",
                "C59",
                "C12",
                "C70",
                "C79",
                "C76",
                "C25",
                "C103"
            ]
        ],
        "C2": [
            true,
            [
                "C10",
                "C79",
                "C107",
                "C23",
                "C85",
                "C68",
                "C13",
                "C35",
                "C17",
                "C24",
                "C1",
                "C27"
            ]
        ],
        "C3": [
            true,
            [
                "C10",
                "C120",
                "C92",
                "C103",
                "C27",
                "C67",
                "C40"
            ]
        ],
        "C4": [
            false,
            [
                "C63",
                "C20",
                "C85",
                "C43",
                "C47",
                "C26",
                "C120",
                "C55",
                "C32"
            ]
        ],
        "C5": [
            false,
            [
                "C61",
                "C104"
            ]
        ],
        "C6": [
            false,
            []
        ],
        "C7": [
            false,
            [
                "C69",
                "C48",
                "C126",
                "C60",
                "C15",
                "C110",
                "C54",
                "C99",
                "C49",
                "C74"
            ]
        ],
        "C8": [
            false,
            [
                "C34",
                "C103",
                "C105",
                "C73",
                "C68"
            ]
        ],
        "C9": [
            true,
            [
                "C31",
                "C107",
                "C65"
            ]
        ],
        "C10": [
            false,
            [
                "C127",
                "C0",
                "C29",
                "C103",
                "C48",
                "C64",
                "C32",
                "C47",
                "C30",
                "C63"
            ]
        ],
        "C11": [
            true,
            [
                "C10",
                "C59"
            ]
        ],
        "C12": [
            true,
            [
                "C11",
                "C18",
                "C101"
            ]
        ],
        "C13": [
            false,
            [
                "C55",
                "C70"
            ]
        ],
        "C14": [
            true,
            [
                "C0"
            ]
        ],
        "C15": [
            false,
            [
                "C53",
                "C28",
                "C3",
                "C105",
                "C27",
                "C87",
                "C52",
                "C114",
                "C36",
                "C37"
            ]
        ],
        "C16": [
            false,
            [
                "C31",
                "C94",
                "C83",
                "C105",
                "C96",
                "C70",
                "C113",
                "C51",
                "C37",
                "C52",
                "C99"
            ]
        ],
        "C17": [
            true,
            [
                "C48",
                "C62",
                "C125",
                "C70",
                "C111"
            ]
        ],
        "C18": [
            false,
            []
        ],
        "C19": [
            true,
            [
                "C0",
                "C110",
                "C118",
                "C40"
            ]
        ],
        "C20": [
            false,
            []
        ],
        "C21": [
            false,
            [
                "C15",
                "C117",
                "C74",
                "C52",
                "C105",
                "C28",
                "C73",
                "C36",
                "C72",
                "C71",
                "C45",
                "C109"
            ]
        ],
        "C22": [
            false,
            [
                "C3",
                "C121",
                "C16",
                "C116",
                "C89",
                "C77",
                "C57",
                "C115",
                "C51",
                "C70",
                "C122",
                "C99"
            ]
        ],
        "C23": [
            true,
            [
                "C41",
                "C122",
                "C56",
                "C112"
            ]
        ],
        "C24": [
            false,
            [
                "C4",
                "C60"
            ]
        ],
        "C25": [
            false,
            [
                "C124",
                "C98",
                "C56",
                "C37",
                "C28",
                "C68",
                "C94",
                "C65",
                "C69",
                "C79"
            ]
        ],
        "C26": [
            false,
            [
                "C103",
                "C5",
                "C16",
                "C27",
                "C61",
                "C72",
                "C64",
                "C62",
                "C46",
                "C127",
                "C0"
            ]
        ],
        "C27": [
            false,
            [
                "C5",
                "C83"
            ]
        ],
        "C28": [
            false,
            [
                "C107",
                "C87",
                "C0",
                "C123",
                "C49",
                "C47",
                "C27",
                "C78",
                "C108",
                "C64",
                "C69",
                "C51"
            ]
        ],
        "C29": [
            false,
            [
                "C102",
                "C91",
                "C24",
                "C97",
                "C120",
                "C50",
                "C62",
                "C83",
                "C11",
                "C86"
            ]
        ],
        "C30": [
            false,
            [
                "C120",
                "C61",
                "C85",
                "C126",
                "C58"
            ]
        ],
        "C31": [
            false,
            [
                "C4",
                "C19",
                "C26",
                "C35",
                "C59",
                "C105"
            ]
        ],
        "C32": [
            false,
            []
        ],
        "C33": [
            false,
            [
                "C119",
                "C105",
                "C18"
            ]
        ],
        "C34": [
            false,
            [
                "C112"
            ]
        ],
        "C35": [
            false,
            [
                "C34",
                "C56",
                "C54",
                "C55",
                "C94",
                "C24",
                "C9",
                "C65",
                "C2",
                "C104",
                "C30"
            ]
        ],
        "C36": [
            true,
            [
                "C115",
                "C53",
                "C23",
                "C87"
            ]
        ],
        "C37": [
            false,
            [
                "C30",
                "C23",
                "C64"
            ]
        ],
        "C38": [
            true,
            [
                "C61",
                "C11",
                "C121",
                "C70",
                "C42",
                "C1",
                "C125",
                "C55",
                "C105",
                "C84",
                "C25",
                "C22"
            ]
        ],
        "C39": [
            true,
            [
                "C58",
                "C71",
                "C0",
                "C109",
                "C89",
                "C91",
                "C115",
                "C42"
            ]
        ],
        "C40": [
            false,
            []
        ],
        "C41": [
            true,
            [
                "C24",
                "C5",
                "C70",
                "C49",
                "C44",
                "C40",
                "C59",
                "C11",
                "C45",
                "C50",
                "C53"
            ]
        ],
        "C42": [
            false,
            [
                "C33",
                "C75",
                "C117"
            ]
        ],
        "C43": [
            false,
            []
        ],
        "C44": [
            false,
            [
                "C115",
                "C57",
                "C34",
                "C8",
                "C30",
                "C52",
                "C93",
                "C76",
                "C110",
                "C39"
            ]
        ],
        "C45": [
            false,
            [
                "C16",
                "C40",
                "C121",
                "C96",
                "C1",
                "C43",
                "C95",
                "C8",
                "C44",
                "C107",
                "C27"
            ]
        ],
        "C46": [
            true,
            [
                "C40"
            ]
        ],
        "C47": [
            false,
            [
                "C18",
                "C39",
                "C106"
            ]
        ],
        "C48": [
            false,
            [
                "C111"
            ]
        ],
        "C49": [
            false,
            [
                "C42",
                "C68",
                "C84"
            ]
        ],
        "C50": [
            false,
            [
                "C40",
                "C55",
                "C114",
                "C108",
                "C44",
                "C113",
                "C71"
            ]
        ],
        "C51": [
            false,
            [
                "C66",
                "C54",
                "C5",
                "C50",
                "C103"
            ]
        ],
        "C52": [
            true,
            [
                "C96",
                "C119",
                "C23",
                "C29"
            ]
        ],
        "C53": [
            false,
            [
                "C32",
                "C13",
                "C58",
                "C28",
                "C122",
                "C101",
                "C34",
                "C46",
                "C59",
                "C61",
                "C12",
                "C18"
            ]
        ],
        "C54": [
            false,
            [
                "C21",
                "C86",
                "C23"
            ]
        ],
        "C55": [
            false,
            [
                "C66",
                "C85",
                "C34",
                "C45"
            ]
        ],
        "C56": [
            false,
            []
        ],
        "C57": [
            false,
            [
                "C125",
                "C52",
                "C35",
                "C56",
                "C22",
                "C37"
            ]
        ],
        "C58": [
            false,
            [
                "C113",
                "C18",
                "C108",
                "C20",
                "C82",
                "C117",
                "C42",
                "C70",
                "C86"
            ]
        ],
        "C59": [
            false,
            []
        ],
        "C60": [
            false,
            []
        ],
        "C61": [
            false,
            [
                "C2",
                "C6",
                "C7",
                "C21",
                "C82",
                "C42",
                "C20",
                "C48",
                "C123",
                "C25",
                "C112",
                "C95"
            ]
        ],
        "C62": [
            false,
            []
        ],
        "C63": [
            true,
            [
                "C6",
                "C38",
                "C90",
                "C80",
                "C97",
                "C29",
                "C74",
                "C66",
                "C40",
                "C21",
                "C37",
                "C122"
            ]
        ],
        "C64": [
            false,
            [
                "C125",
                "C19",
                "C38",
                "C44"
            ]
        ],
        "C65": [
            false,
            [
                "C73",
                "C128",
                "C10",
                "C80",
                "C97",
                "C120",
                "C111",
                "C119",
                "C6",
                "C11",
                "C12",
                "C0"
            ]
        ],
        "C66": [
            false,
            [
                "C62",
                "C96",
                "C88",
                "C87",
                "C22",
                "C92",
                "C70",
                "C38",
                "C103",
                "C31"
            ]
        ],
        "C67": [
            true,
            [
                "C105",
                "C38",
                "C68"
            ]
        ],
        "C68": [
            false,
            [
                "C58",
                "C82",
                "C94",
                "C12",
                "C93",
                "C79",
                "C43",
                "C96"
            ]
        ],
        "C69": [
            false,
            [
                "C10",
                "C120",
                "C13",
                "C104",
                "C53",
                "C61",
                "C105",
                "C117",
                "C90",
                "C4",
                "C47"
            ]
        ],
        "C70": [
            false,
            [
                "C16",
                "C15"
            ]
        ],
        "C71": [
            false,
            [
                "C12",
                "C31",
                "C100",
                "C64"
            ]
        ],
        "C72": [
            false,
            [
                "C31",
                "C1",
                "C66",
                "C45",
                "C121",
                "C127",
                "C63",
                "C49"
            ]
        ],
        "C73": [
            false,
            [
                "C48",
                "C16",
                "C102",
                "C68",
                "C62",
                "C39"
            ]
        ],
        "C74": [
            false,
            [
                "C16",
                "C36",
                "C102",
                "C75",
                "C43",
                "C78",
                "C104",
                "C76",
                "C40",
                "C5"
            ]
        ],
        "C75": [
            false,
            [
                "C107",
                "C33",
                "C94"
            ]
        ],
        "C76": [
            true,
            [
                "C110",
                "C54",
                "C26",
                "C79",
                "C64",
                "C21",
                "C118",
                "C10",
                "C99",
                "C74",
                "C40"
            ]
        ],
        "C77": [
            true,
            [
                "C95",
                "C74",
                "C10",
                "C47",
                "C103"
            ]
        ],
        "C78": [
            false,
            [
                "C58",
                "C94",
                "C87",
                "C47",
                "C75",
                "C49",
                "C5",
                "C21",
                "C120",
                "C96",
                "C105",
                "C71"
            ]
        ],
        "C79": [
            false,
            [
                "C5",
                "C57",
                "C27",
                "C94"
            ]
        ],
        "C80": [
            false,
            [
                "C128",
                "C45",
                "C70"
            ]
        ],
        "C81": [
            false,
            [
                "C34",
                "C119",
                "C15",
                "C87",
                "C9"
            ]
        ],
        "C82": [
            false,
            [
                "C14",
                "C74",
                "C61",
                "C52"
            ]
        ],
        "C83": [
            false,
            [
                "C53",
                "C90",
                "C49"
            ]
        ],
        "C84": [
            false,
            [
                "C65",
                "C80",
                "C31",
                "C101",
                "C56",
                "C36",
                "C26",
                "C23"
            ]
        ],
        "C85": [
            false,
            [
                "C116"
            ]
        ],
        "C86": [
            false,
            [
                "C119",
                "C31",
                "C12",
                "C50",
                "C61",
                "C23",
                "C126",
                "C55"
            ]
        ],
        "C87": [
            false,
            [
                "C103",
                "C82"
            ]
        ],
        "C88": [
            false,
            [
                "C10",
                "C104",
                "C8"
            ]
        ],
        "C89": [
            false,
            [
                "C19",
                "C21",
                "C127",
                "C83",
                "C99",
                "C24",
                "C118",
                "C128",
                "C104",
                "C2",
                "C47"
            ]
        ],
        "C90": [
            false,
            [
                "C6",
                "C7",
                "C27"
            ]
        ],
        "C91": [
            true,
            [
                "C106",
                "C28",
                "C32",
                "C3",
                "C62"
            ]
        ],
        "C92": [
            false,
            [
                "C96",
                "C85",
                "C120",
                "C127",
                "C67",
                "C72",
                "C30",
                "C106",
                "C0",
                "C54",
                "C100"
            ]
        ],
        "C93": [
            false,
            [
                "C88",
                "C34",
                "C14",
                "C19",
                "C79"
            ]
        ],
        "C94": [
            true,
            [
                "C18",
                "C31",
                "C73",
                "C27",
                "C74",
                "C57",
                "C59",
                "C101",
                "C122"
            ]
        ],
        "C95": [
            false,
            [
                "C6",
                "C35",
                "C104",
                "C49",
                "C43"
            ]
        ],
        "C96": [
            false,
            [
                "C40",
                "C55",
                "C37",
                "C18",
                "C61",
                "C115",
                "C70",
                "C85",
                "C86",
                "C107",
                "C19"
            ]
        ],
        "C97": [
            false,
            [
                "C65"
            ]
        ],
        "C98": [
            false,
            []
        ],
        "C99": [
            false,
            [
                "C75",
                "C33",
                "C104",
                "C10",
                "C93",
                "C5",
                "C86",
                "C60",
                "C126",
                "C101",
                "C109"
            ]
        ],
        "C100": [
            false,
            [
                "C11",
                "C24",
                "C29",
                "C32",
                "C109",
                "C4"
            ]
        ],
        "C101": [
            false,
            []
        ],
        "C102": [
            false,
            [
                "C14",
                "C52",
                "C92"
            ]
        ],
        "C103": [
            false,
            [
                "C101",
                "C22",
                "C6",
                "C98",
                "C39",
                "C116"
            ]
        ],
        "C104": [
            false,
            [
                "C82"
            ]
        ],
        "C105": [
            true,
            [
                "C54",
                "C25",
                "C44",
                "C55",
                "C65",
                "C87",
                "C91",
                "C13",
                "C110",
                "C46",
                "C111"
            ]
        ],
        "C106": [
            true,
            [
                "C27",
                "C124",
                "C108",
                "C36",
                "C53",
                "C67",
                "C74",
                "C10",
                "C29"
            ]
        ],
        "C107": [
            false,
            [
                "C77",
                "C1",
                "C114"
            ]
        ],
        "C108": [
            false,
            [
                "C49",
                "C87",
                "C76",
                "C60",
                "C122",
                "C34",
                "C104",
                "C11",
                "C54",
                "C59",
                "C95",
                "C31"
            ]
        ],
        "C109": [
            false,
            []
        ],
        "C110": [
            false,
            [
                "C94"
            ]
        ],
        "C111": [
            false,
            [
                "C4",
                "C12",
                "C94",
                "C16",
                "C74",
                "C73",
                "C46"
            ]
        ],
        "C112": [
            false,
            []
        ],
        "C113": [
            false,
            [
                "C115",
                "C65",
                "C42",
                "C103",
                "C107",
                "C96",
                "C75",
                "C116",
                "C22",
                "C37",
                "C93"
            ]
        ],
        "C114": [
            false,
            [
                "C98",
                "C63",
                "C37",
                "C84",
                "C26",
                "C75",
                "C5",
                "C128",
                "C79"
            ]
        ],
        "C115": [
            false,
            [
                "C49",
                "C44",
                "C48",
                "C27",
                "C47",
                "C57",
                "C75",
                "C36",
                "C110"
            ]
        ],
        "C116": [
            false,
            [
                "C14",
                "C104",
                "C5",
                "C121",
                "C39",
                "C101"
            ]
        ],
        "C117": [
            false,
            [
                "C30",
                "C106",
                "C7",
                "C113",
                "C44",
                "C55",
                "C79",
                "C58",
                "C56",
                "C83"
            ]
        ],
        "C118": [
            false,
            [
                "C92",
                "C62",
                "C35",
                "C4",
                "C72",
                "C0",
                "C88",
                "C104",
                "C30",
                "C36"
            ]
        ],
        "C119": [
            false,
            [
                "C111",
                "C87",
                "C7",
                "C37",
                "C103",
                "C91",
                "C68",
                "C23",
                "C97",
                "C96",
                "C88"
            ]
        ],
        "C120": [
            false,
            [
                "C18",
                "C55",
                "C3",
                "C123",
                "C109",
                "C25"
            ]
        ],
        "C121": [
            false,
            [
                "C37",
                "C48",
                "C80",
                "C86",
                "C30",
                "C64",
                "C49",
                "C68",
                "C102",
                "C38"
            ]
        ],
        "C122": [
            false,
            [
                "C79",
                "C69",
                "C10"
            ]
        ],
        "C123": [
            false,
            []
        ],
        "C124": [
            true,
            [
                "C122",
                "C57"
            ]
        ],
        "C125": [
            true,
            []
        ],
        "C126": [
            true,
            []
        ],
        "C127": [
            false,
            [
                "C111",
                "C100",
                "C99",
                "C16",
                "C14",
                "C29",
                "C128",
                "C51",
                "C19",
                "C20"
            ]
        ],
        "C128": [
            false,
            [
                "C49",
                "C85",
                "C6",
                "C12",
                "C16",
                "C96",
                "C14",
                "C71",
                "C20",
                "C75"
            ]
        ]
    },
    "ground_truth_fault_paths": [
        [
            "C11",
            "C41",
            "C23",
            "C36",
            "C106",
            "C91",
            "C105",
            "C38",
            "C67",
            "C3"
        ],
        [
            "C11",
            "C41",
            "C23",
            "C36",
            "C106",
            "C91",
            "C105",
            "C67",
            "C3"
        ],
        [
            "C11",
            "C41",
            "C23",
            "C36",
            "C106",
            "C91",
            "C105",
            "C38",
            "C63"
        ],
        [
            "C124",
            "C106",
            "C91",
            "C105",
            "C38",
            "C67",
            "C3"
        ],
        [
            "C46",
            "C105",
            "C38",
            "C67",
            "C106",
            "C91",
            "C39"
        ],
        [
            "C46",
            "C105",
            "C38",
            "C67",
            "C3",
            "C91",
            "C39"
        ],
        [
            "C11",
            "C41",
            "C23",
            "C36",
            "C106",
            "C91",
            "C39"
        ],
        [
            "C67",
            "C106",
            "C91",
            "C105",
            "C38",
            "C63"
        ],
        [
            "C67",
            "C3",
            "C91",
            "C105",
            "C38",
            "C63"
        ],
        [
            "C124",
            "C106",
            "C91",
            "C105",
            "C67",
            "C3"
        ],
        [
            "C124",
            "C106",
            "C91",
            "C105",
            "C38",
            "C63"
        ],
        [
            "C46",
            "C105",
            "C67",
            "C106",
            "C91",
            "C39"
        ],
        [
            "C46",
            "C105",
            "C67",
            "C3",
            "C91",
            "C39"
        ],
        [
            "C3",
            "C91",
            "C105",
            "C38",
            "C67",
            "C106"
        ],
        [
            "C11",
            "C38",
            "C67",
            "C106",
            "C91",
            "C105"
        ],
        [
            "C11",
            "C38",
            "C67",
            "C106",
            "C91",
            "C39"
        ],
        [
            "C11",
            "C38",
            "C67",
            "C3",
            "C91",
            "C105"
        ],
        [
            "C11",
            "C38",
            "C67",
            "C3",
            "C91",
            "C39"
        ],
        [
            "C125",
            "C38",
            "C67",
            "C106",
            "C91",
            "C105"
        ],
        [
            "C125",
            "C38",
            "C67",
            "C106",
            "C91",
            "C39"
        ],
        [
            "C125",
            "C38",
            "C67",
            "C3",
            "C91",
            "C105"
        ],
        [
            "C125",
            "C38",
            "C67",
            "C3",
            "C91",
            "C39"
        ],
        [
            "C3",
            "C91",
            "C105",
            "C67",
            "C106"
        ],
        [
            "C124",
            "C106",
            "C91",
            "C39"
        ],
        [
            "C46",
            "C105",
            "C38",
            "C63"
        ],
        [
            "C11",
            "C41",
            "C23",
            "C52"
        ],
        [
            "C11",
            "C41",
            "C23",
            "C2"
        ],
        [
            "C11",
            "C38",
            "C63"
        ],
        [
            "C125",
            "C38",
            "C63"
        ],
        [
            "C125",
            "C17",
            "C2"
        ],
        [
            "C11",
            "C12"
        ],
        [
            "C9"
        ],
        [
            "C14"
        ],
        [
            "C19"
        ],
        [
            "C76"
        ],
        [
            "C77"
        ],
        [
            "C94"
        ],
        [
            "C126"
        ]
    ],
    "error_codes": {
        "E0": [
            "FC0",
            [
                "C3",
                "C41",
                "C91",
                "C11",
                "C38",
                "C45",
                "C50",
                "C113",
                "C105",
                "C36",
                "C12",
                "C94"
            ]
        ],
        "E1": [
            "FC1",
            [
                "C3",
                "C106",
                "C4",
                "C126",
                "C112",
                "C113",
                "C72"
            ]
        ],
        "E2": [
            "FC2",
            [
                "C63",
                "C23",
                "C11",
                "C38",
                "C103",
                "C105",
                "C33"
            ]
        ],
        "E3": [
            "FC3",
            [
                "C3",
                "C106",
                "C91",
                "C23"
            ]
        ],
        "E4": [
            "FC4",
            [
                "C39",
                "C67",
                "C91",
                "C121",
                "C98",
                "C12",
                "C41",
                "C17",
                "C5",
                "C101",
                "C49",
                "C50",
                "C51",
                "C116"
            ]
        ],
        "E5": [
            "FC5",
            [
                "C39",
                "C33",
                "C80"
            ]
        ],
        "E6": [
            "FC6",
            [
                "C39",
                "C91",
                "C51",
                "C88",
                "C102"
            ]
        ],
        "E7": [
            "FC7",
            [
                "C63",
                "C20",
                "C118",
                "C2",
                "C52",
                "C42",
                "C26",
                "C41",
                "C0"
            ]
        ],
        "E8": [
            "FC8",
            [
                "C63",
                "C67",
                "C108",
                "C60",
                "C81",
                "C33"
            ]
        ],
        "E9": [
            "FC9",
            [
                "C3",
                "C105",
                "C88",
                "C96",
                "C31",
                "C48",
                "C55",
                "C114",
                "C19",
                "C75",
                "C78"
            ]
        ],
        "E10": [
            "FC10",
            [
                "C63",
                "C38",
                "C43"
            ]
        ],
        "E11": [
            "FC11",
            [
                "C39",
                "C67",
                "C46",
                "C101",
                "C75",
                "C11"
            ]
        ],
        "E12": [
            "FC12",
            [
                "C39",
                "C70",
                "C72",
                "C13",
                "C60",
                "C115",
                "C52",
                "C64"
            ]
        ],
        "E13": [
            "FC13",
            [
                "C106",
                "C120",
                "C27",
                "C36",
                "C118",
                "C127",
                "C43",
                "C47"
            ]
        ],
        "E14": [
            "FC14",
            [
                "C105",
                "C41"
            ]
        ],
        "E15": [
            "FC15",
            [
                "C39",
                "C11",
                "C106",
                "C46",
                "C26",
                "C49",
                "C66",
                "C107",
                "C43",
                "C87",
                "C125",
                "C112",
                "C59"
            ]
        ],
        "E16": [
            "FC16",
            [
                "C105",
                "C38",
                "C62",
                "C29",
                "C45",
                "C81",
                "C104",
                "C7",
                "C86",
                "C58",
                "C115"
            ]
        ],
        "E17": [
            "FC17",
            [
                "C39",
                "C11",
                "C3",
                "C109",
                "C103",
                "C30",
                "C116",
                "C122",
                "C15",
                "C127",
                "C60",
                "C37",
                "C93",
                "C0",
                "C96"
            ]
        ],
        "E18": [
            "FC18",
            [
                "C105",
                "C38",
                "C125",
                "C43",
                "C46",
                "C57",
                "C89",
                "C83",
                "C40",
                "C22",
                "C100",
                "C93",
                "C3",
                "C85"
            ]
        ],
        "E19": [
            "FC19",
            [
                "C39",
                "C106",
                "C125",
                "C67",
                "C103",
                "C38",
                "C18",
                "C44",
                "C35",
                "C83",
                "C101",
                "C116",
                "C10",
                "C68"
            ]
        ],
        "E20": [
            "FC20",
            [
                "C105",
                "C73",
                "C4",
                "C40",
                "C32",
                "C9",
                "C84",
                "C8"
            ]
        ],
        "E21": [
            "FC21",
            [
                "C39",
                "C38",
                "C91",
                "C64",
                "C74",
                "C33",
                "C76",
                "C86",
                "C16",
                "C21"
            ]
        ],
        "E22": [
            "FC22",
            [
                "C106",
                "C105",
                "C117",
                "C9",
                "C112",
                "C23",
                "C91",
                "C45",
                "C60",
                "C102"
            ]
        ],
        "E23": [
            "FC23",
            [
                "C39",
                "C106",
                "C47",
                "C6",
                "C115",
                "C70",
                "C97",
                "C19",
                "C16",
                "C118",
                "C126"
            ]
        ],
        "E24": [
            "FC24",
            [
                "C63",
                "C105",
                "C111",
                "C127",
                "C39",
                "C33",
                "C81",
                "C50",
                "C126",
                "C9",
                "C0",
                "C102"
            ]
        ],
        "E25": [
            "FC25",
            [
                "C52",
                "C60",
                "C94",
                "C13",
                "C68",
                "C7",
                "C92",
                "C99",
                "C97",
                "C84",
                "C116",
                "C9"
            ]
        ],
        "E26": [
            "FC26",
            [
                "C2",
                "C31",
                "C42",
                "C71",
                "C45",
                "C87",
                "C95",
                "C68",
                "C64",
                "C46",
                "C100",
                "C117"
            ]
        ],
        "E27": [
            "FC27",
            [
                "C63",
                "C100",
                "C50",
                "C35",
                "C90",
                "C75",
                "C47",
                "C34",
                "C68",
                "C56",
                "C49"
            ]
        ],
        "E28": [
            "FC28",
            [
                "C63",
                "C26",
                "C87",
                "C103",
                "C42",
                "C66",
                "C20",
                "C83",
                "C47",
                "C86"
            ]
        ],
        "E29": [
            "FC29",
            [
                "C2",
                "C123",
                "C45",
                "C87",
                "C99",
                "C42",
                "C43",
                "C103",
                "C56",
                "C94",
                "C26",
                "C57",
                "C27"
            ]
        ],
        "E30": [
            "FC30",
            [
                "C12",
                "C100",
                "C94",
                "C93",
                "C6",
                "C125",
                "C67",
                "C98",
                "C83",
                "C4"
            ]
        ],
        "E31": [
            "FC31",
            [
                "C9",
                "C82",
                "C124",
                "C73",
                "C66",
                "C57",
                "C1",
                "C49",
                "C78",
                "C30",
                "C19"
            ]
        ],
        "E32": [
            "FC32",
            [
                "C14",
                "C123",
                "C42"
            ]
        ],
        "E33": [
            "FC33",
            [
                "C19",
                "C50"
            ]
        ],
        "E34": [
            "FC34",
            [
                "C76",
                "C85",
                "C60",
                "C68",
                "C9",
                "C22",
                "C93",
                "C53",
                "C100",
                "C78"
            ]
        ],
        "E35": [
            "FC35",
            [
                "C77",
                "C83",
                "C75"
            ]
        ],
        "E36": [
            "FC36",
            [
                "C94",
                "C27",
                "C83",
                "C51",
                "C55",
                "C44",
                "C93",
                "C54",
                "C107"
            ]
        ],
        "E37": [
            "FC37",
            [
                "C126",
                "C24",
                "C60",
                "C109",
                "C114",
                "C81",
                "C11",
                "C4",
                "C68"
            ]
        ]
    },
    "sim_accuracies": {
        "C0": [
            "0.9881092240949289",
            "False"
        ],
        "C1": [
            "0.9559874599269408",
            "False"
        ],
        "C2": [
            "0.9845703532228803",
            "True"
        ],
        "C3": [
            "0.9820953011837914",
            "True"
        ],
        "C4": [
            "0.9613391521425207",
            "False"
        ],
        "C5": [
            "0.9807903751112385",
            "False"
        ],
        "C6": [
            "0.9534854811534857",
            "False"
        ],
        "C7": [
            "0.9810533482890902",
            "False"
        ],
        "C8": [
            "0.9570929901172617",
            "False"
        ],
        "C9": [
            "0.9653172956751939",
            "True"
        ],
        "C10": [
            "0.9711684846723005",
            "False"
        ],
        "C11": [
            "0.9899037397271435",
            "True"
        ],
        "C12": [
            "0.9778431548451587",
            "True"
        ],
        "C13": [
            "0.9709488399246",
            "False"
        ],
        "C14": [
            "0.9724594238579697",
            "True"
        ],
        "C15": [
            "0.9742028706468647",
            "False"
        ],
        "C16": [
            "0.9833964860831601",
            "False"
        ],
        "C17": [
            "0.9803105921977799",
            "True"
        ],
        "C18": [
            "0.9502690611099249",
            "False"
        ],
        "C19": [
            "0.9644394636540937",
            "True"
        ],
        "C20": [
            "0.9594003974928564",
            "False"
        ],
        "C21": [
            "0.9705702309390256",
            "False"
        ],
        "C22": [
            "0.9723121925760666",
            "False"
        ],
        "C23": [
            "0.9806794370258797",
            "True"
        ],
        "C24": [
            "0.9660877442845075",
            "False"
        ],
        "C25": [
            "0.9856074101140647",
            "False"
        ],
        "C26": [
            "0.9874069590362589",
            "False"
        ],
        "C27": [
            "0.9722962635186606",
            "False"
        ],
        "C28": [
            "0.9865157141713475",
            "False"
        ],
        "C29": [
            "0.9810343651259398",
            "False"
        ],
        "C30": [
            "0.966643324213734",
            "False"
        ],
        "C31": [
            "0.9882218424452708",
            "False"
        ],
        "C32": [
            "0.9845613768020051",
            "False"
        ],
        "C33": [
            "0.9733426849563239",
            "False"
        ],
        "C34": [
            "0.9666205068803714",
            "False"
        ],
        "C35": [
            "0.9801715998201905",
            "False"
        ],
        "C36": [
            "0.971556595993698",
            "True"
        ],
        "C37": [
            "0.9611815232928544",
            "False"
        ],
        "C38": [
            "0.9845037073396414",
            "True"
        ],
        "C39": [
            "0.9555287624873852",
            "True"
        ],
        "C40": [
            "0.9782440660410793",
            "False"
        ],
        "C41": [
            "0.9704083345345512",
            "True"
        ],
        "C42": [
            "0.9893261571946149",
            "False"
        ],
        "C43": [
            "0.985726838609372",
            "False"
        ],
        "C44": [
            "0.9611845500890461",
            "False"
        ],
        "C45": [
            "0.9752868960319567",
            "False"
        ],
        "C46": [
            "0.9793155120576386",
            "True"
        ],
        "C47": [
            "0.9668785849107907",
            "False"
        ],
        "C48": [
            "0.9645483904470809",
            "False"
        ],
        "C49": [
            "0.9846717474810264",
            "False"
        ],
        "C50": [
            "0.9815043114759553",
            "False"
        ],
        "C51": [
            "0.9836630536954545",
            "False"
        ],
        "C52": [
            "0.9615213048987911",
            "True"
        ],
        "C53": [
            "0.9700812465336611",
            "False"
        ],
        "C54": [
            "0.9621816685670629",
            "False"
        ],
        "C55": [
            "0.9745753010840674",
            "False"
        ],
        "C56": [
            "0.9547463109992844",
            "False"
        ],
        "C57": [
            "0.9533191149867826",
            "False"
        ],
        "C58": [
            "0.9777272094571909",
            "False"
        ],
        "C59": [
            "0.989415443638651",
            "False"
        ],
        "C60": [
            "0.9510158297825233",
            "False"
        ],
        "C61": [
            "0.9873029809746185",
            "False"
        ],
        "C62": [
            "0.9502503022201328",
            "False"
        ],
        "C63": [
            "0.9515760874876007",
            "True"
        ],
        "C64": [
            "0.95623772555638",
            "False"
        ],
        "C65": [
            "0.9622736508764337",
            "False"
        ],
        "C66": [
            "0.9755666015236298",
            "False"
        ],
        "C67": [
            "0.97345325310449",
            "True"
        ],
        "C68": [
            "0.9851363090372353",
            "False"
        ],
        "C69": [
            "0.9529099267597381",
            "False"
        ],
        "C70": [
            "0.9594568500313544",
            "False"
        ],
        "C71": [
            "0.9757060199610507",
            "False"
        ],
        "C72": [
            "0.9830326977023732",
            "False"
        ],
        "C73": [
            "0.98964800531479",
            "False"
        ],
        "C74": [
            "0.9546293419001436",
            "False"
        ],
        "C75": [
            "0.9630391478146568",
            "False"
        ],
        "C76": [
            "0.9626950764862425",
            "True"
        ],
        "C77": [
            "0.9583337569253354",
            "True"
        ],
        "C78": [
            "0.9629590637504845",
            "False"
        ],
        "C79": [
            "0.9692211675744621",
            "False"
        ],
        "C80": [
            "0.9708714762938294",
            "False"
        ],
        "C81": [
            "0.9753367139795438",
            "False"
        ],
        "C82": [
            "0.9670273132787782",
            "False"
        ],
        "C83": [
            "0.9795262045211044",
            "False"
        ],
        "C84": [
            "0.9772797975243238",
            "False"
        ],
        "C85": [
            "0.9613563791821189",
            "False"
        ],
        "C86": [
            "0.9613745188269383",
            "False"
        ],
        "C87": [
            "0.9707923604621863",
            "False"
        ],
        "C88": [
            "0.9746763427207075",
            "False"
        ],
        "C89": [
            "0.9654330258329015",
            "False"
        ],
        "C90": [
            "0.9747984907016457",
            "False"
        ],
        "C91": [
            "0.9786695001991479",
            "True"
        ],
        "C92": [
            "0.9557628951965523",
            "False"
        ],
        "C93": [
            "0.9885238110573119",
            "False"
        ],
        "C94": [
            "0.9776144263119885",
            "True"
        ],
        "C95": [
            "0.9874661249584215",
            "False"
        ],
        "C96": [
            "0.9669228933599604",
            "False"
        ],
        "C97": [
            "0.9859547506682044",
            "False"
        ],
        "C98": [
            "0.9815531058433842",
            "False"
        ],
        "C99": [
            "0.9787744313327841",
            "False"
        ],
        "C100": [
            "0.9617067276367979",
            "False"
        ],
        "C101": [
            "0.9665311781018092",
            "False"
        ],
        "C102": [
            "0.9798760044593707",
            "False"
        ],
        "C103": [
            "0.9551894624132794",
            "False"
        ],
        "C104": [
            "0.9838385300383907",
            "False"
        ],
        "C105": [
            "0.9893915989216412",
            "True"
        ],
        "C106": [
            "0.9781473723553744",
            "True"
        ],
        "C107": [
            "0.9867696441319092",
            "False"
        ],
        "C108": [
            "0.9615165305760952",
            "False"
        ],
        "C109": [
            "0.9879881262656127",
            "False"
        ],
        "C110": [
            "0.9527837286966525",
            "False"
        ],
        "C111": [
            "0.9587375455514743",
            "False"
        ],
        "C112": [
            "0.9825426897921782",
            "False"
        ],
        "C113": [
            "0.9783026318381324",
            "False"
        ],
        "C114": [
            "0.9823091661382782",
            "False"
        ],
        "C115": [
            "0.9542344479969281",
            "False"
        ],
        "C116": [
            "0.9553490314455103",
            "False"
        ],
        "C117": [
            "0.9834535464831935",
            "False"
        ],
        "C118": [
            "0.9550518167615476",
            "False"
        ],
        "C119": [
            "0.9742631695101298",
            "False"
        ],
        "C120": [
            "0.9851465609196326",
            "False"
        ],
        "C121": [
            "0.9758059155962122",
            "False"
        ],
        "C122": [
            "0.9750764785125462",
            "False"
        ],
        "C123": [
            "0.974962714342059",
            "False"
        ],
        "C124": [
            "0.9523593796423543",
            "True"
        ],
        "C125": [
            "0.9795318579697951",
            "True"
        ],
        "C126": [
            "0.9854192853241714",
            "True"
        ],
        "C127": [
            "0.9707836238279188",
            "False"
        ],
        "C128": [
            "0.9666147200055093",
            "False"
        ]
    }
}