{
    "suspect_components": {
        "C0": [
            false,
            [
                "C51",
                "C125",
                "C114",
                "C99",
                "C121",
                "C68",
                "C108",
                "C23"
            ]
        ],
        "C1": [
            false,
            [
                "C108",
                "C94",
                "C47",
                "C111",
                "C109",
                "C23",
                "C10",
                "C87",
                "C118",
                "C57",
                "C39",
                "C126"
            ]
        ],
        "C2": [
            false,
            [
                "C21",
                "C74",
                "C119",
                "C111",
                "C20",
                "C122",
                "C76",
                "C38"
            ]
        ],
        "C3": [
            false,
            [
                "C76",
                "C63"
            ]
        ],
        "C4": [
            false,
            [
                "C109",
                "C75",
                "C12",
                "C19",
                "C11",
                "C27",
                "C108",
                "C105"
            ]
        ],
        "C5": [
            true,
            [
                "C118"
            ]
        ],
        "C6": [
            false,
            [
                "C64",
                "C90",
                "C65",
                "C20",
                "C128",
                "C4",
                "C29",
                "C118",
                "C45",
                "C46"
            ]
        ],
        "C7": [
            false,
            [
                "C11",
                "C21",
                "C106",
                "C76",
                "C80",
                "C116"
            ]
        ],
        "C8": [
            false,
            [
                "C115",
                "C67",
                "C87",
                "C47",
                "C54",
                "C20",
                "C66",
                "C27",
                "C111",
                "C4",
                "C1",
                "C101"
            ]
        ],
        "C9": [
            false,
            [
                "C3"
            ]
        ],
        "C10": [
            false,
            [
                "C122",
                "C117"
            ]
        ],
        "C11": [
            false,
            [
                "C103",
                "C124",
                "C77",
                "C92",
                "C101",
                "C22",
                "C32",
                "C34",
                "C3",
                "C48",
                "C28"
            ]
        ],
        "C12": [
            true,
            []
        ],
        "C13": [
            false,
            [
                "C48",
                "C6",
                "C53",
                "C123",
                "C37",
                "C61",
                "C111",
                "C22",
                "C77",
                "C118",
                "C121"
            ]
        ],
        "C14": [
            false,
            [
                "C5",
                "C29",
                "C42",
                "C39",
                "C113",
                "C124"
            ]
        ],
        "C15": [
            true,
            [
                "C5",
                "C115",
                "C62",
                "C51",
                "C75",
                "C100",
                "C13"
            ]
        ],
        "C16": [
            true,
            [
                "C2",
                "C26",
                "C110",
                "C106",
                "C126"
            ]
        ],
        "C17": [
            false,
            [
                "C74",
                "C9",
                "C124",
                "C102",
                "C59",
                "C15",
                "C4",
                "C108",
                "C80",
                "C16",
                "C68"
            ]
        ],
        "C18": [
            false,
            [
                "C106",
                "C121",
                "C29",
                "C126",
                "C88",
                "C114",
                "C111",
                "C5",
                "C41",
                "C73"
            ]
        ],
        "C19": [
            true,
            [
                "C49",
                "C120",
                "C88",
                "C112",
                "C59",
                "C56",
                "C86",
                "C119",
                "C33",
                "C75",
                "C99"
            ]
        ],
        "C20": [
            true,
            [
                "C92",
                "C120",
                "C41",
                "C53",
                "C72",
                "C22"
            ]
        ],
        "C21": [
            false,
            [
                "C123",
                "C33",
                "C44",
                "C51",
                "C40",
                "C125",
                "C25",
                "C106",
                "C126",
                "C77"
            ]
        ],
        "C22": [
            false,
            [
                "C53",
                "C12",
                "C4"
            ]
        ],
        "C23": [
            false,
            [
                "C66",
                "C91",
                "C40",
                "C44",
                "C128"
            ]
        ],
        "C24": [
            false,
            []
        ],
        "C25": [
            false,
            [
                "C16",
                "C86",
                "C110",
                "C29",
                "C58",
                "C30",
                "C57",
                "C124",
                "C66",
                "C87",
                "C90",
                "C11"
            ]
        ],
        "C26": [
            false,
            [
                "C68",
                "C38",
                "C12",
                "C112",
                "C117",
                "C28",
                "C27",
                "C10",
                "C42",
                "C30",
                "C52",
                "C92"
            ]
        ],
        "C27": [
            false,
            [
                "C74",
                "C113"
            ]
        ],
        "C28": [
            false,
            [
                "C127",
                "C25",
                "C39",
                "C93",
                "C85",
                "C35",
                "C31",
                "C51",
                "C112",
                "C106",
                "C1",
                "C62"
            ]
        ],
        "C29": [
            false,
            [
                "C121",
                "C87",
                "C73",
                "C43",
                "C21",
                "C68",
                "C95",
                "C106",
                "C92",
                "C62",
                "C38",
                "C107"
            ]
        ],
        "C30": [
            false,
            [
                "C58",
                "C35",
                "C109",
                "C105",
                "C104",
                "C117",
                "C92",
                "C7",
                "C113",
                "C37",
                "C2",
                "C17"
            ]
        ],
        "C31": [
            false,
            [
                "C86"
            ]
        ],
        "C32": [
            false,
            [
                "C102",
                "C42",
                "C111",
                "C15",
                "C100"
            ]
        ],
        "C33": [
            false,
            [
                "C9",
                "C38",
                "C14",
                "C75",
                "C107",
                "C102",
                "C77",
                "C80",
                "C88",
                "C2",
                "C71",
                "C37"
            ]
        ],
        "C34": [
            false,
            [
                "C103",
                "C114",
                "C52",
                "C113",
                "C88",
                "C50",
                "C77",
                "C21",
                "C9",
                "C85",
                "C99"
            ]
        ],
        "C35": [
            false,
            [
                "C32",
                "C72",
                "C54",
                "C23",
                "C79",
                "C87",
                "C40",
                "C5",
                "C7",
                "C66",
                "C61"
            ]
        ],
        "C36": [
            true,
            [
                "C77",
                "C108",
                "C28",
                "C15",
                "C95",
                "C66",
                "C90",
                "C31",
                "C12",
                "C114",
                "C76",
                "C1"
            ]
        ],
        "C37": [
            false,
            [
                "C86",
                "C60",
                "C59",
                "C89",
                "C76",
                "C72",
                "C35"
            ]
        ],
        "C38": [
            true,
            [
                "C96",
                "C63",
                "C26",
                "C83",
                "C49",
                "C92",
                "C116",
                "C25",
                "C37",
                "C108",
                "C105"
            ]
        ],
        "C39": [
            true,
            [
                "C23"
            ]
        ],
        "C40": [
            false,
            []
        ],
        "C41": [
            false,
            [
                "C33",
                "C121",
                "C54",
                "C114",
                "C19",
                "C94"
            ]
        ],
        "C42": [
            false,
            [
                "C103",
                "C101",
                "C67",
                "C127",
                "C108",
                "C112",
                "C125",
                "C106",
                "C41",
                "C36"
            ]
        ],
        "C43": [
            false,
            [
                "C32",
                "C124",
                "C117",
                "C33",
                "C30",
                "C54",
                "C116",
                "C121"
            ]
        ],
        "C44": [
            false,
            []
        ],
        "C45": [
            true,
            [
                "C40",
                "C94",
                "C30",
                "C104",
                "C28",
                "C74",
                "C10",
                "C39",
                "C95",
                "C78",
                "C77"
            ]
        ],
        "C46": [
            false,
            [
                "C124",
                "C7",
                "C36",
                "C107"
            ]
        ],
        "C47": [
            true,
            []
        ],
        "C48": [
            false,
            [
                "C72",
                "C55",
                "C46",
                "C125"
            ]
        ],
        "C49": [
            true,
            []
        ],
        "C50": [
            false,
            [
                "C89"
            ]
        ],
        "C51": [
            true,
            [
                "C11"
            ]
        ],
        "C52": [
            false,
            [
                "C123",
                "C79",
                "C115",
                "C86",
                "C96",
                "C121"
            ]
        ],
        "C53": [
            true,
            [
                "C33",
                "C35",
                "C117",
                "C115",
                "C114",
                "C38",
                "C83",
                "C22",
                "C104",
                "C99",
                "C59"
            ]
        ],
        "C54": [
            false,
            [
                "C86",
                "C11",
                "C113",
                "C71",
                "C22",
                "C42"
            ]
        ],
        "C55": [
            true,
            [
                "C6",
                "C79",
                "C31",
                "C21",
                "C49",
                "C13",
                "C48",
                "C121",
                "C128",
                "C4",
                "C30"
            ]
        ],
        "C56": [
            false,
            [
                "C46",
                "C4",
                "C70",
                "C52",
                "C62",
                "C113",
                "C21",
                "C82",
                "C102",
                "C11"
            ]
        ],
        "C57": [
            false,
            [
                "C5",
                "C87",
                "C111",
                "C46",
                "C106",
                "C6",
                "C81"
            ]
        ],
        "C58": [
            false,
            [
                "C65",
                "C23",
                "C29",
                "C25",
                "C43",
                "C73"
            ]
        ],
        "C59": [
            false,
            [
                "C46",
                "C65"
            ]
        ],
        "C60": [
            false,
            [
                "C22",
                "C39",
                "C78",
                "C104",
                "C43",
                "C15",
                "C83",
                "C46",
                "C6",
                "C14",
                "C76",
                "C99"
            ]
        ],
        "C61": [
            false,
            [
                "C81"
            ]
        ],
        "C62": [
            true,
            [
                "C105",
                "C82"
            ]
        ],
        "C63": [
            false,
            [
                "C96",
                "C30",
                "C13",
                "C51"
            ]
        ],
        "C64": [
            false,
            [
                "C60",
                "C126",
                "C98"
            ]
        ],
        "C65": [
            false,
            [
                "C68"
            ]
        ],
        "C66": [
            false,
            []
        ],
        "C67": [
            false,
            [
                "C118",
                "C104",
                "C16",
                "C123",
                "C7"
            ]
        ],
        "C68": [
            false,
            [
                "C59",
                "C4",
                "C25",
                "C63",
                "C32",
                "C77"
            ]
        ],
        "C69": [
            false,
            [
                "C104",
                "C114",
                "C21",
                "C128",
                "C52",
                "C36",
                "C95",
                "C43",
                "C62"
            ]
        ],
        "C70": [
            false,
            [
                "C108",
                "C115",
                "C10",
                "C0",
                "C118",
                "C74",
                "C42",
                "C15"
            ]
        ],
        "C71": [
            false,
            [
                "C69",
                "C64",
                "C97",
                "C89",
                "C54",
                "C72",
                "C11"
            ]
        ],
        "C72": [
            false,
            [
                "C17",
                "C76"
            ]
        ],
        "C73": [
            false,
            [
                "C101"
            ]
        ],
        "C74": [
            false,
            [
                "C31",
                "C35",
                "C71",
                "C110",
                "C53",
                "C81",
                "C87",
                "C66",
                "C115",
                "C69",
                "C62"
            ]
        ],
        "C75": [
            false,
            [
                "C82",
                "C87",
                "C53",
                "C117",
                "C84",
                "C4",
                "C34",
                "C0",
                "C121",
                "C1"
            ]
        ],
        "C76": [
            false,
            []
        ],
        "C77": [
            true,
            [
                "C44",
                "C105",
                "C125",
                "C100",
                "C20",
                "C19",
                "C7",
                "C113",
                "C31",
                "C90"
            ]
        ],
        "C78": [
            false,
            [
                "C91",
                "C99",
                "C45",
                "C2",
                "C31",
                "C118"
            ]
        ],
        "C79": [
            false,
            [
                "C49",
                "C113",
                "C2",
                "C56",
                "C5"
            ]
        ],
        "C80": [
            false,
            [
                "C71",
                "C91",
                "C49",
                "C23",
                "C77",
                "C56",
                "C59",
                "C126",
                "C92",
                "C9",
                "C53",
                "C1"
            ]
        ],
        "C81": [
            false,
            [
                "C101",
                "C28",
                "C71"
            ]
        ],
        "C82": [
            true,
            [
                "C128",
                "C126",
                "C43",
                "C49",
                "C44",
                "C16",
                "C32",
                "C66",
                "C58"
            ]
        ],
        "C83": [
            true,
            [
                "C70",
                "C49",
                "C5",
                "C64",
                "C116",
                "C0",
                "C109",
                "C13"
            ]
        ],
        "C84": [
            false,
            [
                "C110",
                "C104",
                "C70",
                "C31",
                "C119"
            ]
        ],
        "C85": [
            true,
            [
                "C92",
                "C11",
                "C57",
                "C12",
                "C71",
                "C107",
                "C114"
            ]
        ],
        "C86": [
            false,
            [
                "C1",
                "C100",
                "C49",
                "C85",
                "C20"
            ]
        ],
        "C87": [
            true,
            [
                "C6",
                "C57",
                "C108",
                "C19",
                "C63",
                "C50",
                "C42",
                "C84",
                "C79"
            ]
        ],
        "C88": [
            false,
            [
                "C24"
            ]
        ],
        "C89": [
            false,
            []
        ],
        "C90": [
            false,
            [
                "C110",
                "C6",
                "C85",
                "C64",
                "C63",
                "C27",
                "C121"
            ]
        ],
        "C91": [
            false,
            [
                "C87",
                "C13",
                "C85"
            ]
        ],
        "C92": [
            false,
            [
                "C60",
                "C18",
                "C112",
                "C24",
                "C114",
                "C31",
                "C21",
                "C15"
            ]
        ],
        "C93": [
            false,
            []
        ],
        "C94": [
            true,
            [
                "C80",
                "C16",
                "C32",
                "C15",
                "C113",
                "C14"
            ]
        ],
        "C95": [
            false,
            [
                "C110",
                "C16",
                "C26",
                "C14"
            ]
        ],
        "C96": [
            true,
            [
                "C13",
                "C75",
                "C97",
                "C102",
                "C24",
                "C105",
                "C59",
                "C2"
            ]
        ],
        "C97": [
            false,
            [
                "C98",
                "C118",
                "C109",
                "C25",
                "C86",
                "C6",
                "C116"
            ]
        ],
        "C98": [
            false,
            [
                "C84",
                "C49",
                "C27",
                "C26",
                "C3",
                "C17",
                "C32",
                "C65"
            ]
        ],
        "C99": [
            true,
            [
                "C107",
                "C123",
                "C113",
                "C47",
                "C62"
            ]
        ],
        "C100": [
            false,
            [
                "C11",
                "C15"
            ]
        ],
        "C101": [
            false,
            [
                "C79",
                "C111"
            ]
        ],
        "C102": [
            true,
            [
                "C91",
                "C79",
                "C37",
                "C120",
                "C87",
                "C74",
                "C94",
                "C2"
            ]
        ],
        "C103": [
            true,
            [
                "C37",
                "C14",
                "C60",
                "C13",
                "C108",
                "C88",
                "C50",
                "C51"
            ]
        ],
        "C104": [
            false,
            [
                "C51",
                "C17",
                "C87",
                "C48",
                "C121",
                "C119",
                "C84",
                "C85",
                "C76",
                "C107"
            ]
        ],
        "C105": [
            false,
            [
                "C41",
                "C26",
                "C116",
                "C10",
                "C126"
            ]
        ],
        "C106": [
            false,
            [
                "C0",
                "C57",
                "C58"
            ]
        ],
        "C107": [
            false,
            [
                "C54",
                "C61",
                "C123",
                "C84",
                "C96",
                "C52",
                "C102"
            ]
        ],
        "C108": [
            false,
            [
                "C1",
                "C92"
            ]
        ],
        "C109": [
            false,
            []
        ],
        "C110": [
            false,
            [
                "C91"
            ]
        ],
        "C111": [
            false,
            []
        ],
        "C112": [
            false,
            [
                "C29",
                "C36",
                "C74",
                "C49",
                "C92",
                "C11",
                "C7",
                "C50"
            ]
        ],
        "C113": [
            false,
            [
                "C72",
                "C44",
                "C56"
            ]
        ],
        "C114": [
            false,
            [
                "C44",
                "C86",
                "C62",
                "C45"
            ]
        ],
        "C115": [
            false,
            [
                "C5",
                "C45",
                "C67"
            ]
        ],
        "C116": [
            false,
            [
                "C5"
            ]
        ],
        "C117": [
            false,
            [
                "C35",
                "C97",
                "C28",
                "C86",
                "C53",
                "C78",
                "C116",
                "C61",
                "C94",
                "C95"
            ]
        ],
        "C118": [
            false,
            [
                "C43",
                "C111",
                "C16",
                "C30",
                "C36",
                "C33",
                "C48",
                "C49",
                "C96",
                "C95"
            ]
        ],
        "C119": [
            false,
            [
                "C109",
                "C62",
                "C11",
                "C48",
                "C75"
            ]
        ],
        "C120": [
            false,
            [
                "C38",
                "C83",
                "C63",
                "C13",
                "C71",
                "C32",
                "C125",
                "C53",
                "C20",
                "C16",
                "C42",
                "C99"
            ]
        ],
        "C121": [
            false,
            [
                "C95",
                "C127",
                "C118",
                "C45",
                "C82",
                "C123",
                "C126",
                "C68",
                "C102",
                "C9",
                "C53",
                "C56"
            ]
        ],
        "C122": [
            false,
            [
                "C115",
                "C60",
                "C101"
            ]
        ],
        "C123": [
            false,
            [
                "C78",
                "C108",
                "C96"
            ]
        ],
        "C124": [
            false,
            [
                "C40",
                "C95",
                "C65",
                "C21",
                "C34",
                "C75",
                "C113",
                "C90",
                "C58"
            ]
        ],
        "C125": [
            false,
            [
                "C10",
                "C119",
                "C86",
                "C109",
                "C115",
                "C110",
                "C104",
                "C94",
                "C127"
            ]
        ],
        "C126": [
            false,
            [
                "C69",
                "C97",
                "C6",
                "C45",
                "C113"
            ]
        ],
        "C127": [
            false,
            [
                "C67",
                "C19",
                "C91"
            ]
        ],
        "C128": [
            false,
            [
                "C75"
            ]
        ]
    },
    "ground_truth_fault_paths": [
        [
            "C16",
            "C82",
            "C62",
            "C99",
            "C19",
            "C87",
            "C102",
            "C96",
            "C38",
            "C53",
            "C20",
            "C77",
            "C45"
        ],
        [
            "C16",
            "C82",
            "C62",
            "C99",
            "C19",
            "C87",
            "C102",
            "C96",
            "C38",
            "C53",
            "C20",
            "C77",
            "C36"
        ],
        [
            "C49",
            "C82",
            "C62",
            "C99",
            "C19",
            "C87",
            "C102",
            "C96",
            "C38",
            "C53",
            "C20",
            "C77",
            "C45"
        ],
        [
            "C49",
            "C82",
            "C62",
            "C99",
            "C19",
            "C87",
            "C102",
            "C96",
            "C38",
            "C53",
            "C20",
            "C77",
            "C36"
        ],
        [
            "C16",
            "C82",
            "C62",
            "C15",
            "C94",
            "C102",
            "C96",
            "C38",
            "C53",
            "C20",
            "C77",
            "C45"
        ],
        [
            "C16",
            "C82",
            "C62",
            "C15",
            "C94",
            "C102",
            "C96",
            "C38",
            "C53",
            "C20",
            "C77",
            "C36"
        ],
        [
            "C49",
            "C82",
            "C62",
            "C15",
            "C94",
            "C102",
            "C96",
            "C38",
            "C53",
            "C20",
            "C77",
            "C45"
        ],
        [
            "C49",
            "C82",
            "C62",
            "C15",
            "C94",
            "C102",
            "C96",
            "C38",
            "C53",
            "C20",
            "C77",
            "C36"
        ],
        [
            "C47",
            "C99",
            "C19",
            "C87",
            "C102",
            "C96",
            "C38",
            "C53",
            "C20",
            "C77",
            "C45"
        ],
        [
            "C47",
            "C99",
            "C19",
            "C87",
            "C102",
            "C96",
            "C38",
            "C53",
            "C20",
            "C77",
            "C36"
        ],
        [
            "C51",
            "C15",
            "C94",
            "C102",
            "C96",
            "C38",
            "C53",
            "C20",
            "C77",
            "C45"
        ],
        [
            "C51",
            "C15",
            "C94",
            "C102",
            "C96",
            "C38",
            "C53",
            "C20",
            "C77",
            "C36"
        ],
        [
            "C5",
            "C15",
            "C94",
            "C102",
            "C96",
            "C38",
            "C53",
            "C20",
            "C77",
            "C45"
        ],
        [
            "C5",
            "C15",
            "C94",
            "C102",
            "C96",
            "C38",
            "C53",
            "C20",
            "C77",
            "C36"
        ],
        [
            "C49",
            "C19",
            "C87",
            "C102",
            "C96",
            "C38",
            "C53",
            "C20",
            "C77",
            "C45"
        ],
        [
            "C49",
            "C19",
            "C87",
            "C102",
            "C96",
            "C38",
            "C53",
            "C20",
            "C77",
            "C36"
        ],
        [
            "C16",
            "C94",
            "C102",
            "C96",
            "C38",
            "C53",
            "C20",
            "C77",
            "C45"
        ],
        [
            "C16",
            "C94",
            "C102",
            "C96",
            "C38",
            "C53",
            "C20",
            "C77",
            "C36"
        ],
        [
            "C16",
            "C82",
            "C62",
            "C99",
            "C53",
            "C20",
            "C77",
            "C45"
        ],
        [
            "C16",
            "C82",
            "C62",
            "C99",
            "C53",
            "C20",
            "C77",
            "C36"
        ],
        [
            "C49",
            "C82",
            "C62",
            "C99",
            "C53",
            "C20",
            "C77",
            "C45"
        ],
        [
            "C49",
            "C82",
            "C62",
            "C99",
            "C53",
            "C20",
            "C77",
            "C36"
        ],
        [
            "C16",
            "C82",
            "C62",
            "C99",
            "C19",
            "C77",
            "C45"
        ],
        [
            "C16",
            "C82",
            "C62",
            "C99",
            "C19",
            "C77",
            "C36"
        ],
        [
            "C5",
            "C83",
            "C38",
            "C53",
            "C20",
            "C77",
            "C45"
        ],
        [
            "C5",
            "C83",
            "C38",
            "C53",
            "C20",
            "C77",
            "C36"
        ],
        [
            "C49",
            "C83",
            "C38",
            "C53",
            "C20",
            "C77",
            "C45"
        ],
        [
            "C49",
            "C83",
            "C38",
            "C53",
            "C20",
            "C77",
            "C36"
        ],
        [
            "C49",
            "C82",
            "C62",
            "C99",
            "C19",
            "C77",
            "C45"
        ],
        [
            "C49",
            "C82",
            "C62",
            "C99",
            "C19",
            "C77",
            "C36"
        ],
        [
            "C47",
            "C99",
            "C53",
            "C20",
            "C77",
            "C45"
        ],
        [
            "C47",
            "C99",
            "C53",
            "C20",
            "C77",
            "C36"
        ],
        [
            "C16",
            "C82",
            "C62",
            "C15",
            "C94",
            "C45"
        ],
        [
            "C5",
            "C83",
            "C53",
            "C20",
            "C77",
            "C45"
        ],
        [
            "C5",
            "C83",
            "C53",
            "C20",
            "C77",
            "C36"
        ],
        [
            "C49",
            "C83",
            "C53",
            "C20",
            "C77",
            "C45"
        ],
        [
            "C49",
            "C83",
            "C53",
            "C20",
            "C77",
            "C36"
        ],
        [
            "C49",
            "C82",
            "C62",
            "C15",
            "C94",
            "C45"
        ],
        [
            "C49",
            "C38",
            "C53",
            "C20",
            "C77",
            "C45"
        ],
        [
            "C49",
            "C38",
            "C53",
            "C20",
            "C77",
            "C36"
        ],
        [
            "C47",
            "C99",
            "C19",
            "C77",
            "C45"
        ],
        [
            "C47",
            "C99",
            "C19",
            "C77",
            "C36"
        ],
        [
            "C16",
            "C82",
            "C62",
            "C15",
            "C36"
        ],
        [
            "C49",
            "C82",
            "C62",
            "C15",
            "C36"
        ],
        [
            "C51",
            "C15",
            "C94",
            "C45"
        ],
        [
            "C5",
            "C15",
            "C94",
            "C45"
        ],
        [
            "C49",
            "C19",
            "C77",
            "C45"
        ],
        [
            "C49",
            "C19",
            "C77",
            "C36"
        ],
        [
            "C51",
            "C15",
            "C36"
        ],
        [
            "C16",
            "C94",
            "C45"
        ],
        [
            "C5",
            "C15",
            "C36"
        ],
        [
            "C51",
            "C103"
        ],
        [
            "C12",
            "C85"
        ],
        [
            "C12",
            "C36"
        ],
        [
            "C49",
            "C55"
        ],
        [
            "C39",
            "C45"
        ]
    ],
    "error_codes": {
        "E0": [
            "FC0",
            [
                "C45",
                "C38",
                "C20",
                "C82",
                "C19",
                "C25",
                "C30",
                "C18",
                "C92"
            ]
        ],
        "E1": [
            "FC1",
            [
                "C36",
                "C51",
                "C85",
                "C50",
                "C84",
                "C64",
                "C77",
                "C70",
                "C48",
                "C35"
            ]
        ],
        "E2": [
            "FC2",
            [
                "C45",
                "C77",
                "C38",
                "C19",
                "C49",
                "C87",
                "C103",
                "C3",
                "C120",
                "C101",
                "C58",
                "C53",
                "C121"
            ]
        ],
        "E3": [
            "FC3",
            [
                "C36",
                "C38",
                "C119",
                "C118",
                "C87",
                "C21",
                "C80",
                "C48",
                "C109",
                "C106",
                "C53",
                "C112"
            ]
        ],
        "E4": [
            "FC4",
            [
                "C45",
                "C53",
                "C16",
                "C102",
                "C32",
                "C78",
                "C2"
            ]
        ],
        "E5": [
            "FC5",
            [
                "C36",
                "C77",
                "C102",
                "C15",
                "C108",
                "C103",
                "C76",
                "C83",
                "C5",
                "C8",
                "C35"
            ]
        ],
        "E6": [
            "FC6",
            [
                "C45",
                "C102",
                "C100",
                "C97",
                "C52",
                "C16",
                "C98",
                "C48",
                "C121",
                "C27",
                "C84",
                "C115"
            ]
        ],
        "E7": [
            "FC7",
            [
                "C36",
                "C94",
                "C82",
                "C62",
                "C77",
                "C53",
                "C8",
                "C125",
                "C6"
            ]
        ],
        "E8": [
            "FC8",
            [
                "C45",
                "C87",
                "C98",
                "C72"
            ]
        ],
        "E9": [
            "FC9",
            [
                "C36",
                "C87",
                "C17",
                "C116",
                "C14",
                "C94",
                "C2"
            ]
        ],
        "E10": [
            "FC10",
            [
                "C45",
                "C38",
                "C100",
                "C40",
                "C28",
                "C33",
                "C107",
                "C122",
                "C17"
            ]
        ],
        "E11": [
            "FC11",
            [
                "C36",
                "C102",
                "C94",
                "C96",
                "C121",
                "C40",
                "C79",
                "C51",
                "C128",
                "C117",
                "C70"
            ]
        ],
        "E12": [
            "FC12",
            [
                "C45",
                "C5",
                "C114",
                "C16",
                "C102"
            ]
        ],
        "E13": [
            "FC13",
            [
                "C36",
                "C102",
                "C77",
                "C38",
                "C20",
                "C118",
                "C10",
                "C23",
                "C73",
                "C116",
                "C88",
                "C76",
                "C100"
            ]
        ],
        "E14": [
            "FC14",
            [
                "C45",
                "C87",
                "C53",
                "C102",
                "C20",
                "C46",
                "C24",
                "C100",
                "C11",
                "C61",
                "C40",
                "C70"
            ]
        ],
        "E15": [
            "FC15",
            [
                "C36",
                "C96",
                "C19",
                "C102",
                "C20",
                "C31",
                "C94",
                "C26",
                "C83",
                "C104",
                "C115",
                "C42"
            ]
        ],
        "E16": [
            "FC16",
            [
                "C45",
                "C96",
                "C16",
                "C6",
                "C18",
                "C118",
                "C97",
                "C87",
                "C102",
                "C49",
                "C101"
            ]
        ],
        "E17": [
            "FC17",
            [
                "C36",
                "C64"
            ]
        ],
        "E18": [
            "FC18",
            [
                "C45",
                "C34",
                "C83",
                "C118",
                "C124",
                "C17",
                "C21",
                "C62",
                "C112",
                "C35",
                "C120",
                "C71",
                "C41"
            ]
        ],
        "E19": [
            "FC19",
            [
                "C36",
                "C16",
                "C25",
                "C45",
                "C75",
                "C31",
                "C100",
                "C43",
                "C19",
                "C2",
                "C69",
                "C39"
            ]
        ],
        "E20": [
            "FC20",
            [
                "C45",
                "C20",
                "C62",
                "C99",
                "C8",
                "C55",
                "C113",
                "C12",
                "C26",
                "C78",
                "C13",
                "C1",
                "C96",
                "C51",
                "C63",
                "C95"
            ]
        ],
        "E21": [
            "FC21",
            [
                "C36",
                "C99",
                "C4",
                "C107"
            ]
        ],
        "E22": [
            "FC22",
            [
                "C45",
                "C86"
            ]
        ],
        "E23": [
            "FC23",
            [
                "C36",
                "C16",
                "C56",
                "C24",
                "C42",
                "C11",
                "C106",
                "C27",
                "C83",
                "C82",
                "C48",
                "C53"
            ]
        ],
        "E24": [
            "FC24",
            [
                "C45",
                "C53",
                "C5",
                "C54",
                "C27",
                "C91",
                "C82"
            ]
        ],
        "E25": [
            "FC25",
            [
                "C36",
                "C102"
            ]
        ],
        "E26": [
            "FC26",
            [
                "C45",
                "C38",
                "C49",
                "C54",
                "C117",
                "C56",
                "C16",
                "C71",
                "C94",
                "C11"
            ]
        ],
        "E27": [
            "FC27",
            [
                "C36",
                "C105",
                "C77",
                "C127",
                "C26"
            ]
        ],
        "E28": [
            "FC28",
            [
                "C45",
                "C19",
                "C82",
                "C24",
                "C83",
                "C99",
                "C34",
                "C85"
            ]
        ],
        "E29": [
            "FC29",
            [
                "C36",
                "C81",
                "C123",
                "C17",
                "C85",
                "C4",
                "C114",
                "C97",
                "C59",
                "C128",
                "C3",
                "C5"
            ]
        ],
        "E30": [
            "FC30",
            [
                "C45",
                "C47",
                "C53",
                "C109",
                "C62",
                "C20",
                "C15"
            ]
        ],
        "E31": [
            "FC31",
            [
                "C36",
                "C127",
                "C75",
                "C51",
                "C38",
                "C96",
                "C52"
            ]
        ],
        "E32": [
            "FC32",
            [
                "C45",
                "C16",
                "C82",
                "C113",
                "C84",
                "C34",
                "C71",
                "C81",
                "C10",
                "C106",
                "C73",
                "C6",
                "C58",
                "C87",
                "C62"
            ]
        ],
        "E33": [
            "FC33",
            [
                "C45",
                "C13",
                "C63",
                "C56",
                "C97",
                "C82",
                "C46",
                "C113",
                "C1",
                "C16"
            ]
        ],
        "E34": [
            "FC34",
            [
                "C36",
                "C5",
                "C13",
                "C52",
                "C32",
                "C23"
            ]
        ],
        "E35": [
            "FC35",
            [
                "C45",
                "C52",
                "C60",
                "C20",
                "C109",
                "C119",
                "C79",
                "C42",
                "C50",
                "C62",
                "C108"
            ]
        ],
        "E36": [
            "FC36",
            [
                "C36",
                "C63",
                "C77",
                "C73",
                "C114",
                "C51",
                "C69",
                "C123",
                "C20",
                "C92",
                "C101"
            ]
        ],
        "E37": [
            "FC37",
            [
                "C45",
                "C82",
                "C112",
                "C108",
                "C110",
                "C39",
                "C123",
                "C5",
                "C97",
                "C109"
            ]
        ],
        "E38": [
            "FC38",
            [
                "C45",
                "C39",
                "C44",
                "C65",
                "C97",
                "C118"
            ]
        ],
        "E39": [
            "FC39",
            [
                "C36",
                "C20",
                "C96",
                "C123",
                "C18",
                "C85",
                "C34"
            ]
        ],
        "E40": [
            "FC40",
            [
                "C45",
                "C99",
                "C48",
                "C1",
                "C3"
            ]
        ],
        "E41": [
            "FC41",
            [
                "C36",
                "C77",
                "C106",
                "C101",
                "C95",
                "C98",
                "C125",
                "C78",
                "C18"
            ]
        ],
        "E42": [
            "FC42",
            [
                "C36",
                "C16",
                "C98",
                "C41"
            ]
        ],
        "E43": [
            "FC43",
            [
                "C36",
                "C65",
                "C89",
                "C125",
                "C94",
                "C14",
                "C98",
                "C108"
            ]
        ],
        "E44": [
            "FC44",
            [
                "C45",
                "C122",
                "C8",
                "C92",
                "C7"
            ]
        ],
        "E45": [
            "FC45",
            [
                "C45",
                "C116",
                "C37",
                "C65",
                "C63",
                "C41"
            ]
        ],
        "E46": [
            "FC46",
            [
                "C45",
                "C23",
                "C98"
            ]
        ],
        "E47": [
            "FC47",
            [
                "C36",
                "C49",
                "C48",
                "C108",
                "C42",
                "C109",
                "C64",
                "C77",
                "C128",
                "C97",
                "C78"
            ]
        ],
        "E48": [
            "FC48",
            [
                "C36",
                "C105",
                "C22",
                "C27",
                "C88",
                "C68",
                "C53",
                "C101",
                "C78",
                "C1",
                "C43",
                "C125",
                "C0"
            ]
        ],
        "E49": [
            "FC49",
            [
                "C45",
                "C17",
                "C106"
            ]
        ],
        "E50": [
            "FC50",
            [
                "C36",
                "C106",
                "C73",
                "C110",
                "C43",
                "C45",
                "C95",
                "C47",
                "C34",
                "C50"
            ]
        ],
        "E51": [
            "FC51",
            [
                "C103",
                "C46",
                "C128",
                "C28",
                "C115",
                "C54",
                "C47",
                "C51",
                "C15"
            ]
        ],
        "E52": [
            "FC52",
            [
                "C85",
                "C46",
                "C49",
                "C66",
                "C104",
                "C112",
                "C27",
                "C42",
                "C20",
                "C75",
                "C21",
                "C96",
                "C31"
            ]
        ],
        "E53": [
            "FC53",
            [
                "C36",
                "C16",
                "C87",
                "C7",
                "C60",
                "C122"
            ]
        ],
        "E54": [
            "FC54",
            [
                "C55",
                "C25",
                "C2",
                "C15",
                "C68",
                "C1",
                "C10",
                "C24",
                "C54"
            ]
        ],
        "E55": [
            "FC55",
            [
                "C45",
                "C1",
                "C96",
                "C68",
                "C124",
                "C121",
                "C86",
                "C109",
                "C94",
                "C87"
            ]
        ]
    },
    "sim_accuracies": {
        "C0": [
            "0.9899778054103923",
            "False"
        ],
        "C1": [
            "0.9826738876818409",
            "False"
        ],
        "C2": [
            "0.9876396418694289",
            "False"
        ],
        "C3": [
            "0.9766031314130041",
            "False"
        ],
        "C4": [
            "0.9651374279292848",
            "False"
        ],
        "C5": [
            "0.9522896617577389",
            "True"
        ],
        "C6": [
            "0.9642411693552367",
            "False"
        ],
        "C7": [
            "0.9632102101463884",
            "False"
        ],
        "C8": [
            "0.9540070945033683",
            "False"
        ],
        "C9": [
            "0.9682767703743402",
            "False"
        ],
        "C10": [
            "0.9779323307877208",
            "False"
        ],
        "C11": [
            "0.9790088074908916",
            "False"
        ],
        "C12": [
            "0.9855188220515958",
            "True"
        ],
        "C13": [
            "0.9555545210914851",
            "False"
        ],
        "C14": [
            "0.9740763670572324",
            "False"
        ],
        "C15": [
            "0.9847602112682549",
            "True"
        ],
        "C16": [
            "0.9611787012073582",
            "True"
        ],
        "C17": [
            "0.9779705848549126",
            "False"
        ],
        "C18": [
            "0.9826020703460389",
            "False"
        ],
        "C19": [
            "0.9647371958052867",
            "True"
        ],
        "C20": [
            "0.9747340678233459",
            "True"
        ],
        "C21": [
            "0.9763550442069331",
            "False"
        ],
        "C22": [
            "0.9690079771026713",
            "False"
        ],
        "C23": [
            "0.9665250637114728",
            "False"
        ],
        "C24": [
            "0.9575173974046496",
            "False"
        ],
        "C25": [
            "0.9894472562188128",
            "False"
        ],
        "C26": [
            "0.9883018857067638",
            "False"
        ],
        "C27": [
            "0.9825047619110893",
            "False"
        ],
        "C28": [
            "0.9506652121644548",
            "False"
        ],
        "C29": [
            "0.964408224485348",
            "False"
        ],
        "C30": [
            "0.9518301713376037",
            "False"
        ],
        "C31": [
            "0.9823023124741951",
            "False"
        ],
        "C32": [
            "0.963021007978299",
            "False"
        ],
        "C33": [
            "0.9677722463707801",
            "False"
        ],
        "C34": [
            "0.9742705206526924",
            "False"
        ],
        "C35": [
            "0.966006607633592",
            "False"
        ],
        "C36": [
            "0.974503693817246",
            "True"
        ],
        "C37": [
            "0.953254769250254",
            "False"
        ],
        "C38": [
            "0.9671166512188568",
            "True"
        ],
        "C39": [
            "0.9872593387786978",
            "True"
        ],
        "C40": [
            "0.9872337801683312",
            "False"
        ],
        "C41": [
            "0.9894748585398015",
            "False"
        ],
        "C42": [
            "0.9842840000091492",
            "False"
        ],
        "C43": [
            "0.9862081104816365",
            "False"
        ],
        "C44": [
            "0.9793711097195322",
            "False"
        ],
        "C45": [
            "0.9617545189282816",
            "True"
        ],
        "C46": [
            "0.9578030782079523",
            "False"
        ],
        "C47": [
            "0.9557264577954586",
            "True"
        ],
        "C48": [
            "0.9708021771538955",
            "False"
        ],
        "C49": [
            "0.9728757049992269",
            "True"
        ],
        "C50": [
            "0.984272104417284",
            "False"
        ],
        "C51": [
            "0.9701854646300512",
            "True"
        ],
        "C52": [
            "0.9551144541793838",
            "False"
        ],
        "C53": [
            "0.981872830416885",
            "True"
        ],
        "C54": [
            "0.9620539321995837",
            "False"
        ],
        "C55": [
            "0.9769224864233448",
            "True"
        ],
        "C56": [
            "0.9719498664102613",
            "False"
        ],
        "C57": [
            "0.984991431077362",
            "False"
        ],
        "C58": [
            "0.9567221140552784",
            "False"
        ],
        "C59": [
            "0.9678514680132422",
            "False"
        ],
        "C60": [
            "0.9546271456724907",
            "False"
        ],
        "C61": [
            "0.9765056844176853",
            "False"
        ],
        "C62": [
            "0.95963606454234",
            "True"
        ],
        "C63": [
            "0.9584656328470805",
            "False"
        ],
        "C64": [
            "0.9801301008296638",
            "False"
        ],
        "C65": [
            "0.9763898040950026",
            "False"
        ],
        "C66": [
            "0.9535772726254075",
            "False"
        ],
        "C67": [
            "0.967395736275125",
            "False"
        ],
        "C68": [
            "0.9786306062427824",
            "False"
        ],
        "C69": [
            "0.956409411111177",
            "False"
        ],
        "C70": [
            "0.9871586943645777",
            "False"
        ],
        "C71": [
            "0.9861059407542615",
            "False"
        ],
        "C72": [
            "0.9806523529530637",
            "False"
        ],
        "C73": [
            "0.9588150413987562",
            "False"
        ],
        "C74": [
            "0.9603051417070426",
            "False"
        ],
        "C75": [
            "0.969052092716546",
            "False"
        ],
        "C76": [
            "0.9859004353495244",
            "False"
        ],
        "C77": [
            "0.9549239244060147",
            "True"
        ],
        "C78": [
            "0.9554302572973776",
            "False"
        ],
        "C79": [
            "0.9713817321162069",
            "False"
        ],
        "C80": [
            "0.9790165762579318",
            "False"
        ],
        "C81": [
            "0.9536176701770843",
            "False"
        ],
        "C82": [
            "0.9776713819303515",
            "True"
        ],
        "C83": [
            "0.9848776242803949",
            "True"
        ],
        "C84": [
            "0.9872711982059396",
            "False"
        ],
        "C85": [
            "0.9806534954678557",
            "True"
        ],
        "C86": [
            "0.9740271768166622",
            "False"
        ],
        "C87": [
            "0.9757594616243916",
            "True"
        ],
        "C88": [
            "0.9650804128975173",
            "False"
        ],
        "C89": [
            "0.9786977093645834",
            "False"
        ],
        "C90": [
            "0.9794400995150292",
            "False"
        ],
        "C91": [
            "0.9652660201948642",
            "False"
        ],
        "C92": [
            "0.9756840881064778",
            "False"
        ],
        "C93": [
            "0.9724759977955365",
            "False"
        ],
        "C94": [
            "0.984245640467692",
            "True"
        ],
        "C95": [
            "0.9823378992776177",
            "False"
        ],
        "C96": [
            "0.9589420334276837",
            "True"
        ],
        "C97": [
            "0.9546275986108114",
            "False"
        ],
        "C98": [
            "0.9535072136257239",
            "False"
        ],
        "C99": [
            "0.953565577071976",
            "True"
        ],
        "C100": [
            "0.9796232487536074",
            "False"
        ],
        "C101": [
            "0.9874884260261525",
            "False"
        ],
        "C102": [
            "0.9797847100919508",
            "True"
        ],
        "C103": [
            "0.9546442489543077",
            "True"
        ],
        "C104": [
            "0.9647094810388736",
            "False"
        ],
        "C105": [
            "0.9841332123617447",
            "False"
        ],
        "C106": [
            "0.988162744754611",
            "False"
        ],
        "C107": [
            "0.9730766736677045",
            "False"
        ],
        "C108": [
            "0.9500671396585699",
            "False"
        ],
        "C109": [
            "0.9524753974646507",
            "False"
        ],
        "C110": [
            "0.9714241216152482",
            "False"
        ],
        "C111": [
            "0.9838847438657717",
            "False"
        ],
        "C112": [
            "0.9891939799260194",
            "False"
        ],
        "C113": [
            "0.9627857195649387",
            "False"
        ],
        "C114": [
            "0.9646009536974186",
            "False"
        ],
        "C115": [
            "0.9771720868152157",
            "False"
        ],
        "C116": [
            "0.9818626121062957",
            "False"
        ],
        "C117": [
            "0.9707900552939602",
            "False"
        ],
        "C118": [
            "0.9740647055479217",
            "False"
        ],
        "C119": [
            "0.9588856622894364",
            "False"
        ],
        "C120": [
            "0.965812495353576",
            "False"
        ],
        "C121": [
            "0.9715317177332526",
            "False"
        ],
        "C122": [
            "0.9684241108047742",
            "False"
        ],
        "C123": [
            "0.9557880314636671",
            "False"
        ],
        "C124": [
            "0.9877155963471006",
            "False"
        ],
        "C125": [
            "0.9834886661824298",
            "False"
        ],
        "C126": [
            "0.9699933066010418",
            "False"
        ],
        "C127": [
            "0.9682313812218384",
            "False"
        ],
        "C128": [
            "0.9740586165438273",
            "False"
        ]
    }
}